mw_bin_label	bin_start_kda	bin_end_kda	protein_count	protein_density_per_kda	mean_effective_candidates	median_effective_candidates	mean_identity_entropy_nats	mean_discriminability	ambiguity_percentile	auditability_percentile	mean_mw_kda	median_window_count	mean_window_count	median_gaussian_ambiguity	mean_gaussian_ambiguity	median_identity_entropy_nats	median_discriminability	median_nearest_neighbor_gap_kda
0.0-2.0 kDa	0.0	2.0	7	3.5	47.7750869792071	50.97302885615643	3.846432354998721	0.021798202107028205	0.9353518821603928	0.06464811783960722	1.5921109942857143	41.0	41.0	24.91726722704062	22.61339198008475	3.9312966468782635	0.019618218152622525	0.031193599999999932
2.0-4.0 kDa	2.0	4.0	49	24.5	119.53027670143896	119.4652927553524	4.748218187946756	0.009004097161390986	0.9549918166939444	0.045008183306055605	3.2255629718367347	112.0	112.46938775510205	67.85760760472286	67.96733403732404	4.7830258919928115	0.00837063197968179	0.009790799999998878
4.0-6.0 kDa	4.0	6.0	104	52.0	240.17945188455138	242.64681259696513	5.467694227517663	0.004281929334105911	0.9689034369885434	0.03109656301145658	5.114046754038461	229.0	230.08653846153845	143.82301884649712	142.11363932987317	5.491606848345348	0.004121217058353097	0.007348249999998835
6.0-8.0 kDa	6.0	8.0	189	94.5	402.68448135187	403.7071833288143	5.989518085329918	0.002526978736661085	0.9754500818330606	0.02454991816693941	7.068954356190475	393.0	385.7989417989418	240.7101976940844	240.00938116001905	6.000689821430622	0.0024770428699196884	0.003141299999996683
8.0-10.0 kDa	8.0	10.0	290	145.0	579.3419010493482	582.6916765117435	6.359182871379586	0.0017355560060301793	0.9819967266775778	0.018003273322422242	9.085929743793104	572.0	566.6862068965518	362.73612630284833	358.82801177726964	6.3676581896748585	0.0017161734762358195	0.0026242000000014087
10.0-12.0 kDa	10.0	12.0	343	171.5	705.0175645250885	712.314757105639	6.557287259220575	0.001421081229386213	0.9909983633387889	0.009001636661211121	11.012110418192425	692.0	690.536443148688	428.3322012327893	428.6753728529993	6.568519888312366	0.001403873765108163	0.0018898000000078241
12.0-14.0 kDa	12.0	14.0	389	194.5	756.2559719261562	755.265103675787	6.628321899619011	0.0013224569132956707	0.9934533551554828	0.006546644844517169	13.026394864575844	732.0	736.0462724935733	468.0660979173951	466.5267280214184	6.627068818313475	0.0013240384007325598	0.0018053999999914083
14.0-16.0 kDa	14.0	16.0	361	180.5	795.1806293546209	795.5530689764997	6.678464002975296	0.0012578412052238696	0.9942716857610474	0.005728314238952592	15.041899742049871	764.0	767.3684210526316	465.69424209021054	470.6640702416686	6.679037557025389	0.001256987169047725	0.0017748999999973591
16.0-18.0 kDa	16.0	18.0	424	212.0	813.8566299686521	813.6559100294844	6.701782923499235	0.001228720827831941	0.9967266775777414	0.00327332242225864	17.03148874792454	796.0	794.8561320754717	512.3560939152413	509.94029942534405	6.701537561681702	0.001229020753950095	0.0013272500000010012
18.0-20.0 kDa	18.0	20.0	355	177.5	828.0128169684517	829.1911675409672	6.719016447244091	0.0012077402468911227	1.0	0.0	18.976697116056346	797.0	795.1915492957746	482.49944900702104	484.0994294929479	6.720450728721207	0.0012059945150713317	0.001894900000007027
20.0-22.0 kDa	20.0	22.0	441	220.5	819.2155397303391	817.7687448760043	6.708334537589192	0.001220710911932578	0.9983633387888707	0.0016366612111292644	20.995679309931983	798.0	797.4897959183673	516.5743803777207	514.206675650719	6.706579588657769	0.0012228395940366084	0.001686199999994642
22.0-24.0 kDa	22.0	24.0	358	179.0	824.3323003155122	829.1217820817599	6.714474030636067	0.0012133460962674384	0.9991816693944353	0.0008183306055646877	22.975718311564258	801.0	797.6368715083798	484.8185240383988	486.1368942830215	6.720367046556265	0.0012060954397436585	0.0018891999999901543
24.0-26.0 kDa	24.0	26.0	414	207.0	797.6691556224291	793.8004725096248	6.681611717017869	0.001253858109308807	0.9950900163666121	0.004909983633387904	24.938582969855076	767.0	769.596618357488	492.73194768463054	489.6756597869433	6.676832134112008	0.0012597624183977487	0.0016481000000112545
26.0-28.0 kDa	26.0	28.0	381	190.5	819.0650610102142	819.9144462415431	6.708160850060063	0.0012209107577801357	0.997545008183306	0.002454991816693952	27.045411174488194	795.0	793.5511811023622	491.4389246865484	492.6992705342159	6.709200000963367	0.0012196394448030063	0.0017079000000101985
28.0-30.0 kDa	28.0	30.0	413	206.5	807.1889354814352	809.1765620536403	6.6935290516351476	0.001238938675725416	0.9959083469721768	0.004091653027823217	28.941926145133174	789.0	790.7845036319612	505.3149956471362	500.2917678489569	6.696017140531111	0.0012358242278570966	0.0018753999999852056
30.0-32.0 kDa	30.0	32.0	362	181.0	743.5295727323395	737.5860871190123	6.610908604665371	0.001346274747437613	0.9926350245499181	0.0073649754500818565	31.016524654861882	705.0	715.353591160221	445.49900993850326	446.48772943615114	6.6033827972042	0.0013557739800855164	0.0020225500000261576
32.0-34.0 kDa	32.0	34.0	320	160.0	706.1947816273746	705.239298063491	6.559858522132581	0.001416132088928152	0.9918166939443536	0.008183306055646433	33.004891578125	681.0	681.159375	421.5786385660307	422.66428813280237	6.558537174522092	0.0014179584204882661	0.002180599999995536
34.0-36.0 kDa	34.0	36.0	352	176.0	697.3770947922845	697.244738619651	6.547322008576009	0.0014339566995671834	0.9893617021276596	0.010638297872340385	34.99196120499999	670.0	672.3607954545455	424.6354397909288	424.3774654207262	6.547136480576463	0.0014342166309932066	0.0020664000000181204
36.0-38.0 kDa	36.0	38.0	329	164.5	703.5258641050025	706.2994200887337	6.556048533121229	0.0014215717351188319	0.9901800327332242	0.009819967266775809	37.02534173075986	685.0	683.3951367781156	425.13042844505156	425.93336440571966	6.56003925535937	0.0014158301303353303	0.0014944999999784159
38.0-40.0 kDa	38.0	40.0	339	169.5	681.3995373048832	684.7124763527992	6.524111578089808	0.0014676774616512395	0.9885433715220949	0.011456628477905073	38.934527230147474	663.0	663.6312684365781	419.15863060632665	416.1453075390645	6.528999007595004	0.001460467034756861	0.0021101999999473264
40.0-42.0 kDa	40.0	42.0	316	158.0	649.3766803431753	645.6572849239433	6.475947295270412	0.0015401398913610454	0.986088379705401	0.013911620294599025	41.01677778759491	622.0	624.2848101265823	388.43785313314424	389.23620284843724	6.470268835184302	0.0015488093166602427	0.0019225000000027137
42.0-44.0 kDa	42.0	44.0	313	156.5	656.5199897039138	658.2372885795376	6.486927507813707	0.0015232611331809753	0.9869067103109657	0.013093289689034338	43.04525123079869	641.0	636.6230031948882	394.83560138925793	395.77662991229215	6.48956548725876	0.0015192089803328817	0.0021137000000379658
44.0-46.0 kDa	44.0	46.0	330	165.0	659.4933447543611	659.3017668167549	6.49147028255245	0.0015163203750756594	0.9877250409165302	0.01227495908346976	45.01638119757572	640.0	639.8787878787879	406.3935195633231	404.6634238314912	6.491181344975637	0.0015167561385174663	0.001943849999978653
46.0-48.0 kDa	46.0	48.0	307	153.5	649.3113131397868	651.2839056465785	6.475798896420618	0.0015404432036026526	0.9852700490998363	0.014729950900163713	47.049289151009724	632.0	629.1824104234528	391.1502806398669	391.1414377134604	6.478945654125549	0.0015354286991127544	0.0019850999999277974
48.0-50.0 kDa	48.0	50.0	300	150.0	623.1987169419675	624.0299839117968	6.434827468305083	0.0016047467136978077	0.9844517184942717	0.01554828150572829	48.965847575666615	606.0	605.99	380.03974502349706	379.3294580147495	6.4361984177008775	0.0016024871033296492	0.001998049999897944
50.0-52.0 kDa	50.0	52.0	291	145.5	585.6967975697588	581.889235175895	6.3726191975223925	0.0017079907131609304	0.983633387888707	0.016366612111292977	51.005476866941514	563.0	565.6872852233677	355.1339676101022	354.52205660397453	6.366280112051561	0.0017185401267952954	0.002597900000004927
52.0-54.0 kDa	52.0	54.0	265	132.5	555.5038605107278	553.5426064576545	6.319669530531648	0.0018009086778269102	0.9803600654664485	0.019639934533551506	53.02025082830182	534.0	537.3358490566038	335.77083360560806	336.20638883826695	6.316338725622751	0.0018065456720656227	0.002589900000046441
54.0-56.0 kDa	54.0	56.0	247	123.5	543.6541032407881	544.1055132933552	6.2983071960721935	0.0018394269644914749	0.9795417348608838	0.020458265139116194	54.97385668202421	521.0	521.2995951417004	322.4521782322006	323.1256654012122	6.299143186308315	0.0018378788223394618	0.0023984000001178174
56.0-58.0 kDa	56.0	58.0	277	138.5	570.7480840347146	572.4566322796367	6.346677058867361	0.0017530380574530908	0.9811783960720131	0.01882160392798693	56.9911726561732	554.0	553.5270758122743	343.8527503567758	344.4743662180985	6.3499369810824895	0.0017468572178433854	0.0025576999999330496
58.0-60.0 kDa	58.0	60.0	306	153.0	582.1600522725548	585.6331115067649	6.366657485074288	0.0017180441072932244	0.9828150572831423	0.017184942716857665	58.976468669542385	573.0	572.0718954248366	367.00126927812875	364.32594193740067	6.372693485427739	0.0017075537863902805	0.002205399999965607
60.0-62.0 kDa	60.0	62.0	241	120.5	521.5671482759176	525.0471472536162	6.255396310244393	0.001922872263187749	0.9787234042553191	0.021276595744680882	60.933366196182476	506.0	506.448132780083	314.58324663376436	314.5774911832818	6.263488062852062	0.001904590864326637	0.0028735000000565947
62.0-64.0 kDa	62.0	64.0	207	103.5	441.7036199722414	435.7924258707978	6.090382448953951	0.002265115855856929	0.9779050736497545	0.02209492635024546	62.90965855391295	417.0	419.19806763285027	257.0077889726114	259.2197413459834	6.077166042531122	0.002294670445457619	0.0030367999999754147
64.0-66.0 kDa	64.0	66.0	224	112.0	420.3427940685957	417.58645309354137	6.040987163308727	0.002379405750900687	0.9770867430441899	0.022913256955810146	65.12335877955346	407.0	408.13392857142856	263.80261602475593	260.32392735873844	6.034491595001912	0.00239471370503596	0.0028026999999894997
66.0-68.0 kDa	66.0	68.0	183	91.5	415.68478208861427	417.59766158132487	6.029856328730471	0.0024060111751900773	0.9762684124386252	0.023731587561374834	67.01110910568298	407.0	403.7103825136612	247.65491399532652	248.9918363698707	6.034518436891172	0.0023946494245520467	0.004320899999854078
68.0-70.0 kDa	68.0	70.0	195	97.5	389.31429425737946	387.9026923978396	5.964153412076582	0.0025698163865637475	0.9746317512274959	0.0253682487725041	69.02773240307685	376.0	376.6820512820513	237.3654234244073	237.29387482482397	5.9607545153804296	0.0025779661229429754	0.002585700000068414
70.0-72.0 kDa	70.0	72.0	180	90.0	361.80817041791033	362.8590590007093	5.890495493003964	0.0027673314305878445	0.9738134206219312	0.026186579378068786	71.00375180611107	357.0	352.4	218.98227954213692	219.93334494399687	5.89401442946978	0.002755891301493942	0.003580299999796921
72.0-74.0 kDa	72.0	74.0	147	73.5	321.4935120831416	321.12510428836185	5.77257329007224	0.003112996057374601	0.9729950900163666	0.027004909983633363	73.01284570244896	309.0	309.1904761904762	189.78265370950317	191.08075016377109	5.7718307801893936	0.003114051149056308	0.005102500000091936
74.0-76.0 kDa	74.0	76.0	144	72.0	306.5359816092555	305.90018959523775	5.725308012840717	0.003262436462480341	0.972176759410802	0.02782324058919805	74.99867572375001	292.0	293.3958333333333	181.83663238044375	182.12328881907285	5.723258869912328	0.003269040151303975	0.004822099999714169
76.0-78.0 kDa	76.0	78.0	160	80.0	304.45149364454176	306.1658087801442	5.718186847611697	0.003286737836002661	0.9713584288052373	0.02864157119476274	77.06251893250001	305.0	298.35	191.54828384315323	190.96847219685387	5.724126767219656	0.003266204340263014	0.004181950000074153
78.0-80.0 kDa	78.0	80.0	121	60.5	282.81901942626604	286.5741110255541	5.644383625789524	0.003538868480770817	0.9705400981996727	0.029459901800327315	78.88686423371907	278.0	273.6280991735537	165.2475425651389	167.18242214721457	5.657997179930674	0.0034894987423020533	0.006086600000145381
80.0-82.0 kDa	80.0	82.0	128	64.0	246.62545576776512	244.0572124176171	5.507704361722287	0.0040560697159259815	0.969721767594108	0.030278232405892003	80.95950750421883	236.0	236.7109375	152.35797834905782	150.9708437298821	5.497402674919674	0.004097399909279251	0.00469900000001644
82.0-84.0 kDa	82.0	84.0	114	57.0	228.12445688671437	227.4530371407057	5.428906956592722	0.004392216818264349	0.9680851063829787	0.03191489361702127	83.02411137385975	220.0	223.00877192982455	138.1977284744433	138.29073365894268	5.426943779940201	0.004396512029699714	0.005406300000089459
84.0-86.0 kDa	84.0	86.0	92	46.0	201.7947827642553	201.37600711772654	5.306930387374005	0.0049587091297706816	0.967266775777414	0.032733224222585955	84.9607858028262	195.0	194.05434782608697	118.54156038061458	119.39944856300045	5.305173796129982	0.0049658353417216475	0.006255500000065695
86.0-88.0 kDa	86.0	88.0	89	44.5	183.54242374604684	182.0688486785361	5.212231483916201	0.005450657056212057	0.9664484451718495	0.03355155482815053	87.03389031146082	177.0	176.8876404494382	111.41066938955314	111.1523065022074	5.20438490498589	0.005492427767067485	0.008217499999972233
88.0-90.0 kDa	88.0	90.0	86	43.0	176.86351795946518	176.9635777937196	5.175290030971644	0.005655077659515534	0.9656301145662848	0.03436988543371522	88.97620390209319	171.0	171.1046511627907	105.11607420483779	105.80712076993639	5.175943913127261	0.0056508805860385584	0.008991799999961358
90.0-92.0 kDa	90.0	92.0	80	40.0	167.01082400667644	167.61126768265837	5.117853871258992	0.005990090941505765	0.9648117839607201	0.03518821603927991	91.02036604250019	163.0	162.525	101.18207860243585	101.04849995497571	5.121647352512046	0.005966186758194865	0.010626400000006697
92.0-94.0 kDa	92.0	94.0	76	38.0	158.32404725443803	157.91214485842679	5.06462750463163	0.006316366030374286	0.9631751227495908	0.03682487725040917	92.9364940957897	152.0	152.48684210526315	94.2137821461753	93.98283078353161	5.0620388331709165	0.006332635155503991	0.009202449999754947
94.0-96.0 kDa	94.0	96.0	76	38.0	155.2231324627095	154.86363279441412	5.044817279541646	0.006442934966562786	0.9623567921440261	0.03764320785597386	95.0707893260529	149.0	149.03947368421052	93.87208376955779	93.6830479379209	5.042544511584657	0.006457299504712342	0.01189299999970217
96.0-98.0 kDa	96.0	98.0	77	38.5	160.67374130950355	161.07762746734943	5.079233417590669	0.006225571031092971	0.9639934533551555	0.036006546644844484	97.02456268649375	157.0	157.6883116883117	97.39343409333387	97.53619163370915	5.081886406965851	0.006208186796162619	0.007145100000002458
98.0-100.0 kDa	98.0	100.0	71	35.5	152.85455717292362	152.77502303095272	5.0294725367713875	0.006542354233925987	0.9615384615384616	0.038461538461538436	98.86001415464818	147.0	147.45070422535213	92.89392583181386	92.18086054500971	5.028966401531763	0.006545572569132565	0.008977700000244226
100.0-102.0 kDa	100.0	102.0	73	36.5	144.98153225377743	144.29639575678073	4.976441333790958	0.006899700907710653	0.9599018003273322	0.04009819967266781	100.97292875671259	138.0	138.46575342465752	87.34853063398823	86.92359166309927	4.971869488037397	0.0069301800280968445	0.010027100000044697
102.0-104.0 kDa	102.0	104.0	74	37.0	149.7516644595855	149.8491422229198	5.008923084575931	0.006678460570969362	0.9607201309328969	0.039279869067103124	103.04806678945978	147.0	146.36486486486487	91.44579956085265	90.96233145679373	5.009629069478688	0.006673378207072818	0.009991899999917564
104.0-106.0 kDa	104.0	106.0	71	35.5	144.1332339070175	145.17255506442788	4.97055786196958	0.006940537475517241	0.9590834697217676	0.04091653027823239	104.96977359831021	143.0	140.56338028169014	87.46567147447206	86.9760992547432	4.9779230698173675	0.006888354341880928	0.006710399999860783
106.0-108.0 kDa	106.0	108.0	61	30.5	137.6104628686227	137.49858364488196	4.9244237967783855	0.0072669352659680666	0.9582651391162029	0.041734860883797076	107.01447242098398	133.0	132.9672131147541	79.80212349248129	80.34615530357848	4.923613616289078	0.00727280218814983	0.009200400000167974
108.0-110.0 kDa	108.0	110.0	76	38.0	134.01095504613377	133.47024292780338	4.897867139201664	0.007462886643193058	0.9574468085106383	0.04255319148936165	109.0207509089478	131.0	130.73684210526315	83.6948679695642	83.20063345540693	4.893878466033716	0.0074923080467319695	0.009127700000121308
110.0-112.0 kDa	110.0	112.0	56	28.0	133.40203382532283	133.74171100291844	4.8932396597801295	0.007498053855442643	0.9566284779050737	0.04337152209492634	111.1520880728576	127.0	127.5	76.52654491730571	77.20563477610061	4.895910193642987	0.0074771021344545805	0.01254239999988016
112.0-114.0 kDa	112.0	114.0	68	34.0	127.96173621717183	129.48070224592036	4.851478138553169	0.007818827345198773	0.955810147299509	0.04418985270049103	113.02098218294165	128.0	126.82352941176471	81.6133613150655	80.53188797368638	4.8635318517836374	0.007723158620133159	0.007602199999993786
114.0-116.0 kDa	114.0	116.0	49	24.5	109.06949570670247	108.51218680258876	4.690562087555225	0.009194551734330694	0.9541734860883797	0.04582651391162029	114.91356100857188	105.0	104.34693877551021	64.17283434449097	64.03024887022741	4.686862487434197	0.009215554763625344	0.018943500000105473
116.0-118.0 kDa	116.0	118.0	44	22.0	91.98409614007977	91.01239253024363	4.521190286636966	0.01088064174476577	0.953355155482815	0.04664484451718498	117.10713757318223	87.0	87.77272727272727	54.099008582907786	54.08136471805895	4.510990856296832	0.010987620668389129	0.01701954999995081
118.0-120.0 kDa	118.0	120.0	41	20.5	86.70245554877107	86.43480075996544	4.462427506260976	0.011534957940505942	0.9517184942716858	0.048281505728314245	118.91249839707365	84.0	83.65853658536585	53.351944033216405	52.764361045692176	4.459390381286948	0.011569414069421635	0.013814400000015326
120.0-122.0 kDa	120.0	122.0	43	21.5	78.14306177123743	76.19267168530611	4.357398431067027	0.012825798630180012	0.9484451718494271	0.051554828150572884	121.11558329162841	74.0	75.0	48.57613388789028	48.2312303516967	4.333265285958923	0.013124621802609026	0.016267900000201507
122.0-124.0 kDa	122.0	124.0	29	14.5	78.0805673953296	78.0960227603939	4.357633786180396	0.012810038783428759	0.9476268412438625	0.05237315875613746	123.01253299379367	74.0	75.44827586206897	43.44038874497442	43.41951694805267	4.357939130585974	0.012804749392527915	0.022039499999962686
124.0-126.0 kDa	124.0	126.0	42	21.0	76.59352861395841	75.0909625940221	4.337916657138027	0.013071338399389135	0.9459901800327333	0.054009819967266726	124.93585266571479	72.0	73.66666666666667	47.683919140157826	47.45735595526077	4.318700209685583	0.013317181889149602	0.015796300000125996
126.0-128.0 kDa	126.0	128.0	43	21.5	84.98464842940112	84.48826976774905	4.4423033857589385	0.011770747465665707	0.9509001636661211	0.04909983633387893	127.18946097767504	81.0	81.20930232558139	50.05726599162151	50.0644028927329	4.436612705410256	0.011835962586864587	0.015357999999920935
128.0-130.0 kDa	128.0	130.0	43	21.5	88.8952560763238	89.00111262256475	4.487092200045707	0.011257499372212728	0.9525368248772504	0.04746317512274956	129.13733329860528	87.0	88.3953488372093	56.02197444451149	55.70266637967531	4.48864887103113	0.011235814593024163	0.01894869999966886
130.0-132.0 kDa	130.0	132.0	36	18.0	79.12121036196046	79.20824363253416	4.3703276758950755	0.012655412879183741	0.9492635024549918	0.0507364975450082	130.85618723000067	76.5	75.72222222222223	47.17079179320915	46.793490123599426	4.372080226864151	0.012624952400879946	0.020369799999798488
132.0-134.0 kDa	132.0	134.0	32	16.0	70.2294545728861	69.46586521288253	4.251553784718275	0.014245087117388557	0.9435351882160393	0.05646481178396068	133.0959445768757	67.0	66.5625	41.04559584842052	41.03541340383854	4.240835478627842	0.014395559710999073	0.007844950000077233
134.0-136.0 kDa	134.0	136.0	36	18.0	73.93728501102875	74.38971175473345	4.303050287071251	0.013529514416209204	0.9443535188216039	0.0556464811783961	134.93421175222286	72.0	72.55555555555556	44.76269810540867	44.713181539106635	4.309317649287179	0.013442719116104368	0.017128399999847943
136.0-138.0 kDa	136.0	138.0	36	18.0	77.5955870109222	75.92302280583988	4.350333328967983	0.012917469040740662	0.9468085106382979	0.05319148936170215	136.9379362077785	72.0	73.80555555555556	43.812626151750884	44.155372161715874	4.329719949632577	0.013171235840475491	0.029161249999916095
138.0-140.0 kDa	138.0	140.0	47	23.5	80.26886137922955	80.00066266983187	4.384985679289784	0.012467973812176568	0.9500818330605565	0.04991816693944351	139.09113376085176	80.0	79.74468085106383	53.89100420706268	53.154198457108144	4.382034918012473	0.012499896458696442	0.014761700000150313
140.0-142.0 kDa	140.0	142.0	28	14.0	75.38868263384289	76.49312833724056	4.322224372157613	0.013276256921378116	0.9451718494271686	0.05482815057283141	140.8590780621436	74.0	72.14285714285714	42.39789185109281	41.70728198357674	4.337200898875808	0.01307307004259901	0.020398900000401454
142.0-144.0 kDa	142.0	144.0	40	20.0	65.028748643036	64.55954922122535	4.1745907244840925	0.0153850882213879	0.94189852700491	0.05810147299509005	143.12139893750074	62.0	62.175	42.204025820754254	41.7686475213576	4.167583207518118	0.015489725072465429	0.021727100000234145
144.0-146.0 kDa	144.0	146.0	23	11.5	68.2185827779454	68.89585820497945	4.222150655819943	0.014675536341860702	0.9427168576104746	0.057283142389525366	145.07431997130513	65.0	65.73913043478261	37.76724960918459	37.92887375184335	4.2325960630774695	0.014514660620451128	0.043637999999958765
146.0-148.0 kDa	146.0	148.0	37	18.5	61.33078466053969	62.00164905592785	4.115858539424963	0.01631891878396739	0.9410801963993454	0.05891980360065463	146.89786705567641	61.0	61.32432432432432	39.86353013985144	38.7435731345879	4.127160982367635	0.01612860327469616	0.0291743999993912
148.0-150.0 kDa	148.0	150.0	23	11.5	54.4392065080117	53.59872305975677	3.9961830743827678	0.018402158753001545	0.939443535188216	0.060556464811784005	149.0146217234791	50.0	52.26086956521739	28.836072075951108	29.863718474267205	3.9815252442809714	0.018657160897006975	0.020759999999881984
150.0-152.0 kDa	150.0	152.0	27	13.5	53.36667785224841	53.42464557769604	3.9770704162188184	0.018742645381096514	0.9386252045826514	0.06137479541734858	151.14618116518594	52.0	51.592592592592595	32.832771678458954	32.46882018011737	3.978272167167222	0.01871795290706588	0.0208230999996033
152.0-154.0 kDa	152.0	154.0	28	14.0	54.60741430759865	55.50141050789846	3.999550200882112	0.018335367477731093	0.9402618657937807	0.05973813420621932	153.10261821928643	54.0	54.535714285714285	32.496296869476595	32.75120872824913	4.01640095209157	0.01801782975873887	0.020679150000091795
154.0-156.0 kDa	154.0	156.0	23	11.5	49.478559819582486	49.1839741423905	3.9014039180605127	0.020216238023500047	0.9361702127659575	0.06382978723404253	155.00131825391384	47.0	46.52173913043478	29.153643893717202	28.450435017238473	3.8955678416239086	0.020331825913557557	0.026683900000193717
156.0-158.0 kDa	156.0	158.0	22	11.0	50.89199574645202	50.82822702271136	3.929688334954615	0.019650135488150436	0.936988543371522	0.06301145662847796	157.24023225727362	49.0	49.0	31.2481992434561	30.8189541708118	3.928451773300451	0.019674110481863627	0.022817950000359133
158.0-160.0 kDa	158.0	160.0	28	14.0	51.16377791493429	52.0368785811664	3.934394726854392	0.019570346106933867	0.9378068739770867	0.06219312602291327	158.92513767285803	52.5	50.964285714285715	32.949930996874514	31.89894725585925	3.951950305158336	0.019217231285954574	0.04604639999979554
160.0-162.0 kDa	160.0	162.0	17	8.5	43.812086995599145	44.388137656610354	3.778486785536969	0.022890658103417016	0.9345335515548282	0.0654664484451718	160.93901865647126	42.0	41.88235294117647	23.35359260130762	23.985138535306564	3.792972263845781	0.022528541470607934	0.03102659999996149
162.0-164.0 kDa	162.0	164.0	21	10.5	39.91130845612817	39.287941845175034	3.6862012593283233	0.02507841197127497	0.9312602291325696	0.06873977086743044	162.88668808476288	38.0	38.0	23.75363551881504	23.68307104233273	3.6709176485173343	0.02545310222512484	0.03893139999937034
164.0-166.0 kDa	164.0	166.0	22	11.0	39.987518781072644	39.480553135462806	3.6882032717798907	0.02502592938242224	0.9320785597381342	0.06792144026186575	165.13744305727369	37.5	38.5	23.882224522933058	23.92997437459869	3.6757969029925617	0.02532949933150798	0.02206030000010628
166.0-168.0 kDa	166.0	168.0	16	8.0	40.663127298275256	40.82486821693902	3.7052043555696903	0.024598092934128995	0.9328968903436988	0.06710310965630117	167.0452693737509	38.0	38.5625	22.484362923568217	22.720397398343778	3.7092914088830726	0.024494874021993397	0.03763519999878895
168.0-170.0 kDa	168.0	170.0	23	11.5	41.07113578274587	41.05822571538999	3.71516659684423	0.02435477485397733	0.9337152209492635	0.06628477905073649	169.08025606260958	40.0	40.26086956521739	25.17537970524123	25.125297310348074	3.714991198659801	0.024355655476489983	0.011772500000176933
170.0-172.0 kDa	170.0	172.0	15	7.5	38.874903132547146	39.605089617555294	3.6598530022166704	0.025749385542836793	0.9304418985270049	0.06955810147299513	170.78566359333408	40.0	38.8	23.698220285608215	22.86277039316046	3.678957635697556	0.025249280071234618	0.028766599999357823
172.0-174.0 kDa	172.0	174.0	17	8.5	33.09861670774168	33.58543727411813	3.4987377152208925	0.030258854835229092	0.9296235679214403	0.0703764320785597	172.78678381529508	31.0	32.1764705882353	19.161129655137785	19.129357443603443	3.5140925585571936	0.029774809594949887	0.030542999999340736
174.0-176.0 kDa	174.0	176.0	15	7.5	28.254794789027564	28.2824221833337	3.3411293156751327	0.035401663147435605	0.9271685761047463	0.07283142389525366	174.77347075333446	26.0	26.866666666666667	17.812623754218617	16.43391274260619	3.3422404874077767	0.03535765054059907	0.025842500001886037
176.0-178.0 kDa	176.0	178.0	12	6.0	25.134820920315533	24.78801712032503	3.2235242045963948	0.03984297506898989	0.9247135842880524	0.07528641571194761	177.18249348000097	23.5	24.0	15.404280151716417	15.111101376885173	3.2103540412737726	0.040342582636480655	0.0981224000004488
178.0-180.0 kDa	178.0	180.0	11	5.5	22.311614768986725	23.10801479423296	3.102220413769112	0.04508749975832364	0.9206219312602292	0.07937806873977082	178.7853302800008	23.0	22.636363636363637	14.20383817719729	13.276254100083754	3.140179518140078	0.04327502855197967	0.09530969999900663
180.0-182.0 kDa	180.0	182.0	7	3.5	19.39787812513017	19.91599022529883	2.964010826704515	0.05167129410375789	0.9181669394435352	0.08183306055646478	181.01837226571539	18.0	18.142857142857142	8.970471098034265	9.016483399654685	2.9915229379834125	0.05021091036335831	0.05939919999931931
182.0-184.0 kDa	182.0	184.0	14	7.0	24.656754023562534	24.381200083426286	3.202442597206911	0.04076874846060474	0.9238952536824877	0.0761047463175123	183.18127908000085	24.5	24.5	15.572474082405304	15.346346330732818	3.1936834835744383	0.04102578037649478	0.07890290000010225
184.0-186.0 kDa	184.0	186.0	14	7.0	27.108518453665717	26.91908274084252	3.2997370555339964	0.03689693607398174	0.9263502454991817	0.07364975450081834	185.11530718714403	26.5	26.571428571428573	15.707208573854013	15.623761444368863	3.2928349568768818	0.037148403503420344	0.07124660000043548
186.0-188.0 kDa	186.0	188.0	11	5.5	28.301222044665224	27.944996663759905	3.342716218087338	0.03534742885670447	0.9279869067103109	0.07201309328968908	187.2020753890921	28.0	27.818181818181817	15.216453303737065	15.51326962372871	3.3302381733357143	0.03578458111955463	0.03658679999890069
188.0-190.0 kDa	188.0	190.0	17	8.5	30.08860098245337	30.13606406105276	3.4041277908670846	0.033236417453811194	0.9288052373158756	0.07119476268412439	189.07022661529518	30.0	30.235294117647058	18.671623971824275	18.585891916804684	3.405722596119255	0.03318283362996895	0.05047299999984034
190.0-192.0 kDa	190.0	192.0	11	5.5	26.699103037736656	26.00117725962114	3.2834987652238117	0.037538377465717955	0.925531914893617	0.07446808510638303	190.85316549818288	24.0	25.454545454545453	14.559218939126357	15.067207048155307	3.258141816212607	0.03845979703207372	0.04376919999944562
192.0-194.0 kDa	192.0	194.0	11	5.5	23.678988158784136	23.282638470512097	3.1635382833018553	0.04231912079118536	0.9230769230769231	0.07692307692307687	193.02807285272846	23.0	22.0	13.473729411105433	13.399065602568083	3.1477079528033602	0.042950458611747074	0.045025200000452514
194.0-196.0 kDa	194.0	196.0	14	7.0	21.45446129650829	21.79621313855754	3.06358620354629	0.04683093850012811	0.9198036006546645	0.08019639934533551	194.985402072858	21.5	21.357142857142858	12.733708583878565	12.591904327671953	3.0810129702882008	0.045945944405425196	0.08297914999924672
196.0-198.0 kDa	196.0	198.0	5	2.5	18.102145838376167	18.03949063185368	2.895534148530395	0.05529691063652949	0.9148936170212766	0.08510638297872342	197.26107998000106	16.0	17.0	8.864235173845763	8.886047852124978	2.8925632787510196	0.05543393770965046	0.2438503999995021
198.0-200.0 kDa	198.0	200.0	9	4.5	17.438859953877515	17.25758993520948	2.8584789914927864	0.057368656320236355	0.9108019639934534	0.08919803600654663	198.85536318000078	18.0	17.444444444444443	10.276862535081472	10.269029121089385	2.848252042951434	0.05794551868217522	0.01643449999914992
200.0-202.0 kDa	200.0	202.0	8	4.0	15.452601838662412	15.347722636299624	2.7368626991359144	0.06483128529977929	0.9075286415711947	0.09247135842880527	200.70523776750085	14.5	14.625	8.770635094582339	8.766733257708552	2.730876709107517	0.06516802674699923	0.04586235000054728
202.0-204.0 kDa	202.0	204.0	8	4.0	16.965511934928273	16.646871202729077	2.830670034351581	0.059003141478600106	0.9099836333878887	0.09001636661211132	203.3328507550011	16.0	16.125	9.618095028238274	9.724660461752554	2.812214263928	0.060072311855263655	0.10436029999931407
204.0-206.0 kDa	204.0	206.0	11	5.5	18.113500151421356	18.222461449217985	2.8962532606835505	0.05525231790084468	0.9157119476268413	0.08428805237315873	205.05515059818325	19.0	18.454545454545453	10.820414605010152	10.819777779333235	2.9026549787125466	0.054877328333868686	0.0396181000002116
206.0-208.0 kDa	206.0	208.0	4	2.0	16.73240189386982	16.718731248819733	2.8173387942565338	0.05976527190188741	0.9091653027823241	0.0908346972176759	206.94487768000155	16.0	16.0	7.502578282585413	7.590172219512115	2.8165269510314075	0.05981348274155675	0.1777387499998042
208.0-210.0 kDa	208.0	210.0	11	5.5	19.218775902360875	19.04210031888927	2.9525465260549173	0.052379287744995694	0.9173486088379705	0.08265139116202946	209.0105921890925	18.0	18.727272727272727	11.142857726407904	10.978678853296692	2.946652334145456	0.05251521540447017	0.07240729999904261
210.0-212.0 kDa	210.0	212.0	12	6.0	23.5787552180321	23.980270243937888	3.1599499097870556	0.04244491762749991	0.9222585924713584	0.07774140752864156	211.05583768000136	24.0	23.666666666666668	13.573509186261305	13.510313505955784	3.177231417049951	0.04170094806731289	0.02388010000008478
212.0-214.0 kDa	212.0	214.0	12	6.0	22.545518694161288	22.757475931372042	3.114826756772499	0.044417982684637335	0.9214402618657938	0.07855973813420625	213.04423079666765	22.5	22.333333333333332	13.611597235625082	13.297625412593682	3.1248676554021633	0.04394389347641181	0.05219039999990116
214.0-216.0 kDa	214.0	216.0	7	3.5	17.504569016137847	17.172977841124485	2.859498936546967	0.05746118920189336	0.911620294599018	0.08837970540098194	214.85232198000156	16.0	16.428571428571427	9.593766849573791	9.73194826932358	2.843337092668655	0.05823101906096212	0.05139130000029013
216.0-218.0 kDa	216.0	218.0	7	3.5	14.014689447653367	13.450519289475023	2.63818231883565	0.07162736964436281	0.9042553191489362	0.0957446808510638	217.12153159428698	13.0	13.142857142857142	7.303112626942369	7.137542972495332	2.599017714185446	0.07434657194109197	0.10489879999948926
218.0-220.0 kDa	218.0	220.0	6	3.0	14.171358753957508	13.827107584735252	2.6494518521998027	0.07081274226802005	0.9067103109656302	0.09328968903436985	218.87710121333444	13.0	13.666666666666666	8.041674310469318	7.902479931482926	2.626629282626007	0.07232195127737957	0.029362999999364092
220.0-222.0 kDa	220.0	222.0	8	4.0	16.12531648395761	15.995955575825434	2.7801364555177592	0.06204563387892995	0.9083469721767594	0.09165302782324058	220.99834030500156	15.5	15.375	8.843663200902304	8.757103595289063	2.772335605710378	0.0625158410443284	0.19254520000015418
222.0-224.0 kDa	222.0	224.0	9	4.5	18.66166872917713	19.13958344197137	2.9248404007301683	0.05376100682587345	0.9165302782324058	0.08346972176759415	222.90361361333498	18.0	18.0	10.183414725195696	10.16342238497886	2.951758622045622	0.05224774107711721	0.055181799997825465
224.0-226.0 kDa	224.0	226.0	13	6.5	20.475628605117514	20.223804430765323	3.0190865182686935	0.04885304062658445	0.9189852700490998	0.0810147299509002	225.22874968769378	20.0	20.46153846153846	12.555368060983795	12.366390058132945	3.006860347761704	0.04944668068876086	0.02439849999828425
226.0-228.0 kDa	226.0	228.0	8	4.0	17.938385953259854	18.016071027985014	2.8817096037696897	0.05633702309462139	0.9132569558101473	0.08674304418985268	227.20801418000184	18.0	17.75	9.65514466812277	9.895195662298388	2.8912560966444047	0.05550689682436587	0.04585910000014337
228.0-230.0 kDa	228.0	230.0	5	2.5	14.018762589864252	14.040406091866188	2.639137491796718	0.0715139363837944	0.9050736497545008	0.09492635024549922	228.98066064000136	13.0	13.0	6.697168368904247	7.036452435049332	2.6419393221014698	0.07122301117624472	0.3074061000004633
230.0-232.0 kDa	230.0	232.0	6	3.0	14.0452699731075	13.86857728744747	2.639284567004601	0.07162519772140075	0.9058919803600655	0.09410801963993454	230.92320519666882	13.5	13.333333333333334	6.8849294670955885	7.057265591684526	2.62900273679715	0.0721953370232705	0.10982290000092121
232.0-234.0 kDa	232.0	234.0	9	4.5	17.986576910884978	18.446238909216806	2.888306268652689	0.05574494020466265	0.9140752864157119	0.0859247135842881	232.94221625777922	18.0	17.88888888888889	10.686406440477706	10.3575990095213	2.9148604965466762	0.05421159320994928	0.09055409999774611
234.0-236.0 kDa	234.0	236.0	10	5.0	17.621147484772226	17.438652668605535	2.8686597165023047	0.05679968031597078	0.9124386252045826	0.08756137479541737	234.75494989000148	17.0	17.1	10.803383629056254	10.511870111138816	2.858687264435237	0.057344097084344875	0.049894699999398995
236.0-238.0 kDa	236.0	238.0	6	3.0	13.40292243970842	13.21863412344992	2.5948723338494992	0.0746996019709646	0.9026186579378068	0.09738134206219318	237.06175809666846	12.0	11.833333333333334	6.977506164176101	6.984155465358747	2.5815658562329937	0.07566011027034525	0.10012389999943139
238.0-240.0 kDa	238.0	240.0	8	4.0	13.529936278139918	13.263453986618217	2.604255623957089	0.07400483984068867	0.9034369885433715	0.09656301145662849	239.2036632050019	13.0	13.0	8.151666546251075	7.9464078720431255	2.5850115953949864	0.07539526847137328	0.09842304999963858
240.0-242.0 kDa	240.0	242.0	6	3.0	12.489167842141647	12.309957504387828	2.521794999355141	0.08056017109378306	0.9018003273322422	0.09819967266775775	241.2011804300017	12.5	12.333333333333334	6.375192839649181	6.589710235346704	2.509496483800162	0.08138335755394804	0.20386794999924973
242.0-244.0 kDa	242.0	244.0	4	2.0	11.767589951567075	11.837025063542985	2.4649928034642934	0.0850399707241144	0.8993453355155483	0.1006546644844517	243.04104960500126	11.5	11.25	5.657100190226572	5.659879466603194	2.4711044354677485	0.08450229927989987	0.23060720000154333
244.0-246.0 kDa	244.0	246.0	6	3.0	11.98262666592379	11.766770817063083	2.48247795552151	0.08361621466514553	0.900163666121113	0.09983633387888702	244.81730933000165	11.5	11.833333333333334	6.720132220507615	6.70533604459922	2.4651973812302326	0.0849990468639471	0.227556750001483
246.0-248.0 kDa	246.0	248.0	6	3.0	12.433982724006375	12.305714329687406	2.5201259661712148	0.08047402185634212	0.9009819967266776	0.09901800327332244	246.7757524133351	13.0	12.666666666666666	6.7308510785050375	6.733147699159194	2.510009708031184	0.08127184097316618	0.03903150000067512
248.0-250.0 kDa	248.0	250.0	5	2.5	10.764228755787828	10.593624007043282	2.375241404657512	0.09308289785839456	0.8985270049099836	0.1014729950900164	248.56510824000117	11.0	11.0	5.660017970518417	5.738728054929655	2.3602523113695426	0.09439640290566662	0.17224510000028204
250.0-252.0 kDa	250.0	252.0	4	2.0	7.473216370643515	7.520009878236511	2.008470400817263	0.13458197926087634	0.8944353518821604	0.10556464811783961	250.6536212550018	7.5	7.25	3.6099763306997263	3.4343036812646033	2.016757426124644	0.13319415533657145	0.23547950000055096
252.0-254.0 kDa	252.0	254.0	3	1.5	6.440205392602255	6.1993143310975904	1.8600512415897956	0.15604435669227854	0.8895253682487725	0.11047463175122751	253.14600214666783	5.0	5.333333333333333	2.607832652834517	2.602943037171334	1.8244386941768733	0.16130816193392628	0.4347022000005438
254.0-256.0 kDa	254.0	256.0	4	2.0	10.763424790087218	10.956837163177688	2.375073674455984	0.09311137788616858	0.897708674304419	0.10229132569558097	255.31218400500248	11.0	10.5	5.796753745034334	5.7517410221275505	2.393962723369061	0.09126738474908919	0.0528723499995607
256.0-258.0 kDa	256.0	258.0	7	3.5	10.706402221533482	10.690649836678494	2.370590028883348	0.09344889437666205	0.8968903436988543	0.10310965630114566	256.7281510371448	11.0	10.571428571428571	7.288705088001516	6.954313082545847	2.3693695124015717	0.0935396833005516	0.08908489999998892
258.0-260.0 kDa	258.0	260.0	3	1.5	6.6283528795983315	6.061165336383084	1.8829158296017183	0.15336100970307423	0.8911620294599017	0.10883797054009825	259.35702024666807	5.0	5.666666666666667	2.72078507665739	2.729586436830264	1.8019020813271815	0.16498477512192994	0.36279680000001235
260.0-262.0 kDa	260.0	262.0	2	1.0	7.2411095011932805	7.2411095011932805	1.9785347850411978	0.13844320226643023	0.8936170212765957	0.1063829787234043	260.9570240800016	7.5	7.5	2.986238813016495	2.986238813016495	1.9785347850411978	0.13844320226643023	0.6554959999983225
262.0-264.0 kDa	262.0	264.0	5	2.5	6.690800410112502	6.630908482912055	1.8999155315323744	0.1497007000593939	0.8919803600654664	0.10801963993453356	262.84938446000217	7.0	6.6	3.9510522359690423	3.6708687701143403	1.891741820890805	0.1508088978421304	0.11536920000190776
264.0-266.0 kDa	264.0	266.0	3	1.5	5.836458249566719	5.77635337599218	1.7639361271178953	0.1714009623014262	0.886252045826514	0.11374795417348604	265.70091184666825	6.0	5.666666666666667	3.240284520725532	3.1693769138372505	1.7537725797731496	0.17311960243918323	0.23169250000012198
266.0-268.0 kDa	266.0	268.0	2	1.0	5.990819728324041	5.990819728324041	1.7902276152721015	0.1669222776303753	0.8878887070376432	0.11211129296235678	266.8347161800026	6.5	6.5	2.9667905813890503	2.9667905813890503	1.7902276152721015	0.1669222776303753	0.03250839999964228
268.0-270.0 kDa	268.0	270.0	2	1.0	5.219306628757227	5.219306628757227	1.6523625383714204	0.1915971068684414	0.8821603927986906	0.11783960720130937	268.6949023800022	5.5	5.5	1.897010882753158	1.897010882753158	1.6523625383714204	0.1915971068684414	0.2569819999997094
270.0-272.0 kDa	270.0	272.0	3	1.5	4.896304203813888	4.885802473156348	1.5884750073944256	0.2042379900462291	0.8788870703764321	0.1211129296235679	270.58446144666885	5.0	5.0	2.5330122970890634	2.5404352840990554	1.5863335449115865	0.20467466818280428	0.015391999998371375
272.0-274.0 kDa	272.0	274.0	3	1.5	3.7973449446947494	3.9174876705961275	1.323426684041256	0.26925077127612895	0.8707037643207856	0.12929623567921444	273.0919038133363	3.0	3.6666666666666665	1.7823516060742817	1.5443506914151754	1.365450547979813	0.255265640656842	0.30230940000018336
274.0-276.0 kDa	274.0	276.0	0	0.0					0.4054828150572831	0.5945171849427169								
276.0-278.0 kDa	276.0	278.0	3	1.5	7.016730881023428	6.260631739030567	1.9236004504125563	0.14945382357082607	0.8927986906710311	0.10720130932896887	277.2950818466686	6.0	6.666666666666667	2.7385012812771232	3.266331413043036	1.8342810967982974	0.1597282896813295	0.227358299999878
278.0-280.0 kDa	278.0	280.0	6	3.0	10.600568956670786	10.763731030873057	2.360118420739141	0.09448522327475029	0.8960720130932897	0.10392798690671035	279.03355943000287	11.0	10.666666666666666	6.52009143505568	6.266554977876822	2.376164064464988	0.09290796641837712	0.16716690000055223
280.0-282.0 kDa	280.0	282.0	5	2.5	8.670140136493723	8.839759910850413	2.146154832475367	0.11863174007462089	0.8952536824877251	0.10474631751227492	280.84776766000266	9.0	8.4	4.913992998840005	4.6800816641948355	2.179259716874667	0.11312524436014879	0.22576800000098274
282.0-284.0 kDa	282.0	284.0	0	0.0					0.4054828150572831	0.5945171849427169								
284.0-286.0 kDa	284.0	286.0	4	2.0	4.611757284302756	4.603392663071693	1.5258238405817517	0.21804932322259948	0.8772504091653028	0.12274959083469716	285.0462856050029	5.0	4.75	2.4762772603126573	2.234523431488919	1.5267007119087905	0.21727143453364983	0.3703167000009273
286.0-288.0 kDa	286.0	288.0	2	1.0	6.418901546189375	6.418901546189375	1.859245993157176	0.1557902103917117	0.8887070376432079	0.11129296235679209	287.4984285300028	6.5	6.5	2.448504093785378	2.448504093785378	1.859245993157176	0.1557902103917117	0.888535750000301
288.0-290.0 kDa	288.0	290.0	4	2.0	5.828125141110605	5.822709925105245	1.7626037286569802	0.17161320730093715	0.8846153846153846	0.11538461538461542	289.10801588000254	6.0	6.0	3.5428601159410538	3.5085581485858124	1.7616923787800158	0.17176655175497843	0.0839733999983423
290.0-292.0 kDa	290.0	292.0	1	0.5	5.575809522727948	5.575809522727948	1.7184375126753144	0.17934615519483404	0.88379705400982	0.11620294599018	291.1876672800022	5.0	5.0	1.4195753991756828	1.4195753991756828	1.7184375126753144	0.17934615519483404	1.304164199999434
292.0-294.0 kDa	292.0	294.0	4	2.0	5.1599988595129345	5.200052886983917	1.6387717920084823	0.1946417723036476	0.881342062193126	0.11865793780687395	293.17922843000247	5.5	5.5	2.686384038206735	2.7062496199765285	1.647283386735579	0.1928393196776953	0.11409170000007407
294.0-296.0 kDa	294.0	296.0	1	0.5	4.508687702358774	4.508687702358774	1.5060061360863763	0.22179402655829059	0.8764320785597381	0.12356792144026185	294.0926766800031	5.0	5.0	2.531439013171981	2.531439013171981	1.5060061360863763	0.22179402655829059	0.18254560000025322
296.0-298.0 kDa	296.0	298.0	1	0.5	3.1917274075711863	3.1917274075711863	1.160562277310311	0.3133099642619454	0.8682487725040916	0.1317512274959084	297.6642393800002	4.0	4.0	0.7758058689127376	0.7758058689127376	1.160562277310311	0.3133099642619454	1.2668819000019766
298.0-300.0 kDa	298.0	300.0	3	1.5	5.440566871232378	5.574332702715227	1.6932425769817498	0.18404206137695497	0.8829787234042553	0.11702127659574468	299.3782462800029	6.0	6.0	3.0541046463751087	2.85477958660047	1.7181726156019863	0.1793936697594145	0.011826800000562798
300.0-302.0 kDa	300.0	302.0	2	1.0	5.8333056479988805	5.8333056479988805	1.7635838460085291	0.17142938510542732	0.8854337152209493	0.11456628477905073	300.72766668000236	6.0	6.0	2.7387352542206753	2.7387352542206753	1.7635838460085291	0.17142938510542732	0.08402119999857405
302.0-304.0 kDa	302.0	304.0	2	1.0	4.295072114727573	4.295072114727573	1.451607639820856	0.23557005555253843	0.8756137479541735	0.12438625204582654	302.5033748300011	4.0	4.0	1.6191090196683364	1.6191090196683364	1.451607639820856	0.23557005555253843	0.70753189999715
304.0-306.0 kDa	304.0	306.0	1	0.5	2.809453190581302	2.809453190581302	1.0329898703105853	0.3559411501684749	0.8625204582651391	0.13747954173486088	304.0555919800032	3.0	3.0	0.7018999725990789	0.7018999725990789	1.0329898703105853	0.3559411501684749	1.1984512000034897
306.0-308.0 kDa	306.0	308.0	2	1.0	2.9091270267157014	2.9091270267157014	1.0663735334200797	0.3447643904502249	0.8633387888707038	0.1366612111292962	306.8466762300013	2.0	2.0	1.1785105642742544	1.1785105642742544	1.0663735334200797	0.3447643904502249	0.2943036999989772
308.0-310.0 kDa	308.0	310.0	3	1.5	4.229643058444862	4.1806992782551555	1.4419696679599348	0.2364962524462347	0.8747954173486089	0.12520458265139112	309.2532566800009	3.0	3.3333333333333335	2.168869016176711	2.1675259956767543	1.4304785239936129	0.23919443457730763	0.01883939999066797
310.0-312.0 kDa	310.0	312.0	2	1.0	3.891936160356535	3.891936160356535	1.3529895978630004	0.2600003155475663	0.8715220949263502	0.12847790507364976	311.52344363000384	3.5	3.5	1.4240454534440898	1.4240454534440898	1.3529895978630004	0.2600003155475663	0.760710900001925
312.0-314.0 kDa	312.0	314.0	1	0.5	2.6205701440383034	2.6205701440383034	0.963391906327259	0.381596349281076	0.8592471358428805	0.14075286415711952	313.0346442800019	3.0	3.0	0.7149233045841408	0.7149233045841408	0.963391906327259	0.381596349281076	1.1308451999970544
314.0-316.0 kDa	314.0	316.0	1	0.5	2.5754585606099893	2.5754585606099893	0.9460276000513068	0.38828036889987977	0.8576104746317512	0.14238952536824878	315.899701380004	2.0	2.0	0.552710821056339	0.552710821056339	0.9460276000513068	0.38828036889987977	1.3495636999994645
316.0-318.0 kDa	316.0	318.0	2	1.0	5.121067202049021	5.121067202049021	1.6310462508694727	0.19617863210803133	0.8805237315875614	0.11947626841243864	317.6201815300035	5.5	5.5	2.15613476917056	2.15613476917056	1.6310462508694727	0.19617863210803133	0.7418329000001336
318.0-320.0 kDa	318.0	320.0	3	1.5	5.955474196957847	6.012225751906907	1.7840092869730888	0.16801448329427537	0.8870703764320785	0.11292962356792147	319.07283068000396	6.0	5.666666666666667	3.085111058404242	3.0890157877922455	1.7937950214031193	0.16632775302604505	0.06274889999957622
320.0-322.0 kDa	320.0	322.0	4	2.0	6.562965105976255	6.556108210051638	1.8807230225660136	0.15258949264139232	0.8903436988543372	0.10965630114566283	321.35938868000324	6.0	6.25	3.5974766184993183	3.545755982891867	1.8803931910688108	0.15253072681893756	0.1993831999975555
322.0-324.0 kDa	322.0	324.0	2	1.0	5.0293730435201045	5.0293730435201045	1.6139185253295945	0.19938020130133383	0.8797054009819967	0.12029459901800332	322.8302710300035	5.5	5.5	2.4217911394780094	2.4217911394780094	1.6139185253295945	0.19938020130133383	0.28272269999774835
324.0-326.0 kDa	324.0	326.0	0	0.0					0.4054828150572831	0.5945171849427169								
326.0-328.0 kDa	326.0	328.0	2	1.0	1.9999513977681127	1.9999513977681127	0.6931228791487247	0.5000121508532511	0.8494271685761048	0.15057283142389521	327.3531028300031	2.0	2.0	0.9861534434522503	0.9861534434522503	0.6931228791487247	0.5000121508532511	0.16699289999786515
328.0-330.0 kDa	328.0	330.0	0	0.0					0.4054828150572831	0.5945171849427169								
330.0-332.0 kDa	330.0	332.0	0	0.0					0.4054828150572831	0.5945171849427169								
332.0-334.0 kDa	332.0	334.0	2	1.0	1.8186835608935323	1.8186835608935323	0.5933285804995114	0.5551348399822482	0.8387888707037643	0.1612111292962357	332.8582637800017	2.0	2.0	0.2712157308474996	0.2712157308474996	0.5933285804995114	0.5551348399822482	1.678498800000341
334.0-336.0 kDa	334.0	336.0	0	0.0					0.4054828150572831	0.5945171849427169								
336.0-338.0 kDa	336.0	338.0	3	1.5	3.5128119058365823	3.5229368354255146	1.2563953059154858	0.284684500432078	0.869885433715221	0.13011456628477902	336.5416577800033	4.0	3.6666666666666665	2.1495729652253437	2.1374853470650805	1.2592949699975515	0.28385408161290976	0.029207400003315342
338.0-340.0 kDa	338.0	340.0	1	0.5	2.6207735222460653	2.6207735222460653	0.9634695116974897	0.3815667365041815	0.8600654664484452	0.13993453355155483	338.54886917999835	3.0	3.0	0.41887304981277573	0.41887304981277573	0.9634695116974897	0.3815667365041815	1.9436456999935672
340.0-342.0 kDa	340.0	342.0	1	0.5	1.7348748849399485	1.7348748849399485	0.5509352983720538	0.5764104424363803	0.8379705400981997	0.1620294599018003	341.4305621800033	2.0	2.0	0.2539668281121301	0.2539668281121301	0.5509352983720538	0.5764104424363803	1.6938106000000062
342.0-344.0 kDa	342.0	344.0	1	0.5	1.6490996973571233	1.6490996973571233	0.5002295010325433	0.6063914762719428	0.8355155482815058	0.16448445171849424	343.1243727800033	2.0	2.0	0.24010124052285442	0.24010124052285442	0.5002295010325433	0.6063914762719428	1.6938106000000062
344.0-346.0 kDa	344.0	346.0	0	0.0					0.4054828150572831	0.5945171849427169								
346.0-348.0 kDa	346.0	348.0	3	1.5	3.4504811929389425	3.412642617078682	1.234937175828845	0.29188744390920246	0.8690671031096563	0.1309328968903437	347.16627898000525	3.0	3.3333333333333335	1.7974119440200123	1.7354332717922472	1.2274869521883234	0.2930280466508468	0.42169999999759966
348.0-350.0 kDa	348.0	350.0	1	0.5	4.081390185048444	4.081390185048444	1.4064376620097518	0.24501455500710245	0.8739770867430442	0.1260229132569558	349.4239461800034	4.0	4.0	1.607623281172847	1.607623281172847	1.4064376620097518	0.24501455500710245	0.814638699997829
350.0-352.0 kDa	350.0	352.0	2	1.0	3.1353777287859472	3.1353777287859472	1.1425011631042428	0.3190993854035584	0.867430441898527	0.13256955810147297	350.3498701800024	3.0	3.0	1.6604765542386861	1.6604765542386861	1.1425011631042428	0.3190993854035584	0.2225706000023706
352.0-354.0 kDa	352.0	354.0	0	0.0					0.4054828150572831	0.5945171849427169								
354.0-356.0 kDa	354.0	356.0	2	1.0	2.601775443218803	2.601775443218803	0.9558910089431725	0.38458596339469053	0.8584288052373159	0.1415711947626841	355.8679644800046	3.0	3.0	1.2125519672961214	1.2125519672961214	0.9558910089431725	0.38458596339469053	0.21239319999830286
356.0-358.0 kDa	356.0	358.0	1	0.5	2.4649061758997926	2.4649061758997926	0.9021537442549604	0.4056949549550131	0.855973813420622	0.14402618657937805	357.57648368	3.0	3.0	0.4883822125693462	0.4883822125693462	0.9021537442549604	0.4056949549550131	1.6023225999962847
358.0-360.0 kDa	358.0	360.0	0	0.0					0.4054828150572831	0.5945171849427169								
360.0-362.0 kDa	360.0	362.0	3	1.5	2.9480857337968303	2.9614202413909747	1.0810393780390706	0.33928249775638575	0.8649754500818331	0.13502454991816693	361.10811124667117	3.0	3.0	1.4701840752102	1.4280406646673558	1.0856689645440785	0.3376758171715276	0.26458519999920327
362.0-364.0 kDa	362.0	364.0	0	0.0					0.4054828150572831	0.5945171849427169								
364.0-366.0 kDa	364.0	366.0	1	0.5	1.1660255491600395	1.1660255491600395	0.15360099948930375	0.8576141412341797	0.8306055646481179	0.16939443535188214	365.3251665800052	1.0	1.0	0.035544722828510844	0.035544722828510844	0.15360099948930375	0.8576141412341797	2.5935573000006116
366.0-368.0 kDa	366.0	368.0	1	0.5	1.1775213963524251	1.1775213963524251	0.16341171774328161	0.8492414686456414	0.8314238952536824	0.16857610474631757	367.9187238800058	1.0	1.0	0.03716524521167974	0.03716524521167974	0.16341171774328161	0.8492414686456414	2.5935573000006116
368.0-370.0 kDa	368.0	370.0	0	0.0					0.4054828150572831	0.5945171849427169								
370.0-372.0 kDa	370.0	372.0	1	0.5	1.9431368973955516	1.9431368973955516	0.6643036246274737	0.5146317798505766	0.8445171849427169	0.15548281505728312	371.3753878800056	2.0	2.0	0.44131050122687543	0.44131050122687543	0.6643036246274737	0.5146317798505766	1.301351400000101
372.0-374.0 kDa	372.0	374.0	1	0.5	2.934565228332501	2.934565228332501	1.0765593088600283	0.34076598139487496	0.8641571194762684	0.1358428805237316	372.6767392800057	3.0	3.0	0.7203087101377037	0.7203087101377037	1.0765593088600283	0.34076598139487496	1.301351400000101
374.0-376.0 kDa	374.0	376.0	2	1.0	2.6327328159796846	2.6327328159796846	0.9679264427437935	0.3799063571231517	0.8608837970540099	0.13911620294599014	374.6468343300053	2.5	2.5	1.159431256990828	1.159431256990828	0.9679264427437935	0.3799063571231517	0.20358749999849124
376.0-378.0 kDa	376.0	378.0	1	0.5	2.4203352473024533	2.4203352473024533	0.883906062517094	0.41316590382036306	0.853518821603928	0.146481178396072	377.32092318000383	2.0	2.0	0.5438406346477178	0.5438406346477178	0.883906062517094	0.41316590382036306	1.2725637000037864
378.0-380.0 kDa	378.0	380.0	2	1.0	2.4279631543779283	2.4279631543779283	0.8763823225943839	0.42075189275114744	0.8551554828150573	0.14484451718494273	379.2206973300056	2.5	2.5	0.6986356689243365	0.6986356689243365	0.8763823225943839	0.42075189275114744	1.2544208999959778
380.0-382.0 kDa	380.0	382.0	0	0.0					0.4054828150572831	0.5945171849427169								
382.0-384.0 kDa	382.0	384.0	0	0.0					0.4054828150572831	0.5945171849427169								
384.0-386.0 kDa	384.0	386.0	5	2.5	4.681196228541536	4.7481599041665845	1.5425691071700913	0.21404402614277168	0.8780687397708674	0.12193126022913259	384.7329150400058	5.0	5.0	3.043736474011756	2.7419727386142525	1.557757154395695	0.2106079028893876	0.3417706000002454
386.0-388.0 kDa	386.0	388.0	0	0.0					0.4054828150572831	0.5945171849427169								
388.0-390.0 kDa	388.0	390.0	1	0.5	1.9808504037003438	1.9808504037003438	0.6835262493174417	0.5048336805908926	0.8473813420621932	0.15261865793780682	389.82525988000623	2.0	2.0	0.756709526763572	0.756709526763572	0.6835262493174417	0.5048336805908926	0.7466937999998322
390.0-392.0 kDa	390.0	392.0	1	0.5	1.9808504037003438	1.9808504037003438	0.6835262493174417	0.5048336805908926	0.8473813420621932	0.15261865793780682	390.57195368000606	2.0	2.0	0.756709526763572	0.756709526763572	0.6835262493174417	0.5048336805908926	0.7466937999998322
392.0-394.0 kDa	392.0	394.0	0	0.0					0.4054828150572831	0.5945171849427169								
394.0-396.0 kDa	394.0	396.0	1	0.5	1.8569034557783395	1.8569034557783395	0.6189102916697701	0.5385309596404624	0.8412438625204582	0.15875613747954176	395.8668711800058	2.0	2.0	0.4435982430559604	0.4435982430559604	0.6189102916697701	0.5385309596404624	1.2756456999983925
396.0-398.0 kDa	396.0	398.0	1	0.5	2.089072047618493	2.089072047618493	0.7367199710263651	0.47868143233259147	0.8502454991816694	0.14975450081833064	397.14251688000417	2.0	2.0	0.48130827434992396	0.48130827434992396	0.7367199710263651	0.47868143233259147	1.2756456999983925
398.0-400.0 kDa	398.0	400.0	1	0.5	2.135594162717823	2.135594162717823	0.7587449043182927	0.4682537616263987	0.8518821603927987	0.14811783960720126	399.852882980005	2.0	2.0	0.9972939420612148	0.9972939420612148	0.7587449043182927	0.4682537616263987	0.24559709999795132
400.0-402.0 kDa	400.0	402.0	1	0.5	2.0904943055149237	2.0904943055149237	0.7374005478284352	0.47835576368799687	0.851063829787234	0.14893617021276595	400.09848008000296	2.0	2.0	0.9859316049820117	0.9859316049820117	0.7374005478284352	0.47835576368799687	0.24559709999795132
402.0-404.0 kDa	402.0	404.0	1	0.5	1.7191262964603549	1.7191262964603549	0.5418161945921174	0.581690828683721	0.837152209492635	0.16284779050736498	403.5095296800042	2.0	2.0	0.27663702939290813	0.27663702939290813	0.5418161945921174	0.581690828683721	1.612720700000466
404.0-406.0 kDa	404.0	406.0	1	0.5	1.6808977265283134	1.6808977265283134	0.5193280117239114	0.5949201930716965	0.8363338788870703	0.16366612111292966	405.1222503800047	2.0	2.0	0.272413532242441	0.272413532242441	0.5193280117239114	0.5949201930716965	1.612720700000466
406.0-408.0 kDa	406.0	408.0	0	0.0					0.4054828150572831	0.5945171849427169								
408.0-410.0 kDa	408.0	410.0	0	0.0					0.4054828150572831	0.5945171849427169								
410.0-412.0 kDa	410.0	412.0	2	1.0	2.4251152327716805	2.4251152327716805	0.8820759811417719	0.4154998937700821	0.8543371522094927	0.1456628477905073	410.785654130005	2.5	2.5	0.9057354244013429	0.9057354244013429	0.8820759811417719	0.4154998937700821	0.7426170999996202
412.0-414.0 kDa	412.0	414.0	1	0.5	1.899923517128799	1.899923517128799	0.6418136312194377	0.5263369767174729	0.8428805237315876	0.15711947626841238	412.8435943800043	2.0	2.0	0.2934504725814042	0.2934504725814042	0.6418136312194377	0.5263369767174729	1.6866316999994524
414.0-416.0 kDa	414.0	416.0	0	0.0					0.4054828150572831	0.5945171849427169								
416.0-418.0 kDa	416.0	418.0	0	0.0					0.4054828150572831	0.5945171849427169								
418.0-420.0 kDa	418.0	420.0	1	0.5	1.0	1.0	0.0	1.0	0.8187397708674304	0.18126022913256956	418.1793740800063	1.0	1.0	0.0	0.0	-0.0	1.0	5.021928499999376
420.0-422.0 kDa	420.0	422.0	0	0.0					0.4054828150572831	0.5945171849427169								
422.0-424.0 kDa	422.0	424.0	1	0.5	1.6433929402658751	1.6433929402658751	0.49676297069574116	0.6084971983865378	0.8346972176759411	0.16530278232405893	423.2013025800057	2.0	2.0	0.21252620246624332	0.21252620246624332	0.49676297069574116	0.6084971983865378	1.7863946000007331
424.0-426.0 kDa	424.0	426.0	1	0.5	2.5005435853205813	2.5005435853205813	0.9165081423670136	0.39991304525563603	0.8567921440261865	0.14320785597381347	424.9876971800064	3.0	3.0	0.6565462191464577	0.6565462191464577	0.9165081423670136	0.39991304525563603	1.257129200001998
426.0-428.0 kDa	426.0	428.0	1	0.5	1.92832765360643	1.92832765360643	0.6566531265659824	0.5185840684957055	0.8436988543371522	0.1563011456628478	426.2448263800084	2.0	2.0	0.4634999309827432	0.4634999309827432	0.6566531265659824	0.5185840684957055	1.257129200001998
428.0-430.0 kDa	428.0	430.0	0	0.0					0.4054828150572831	0.5945171849427169								
430.0-432.0 kDa	430.0	432.0	0	0.0					0.4054828150572831	0.5945171849427169								
432.0-434.0 kDa	432.0	434.0	0	0.0					0.4054828150572831	0.5945171849427169								
434.0-436.0 kDa	434.0	436.0	2	1.0	1.9941047166473376	1.9941047166473376	0.690195186032019	0.5014781779771762	0.8486088379705401	0.1513911620294599	435.0528882300073	2.0	2.0	0.8573558309584843	0.8573558309584843	0.690195186032019	0.5014781779771762	0.5548012999968819
436.0-438.0 kDa	436.0	438.0	0	0.0					0.4054828150572831	0.5945171849427169								
438.0-440.0 kDa	438.0	440.0	0	0.0					0.4054828150572831	0.5945171849427169								
440.0-442.0 kDa	440.0	442.0	1	0.5	1.0	1.0	0.0	1.0	0.8187397708674304	0.18126022913256956	440.3754975800068	1.0	1.0	0.0	0.0	-0.0	1.0	4.664263699999651
442.0-444.0 kDa	442.0	444.0	0	0.0					0.4054828150572831	0.5945171849427169								
444.0-446.0 kDa	444.0	446.0	1	0.5	1.0	1.0	0.0	1.0	0.8187397708674304	0.18126022913256956	445.0397612800065	1.0	1.0	0.0	0.0	-0.0	1.0	4.664263699999651
446.0-448.0 kDa	446.0	448.0	0	0.0					0.4054828150572831	0.5945171849427169								
448.0-450.0 kDa	448.0	450.0	0	0.0					0.4054828150572831	0.5945171849427169								
450.0-452.0 kDa	450.0	452.0	0	0.0					0.4054828150572831	0.5945171849427169								
452.0-454.0 kDa	452.0	454.0	0	0.0					0.4054828150572831	0.5945171849427169								
454.0-456.0 kDa	454.0	456.0	1	0.5	1.0	1.0	0.0	1.0	0.8187397708674304	0.18126022913256956	455.3529721800087	1.0	1.0	0.0	0.0	-0.0	1.0	5.606385000003911
456.0-458.0 kDa	456.0	458.0	0	0.0					0.4054828150572831	0.5945171849427169								
458.0-460.0 kDa	458.0	460.0	0	0.0					0.4054828150572831	0.5945171849427169								
460.0-462.0 kDa	460.0	462.0	1	0.5	1.0	1.0	0.0	1.0	0.8187397708674304	0.18126022913256956	460.9593571800126	1.0	1.0	0.0	0.0	-0.0	1.0	5.067584299995815
462.0-464.0 kDa	462.0	464.0	0	0.0					0.4054828150572831	0.5945171849427169								
464.0-466.0 kDa	464.0	466.0	0	0.0					0.4054828150572831	0.5945171849427169								
466.0-468.0 kDa	466.0	468.0	1	0.5	1.0551309973969156	1.0551309973969156	0.05366492736853866	0.9477496182626349	0.8293780687397708	0.17062193126022918	466.0269414800084	1.0	1.0	0.009585367624344698	0.009585367624344698	0.05366492736853866	0.9477496182626349	3.048776000000373
468.0-470.0 kDa	468.0	470.0	1	0.5	1.0551309973969156	1.0551309973969156	0.05366492736853866	0.9477496182626349	0.8293780687397708	0.17062193126022918	469.0757174800088	1.0	1.0	0.009585367624344698	0.009585367624344698	0.05366492736853866	0.9477496182626349	3.048776000000373
470.0-472.0 kDa	470.0	472.0	0	0.0					0.4054828150572831	0.5945171849427169								
472.0-474.0 kDa	472.0	474.0	1	0.5	1.3366657629464151	1.3366657629464151	0.29017827655020084	0.7481301816212438	0.8334697217675942	0.16653027823240585	473.4737544800067	1.0	1.0	0.09257675409203059	0.09257675409203059	0.29017827655020084	0.7481301816212438	2.1816128000027675
474.0-476.0 kDa	474.0	476.0	1	0.5	1.3366657629464151	1.3366657629464151	0.29017827655020084	0.7481301816212438	0.8334697217675942	0.16653027823240585	475.65536728000944	1.0	1.0	0.09257675409203059	0.09257675409203059	0.29017827655020084	0.7481301816212438	2.1816128000027675
476.0-478.0 kDa	476.0	478.0	0	0.0					0.4054828150572831	0.5945171849427169								
478.0-480.0 kDa	478.0	480.0	0	0.0					0.4054828150572831	0.5945171849427169								
480.0-482.0 kDa	480.0	482.0	1	0.5	1.0	1.0	0.0	1.0	0.8187397708674304	0.18126022913256956	481.2886642800077	1.0	1.0	0.0	0.0	-0.0	1.0	5.633296999998265
482.0-484.0 kDa	482.0	484.0	0	0.0					0.4054828150572831	0.5945171849427169								
484.0-486.0 kDa	484.0	486.0	0	0.0					0.4054828150572831	0.5945171849427169								
486.0-488.0 kDa	486.0	488.0	0	0.0					0.4054828150572831	0.5945171849427169								
488.0-490.0 kDa	488.0	490.0	0	0.0					0.4054828150572831	0.5945171849427169								
490.0-492.0 kDa	490.0	492.0	0	0.0					0.4054828150572831	0.5945171849427169								
492.0-494.0 kDa	492.0	494.0	0	0.0					0.4054828150572831	0.5945171849427169								
494.0-496.0 kDa	494.0	496.0	1	0.5	1.2466600265798924	1.2466600265798924	0.22046799647133272	0.802143309867259	0.8322422258592471	0.16775777414075288	494.319693480008	1.0	1.0	0.053707047140493014	0.053707047140493014	0.22046799647133272	0.802143309867259	2.4654991999985896
496.0-498.0 kDa	496.0	498.0	2	1.0	3.0162021851658825	3.0162021851658825	1.103998081156372	0.3315430289942134	0.8666121112929623	0.13338788870703766	497.16939078000723	3.0	3.0	1.3458537823939474	1.3458537823939474	1.103998081156372	0.3315430289942134	0.721405600000196
498.0-500.0 kDa	498.0	500.0	1	0.5	2.7800946084803293	2.7800946084803293	1.0224849589509328	0.35969998896786665	0.8617021276595744	0.13829787234042556	498.228003880007	3.0	3.0	1.1502235986960185	1.1502235986960185	1.0224849589509328	0.35969998896786665	0.6744149999992146
500.0-502.0 kDa	500.0	502.0	0	0.0					0.4054828150572831	0.5945171849427169								
502.0-504.0 kDa	502.0	504.0	0	0.0					0.4054828150572831	0.5945171849427169								
504.0-506.0 kDa	504.0	506.0	2	1.0	1.858147977508664	1.858147977508664	0.6195802806587394	0.538170270669596	0.8420621931260229	0.15793780687397707	505.2607337800067	2.0	2.0	0.4505377168606688	0.4505377168606688	0.6195802806587394	0.538170270669596	1.2627853999924241
506.0-508.0 kDa	506.0	508.0	0	0.0					0.4054828150572831	0.5945171849427169								
508.0-510.0 kDa	508.0	510.0	0	0.0					0.4054828150572831	0.5945171849427169								
510.0-512.0 kDa	510.0	512.0	0	0.0					0.4054828150572831	0.5945171849427169								
512.0-514.0 kDa	512.0	514.0	0	0.0					0.4054828150572831	0.5945171849427169								
514.0-516.0 kDa	514.0	516.0	1	0.5	1.0	1.0	0.0	1.0	0.8187397708674304	0.18126022913256956	515.012073880011	1.0	1.0	0.0	0.0	-0.0	1.0	8.768773099998043
516.0-518.0 kDa	516.0	518.0	0	0.0					0.4054828150572831	0.5945171849427169								
518.0-520.0 kDa	518.0	520.0	0	0.0					0.4054828150572831	0.5945171849427169								
520.0-522.0 kDa	520.0	522.0	0	0.0					0.4054828150572831	0.5945171849427169								
522.0-524.0 kDa	522.0	524.0	1	0.5	1.8568101211476842	1.8568101211476842	0.6188600268182991	0.5385580294994867	0.8400163666121113	0.15998363338788868	523.7808469800091	2.0	2.0	0.448644491663885	0.448644491663885	0.6188600268182991	0.5385580294994867	1.2661156999998866
524.0-526.0 kDa	524.0	526.0	1	0.5	1.8568101211476842	1.8568101211476842	0.6188600268182991	0.5385580294994867	0.8400163666121113	0.15998363338788868	525.046962680009	2.0	2.0	0.448644491663885	0.448644491663885	0.6188600268182991	0.5385580294994867	1.2661156999998866
526.0-528.0 kDa	526.0	528.0	0	0.0					0.4054828150572831	0.5945171849427169								
528.0-530.0 kDa	528.0	530.0	1	0.5	3.9924775633882463	3.9924775633882463	1.3844119814013829	0.25047103812684735	0.8723404255319149	0.12765957446808507	529.9967816800133	4.0	4.0	2.8248442651007397	2.8248442651007397	1.3844119814013829	0.25047103812684735	0.1689058999985491
530.0-532.0 kDa	530.0	532.0	3	1.5	3.996866037948783	3.9981166822947385	1.3855104351242644	0.25019609046758223	0.8731587561374795	0.1268412438625205	530.3011585133453	4.0	4.0	2.9132111651568406	2.849257457787472	1.3858234208185973	0.2501177628027717	0.01856759999964197
532.0-534.0 kDa	532.0	534.0	0	0.0					0.4054828150572831	0.5945171849427169								
534.0-536.0 kDa	534.0	536.0	0	0.0					0.4054828150572831	0.5945171849427169								
536.0-538.0 kDa	536.0	538.0	0	0.0					0.4054828150572831	0.5945171849427169								
538.0-540.0 kDa	538.0	540.0	0	0.0					0.4054828150572831	0.5945171849427169								
540.0-542.0 kDa	540.0	542.0	1	0.5	1.0	1.0	0.0	1.0	0.8187397708674304	0.18126022913256956	541.54018778001	1.0	1.0	0.0	0.0	-0.0	1.0	8.764089799997805
542.0-544.0 kDa	542.0	544.0	0	0.0					0.4054828150572831	0.5945171849427169								
544.0-546.0 kDa	544.0	546.0	0	0.0					0.4054828150572831	0.5945171849427169								
546.0-548.0 kDa	546.0	548.0	0	0.0					0.4054828150572831	0.5945171849427169								
548.0-550.0 kDa	548.0	550.0	0	0.0					0.4054828150572831	0.5945171849427169								
550.0-552.0 kDa	550.0	552.0	1	0.5	1.0348067442803002	1.0348067442803002	0.03421468878076374	0.9663640148533165	0.8277414075286416	0.17225859247135844	550.3042775800078	1.0	1.0	0.005552467382153425	0.005552467382153425	0.03421468878076374	0.9663640148533165	3.2228909000015165
552.0-554.0 kDa	552.0	554.0	1	0.5	1.0348067442803002	1.0348067442803002	0.03421468878076374	0.9663640148533165	0.8277414075286416	0.17225859247135844	553.5271684800093	1.0	1.0	0.005552467382153425	0.005552467382153425	0.03421468878076374	0.9663640148533165	3.2228909000015165
554.0-556.0 kDa	554.0	556.0	0	0.0					0.4054828150572831	0.5945171849427169								
556.0-558.0 kDa	556.0	558.0	1	0.5	1.0	1.0	0.0	1.0	0.8187397708674304	0.18126022913256956	557.6280831800101	1.0	1.0	0.0	0.0	-0.0	1.0	4.1009147000007715
558.0-560.0 kDa	558.0	560.0	0	0.0					0.4054828150572831	0.5945171849427169								
560.0-562.0 kDa	560.0	562.0	0	0.0					0.4054828150572831	0.5945171849427169								
562.0-564.0 kDa	562.0	564.0	0	0.0					0.4054828150572831	0.5945171849427169								
564.0-566.0 kDa	564.0	566.0	2	1.0	1.9696308743355644	1.9696308743355644	0.6778461517595784	0.5077093444411711	0.8461538461538461	0.15384615384615385	565.210936030007	2.0	2.0	0.7028713664925412	0.7028713664925412	0.6778461517595784	0.5077093444411711	0.8397396999978355
566.0-568.0 kDa	566.0	568.0	0	0.0					0.4054828150572831	0.5945171849427169								
568.0-570.0 kDa	568.0	570.0	0	0.0					0.4054828150572831	0.5945171849427169								
570.0-572.0 kDa	570.0	572.0	0	0.0					0.4054828150572831	0.5945171849427169								
572.0-574.0 kDa	572.0	574.0	1	0.5	1.0	1.0	0.0	1.0	0.8187397708674304	0.18126022913256956	573.1995798800068	1.0	1.0	0.0	0.0	-0.0	1.0	7.002871699997172
574.0-576.0 kDa	574.0	576.0	0	0.0					0.4054828150572831	0.5945171849427169								
576.0-578.0 kDa	576.0	578.0	0	0.0					0.4054828150572831	0.5945171849427169								
578.0-580.0 kDa	578.0	580.0	0	0.0					0.4054828150572831	0.5945171849427169								
580.0-582.0 kDa	580.0	582.0	3	1.5	2.958391616145434	2.954266797236797	1.084643358520764	0.33802312396711437	0.8657937806873978	0.13420621931260224	580.7678004133413	3.0	3.0	1.6721863676712063	1.5951467952296907	1.0832504973080108	0.3384934633985414	0.07675550000237763
582.0-584.0 kDa	582.0	584.0	0	0.0					0.4054828150572831	0.5945171849427169								
584.0-586.0 kDa	584.0	586.0	0	0.0					0.4054828150572831	0.5945171849427169								
586.0-588.0 kDa	586.0	588.0	0	0.0					0.4054828150572831	0.5945171849427169								
588.0-590.0 kDa	588.0	590.0	0	0.0					0.4054828150572831	0.5945171849427169								
590.0-592.0 kDa	590.0	592.0	1	0.5	1.9481675518005201	1.9481675518005201	0.6668892137394308	0.5133028722687573	0.8453355155482815	0.15466448445171854	590.7020367800081	2.0	2.0	0.4111488348702508	0.4111488348702508	0.6668892137394308	0.5133028722687573	1.3764186000021255
592.0-594.0 kDa	592.0	594.0	2	1.0	2.322009552955521	2.322009552955521	0.8296752889795573	0.4417913440789056	0.8527004909983633	0.14729950900163669	592.7608722800095	2.5	2.5	0.5995817927409425	0.5995817927409425	0.8296752889795573	0.4417913440789056	1.3648337999984506
594.0-596.0 kDa	594.0	596.0	0	0.0					0.4054828150572831	0.5945171849427169								
596.0-598.0 kDa	596.0	598.0	0	0.0					0.4054828150572831	0.5945171849427169								
598.0-600.0 kDa	598.0	600.0	1	0.5	1.0	1.0	0.0	1.0	0.8187397708674304	0.18126022913256956	599.9997641800032	1.0	1.0	0.0	0.0	-0.0	1.0	6.556474999994521
600.0-602.0 kDa	600.0	602.0	0	0.0					0.4054828150572831	0.5945171849427169								
602.0-604.0 kDa	602.0	604.0	0	0.0					0.4054828150572831	0.5945171849427169								
604.0-606.0 kDa	604.0	606.0	0	0.0					0.4054828150572831	0.5945171849427169								
606.0-608.0 kDa	606.0	608.0	0	0.0					0.4054828150572831	0.5945171849427169								
608.0-610.0 kDa	608.0	610.0	0	0.0					0.4054828150572831	0.5945171849427169								
610.0-612.0 kDa	610.0	612.0	0	0.0					0.4054828150572831	0.5945171849427169								
612.0-614.0 kDa	612.0	614.0	0	0.0					0.4054828150572831	0.5945171849427169								
614.0-616.0 kDa	614.0	616.0	0	0.0					0.4054828150572831	0.5945171849427169								
616.0-618.0 kDa	616.0	618.0	0	0.0					0.4054828150572831	0.5945171849427169								
618.0-620.0 kDa	618.0	620.0	0	0.0					0.4054828150572831	0.5945171849427169								
620.0-622.0 kDa	620.0	622.0	0	0.0					0.4054828150572831	0.5945171849427169								
622.0-624.0 kDa	622.0	624.0	0	0.0					0.4054828150572831	0.5945171849427169								
624.0-626.0 kDa	624.0	626.0	0	0.0					0.4054828150572831	0.5945171849427169								
626.0-628.0 kDa	626.0	628.0	0	0.0					0.4054828150572831	0.5945171849427169								
628.0-630.0 kDa	628.0	630.0	0	0.0					0.4054828150572831	0.5945171849427169								
630.0-632.0 kDa	630.0	632.0	1	0.5	1.0	1.0	0.0	1.0	0.8187397708674304	0.18126022913256956	631.3282306799983	1.0	1.0	0.0	0.0	-0.0	1.0	31.328466499995102
632.0-634.0 kDa	632.0	634.0	0	0.0					0.4054828150572831	0.5945171849427169								
634.0-636.0 kDa	634.0	636.0	0	0.0					0.4054828150572831	0.5945171849427169								
636.0-638.0 kDa	636.0	638.0	0	0.0					0.4054828150572831	0.5945171849427169								
638.0-640.0 kDa	638.0	640.0	0	0.0					0.4054828150572831	0.5945171849427169								
640.0-642.0 kDa	640.0	642.0	0	0.0					0.4054828150572831	0.5945171849427169								
642.0-644.0 kDa	642.0	644.0	0	0.0					0.4054828150572831	0.5945171849427169								
644.0-646.0 kDa	644.0	646.0	0	0.0					0.4054828150572831	0.5945171849427169								
646.0-648.0 kDa	646.0	648.0	0	0.0					0.4054828150572831	0.5945171849427169								
648.0-650.0 kDa	648.0	650.0	0	0.0					0.4054828150572831	0.5945171849427169								
650.0-652.0 kDa	650.0	652.0	0	0.0					0.4054828150572831	0.5945171849427169								
652.0-654.0 kDa	652.0	654.0	0	0.0					0.4054828150572831	0.5945171849427169								
654.0-656.0 kDa	654.0	656.0	0	0.0					0.4054828150572831	0.5945171849427169								
656.0-658.0 kDa	656.0	658.0	0	0.0					0.4054828150572831	0.5945171849427169								
658.0-660.0 kDa	658.0	660.0	0	0.0					0.4054828150572831	0.5945171849427169								
660.0-662.0 kDa	660.0	662.0	0	0.0					0.4054828150572831	0.5945171849427169								
662.0-664.0 kDa	662.0	664.0	0	0.0					0.4054828150572831	0.5945171849427169								
664.0-666.0 kDa	664.0	666.0	0	0.0					0.4054828150572831	0.5945171849427169								
666.0-668.0 kDa	666.0	668.0	0	0.0					0.4054828150572831	0.5945171849427169								
668.0-670.0 kDa	668.0	670.0	0	0.0					0.4054828150572831	0.5945171849427169								
670.0-672.0 kDa	670.0	672.0	0	0.0					0.4054828150572831	0.5945171849427169								
672.0-674.0 kDa	672.0	674.0	0	0.0					0.4054828150572831	0.5945171849427169								
674.0-676.0 kDa	674.0	676.0	0	0.0					0.4054828150572831	0.5945171849427169								
676.0-678.0 kDa	676.0	678.0	0	0.0					0.4054828150572831	0.5945171849427169								
678.0-680.0 kDa	678.0	680.0	0	0.0					0.4054828150572831	0.5945171849427169								
680.0-682.0 kDa	680.0	682.0	0	0.0					0.4054828150572831	0.5945171849427169								
682.0-684.0 kDa	682.0	684.0	0	0.0					0.4054828150572831	0.5945171849427169								
684.0-686.0 kDa	684.0	686.0	0	0.0					0.4054828150572831	0.5945171849427169								
686.0-688.0 kDa	686.0	688.0	0	0.0					0.4054828150572831	0.5945171849427169								
688.0-690.0 kDa	688.0	690.0	0	0.0					0.4054828150572831	0.5945171849427169								
690.0-692.0 kDa	690.0	692.0	0	0.0					0.4054828150572831	0.5945171849427169								
692.0-694.0 kDa	692.0	694.0	0	0.0					0.4054828150572831	0.5945171849427169								
694.0-696.0 kDa	694.0	696.0	0	0.0					0.4054828150572831	0.5945171849427169								
696.0-698.0 kDa	696.0	698.0	0	0.0					0.4054828150572831	0.5945171849427169								
698.0-700.0 kDa	698.0	700.0	0	0.0					0.4054828150572831	0.5945171849427169								
700.0-702.0 kDa	700.0	702.0	0	0.0					0.4054828150572831	0.5945171849427169								
702.0-704.0 kDa	702.0	704.0	0	0.0					0.4054828150572831	0.5945171849427169								
704.0-706.0 kDa	704.0	706.0	0	0.0					0.4054828150572831	0.5945171849427169								
706.0-708.0 kDa	706.0	708.0	0	0.0					0.4054828150572831	0.5945171849427169								
708.0-710.0 kDa	708.0	710.0	0	0.0					0.4054828150572831	0.5945171849427169								
710.0-712.0 kDa	710.0	712.0	0	0.0					0.4054828150572831	0.5945171849427169								
712.0-714.0 kDa	712.0	714.0	0	0.0					0.4054828150572831	0.5945171849427169								
714.0-716.0 kDa	714.0	716.0	0	0.0					0.4054828150572831	0.5945171849427169								
716.0-718.0 kDa	716.0	718.0	0	0.0					0.4054828150572831	0.5945171849427169								
718.0-720.0 kDa	718.0	720.0	0	0.0					0.4054828150572831	0.5945171849427169								
720.0-722.0 kDa	720.0	722.0	0	0.0					0.4054828150572831	0.5945171849427169								
722.0-724.0 kDa	722.0	724.0	0	0.0					0.4054828150572831	0.5945171849427169								
724.0-726.0 kDa	724.0	726.0	0	0.0					0.4054828150572831	0.5945171849427169								
726.0-728.0 kDa	726.0	728.0	0	0.0					0.4054828150572831	0.5945171849427169								
728.0-730.0 kDa	728.0	730.0	0	0.0					0.4054828150572831	0.5945171849427169								
730.0-732.0 kDa	730.0	732.0	0	0.0					0.4054828150572831	0.5945171849427169								
732.0-734.0 kDa	732.0	734.0	0	0.0					0.4054828150572831	0.5945171849427169								
734.0-736.0 kDa	734.0	736.0	0	0.0					0.4054828150572831	0.5945171849427169								
736.0-738.0 kDa	736.0	738.0	0	0.0					0.4054828150572831	0.5945171849427169								
738.0-740.0 kDa	738.0	740.0	0	0.0					0.4054828150572831	0.5945171849427169								
740.0-742.0 kDa	740.0	742.0	0	0.0					0.4054828150572831	0.5945171849427169								
742.0-744.0 kDa	742.0	744.0	0	0.0					0.4054828150572831	0.5945171849427169								
744.0-746.0 kDa	744.0	746.0	0	0.0					0.4054828150572831	0.5945171849427169								
746.0-748.0 kDa	746.0	748.0	0	0.0					0.4054828150572831	0.5945171849427169								
748.0-750.0 kDa	748.0	750.0	0	0.0					0.4054828150572831	0.5945171849427169								
750.0-752.0 kDa	750.0	752.0	0	0.0					0.4054828150572831	0.5945171849427169								
752.0-754.0 kDa	752.0	754.0	0	0.0					0.4054828150572831	0.5945171849427169								
754.0-756.0 kDa	754.0	756.0	0	0.0					0.4054828150572831	0.5945171849427169								
756.0-758.0 kDa	756.0	758.0	0	0.0					0.4054828150572831	0.5945171849427169								
758.0-760.0 kDa	758.0	760.0	0	0.0					0.4054828150572831	0.5945171849427169								
760.0-762.0 kDa	760.0	762.0	0	0.0					0.4054828150572831	0.5945171849427169								
762.0-764.0 kDa	762.0	764.0	0	0.0					0.4054828150572831	0.5945171849427169								
764.0-766.0 kDa	764.0	766.0	0	0.0					0.4054828150572831	0.5945171849427169								
766.0-768.0 kDa	766.0	768.0	0	0.0					0.4054828150572831	0.5945171849427169								
768.0-770.0 kDa	768.0	770.0	0	0.0					0.4054828150572831	0.5945171849427169								
770.0-772.0 kDa	770.0	772.0	0	0.0					0.4054828150572831	0.5945171849427169								
772.0-774.0 kDa	772.0	774.0	0	0.0					0.4054828150572831	0.5945171849427169								
774.0-776.0 kDa	774.0	776.0	0	0.0					0.4054828150572831	0.5945171849427169								
776.0-778.0 kDa	776.0	778.0	0	0.0					0.4054828150572831	0.5945171849427169								
778.0-780.0 kDa	778.0	780.0	0	0.0					0.4054828150572831	0.5945171849427169								
780.0-782.0 kDa	780.0	782.0	0	0.0					0.4054828150572831	0.5945171849427169								
782.0-784.0 kDa	782.0	784.0	0	0.0					0.4054828150572831	0.5945171849427169								
784.0-786.0 kDa	784.0	786.0	0	0.0					0.4054828150572831	0.5945171849427169								
786.0-788.0 kDa	786.0	788.0	0	0.0					0.4054828150572831	0.5945171849427169								
788.0-790.0 kDa	788.0	790.0	0	0.0					0.4054828150572831	0.5945171849427169								
790.0-792.0 kDa	790.0	792.0	0	0.0					0.4054828150572831	0.5945171849427169								
792.0-794.0 kDa	792.0	794.0	0	0.0					0.4054828150572831	0.5945171849427169								
794.0-796.0 kDa	794.0	796.0	0	0.0					0.4054828150572831	0.5945171849427169								
796.0-798.0 kDa	796.0	798.0	0	0.0					0.4054828150572831	0.5945171849427169								
798.0-800.0 kDa	798.0	800.0	0	0.0					0.4054828150572831	0.5945171849427169								
800.0-802.0 kDa	800.0	802.0	0	0.0					0.4054828150572831	0.5945171849427169								
802.0-804.0 kDa	802.0	804.0	0	0.0					0.4054828150572831	0.5945171849427169								
804.0-806.0 kDa	804.0	806.0	0	0.0					0.4054828150572831	0.5945171849427169								
806.0-808.0 kDa	806.0	808.0	0	0.0					0.4054828150572831	0.5945171849427169								
808.0-810.0 kDa	808.0	810.0	0	0.0					0.4054828150572831	0.5945171849427169								
810.0-812.0 kDa	810.0	812.0	0	0.0					0.4054828150572831	0.5945171849427169								
812.0-814.0 kDa	812.0	814.0	0	0.0					0.4054828150572831	0.5945171849427169								
814.0-816.0 kDa	814.0	816.0	0	0.0					0.4054828150572831	0.5945171849427169								
816.0-818.0 kDa	816.0	818.0	0	0.0					0.4054828150572831	0.5945171849427169								
818.0-820.0 kDa	818.0	820.0	0	0.0					0.4054828150572831	0.5945171849427169								
820.0-822.0 kDa	820.0	822.0	0	0.0					0.4054828150572831	0.5945171849427169								
822.0-824.0 kDa	822.0	824.0	0	0.0					0.4054828150572831	0.5945171849427169								
824.0-826.0 kDa	824.0	826.0	0	0.0					0.4054828150572831	0.5945171849427169								
826.0-828.0 kDa	826.0	828.0	0	0.0					0.4054828150572831	0.5945171849427169								
828.0-830.0 kDa	828.0	830.0	0	0.0					0.4054828150572831	0.5945171849427169								
830.0-832.0 kDa	830.0	832.0	0	0.0					0.4054828150572831	0.5945171849427169								
832.0-834.0 kDa	832.0	834.0	0	0.0					0.4054828150572831	0.5945171849427169								
834.0-836.0 kDa	834.0	836.0	0	0.0					0.4054828150572831	0.5945171849427169								
836.0-838.0 kDa	836.0	838.0	0	0.0					0.4054828150572831	0.5945171849427169								
838.0-840.0 kDa	838.0	840.0	0	0.0					0.4054828150572831	0.5945171849427169								
840.0-842.0 kDa	840.0	842.0	0	0.0					0.4054828150572831	0.5945171849427169								
842.0-844.0 kDa	842.0	844.0	0	0.0					0.4054828150572831	0.5945171849427169								
844.0-846.0 kDa	844.0	846.0	0	0.0					0.4054828150572831	0.5945171849427169								
846.0-848.0 kDa	846.0	848.0	0	0.0					0.4054828150572831	0.5945171849427169								
848.0-850.0 kDa	848.0	850.0	0	0.0					0.4054828150572831	0.5945171849427169								
850.0-852.0 kDa	850.0	852.0	0	0.0					0.4054828150572831	0.5945171849427169								
852.0-854.0 kDa	852.0	854.0	0	0.0					0.4054828150572831	0.5945171849427169								
854.0-856.0 kDa	854.0	856.0	0	0.0					0.4054828150572831	0.5945171849427169								
856.0-858.0 kDa	856.0	858.0	0	0.0					0.4054828150572831	0.5945171849427169								
858.0-860.0 kDa	858.0	860.0	0	0.0					0.4054828150572831	0.5945171849427169								
860.0-862.0 kDa	860.0	862.0	0	0.0					0.4054828150572831	0.5945171849427169								
862.0-864.0 kDa	862.0	864.0	0	0.0					0.4054828150572831	0.5945171849427169								
864.0-866.0 kDa	864.0	866.0	0	0.0					0.4054828150572831	0.5945171849427169								
866.0-868.0 kDa	866.0	868.0	0	0.0					0.4054828150572831	0.5945171849427169								
868.0-870.0 kDa	868.0	870.0	0	0.0					0.4054828150572831	0.5945171849427169								
870.0-872.0 kDa	870.0	872.0	0	0.0					0.4054828150572831	0.5945171849427169								
872.0-874.0 kDa	872.0	874.0	0	0.0					0.4054828150572831	0.5945171849427169								
874.0-876.0 kDa	874.0	876.0	0	0.0					0.4054828150572831	0.5945171849427169								
876.0-878.0 kDa	876.0	878.0	0	0.0					0.4054828150572831	0.5945171849427169								
878.0-880.0 kDa	878.0	880.0	0	0.0					0.4054828150572831	0.5945171849427169								
880.0-882.0 kDa	880.0	882.0	0	0.0					0.4054828150572831	0.5945171849427169								
882.0-884.0 kDa	882.0	884.0	0	0.0					0.4054828150572831	0.5945171849427169								
884.0-886.0 kDa	884.0	886.0	0	0.0					0.4054828150572831	0.5945171849427169								
886.0-888.0 kDa	886.0	888.0	0	0.0					0.4054828150572831	0.5945171849427169								
888.0-890.0 kDa	888.0	890.0	0	0.0					0.4054828150572831	0.5945171849427169								
890.0-892.0 kDa	890.0	892.0	0	0.0					0.4054828150572831	0.5945171849427169								
892.0-894.0 kDa	892.0	894.0	0	0.0					0.4054828150572831	0.5945171849427169								
894.0-896.0 kDa	894.0	896.0	0	0.0					0.4054828150572831	0.5945171849427169								
896.0-898.0 kDa	896.0	898.0	0	0.0					0.4054828150572831	0.5945171849427169								
898.0-900.0 kDa	898.0	900.0	0	0.0					0.4054828150572831	0.5945171849427169								
900.0-902.0 kDa	900.0	902.0	0	0.0					0.4054828150572831	0.5945171849427169								
902.0-904.0 kDa	902.0	904.0	0	0.0					0.4054828150572831	0.5945171849427169								
904.0-906.0 kDa	904.0	906.0	0	0.0					0.4054828150572831	0.5945171849427169								
906.0-908.0 kDa	906.0	908.0	0	0.0					0.4054828150572831	0.5945171849427169								
908.0-910.0 kDa	908.0	910.0	0	0.0					0.4054828150572831	0.5945171849427169								
910.0-912.0 kDa	910.0	912.0	0	0.0					0.4054828150572831	0.5945171849427169								
912.0-914.0 kDa	912.0	914.0	0	0.0					0.4054828150572831	0.5945171849427169								
914.0-916.0 kDa	914.0	916.0	0	0.0					0.4054828150572831	0.5945171849427169								
916.0-918.0 kDa	916.0	918.0	0	0.0					0.4054828150572831	0.5945171849427169								
918.0-920.0 kDa	918.0	920.0	0	0.0					0.4054828150572831	0.5945171849427169								
920.0-922.0 kDa	920.0	922.0	0	0.0					0.4054828150572831	0.5945171849427169								
922.0-924.0 kDa	922.0	924.0	1	0.5	1.0	1.0	0.0	1.0	0.8187397708674304	0.18126022913256956	923.798260679994	1.0	1.0	0.0	0.0	-0.0	1.0	65.7509497999988
924.0-926.0 kDa	924.0	926.0	0	0.0					0.4054828150572831	0.5945171849427169								
926.0-928.0 kDa	926.0	928.0	0	0.0					0.4054828150572831	0.5945171849427169								
928.0-930.0 kDa	928.0	930.0	0	0.0					0.4054828150572831	0.5945171849427169								
930.0-932.0 kDa	930.0	932.0	0	0.0					0.4054828150572831	0.5945171849427169								
932.0-934.0 kDa	932.0	934.0	0	0.0					0.4054828150572831	0.5945171849427169								
934.0-936.0 kDa	934.0	936.0	0	0.0					0.4054828150572831	0.5945171849427169								
936.0-938.0 kDa	936.0	938.0	0	0.0					0.4054828150572831	0.5945171849427169								
938.0-940.0 kDa	938.0	940.0	0	0.0					0.4054828150572831	0.5945171849427169								
940.0-942.0 kDa	940.0	942.0	0	0.0					0.4054828150572831	0.5945171849427169								
942.0-944.0 kDa	942.0	944.0	0	0.0					0.4054828150572831	0.5945171849427169								
944.0-946.0 kDa	944.0	946.0	0	0.0					0.4054828150572831	0.5945171849427169								
946.0-948.0 kDa	946.0	948.0	0	0.0					0.4054828150572831	0.5945171849427169								
948.0-950.0 kDa	948.0	950.0	0	0.0					0.4054828150572831	0.5945171849427169								
950.0-952.0 kDa	950.0	952.0	0	0.0					0.4054828150572831	0.5945171849427169								
952.0-954.0 kDa	952.0	954.0	0	0.0					0.4054828150572831	0.5945171849427169								
954.0-956.0 kDa	954.0	956.0	0	0.0					0.4054828150572831	0.5945171849427169								
956.0-958.0 kDa	956.0	958.0	0	0.0					0.4054828150572831	0.5945171849427169								
958.0-960.0 kDa	958.0	960.0	0	0.0					0.4054828150572831	0.5945171849427169								
960.0-962.0 kDa	960.0	962.0	0	0.0					0.4054828150572831	0.5945171849427169								
962.0-964.0 kDa	962.0	964.0	0	0.0					0.4054828150572831	0.5945171849427169								
964.0-966.0 kDa	964.0	966.0	0	0.0					0.4054828150572831	0.5945171849427169								
966.0-968.0 kDa	966.0	968.0	0	0.0					0.4054828150572831	0.5945171849427169								
968.0-970.0 kDa	968.0	970.0	0	0.0					0.4054828150572831	0.5945171849427169								
970.0-972.0 kDa	970.0	972.0	0	0.0					0.4054828150572831	0.5945171849427169								
972.0-974.0 kDa	972.0	974.0	0	0.0					0.4054828150572831	0.5945171849427169								
974.0-976.0 kDa	974.0	976.0	0	0.0					0.4054828150572831	0.5945171849427169								
976.0-978.0 kDa	976.0	978.0	0	0.0					0.4054828150572831	0.5945171849427169								
978.0-980.0 kDa	978.0	980.0	0	0.0					0.4054828150572831	0.5945171849427169								
980.0-982.0 kDa	980.0	982.0	0	0.0					0.4054828150572831	0.5945171849427169								
982.0-984.0 kDa	982.0	984.0	0	0.0					0.4054828150572831	0.5945171849427169								
984.0-986.0 kDa	984.0	986.0	0	0.0					0.4054828150572831	0.5945171849427169								
986.0-988.0 kDa	986.0	988.0	0	0.0					0.4054828150572831	0.5945171849427169								
988.0-990.0 kDa	988.0	990.0	1	0.5	1.0	1.0	0.0	1.0	0.8187397708674304	0.18126022913256956	989.5492104799928	1.0	1.0	0.0	0.0	-0.0	1.0	10.528709700010268
990.0-992.0 kDa	990.0	992.0	0	0.0					0.4054828150572831	0.5945171849427169								
992.0-994.0 kDa	992.0	994.0	0	0.0					0.4054828150572831	0.5945171849427169								
994.0-996.0 kDa	994.0	996.0	0	0.0					0.4054828150572831	0.5945171849427169								
996.0-998.0 kDa	996.0	998.0	0	0.0					0.4054828150572831	0.5945171849427169								
998.0-1000.0 kDa	998.0	1000.0	0	0.0					0.4054828150572831	0.5945171849427169								
1000.0-1002.0 kDa	1000.0	1002.0	1	0.5	1.0	1.0	0.0	1.0	0.8187397708674304	0.18126022913256956	1000.077920180003	1.0	1.0	0.0	0.0	-0.0	1.0	10.528709700010268
1002.0-1004.0 kDa	1002.0	1004.0	0	0.0					0.4054828150572831	0.5945171849427169								
1004.0-1006.0 kDa	1004.0	1006.0	0	0.0					0.4054828150572831	0.5945171849427169								
1006.0-1008.0 kDa	1006.0	1008.0	0	0.0					0.4054828150572831	0.5945171849427169								
1008.0-1010.0 kDa	1008.0	1010.0	0	0.0					0.4054828150572831	0.5945171849427169								
1010.0-1012.0 kDa	1010.0	1012.0	0	0.0					0.4054828150572831	0.5945171849427169								
1012.0-1014.0 kDa	1012.0	1014.0	0	0.0					0.4054828150572831	0.5945171849427169								
1014.0-1016.0 kDa	1014.0	1016.0	0	0.0					0.4054828150572831	0.5945171849427169								
1016.0-1018.0 kDa	1016.0	1018.0	0	0.0					0.4054828150572831	0.5945171849427169								
1018.0-1020.0 kDa	1018.0	1020.0	0	0.0					0.4054828150572831	0.5945171849427169								
1020.0-1022.0 kDa	1020.0	1022.0	0	0.0					0.4054828150572831	0.5945171849427169								
1022.0-1024.0 kDa	1022.0	1024.0	0	0.0					0.4054828150572831	0.5945171849427169								
1024.0-1026.0 kDa	1024.0	1026.0	0	0.0					0.4054828150572831	0.5945171849427169								
1026.0-1028.0 kDa	1026.0	1028.0	0	0.0					0.4054828150572831	0.5945171849427169								
1028.0-1030.0 kDa	1028.0	1030.0	0	0.0					0.4054828150572831	0.5945171849427169								
1030.0-1032.0 kDa	1030.0	1032.0	0	0.0					0.4054828150572831	0.5945171849427169								
1032.0-1034.0 kDa	1032.0	1034.0	0	0.0					0.4054828150572831	0.5945171849427169								
1034.0-1036.0 kDa	1034.0	1036.0	0	0.0					0.4054828150572831	0.5945171849427169								
1036.0-1038.0 kDa	1036.0	1038.0	0	0.0					0.4054828150572831	0.5945171849427169								
1038.0-1040.0 kDa	1038.0	1040.0	0	0.0					0.4054828150572831	0.5945171849427169								
1040.0-1042.0 kDa	1040.0	1042.0	0	0.0					0.4054828150572831	0.5945171849427169								
1042.0-1044.0 kDa	1042.0	1044.0	0	0.0					0.4054828150572831	0.5945171849427169								
1044.0-1046.0 kDa	1044.0	1046.0	0	0.0					0.4054828150572831	0.5945171849427169								
1046.0-1048.0 kDa	1046.0	1048.0	0	0.0					0.4054828150572831	0.5945171849427169								
1048.0-1050.0 kDa	1048.0	1050.0	0	0.0					0.4054828150572831	0.5945171849427169								
1050.0-1052.0 kDa	1050.0	1052.0	0	0.0					0.4054828150572831	0.5945171849427169								
1052.0-1054.0 kDa	1052.0	1054.0	0	0.0					0.4054828150572831	0.5945171849427169								
1054.0-1056.0 kDa	1054.0	1056.0	0	0.0					0.4054828150572831	0.5945171849427169								
1056.0-1058.0 kDa	1056.0	1058.0	0	0.0					0.4054828150572831	0.5945171849427169								
1058.0-1060.0 kDa	1058.0	1060.0	0	0.0					0.4054828150572831	0.5945171849427169								
1060.0-1062.0 kDa	1060.0	1062.0	0	0.0					0.4054828150572831	0.5945171849427169								
1062.0-1064.0 kDa	1062.0	1064.0	0	0.0					0.4054828150572831	0.5945171849427169								
1064.0-1066.0 kDa	1064.0	1066.0	0	0.0					0.4054828150572831	0.5945171849427169								
1066.0-1068.0 kDa	1066.0	1068.0	0	0.0					0.4054828150572831	0.5945171849427169								
1068.0-1070.0 kDa	1068.0	1070.0	0	0.0					0.4054828150572831	0.5945171849427169								
1070.0-1072.0 kDa	1070.0	1072.0	0	0.0					0.4054828150572831	0.5945171849427169								
1072.0-1074.0 kDa	1072.0	1074.0	0	0.0					0.4054828150572831	0.5945171849427169								
1074.0-1076.0 kDa	1074.0	1076.0	0	0.0					0.4054828150572831	0.5945171849427169								
1076.0-1078.0 kDa	1076.0	1078.0	0	0.0					0.4054828150572831	0.5945171849427169								
1078.0-1080.0 kDa	1078.0	1080.0	0	0.0					0.4054828150572831	0.5945171849427169								
1080.0-1082.0 kDa	1080.0	1082.0	0	0.0					0.4054828150572831	0.5945171849427169								
1082.0-1084.0 kDa	1082.0	1084.0	0	0.0					0.4054828150572831	0.5945171849427169								
1084.0-1086.0 kDa	1084.0	1086.0	0	0.0					0.4054828150572831	0.5945171849427169								
1086.0-1088.0 kDa	1086.0	1088.0	0	0.0					0.4054828150572831	0.5945171849427169								
1088.0-1090.0 kDa	1088.0	1090.0	0	0.0					0.4054828150572831	0.5945171849427169								
1090.0-1092.0 kDa	1090.0	1092.0	0	0.0					0.4054828150572831	0.5945171849427169								
1092.0-1094.0 kDa	1092.0	1094.0	0	0.0					0.4054828150572831	0.5945171849427169								
1094.0-1096.0 kDa	1094.0	1096.0	0	0.0					0.4054828150572831	0.5945171849427169								
1096.0-1098.0 kDa	1096.0	1098.0	0	0.0					0.4054828150572831	0.5945171849427169								
1098.0-1100.0 kDa	1098.0	1100.0	0	0.0					0.4054828150572831	0.5945171849427169								
1100.0-1102.0 kDa	1100.0	1102.0	0	0.0					0.4054828150572831	0.5945171849427169								
1102.0-1104.0 kDa	1102.0	1104.0	0	0.0					0.4054828150572831	0.5945171849427169								
1104.0-1106.0 kDa	1104.0	1106.0	0	0.0					0.4054828150572831	0.5945171849427169								
1106.0-1108.0 kDa	1106.0	1108.0	0	0.0					0.4054828150572831	0.5945171849427169								
1108.0-1110.0 kDa	1108.0	1110.0	0	0.0					0.4054828150572831	0.5945171849427169								
1110.0-1112.0 kDa	1110.0	1112.0	0	0.0					0.4054828150572831	0.5945171849427169								
1112.0-1114.0 kDa	1112.0	1114.0	0	0.0					0.4054828150572831	0.5945171849427169								
1114.0-1116.0 kDa	1114.0	1116.0	0	0.0					0.4054828150572831	0.5945171849427169								
1116.0-1118.0 kDa	1116.0	1118.0	0	0.0					0.4054828150572831	0.5945171849427169								
1118.0-1120.0 kDa	1118.0	1120.0	0	0.0					0.4054828150572831	0.5945171849427169								
1120.0-1122.0 kDa	1120.0	1122.0	0	0.0					0.4054828150572831	0.5945171849427169								
1122.0-1124.0 kDa	1122.0	1124.0	0	0.0					0.4054828150572831	0.5945171849427169								
1124.0-1126.0 kDa	1124.0	1126.0	0	0.0					0.4054828150572831	0.5945171849427169								
1126.0-1128.0 kDa	1126.0	1128.0	0	0.0					0.4054828150572831	0.5945171849427169								
1128.0-1130.0 kDa	1128.0	1130.0	0	0.0					0.4054828150572831	0.5945171849427169								
1130.0-1132.0 kDa	1130.0	1132.0	0	0.0					0.4054828150572831	0.5945171849427169								
1132.0-1134.0 kDa	1132.0	1134.0	0	0.0					0.4054828150572831	0.5945171849427169								
1134.0-1136.0 kDa	1134.0	1136.0	0	0.0					0.4054828150572831	0.5945171849427169								
1136.0-1138.0 kDa	1136.0	1138.0	0	0.0					0.4054828150572831	0.5945171849427169								
1138.0-1140.0 kDa	1138.0	1140.0	0	0.0					0.4054828150572831	0.5945171849427169								
1140.0-1142.0 kDa	1140.0	1142.0	0	0.0					0.4054828150572831	0.5945171849427169								
1142.0-1144.0 kDa	1142.0	1144.0	0	0.0					0.4054828150572831	0.5945171849427169								
1144.0-1146.0 kDa	1144.0	1146.0	0	0.0					0.4054828150572831	0.5945171849427169								
1146.0-1148.0 kDa	1146.0	1148.0	0	0.0					0.4054828150572831	0.5945171849427169								
1148.0-1150.0 kDa	1148.0	1150.0	0	0.0					0.4054828150572831	0.5945171849427169								
1150.0-1152.0 kDa	1150.0	1152.0	0	0.0					0.4054828150572831	0.5945171849427169								
1152.0-1154.0 kDa	1152.0	1154.0	0	0.0					0.4054828150572831	0.5945171849427169								
1154.0-1156.0 kDa	1154.0	1156.0	0	0.0					0.4054828150572831	0.5945171849427169								
1156.0-1158.0 kDa	1156.0	1158.0	0	0.0					0.4054828150572831	0.5945171849427169								
1158.0-1160.0 kDa	1158.0	1160.0	0	0.0					0.4054828150572831	0.5945171849427169								
1160.0-1162.0 kDa	1160.0	1162.0	0	0.0					0.4054828150572831	0.5945171849427169								
1162.0-1164.0 kDa	1162.0	1164.0	0	0.0					0.4054828150572831	0.5945171849427169								
1164.0-1166.0 kDa	1164.0	1166.0	0	0.0					0.4054828150572831	0.5945171849427169								
1166.0-1168.0 kDa	1166.0	1168.0	0	0.0					0.4054828150572831	0.5945171849427169								
1168.0-1170.0 kDa	1168.0	1170.0	0	0.0					0.4054828150572831	0.5945171849427169								
1170.0-1172.0 kDa	1170.0	1172.0	0	0.0					0.4054828150572831	0.5945171849427169								
1172.0-1174.0 kDa	1172.0	1174.0	0	0.0					0.4054828150572831	0.5945171849427169								
1174.0-1176.0 kDa	1174.0	1176.0	0	0.0					0.4054828150572831	0.5945171849427169								
1176.0-1178.0 kDa	1176.0	1178.0	0	0.0					0.4054828150572831	0.5945171849427169								
1178.0-1180.0 kDa	1178.0	1180.0	0	0.0					0.4054828150572831	0.5945171849427169								
1180.0-1182.0 kDa	1180.0	1182.0	0	0.0					0.4054828150572831	0.5945171849427169								
1182.0-1184.0 kDa	1182.0	1184.0	0	0.0					0.4054828150572831	0.5945171849427169								
1184.0-1186.0 kDa	1184.0	1186.0	0	0.0					0.4054828150572831	0.5945171849427169								
1186.0-1188.0 kDa	1186.0	1188.0	0	0.0					0.4054828150572831	0.5945171849427169								
1188.0-1190.0 kDa	1188.0	1190.0	0	0.0					0.4054828150572831	0.5945171849427169								
1190.0-1192.0 kDa	1190.0	1192.0	0	0.0					0.4054828150572831	0.5945171849427169								
1192.0-1194.0 kDa	1192.0	1194.0	0	0.0					0.4054828150572831	0.5945171849427169								
1194.0-1196.0 kDa	1194.0	1196.0	0	0.0					0.4054828150572831	0.5945171849427169								
1196.0-1198.0 kDa	1196.0	1198.0	0	0.0					0.4054828150572831	0.5945171849427169								
1198.0-1200.0 kDa	1198.0	1200.0	0	0.0					0.4054828150572831	0.5945171849427169								
1200.0-1202.0 kDa	1200.0	1202.0	0	0.0					0.4054828150572831	0.5945171849427169								
1202.0-1204.0 kDa	1202.0	1204.0	0	0.0					0.4054828150572831	0.5945171849427169								
1204.0-1206.0 kDa	1204.0	1206.0	0	0.0					0.4054828150572831	0.5945171849427169								
1206.0-1208.0 kDa	1206.0	1208.0	0	0.0					0.4054828150572831	0.5945171849427169								
1208.0-1210.0 kDa	1208.0	1210.0	0	0.0					0.4054828150572831	0.5945171849427169								
1210.0-1212.0 kDa	1210.0	1212.0	0	0.0					0.4054828150572831	0.5945171849427169								
1212.0-1214.0 kDa	1212.0	1214.0	0	0.0					0.4054828150572831	0.5945171849427169								
1214.0-1216.0 kDa	1214.0	1216.0	0	0.0					0.4054828150572831	0.5945171849427169								
1216.0-1218.0 kDa	1216.0	1218.0	0	0.0					0.4054828150572831	0.5945171849427169								
1218.0-1220.0 kDa	1218.0	1220.0	0	0.0					0.4054828150572831	0.5945171849427169								
1220.0-1222.0 kDa	1220.0	1222.0	0	0.0					0.4054828150572831	0.5945171849427169								
1222.0-1224.0 kDa	1222.0	1224.0	0	0.0					0.4054828150572831	0.5945171849427169								
1224.0-1226.0 kDa	1224.0	1226.0	0	0.0					0.4054828150572831	0.5945171849427169								
1226.0-1228.0 kDa	1226.0	1228.0	0	0.0					0.4054828150572831	0.5945171849427169								
1228.0-1230.0 kDa	1228.0	1230.0	0	0.0					0.4054828150572831	0.5945171849427169								
1230.0-1232.0 kDa	1230.0	1232.0	0	0.0					0.4054828150572831	0.5945171849427169								
1232.0-1234.0 kDa	1232.0	1234.0	0	0.0					0.4054828150572831	0.5945171849427169								
1234.0-1236.0 kDa	1234.0	1236.0	0	0.0					0.4054828150572831	0.5945171849427169								
1236.0-1238.0 kDa	1236.0	1238.0	0	0.0					0.4054828150572831	0.5945171849427169								
1238.0-1240.0 kDa	1238.0	1240.0	0	0.0					0.4054828150572831	0.5945171849427169								
1240.0-1242.0 kDa	1240.0	1242.0	0	0.0					0.4054828150572831	0.5945171849427169								
1242.0-1244.0 kDa	1242.0	1244.0	0	0.0					0.4054828150572831	0.5945171849427169								
1244.0-1246.0 kDa	1244.0	1246.0	0	0.0					0.4054828150572831	0.5945171849427169								
1246.0-1248.0 kDa	1246.0	1248.0	0	0.0					0.4054828150572831	0.5945171849427169								
1248.0-1250.0 kDa	1248.0	1250.0	0	0.0					0.4054828150572831	0.5945171849427169								
1250.0-1252.0 kDa	1250.0	1252.0	0	0.0					0.4054828150572831	0.5945171849427169								
1252.0-1254.0 kDa	1252.0	1254.0	0	0.0					0.4054828150572831	0.5945171849427169								
1254.0-1256.0 kDa	1254.0	1256.0	0	0.0					0.4054828150572831	0.5945171849427169								
1256.0-1258.0 kDa	1256.0	1258.0	0	0.0					0.4054828150572831	0.5945171849427169								
1258.0-1260.0 kDa	1258.0	1260.0	0	0.0					0.4054828150572831	0.5945171849427169								
1260.0-1262.0 kDa	1260.0	1262.0	0	0.0					0.4054828150572831	0.5945171849427169								
1262.0-1264.0 kDa	1262.0	1264.0	0	0.0					0.4054828150572831	0.5945171849427169								
1264.0-1266.0 kDa	1264.0	1266.0	0	0.0					0.4054828150572831	0.5945171849427169								
1266.0-1268.0 kDa	1266.0	1268.0	0	0.0					0.4054828150572831	0.5945171849427169								
1268.0-1270.0 kDa	1268.0	1270.0	0	0.0					0.4054828150572831	0.5945171849427169								
1270.0-1272.0 kDa	1270.0	1272.0	0	0.0					0.4054828150572831	0.5945171849427169								
1272.0-1274.0 kDa	1272.0	1274.0	0	0.0					0.4054828150572831	0.5945171849427169								
1274.0-1276.0 kDa	1274.0	1276.0	0	0.0					0.4054828150572831	0.5945171849427169								
1276.0-1278.0 kDa	1276.0	1278.0	0	0.0					0.4054828150572831	0.5945171849427169								
1278.0-1280.0 kDa	1278.0	1280.0	0	0.0					0.4054828150572831	0.5945171849427169								
1280.0-1282.0 kDa	1280.0	1282.0	0	0.0					0.4054828150572831	0.5945171849427169								
1282.0-1284.0 kDa	1282.0	1284.0	0	0.0					0.4054828150572831	0.5945171849427169								
1284.0-1286.0 kDa	1284.0	1286.0	0	0.0					0.4054828150572831	0.5945171849427169								
1286.0-1288.0 kDa	1286.0	1288.0	0	0.0					0.4054828150572831	0.5945171849427169								
1288.0-1290.0 kDa	1288.0	1290.0	0	0.0					0.4054828150572831	0.5945171849427169								
1290.0-1292.0 kDa	1290.0	1292.0	0	0.0					0.4054828150572831	0.5945171849427169								
1292.0-1294.0 kDa	1292.0	1294.0	0	0.0					0.4054828150572831	0.5945171849427169								
1294.0-1296.0 kDa	1294.0	1296.0	0	0.0					0.4054828150572831	0.5945171849427169								
1296.0-1298.0 kDa	1296.0	1298.0	0	0.0					0.4054828150572831	0.5945171849427169								
1298.0-1300.0 kDa	1298.0	1300.0	0	0.0					0.4054828150572831	0.5945171849427169								
1300.0-1302.0 kDa	1300.0	1302.0	0	0.0					0.4054828150572831	0.5945171849427169								
1302.0-1304.0 kDa	1302.0	1304.0	0	0.0					0.4054828150572831	0.5945171849427169								
1304.0-1306.0 kDa	1304.0	1306.0	0	0.0					0.4054828150572831	0.5945171849427169								
1306.0-1308.0 kDa	1306.0	1308.0	0	0.0					0.4054828150572831	0.5945171849427169								
1308.0-1310.0 kDa	1308.0	1310.0	0	0.0					0.4054828150572831	0.5945171849427169								
1310.0-1312.0 kDa	1310.0	1312.0	0	0.0					0.4054828150572831	0.5945171849427169								
1312.0-1314.0 kDa	1312.0	1314.0	0	0.0					0.4054828150572831	0.5945171849427169								
1314.0-1316.0 kDa	1314.0	1316.0	0	0.0					0.4054828150572831	0.5945171849427169								
1316.0-1318.0 kDa	1316.0	1318.0	0	0.0					0.4054828150572831	0.5945171849427169								
1318.0-1320.0 kDa	1318.0	1320.0	0	0.0					0.4054828150572831	0.5945171849427169								
1320.0-1322.0 kDa	1320.0	1322.0	0	0.0					0.4054828150572831	0.5945171849427169								
1322.0-1324.0 kDa	1322.0	1324.0	0	0.0					0.4054828150572831	0.5945171849427169								
1324.0-1326.0 kDa	1324.0	1326.0	0	0.0					0.4054828150572831	0.5945171849427169								
1326.0-1328.0 kDa	1326.0	1328.0	0	0.0					0.4054828150572831	0.5945171849427169								
1328.0-1330.0 kDa	1328.0	1330.0	0	0.0					0.4054828150572831	0.5945171849427169								
1330.0-1332.0 kDa	1330.0	1332.0	0	0.0					0.4054828150572831	0.5945171849427169								
1332.0-1334.0 kDa	1332.0	1334.0	0	0.0					0.4054828150572831	0.5945171849427169								
1334.0-1336.0 kDa	1334.0	1336.0	0	0.0					0.4054828150572831	0.5945171849427169								
1336.0-1338.0 kDa	1336.0	1338.0	0	0.0					0.4054828150572831	0.5945171849427169								
1338.0-1340.0 kDa	1338.0	1340.0	0	0.0					0.4054828150572831	0.5945171849427169								
1340.0-1342.0 kDa	1340.0	1342.0	0	0.0					0.4054828150572831	0.5945171849427169								
1342.0-1344.0 kDa	1342.0	1344.0	0	0.0					0.4054828150572831	0.5945171849427169								
1344.0-1346.0 kDa	1344.0	1346.0	0	0.0					0.4054828150572831	0.5945171849427169								
1346.0-1348.0 kDa	1346.0	1348.0	0	0.0					0.4054828150572831	0.5945171849427169								
1348.0-1350.0 kDa	1348.0	1350.0	0	0.0					0.4054828150572831	0.5945171849427169								
1350.0-1352.0 kDa	1350.0	1352.0	0	0.0					0.4054828150572831	0.5945171849427169								
1352.0-1354.0 kDa	1352.0	1354.0	0	0.0					0.4054828150572831	0.5945171849427169								
1354.0-1356.0 kDa	1354.0	1356.0	0	0.0					0.4054828150572831	0.5945171849427169								
1356.0-1358.0 kDa	1356.0	1358.0	0	0.0					0.4054828150572831	0.5945171849427169								
1358.0-1360.0 kDa	1358.0	1360.0	0	0.0					0.4054828150572831	0.5945171849427169								
1360.0-1362.0 kDa	1360.0	1362.0	0	0.0					0.4054828150572831	0.5945171849427169								
1362.0-1364.0 kDa	1362.0	1364.0	0	0.0					0.4054828150572831	0.5945171849427169								
1364.0-1366.0 kDa	1364.0	1366.0	0	0.0					0.4054828150572831	0.5945171849427169								
1366.0-1368.0 kDa	1366.0	1368.0	0	0.0					0.4054828150572831	0.5945171849427169								
1368.0-1370.0 kDa	1368.0	1370.0	0	0.0					0.4054828150572831	0.5945171849427169								
1370.0-1372.0 kDa	1370.0	1372.0	0	0.0					0.4054828150572831	0.5945171849427169								
1372.0-1374.0 kDa	1372.0	1374.0	0	0.0					0.4054828150572831	0.5945171849427169								
1374.0-1376.0 kDa	1374.0	1376.0	0	0.0					0.4054828150572831	0.5945171849427169								
1376.0-1378.0 kDa	1376.0	1378.0	0	0.0					0.4054828150572831	0.5945171849427169								
1378.0-1380.0 kDa	1378.0	1380.0	0	0.0					0.4054828150572831	0.5945171849427169								
1380.0-1382.0 kDa	1380.0	1382.0	0	0.0					0.4054828150572831	0.5945171849427169								
1382.0-1384.0 kDa	1382.0	1384.0	0	0.0					0.4054828150572831	0.5945171849427169								
1384.0-1386.0 kDa	1384.0	1386.0	0	0.0					0.4054828150572831	0.5945171849427169								
1386.0-1388.0 kDa	1386.0	1388.0	0	0.0					0.4054828150572831	0.5945171849427169								
1388.0-1390.0 kDa	1388.0	1390.0	0	0.0					0.4054828150572831	0.5945171849427169								
1390.0-1392.0 kDa	1390.0	1392.0	0	0.0					0.4054828150572831	0.5945171849427169								
1392.0-1394.0 kDa	1392.0	1394.0	0	0.0					0.4054828150572831	0.5945171849427169								
1394.0-1396.0 kDa	1394.0	1396.0	0	0.0					0.4054828150572831	0.5945171849427169								
1396.0-1398.0 kDa	1396.0	1398.0	0	0.0					0.4054828150572831	0.5945171849427169								
1398.0-1400.0 kDa	1398.0	1400.0	0	0.0					0.4054828150572831	0.5945171849427169								
1400.0-1402.0 kDa	1400.0	1402.0	0	0.0					0.4054828150572831	0.5945171849427169								
1402.0-1404.0 kDa	1402.0	1404.0	0	0.0					0.4054828150572831	0.5945171849427169								
1404.0-1406.0 kDa	1404.0	1406.0	1	0.5	1.0	1.0	0.0	1.0	0.8187397708674304	0.18126022913256956	1405.14781118001	1.0	1.0	0.0	0.0	-0.0	1.0	83.20595049996405
1406.0-1408.0 kDa	1406.0	1408.0	0	0.0					0.4054828150572831	0.5945171849427169								
1408.0-1410.0 kDa	1408.0	1410.0	0	0.0					0.4054828150572831	0.5945171849427169								
1410.0-1412.0 kDa	1410.0	1412.0	0	0.0					0.4054828150572831	0.5945171849427169								
1412.0-1414.0 kDa	1412.0	1414.0	0	0.0					0.4054828150572831	0.5945171849427169								
1414.0-1416.0 kDa	1414.0	1416.0	0	0.0					0.4054828150572831	0.5945171849427169								
1416.0-1418.0 kDa	1416.0	1418.0	0	0.0					0.4054828150572831	0.5945171849427169								
1418.0-1420.0 kDa	1418.0	1420.0	0	0.0					0.4054828150572831	0.5945171849427169								
1420.0-1422.0 kDa	1420.0	1422.0	0	0.0					0.4054828150572831	0.5945171849427169								
1422.0-1424.0 kDa	1422.0	1424.0	0	0.0					0.4054828150572831	0.5945171849427169								
1424.0-1426.0 kDa	1424.0	1426.0	0	0.0					0.4054828150572831	0.5945171849427169								
1426.0-1428.0 kDa	1426.0	1428.0	0	0.0					0.4054828150572831	0.5945171849427169								
1428.0-1430.0 kDa	1428.0	1430.0	0	0.0					0.4054828150572831	0.5945171849427169								
1430.0-1432.0 kDa	1430.0	1432.0	0	0.0					0.4054828150572831	0.5945171849427169								
1432.0-1434.0 kDa	1432.0	1434.0	0	0.0					0.4054828150572831	0.5945171849427169								
1434.0-1436.0 kDa	1434.0	1436.0	0	0.0					0.4054828150572831	0.5945171849427169								
1436.0-1438.0 kDa	1436.0	1438.0	0	0.0					0.4054828150572831	0.5945171849427169								
1438.0-1440.0 kDa	1438.0	1440.0	0	0.0					0.4054828150572831	0.5945171849427169								
1440.0-1442.0 kDa	1440.0	1442.0	0	0.0					0.4054828150572831	0.5945171849427169								
1442.0-1444.0 kDa	1442.0	1444.0	0	0.0					0.4054828150572831	0.5945171849427169								
1444.0-1446.0 kDa	1444.0	1446.0	0	0.0					0.4054828150572831	0.5945171849427169								
1446.0-1448.0 kDa	1446.0	1448.0	0	0.0					0.4054828150572831	0.5945171849427169								
1448.0-1450.0 kDa	1448.0	1450.0	0	0.0					0.4054828150572831	0.5945171849427169								
1450.0-1452.0 kDa	1450.0	1452.0	0	0.0					0.4054828150572831	0.5945171849427169								
1452.0-1454.0 kDa	1452.0	1454.0	0	0.0					0.4054828150572831	0.5945171849427169								
1454.0-1456.0 kDa	1454.0	1456.0	0	0.0					0.4054828150572831	0.5945171849427169								
1456.0-1458.0 kDa	1456.0	1458.0	0	0.0					0.4054828150572831	0.5945171849427169								
1458.0-1460.0 kDa	1458.0	1460.0	0	0.0					0.4054828150572831	0.5945171849427169								
1460.0-1462.0 kDa	1460.0	1462.0	0	0.0					0.4054828150572831	0.5945171849427169								
1462.0-1464.0 kDa	1462.0	1464.0	0	0.0					0.4054828150572831	0.5945171849427169								
1464.0-1466.0 kDa	1464.0	1466.0	0	0.0					0.4054828150572831	0.5945171849427169								
1466.0-1468.0 kDa	1466.0	1468.0	0	0.0					0.4054828150572831	0.5945171849427169								
1468.0-1470.0 kDa	1468.0	1470.0	0	0.0					0.4054828150572831	0.5945171849427169								
1470.0-1472.0 kDa	1470.0	1472.0	0	0.0					0.4054828150572831	0.5945171849427169								
1472.0-1474.0 kDa	1472.0	1474.0	0	0.0					0.4054828150572831	0.5945171849427169								
1474.0-1476.0 kDa	1474.0	1476.0	0	0.0					0.4054828150572831	0.5945171849427169								
1476.0-1478.0 kDa	1476.0	1478.0	0	0.0					0.4054828150572831	0.5945171849427169								
1478.0-1480.0 kDa	1478.0	1480.0	0	0.0					0.4054828150572831	0.5945171849427169								
1480.0-1482.0 kDa	1480.0	1482.0	0	0.0					0.4054828150572831	0.5945171849427169								
1482.0-1484.0 kDa	1482.0	1484.0	0	0.0					0.4054828150572831	0.5945171849427169								
1484.0-1486.0 kDa	1484.0	1486.0	0	0.0					0.4054828150572831	0.5945171849427169								
1486.0-1488.0 kDa	1486.0	1488.0	0	0.0					0.4054828150572831	0.5945171849427169								
1488.0-1490.0 kDa	1488.0	1490.0	1	0.5	1.0	1.0	0.0	1.0	0.8187397708674304	0.18126022913256956	1488.353761679974	1.0	1.0	0.0	0.0	-0.0	1.0	83.20595049996405
1490.0-1492.0 kDa	1490.0	1492.0	0	0.0					0.4054828150572831	0.5945171849427169								
1492.0-1494.0 kDa	1492.0	1494.0	0	0.0					0.4054828150572831	0.5945171849427169								
1494.0-1496.0 kDa	1494.0	1496.0	0	0.0					0.4054828150572831	0.5945171849427169								
1496.0-1498.0 kDa	1496.0	1498.0	0	0.0					0.4054828150572831	0.5945171849427169								
1498.0-1500.0 kDa	1498.0	1500.0	0	0.0					0.4054828150572831	0.5945171849427169								
1500.0-1502.0 kDa	1500.0	1502.0	0	0.0					0.4054828150572831	0.5945171849427169								
1502.0-1504.0 kDa	1502.0	1504.0	0	0.0					0.4054828150572831	0.5945171849427169								
1504.0-1506.0 kDa	1504.0	1506.0	0	0.0					0.4054828150572831	0.5945171849427169								
1506.0-1508.0 kDa	1506.0	1508.0	0	0.0					0.4054828150572831	0.5945171849427169								
1508.0-1510.0 kDa	1508.0	1510.0	0	0.0					0.4054828150572831	0.5945171849427169								
1510.0-1512.0 kDa	1510.0	1512.0	0	0.0					0.4054828150572831	0.5945171849427169								
1512.0-1514.0 kDa	1512.0	1514.0	0	0.0					0.4054828150572831	0.5945171849427169								
1514.0-1516.0 kDa	1514.0	1516.0	0	0.0					0.4054828150572831	0.5945171849427169								
1516.0-1518.0 kDa	1516.0	1518.0	0	0.0					0.4054828150572831	0.5945171849427169								
1518.0-1520.0 kDa	1518.0	1520.0	0	0.0					0.4054828150572831	0.5945171849427169								
1520.0-1522.0 kDa	1520.0	1522.0	0	0.0					0.4054828150572831	0.5945171849427169								
1522.0-1524.0 kDa	1522.0	1524.0	0	0.0					0.4054828150572831	0.5945171849427169								
1524.0-1526.0 kDa	1524.0	1526.0	0	0.0					0.4054828150572831	0.5945171849427169								
1526.0-1528.0 kDa	1526.0	1528.0	0	0.0					0.4054828150572831	0.5945171849427169								
1528.0-1530.0 kDa	1528.0	1530.0	0	0.0					0.4054828150572831	0.5945171849427169								
1530.0-1532.0 kDa	1530.0	1532.0	0	0.0					0.4054828150572831	0.5945171849427169								
1532.0-1534.0 kDa	1532.0	1534.0	0	0.0					0.4054828150572831	0.5945171849427169								
1534.0-1536.0 kDa	1534.0	1536.0	0	0.0					0.4054828150572831	0.5945171849427169								
1536.0-1538.0 kDa	1536.0	1538.0	0	0.0					0.4054828150572831	0.5945171849427169								
1538.0-1540.0 kDa	1538.0	1540.0	0	0.0					0.4054828150572831	0.5945171849427169								
1540.0-1542.0 kDa	1540.0	1542.0	0	0.0					0.4054828150572831	0.5945171849427169								
1542.0-1544.0 kDa	1542.0	1544.0	0	0.0					0.4054828150572831	0.5945171849427169								
1544.0-1546.0 kDa	1544.0	1546.0	0	0.0					0.4054828150572831	0.5945171849427169								
1546.0-1548.0 kDa	1546.0	1548.0	0	0.0					0.4054828150572831	0.5945171849427169								
1548.0-1550.0 kDa	1548.0	1550.0	0	0.0					0.4054828150572831	0.5945171849427169								
1550.0-1552.0 kDa	1550.0	1552.0	0	0.0					0.4054828150572831	0.5945171849427169								
1552.0-1554.0 kDa	1552.0	1554.0	0	0.0					0.4054828150572831	0.5945171849427169								
1554.0-1556.0 kDa	1554.0	1556.0	0	0.0					0.4054828150572831	0.5945171849427169								
1556.0-1558.0 kDa	1556.0	1558.0	0	0.0					0.4054828150572831	0.5945171849427169								
1558.0-1560.0 kDa	1558.0	1560.0	0	0.0					0.4054828150572831	0.5945171849427169								
1560.0-1562.0 kDa	1560.0	1562.0	0	0.0					0.4054828150572831	0.5945171849427169								
1562.0-1564.0 kDa	1562.0	1564.0	0	0.0					0.4054828150572831	0.5945171849427169								
1564.0-1566.0 kDa	1564.0	1566.0	0	0.0					0.4054828150572831	0.5945171849427169								
1566.0-1568.0 kDa	1566.0	1568.0	0	0.0					0.4054828150572831	0.5945171849427169								
1568.0-1570.0 kDa	1568.0	1570.0	0	0.0					0.4054828150572831	0.5945171849427169								
1570.0-1572.0 kDa	1570.0	1572.0	0	0.0					0.4054828150572831	0.5945171849427169								
1572.0-1574.0 kDa	1572.0	1574.0	0	0.0					0.4054828150572831	0.5945171849427169								
1574.0-1576.0 kDa	1574.0	1576.0	0	0.0					0.4054828150572831	0.5945171849427169								
1576.0-1578.0 kDa	1576.0	1578.0	0	0.0					0.4054828150572831	0.5945171849427169								
1578.0-1580.0 kDa	1578.0	1580.0	0	0.0					0.4054828150572831	0.5945171849427169								
1580.0-1582.0 kDa	1580.0	1582.0	0	0.0					0.4054828150572831	0.5945171849427169								
1582.0-1584.0 kDa	1582.0	1584.0	0	0.0					0.4054828150572831	0.5945171849427169								
1584.0-1586.0 kDa	1584.0	1586.0	0	0.0					0.4054828150572831	0.5945171849427169								
1586.0-1588.0 kDa	1586.0	1588.0	0	0.0					0.4054828150572831	0.5945171849427169								
1588.0-1590.0 kDa	1588.0	1590.0	0	0.0					0.4054828150572831	0.5945171849427169								
1590.0-1592.0 kDa	1590.0	1592.0	0	0.0					0.4054828150572831	0.5945171849427169								
1592.0-1594.0 kDa	1592.0	1594.0	0	0.0					0.4054828150572831	0.5945171849427169								
1594.0-1596.0 kDa	1594.0	1596.0	0	0.0					0.4054828150572831	0.5945171849427169								
1596.0-1598.0 kDa	1596.0	1598.0	0	0.0					0.4054828150572831	0.5945171849427169								
1598.0-1600.0 kDa	1598.0	1600.0	0	0.0					0.4054828150572831	0.5945171849427169								
1600.0-1602.0 kDa	1600.0	1602.0	0	0.0					0.4054828150572831	0.5945171849427169								
1602.0-1604.0 kDa	1602.0	1604.0	0	0.0					0.4054828150572831	0.5945171849427169								
1604.0-1606.0 kDa	1604.0	1606.0	0	0.0					0.4054828150572831	0.5945171849427169								
1606.0-1608.0 kDa	1606.0	1608.0	0	0.0					0.4054828150572831	0.5945171849427169								
1608.0-1610.0 kDa	1608.0	1610.0	0	0.0					0.4054828150572831	0.5945171849427169								
1610.0-1612.0 kDa	1610.0	1612.0	0	0.0					0.4054828150572831	0.5945171849427169								
1612.0-1614.0 kDa	1612.0	1614.0	0	0.0					0.4054828150572831	0.5945171849427169								
1614.0-1616.0 kDa	1614.0	1616.0	0	0.0					0.4054828150572831	0.5945171849427169								
1616.0-1618.0 kDa	1616.0	1618.0	0	0.0					0.4054828150572831	0.5945171849427169								
1618.0-1620.0 kDa	1618.0	1620.0	0	0.0					0.4054828150572831	0.5945171849427169								
1620.0-1622.0 kDa	1620.0	1622.0	0	0.0					0.4054828150572831	0.5945171849427169								
1622.0-1624.0 kDa	1622.0	1624.0	0	0.0					0.4054828150572831	0.5945171849427169								
1624.0-1626.0 kDa	1624.0	1626.0	0	0.0					0.4054828150572831	0.5945171849427169								
1626.0-1628.0 kDa	1626.0	1628.0	0	0.0					0.4054828150572831	0.5945171849427169								
1628.0-1630.0 kDa	1628.0	1630.0	0	0.0					0.4054828150572831	0.5945171849427169								
1630.0-1632.0 kDa	1630.0	1632.0	0	0.0					0.4054828150572831	0.5945171849427169								
1632.0-1634.0 kDa	1632.0	1634.0	0	0.0					0.4054828150572831	0.5945171849427169								
1634.0-1636.0 kDa	1634.0	1636.0	0	0.0					0.4054828150572831	0.5945171849427169								
1636.0-1638.0 kDa	1636.0	1638.0	0	0.0					0.4054828150572831	0.5945171849427169								
1638.0-1640.0 kDa	1638.0	1640.0	0	0.0					0.4054828150572831	0.5945171849427169								
1640.0-1642.0 kDa	1640.0	1642.0	0	0.0					0.4054828150572831	0.5945171849427169								
1642.0-1644.0 kDa	1642.0	1644.0	0	0.0					0.4054828150572831	0.5945171849427169								
1644.0-1646.0 kDa	1644.0	1646.0	0	0.0					0.4054828150572831	0.5945171849427169								
1646.0-1648.0 kDa	1646.0	1648.0	0	0.0					0.4054828150572831	0.5945171849427169								
1648.0-1650.0 kDa	1648.0	1650.0	0	0.0					0.4054828150572831	0.5945171849427169								
1650.0-1652.0 kDa	1650.0	1652.0	0	0.0					0.4054828150572831	0.5945171849427169								
1652.0-1654.0 kDa	1652.0	1654.0	0	0.0					0.4054828150572831	0.5945171849427169								
1654.0-1656.0 kDa	1654.0	1656.0	0	0.0					0.4054828150572831	0.5945171849427169								
1656.0-1658.0 kDa	1656.0	1658.0	0	0.0					0.4054828150572831	0.5945171849427169								
1658.0-1660.0 kDa	1658.0	1660.0	0	0.0					0.4054828150572831	0.5945171849427169								
1660.0-1662.0 kDa	1660.0	1662.0	0	0.0					0.4054828150572831	0.5945171849427169								
1662.0-1664.0 kDa	1662.0	1664.0	0	0.0					0.4054828150572831	0.5945171849427169								
1664.0-1666.0 kDa	1664.0	1666.0	0	0.0					0.4054828150572831	0.5945171849427169								
1666.0-1668.0 kDa	1666.0	1668.0	0	0.0					0.4054828150572831	0.5945171849427169								
1668.0-1670.0 kDa	1668.0	1670.0	0	0.0					0.4054828150572831	0.5945171849427169								
1670.0-1672.0 kDa	1670.0	1672.0	0	0.0					0.4054828150572831	0.5945171849427169								
1672.0-1674.0 kDa	1672.0	1674.0	0	0.0					0.4054828150572831	0.5945171849427169								
1674.0-1676.0 kDa	1674.0	1676.0	0	0.0					0.4054828150572831	0.5945171849427169								
1676.0-1678.0 kDa	1676.0	1678.0	0	0.0					0.4054828150572831	0.5945171849427169								
1678.0-1680.0 kDa	1678.0	1680.0	0	0.0					0.4054828150572831	0.5945171849427169								
1680.0-1682.0 kDa	1680.0	1682.0	0	0.0					0.4054828150572831	0.5945171849427169								
1682.0-1684.0 kDa	1682.0	1684.0	0	0.0					0.4054828150572831	0.5945171849427169								
1684.0-1686.0 kDa	1684.0	1686.0	0	0.0					0.4054828150572831	0.5945171849427169								
1686.0-1688.0 kDa	1686.0	1688.0	0	0.0					0.4054828150572831	0.5945171849427169								
1688.0-1690.0 kDa	1688.0	1690.0	0	0.0					0.4054828150572831	0.5945171849427169								
1690.0-1692.0 kDa	1690.0	1692.0	0	0.0					0.4054828150572831	0.5945171849427169								
1692.0-1694.0 kDa	1692.0	1694.0	0	0.0					0.4054828150572831	0.5945171849427169								
1694.0-1696.0 kDa	1694.0	1696.0	0	0.0					0.4054828150572831	0.5945171849427169								
1696.0-1698.0 kDa	1696.0	1698.0	0	0.0					0.4054828150572831	0.5945171849427169								
1698.0-1700.0 kDa	1698.0	1700.0	0	0.0					0.4054828150572831	0.5945171849427169								
1700.0-1702.0 kDa	1700.0	1702.0	0	0.0					0.4054828150572831	0.5945171849427169								
1702.0-1704.0 kDa	1702.0	1704.0	0	0.0					0.4054828150572831	0.5945171849427169								
1704.0-1706.0 kDa	1704.0	1706.0	0	0.0					0.4054828150572831	0.5945171849427169								
1706.0-1708.0 kDa	1706.0	1708.0	0	0.0					0.4054828150572831	0.5945171849427169								
1708.0-1710.0 kDa	1708.0	1710.0	0	0.0					0.4054828150572831	0.5945171849427169								
1710.0-1712.0 kDa	1710.0	1712.0	0	0.0					0.4054828150572831	0.5945171849427169								
1712.0-1714.0 kDa	1712.0	1714.0	0	0.0					0.4054828150572831	0.5945171849427169								
1714.0-1716.0 kDa	1714.0	1716.0	0	0.0					0.4054828150572831	0.5945171849427169								
1716.0-1718.0 kDa	1716.0	1718.0	0	0.0					0.4054828150572831	0.5945171849427169								
1718.0-1720.0 kDa	1718.0	1720.0	0	0.0					0.4054828150572831	0.5945171849427169								
1720.0-1722.0 kDa	1720.0	1722.0	0	0.0					0.4054828150572831	0.5945171849427169								
1722.0-1724.0 kDa	1722.0	1724.0	0	0.0					0.4054828150572831	0.5945171849427169								
1724.0-1726.0 kDa	1724.0	1726.0	0	0.0					0.4054828150572831	0.5945171849427169								
1726.0-1728.0 kDa	1726.0	1728.0	0	0.0					0.4054828150572831	0.5945171849427169								
1728.0-1730.0 kDa	1728.0	1730.0	0	0.0					0.4054828150572831	0.5945171849427169								
1730.0-1732.0 kDa	1730.0	1732.0	0	0.0					0.4054828150572831	0.5945171849427169								
1732.0-1734.0 kDa	1732.0	1734.0	0	0.0					0.4054828150572831	0.5945171849427169								
1734.0-1736.0 kDa	1734.0	1736.0	0	0.0					0.4054828150572831	0.5945171849427169								
1736.0-1738.0 kDa	1736.0	1738.0	0	0.0					0.4054828150572831	0.5945171849427169								
1738.0-1740.0 kDa	1738.0	1740.0	0	0.0					0.4054828150572831	0.5945171849427169								
1740.0-1742.0 kDa	1740.0	1742.0	0	0.0					0.4054828150572831	0.5945171849427169								
1742.0-1744.0 kDa	1742.0	1744.0	0	0.0					0.4054828150572831	0.5945171849427169								
1744.0-1746.0 kDa	1744.0	1746.0	0	0.0					0.4054828150572831	0.5945171849427169								
1746.0-1748.0 kDa	1746.0	1748.0	0	0.0					0.4054828150572831	0.5945171849427169								
1748.0-1750.0 kDa	1748.0	1750.0	0	0.0					0.4054828150572831	0.5945171849427169								
1750.0-1752.0 kDa	1750.0	1752.0	0	0.0					0.4054828150572831	0.5945171849427169								
1752.0-1754.0 kDa	1752.0	1754.0	0	0.0					0.4054828150572831	0.5945171849427169								
1754.0-1756.0 kDa	1754.0	1756.0	0	0.0					0.4054828150572831	0.5945171849427169								
1756.0-1758.0 kDa	1756.0	1758.0	0	0.0					0.4054828150572831	0.5945171849427169								
1758.0-1760.0 kDa	1758.0	1760.0	0	0.0					0.4054828150572831	0.5945171849427169								
1760.0-1762.0 kDa	1760.0	1762.0	0	0.0					0.4054828150572831	0.5945171849427169								
1762.0-1764.0 kDa	1762.0	1764.0	0	0.0					0.4054828150572831	0.5945171849427169								
1764.0-1766.0 kDa	1764.0	1766.0	0	0.0					0.4054828150572831	0.5945171849427169								
1766.0-1768.0 kDa	1766.0	1768.0	0	0.0					0.4054828150572831	0.5945171849427169								
1768.0-1770.0 kDa	1768.0	1770.0	1	0.5	1.0	1.0	0.0	1.0	0.8187397708674304	0.18126022913256956	1769.756420080158	1.0	1.0	0.0	0.0	-0.0	1.0	281.402658400184
1770.0-1772.0 kDa	1770.0	1772.0	0	0.0					0.4054828150572831	0.5945171849427169								
1772.0-1774.0 kDa	1772.0	1774.0	0	0.0					0.4054828150572831	0.5945171849427169								
1774.0-1776.0 kDa	1774.0	1776.0	0	0.0					0.4054828150572831	0.5945171849427169								
1776.0-1778.0 kDa	1776.0	1778.0	0	0.0					0.4054828150572831	0.5945171849427169								
1778.0-1780.0 kDa	1778.0	1780.0	0	0.0					0.4054828150572831	0.5945171849427169								
1780.0-1782.0 kDa	1780.0	1782.0	0	0.0					0.4054828150572831	0.5945171849427169								
1782.0-1784.0 kDa	1782.0	1784.0	0	0.0					0.4054828150572831	0.5945171849427169								
1784.0-1786.0 kDa	1784.0	1786.0	0	0.0					0.4054828150572831	0.5945171849427169								
1786.0-1788.0 kDa	1786.0	1788.0	0	0.0					0.4054828150572831	0.5945171849427169								
1788.0-1790.0 kDa	1788.0	1790.0	0	0.0					0.4054828150572831	0.5945171849427169								
1790.0-1792.0 kDa	1790.0	1792.0	0	0.0					0.4054828150572831	0.5945171849427169								
1792.0-1794.0 kDa	1792.0	1794.0	0	0.0					0.4054828150572831	0.5945171849427169								
1794.0-1796.0 kDa	1794.0	1796.0	0	0.0					0.4054828150572831	0.5945171849427169								
1796.0-1798.0 kDa	1796.0	1798.0	0	0.0					0.4054828150572831	0.5945171849427169								
1798.0-1800.0 kDa	1798.0	1800.0	0	0.0					0.4054828150572831	0.5945171849427169								
1800.0-1802.0 kDa	1800.0	1802.0	0	0.0					0.4054828150572831	0.5945171849427169								
1802.0-1804.0 kDa	1802.0	1804.0	0	0.0					0.4054828150572831	0.5945171849427169								
1804.0-1806.0 kDa	1804.0	1806.0	0	0.0					0.4054828150572831	0.5945171849427169								
1806.0-1808.0 kDa	1806.0	1808.0	0	0.0					0.4054828150572831	0.5945171849427169								
1808.0-1810.0 kDa	1808.0	1810.0	0	0.0					0.4054828150572831	0.5945171849427169								
1810.0-1812.0 kDa	1810.0	1812.0	0	0.0					0.4054828150572831	0.5945171849427169								
1812.0-1814.0 kDa	1812.0	1814.0	0	0.0					0.4054828150572831	0.5945171849427169								
1814.0-1816.0 kDa	1814.0	1816.0	0	0.0					0.4054828150572831	0.5945171849427169								
1816.0-1818.0 kDa	1816.0	1818.0	0	0.0					0.4054828150572831	0.5945171849427169								
1818.0-1820.0 kDa	1818.0	1820.0	0	0.0					0.4054828150572831	0.5945171849427169								
1820.0-1822.0 kDa	1820.0	1822.0	0	0.0					0.4054828150572831	0.5945171849427169								
1822.0-1824.0 kDa	1822.0	1824.0	0	0.0					0.4054828150572831	0.5945171849427169								
1824.0-1826.0 kDa	1824.0	1826.0	0	0.0					0.4054828150572831	0.5945171849427169								
1826.0-1828.0 kDa	1826.0	1828.0	0	0.0					0.4054828150572831	0.5945171849427169								
1828.0-1830.0 kDa	1828.0	1830.0	0	0.0					0.4054828150572831	0.5945171849427169								
1830.0-1832.0 kDa	1830.0	1832.0	0	0.0					0.4054828150572831	0.5945171849427169								
1832.0-1834.0 kDa	1832.0	1834.0	0	0.0					0.4054828150572831	0.5945171849427169								
1834.0-1836.0 kDa	1834.0	1836.0	0	0.0					0.4054828150572831	0.5945171849427169								
1836.0-1838.0 kDa	1836.0	1838.0	0	0.0					0.4054828150572831	0.5945171849427169								
1838.0-1840.0 kDa	1838.0	1840.0	0	0.0					0.4054828150572831	0.5945171849427169								
1840.0-1842.0 kDa	1840.0	1842.0	0	0.0					0.4054828150572831	0.5945171849427169								
1842.0-1844.0 kDa	1842.0	1844.0	0	0.0					0.4054828150572831	0.5945171849427169								
1844.0-1846.0 kDa	1844.0	1846.0	0	0.0					0.4054828150572831	0.5945171849427169								
1846.0-1848.0 kDa	1846.0	1848.0	0	0.0					0.4054828150572831	0.5945171849427169								
1848.0-1850.0 kDa	1848.0	1850.0	0	0.0					0.4054828150572831	0.5945171849427169								
1850.0-1852.0 kDa	1850.0	1852.0	0	0.0					0.4054828150572831	0.5945171849427169								
1852.0-1854.0 kDa	1852.0	1854.0	0	0.0					0.4054828150572831	0.5945171849427169								
1854.0-1856.0 kDa	1854.0	1856.0	0	0.0					0.4054828150572831	0.5945171849427169								
1856.0-1858.0 kDa	1856.0	1858.0	0	0.0					0.4054828150572831	0.5945171849427169								
1858.0-1860.0 kDa	1858.0	1860.0	0	0.0					0.4054828150572831	0.5945171849427169								
1860.0-1862.0 kDa	1860.0	1862.0	0	0.0					0.4054828150572831	0.5945171849427169								
1862.0-1864.0 kDa	1862.0	1864.0	0	0.0					0.4054828150572831	0.5945171849427169								
1864.0-1866.0 kDa	1864.0	1866.0	0	0.0					0.4054828150572831	0.5945171849427169								
1866.0-1868.0 kDa	1866.0	1868.0	0	0.0					0.4054828150572831	0.5945171849427169								
1868.0-1870.0 kDa	1868.0	1870.0	0	0.0					0.4054828150572831	0.5945171849427169								
1870.0-1872.0 kDa	1870.0	1872.0	0	0.0					0.4054828150572831	0.5945171849427169								
1872.0-1874.0 kDa	1872.0	1874.0	0	0.0					0.4054828150572831	0.5945171849427169								
1874.0-1876.0 kDa	1874.0	1876.0	0	0.0					0.4054828150572831	0.5945171849427169								
1876.0-1878.0 kDa	1876.0	1878.0	0	0.0					0.4054828150572831	0.5945171849427169								
1878.0-1880.0 kDa	1878.0	1880.0	0	0.0					0.4054828150572831	0.5945171849427169								
1880.0-1882.0 kDa	1880.0	1882.0	0	0.0					0.4054828150572831	0.5945171849427169								
1882.0-1884.0 kDa	1882.0	1884.0	0	0.0					0.4054828150572831	0.5945171849427169								
1884.0-1886.0 kDa	1884.0	1886.0	0	0.0					0.4054828150572831	0.5945171849427169								
1886.0-1888.0 kDa	1886.0	1888.0	0	0.0					0.4054828150572831	0.5945171849427169								
1888.0-1890.0 kDa	1888.0	1890.0	0	0.0					0.4054828150572831	0.5945171849427169								
1890.0-1892.0 kDa	1890.0	1892.0	0	0.0					0.4054828150572831	0.5945171849427169								
1892.0-1894.0 kDa	1892.0	1894.0	0	0.0					0.4054828150572831	0.5945171849427169								
1894.0-1896.0 kDa	1894.0	1896.0	0	0.0					0.4054828150572831	0.5945171849427169								
1896.0-1898.0 kDa	1896.0	1898.0	0	0.0					0.4054828150572831	0.5945171849427169								
1898.0-1900.0 kDa	1898.0	1900.0	0	0.0					0.4054828150572831	0.5945171849427169								
1900.0-1902.0 kDa	1900.0	1902.0	0	0.0					0.4054828150572831	0.5945171849427169								
1902.0-1904.0 kDa	1902.0	1904.0	0	0.0					0.4054828150572831	0.5945171849427169								
1904.0-1906.0 kDa	1904.0	1906.0	0	0.0					0.4054828150572831	0.5945171849427169								
1906.0-1908.0 kDa	1906.0	1908.0	0	0.0					0.4054828150572831	0.5945171849427169								
1908.0-1910.0 kDa	1908.0	1910.0	0	0.0					0.4054828150572831	0.5945171849427169								
1910.0-1912.0 kDa	1910.0	1912.0	0	0.0					0.4054828150572831	0.5945171849427169								
1912.0-1914.0 kDa	1912.0	1914.0	0	0.0					0.4054828150572831	0.5945171849427169								
1914.0-1916.0 kDa	1914.0	1916.0	0	0.0					0.4054828150572831	0.5945171849427169								
1916.0-1918.0 kDa	1916.0	1918.0	0	0.0					0.4054828150572831	0.5945171849427169								
1918.0-1920.0 kDa	1918.0	1920.0	0	0.0					0.4054828150572831	0.5945171849427169								
1920.0-1922.0 kDa	1920.0	1922.0	0	0.0					0.4054828150572831	0.5945171849427169								
1922.0-1924.0 kDa	1922.0	1924.0	0	0.0					0.4054828150572831	0.5945171849427169								
1924.0-1926.0 kDa	1924.0	1926.0	0	0.0					0.4054828150572831	0.5945171849427169								
1926.0-1928.0 kDa	1926.0	1928.0	0	0.0					0.4054828150572831	0.5945171849427169								
1928.0-1930.0 kDa	1928.0	1930.0	0	0.0					0.4054828150572831	0.5945171849427169								
1930.0-1932.0 kDa	1930.0	1932.0	0	0.0					0.4054828150572831	0.5945171849427169								
1932.0-1934.0 kDa	1932.0	1934.0	0	0.0					0.4054828150572831	0.5945171849427169								
1934.0-1936.0 kDa	1934.0	1936.0	0	0.0					0.4054828150572831	0.5945171849427169								
1936.0-1938.0 kDa	1936.0	1938.0	0	0.0					0.4054828150572831	0.5945171849427169								
1938.0-1940.0 kDa	1938.0	1940.0	0	0.0					0.4054828150572831	0.5945171849427169								
1940.0-1942.0 kDa	1940.0	1942.0	0	0.0					0.4054828150572831	0.5945171849427169								
1942.0-1944.0 kDa	1942.0	1944.0	0	0.0					0.4054828150572831	0.5945171849427169								
1944.0-1946.0 kDa	1944.0	1946.0	0	0.0					0.4054828150572831	0.5945171849427169								
1946.0-1948.0 kDa	1946.0	1948.0	0	0.0					0.4054828150572831	0.5945171849427169								
1948.0-1950.0 kDa	1948.0	1950.0	0	0.0					0.4054828150572831	0.5945171849427169								
1950.0-1952.0 kDa	1950.0	1952.0	0	0.0					0.4054828150572831	0.5945171849427169								
1952.0-1954.0 kDa	1952.0	1954.0	0	0.0					0.4054828150572831	0.5945171849427169								
1954.0-1956.0 kDa	1954.0	1956.0	0	0.0					0.4054828150572831	0.5945171849427169								
1956.0-1958.0 kDa	1956.0	1958.0	0	0.0					0.4054828150572831	0.5945171849427169								
1958.0-1960.0 kDa	1958.0	1960.0	0	0.0					0.4054828150572831	0.5945171849427169								
1960.0-1962.0 kDa	1960.0	1962.0	0	0.0					0.4054828150572831	0.5945171849427169								
1962.0-1964.0 kDa	1962.0	1964.0	0	0.0					0.4054828150572831	0.5945171849427169								
1964.0-1966.0 kDa	1964.0	1966.0	0	0.0					0.4054828150572831	0.5945171849427169								
1966.0-1968.0 kDa	1966.0	1968.0	0	0.0					0.4054828150572831	0.5945171849427169								
1968.0-1970.0 kDa	1968.0	1970.0	0	0.0					0.4054828150572831	0.5945171849427169								
1970.0-1972.0 kDa	1970.0	1972.0	0	0.0					0.4054828150572831	0.5945171849427169								
1972.0-1974.0 kDa	1972.0	1974.0	0	0.0					0.4054828150572831	0.5945171849427169								
1974.0-1976.0 kDa	1974.0	1976.0	0	0.0					0.4054828150572831	0.5945171849427169								
1976.0-1978.0 kDa	1976.0	1978.0	0	0.0					0.4054828150572831	0.5945171849427169								
1978.0-1980.0 kDa	1978.0	1980.0	0	0.0					0.4054828150572831	0.5945171849427169								
1980.0-1982.0 kDa	1980.0	1982.0	0	0.0					0.4054828150572831	0.5945171849427169								
1982.0-1984.0 kDa	1982.0	1984.0	0	0.0					0.4054828150572831	0.5945171849427169								
1984.0-1986.0 kDa	1984.0	1986.0	0	0.0					0.4054828150572831	0.5945171849427169								
1986.0-1988.0 kDa	1986.0	1988.0	0	0.0					0.4054828150572831	0.5945171849427169								
1988.0-1990.0 kDa	1988.0	1990.0	0	0.0					0.4054828150572831	0.5945171849427169								
1990.0-1992.0 kDa	1990.0	1992.0	0	0.0					0.4054828150572831	0.5945171849427169								
1992.0-1994.0 kDa	1992.0	1994.0	0	0.0					0.4054828150572831	0.5945171849427169								
1994.0-1996.0 kDa	1994.0	1996.0	0	0.0					0.4054828150572831	0.5945171849427169								
1996.0-1998.0 kDa	1996.0	1998.0	0	0.0					0.4054828150572831	0.5945171849427169								
1998.0-2000.0 kDa	1998.0	2000.0	0	0.0					0.4054828150572831	0.5945171849427169								
2000.0-2002.0 kDa	2000.0	2002.0	0	0.0					0.4054828150572831	0.5945171849427169								
2002.0-2004.0 kDa	2002.0	2004.0	0	0.0					0.4054828150572831	0.5945171849427169								
2004.0-2006.0 kDa	2004.0	2006.0	0	0.0					0.4054828150572831	0.5945171849427169								
2006.0-2008.0 kDa	2006.0	2008.0	0	0.0					0.4054828150572831	0.5945171849427169								
2008.0-2010.0 kDa	2008.0	2010.0	0	0.0					0.4054828150572831	0.5945171849427169								
2010.0-2012.0 kDa	2010.0	2012.0	0	0.0					0.4054828150572831	0.5945171849427169								
2012.0-2014.0 kDa	2012.0	2014.0	0	0.0					0.4054828150572831	0.5945171849427169								
2014.0-2016.0 kDa	2014.0	2016.0	0	0.0					0.4054828150572831	0.5945171849427169								
2016.0-2018.0 kDa	2016.0	2018.0	0	0.0					0.4054828150572831	0.5945171849427169								
2018.0-2020.0 kDa	2018.0	2020.0	0	0.0					0.4054828150572831	0.5945171849427169								
2020.0-2022.0 kDa	2020.0	2022.0	0	0.0					0.4054828150572831	0.5945171849427169								
2022.0-2024.0 kDa	2022.0	2024.0	0	0.0					0.4054828150572831	0.5945171849427169								
2024.0-2026.0 kDa	2024.0	2026.0	0	0.0					0.4054828150572831	0.5945171849427169								
2026.0-2028.0 kDa	2026.0	2028.0	0	0.0					0.4054828150572831	0.5945171849427169								
2028.0-2030.0 kDa	2028.0	2030.0	0	0.0					0.4054828150572831	0.5945171849427169								
2030.0-2032.0 kDa	2030.0	2032.0	0	0.0					0.4054828150572831	0.5945171849427169								
2032.0-2034.0 kDa	2032.0	2034.0	0	0.0					0.4054828150572831	0.5945171849427169								
2034.0-2036.0 kDa	2034.0	2036.0	0	0.0					0.4054828150572831	0.5945171849427169								
2036.0-2038.0 kDa	2036.0	2038.0	0	0.0					0.4054828150572831	0.5945171849427169								
2038.0-2040.0 kDa	2038.0	2040.0	0	0.0					0.4054828150572831	0.5945171849427169								
2040.0-2042.0 kDa	2040.0	2042.0	0	0.0					0.4054828150572831	0.5945171849427169								
2042.0-2044.0 kDa	2042.0	2044.0	0	0.0					0.4054828150572831	0.5945171849427169								
2044.0-2046.0 kDa	2044.0	2046.0	0	0.0					0.4054828150572831	0.5945171849427169								
2046.0-2048.0 kDa	2046.0	2048.0	0	0.0					0.4054828150572831	0.5945171849427169								
2048.0-2050.0 kDa	2048.0	2050.0	0	0.0					0.4054828150572831	0.5945171849427169								
2050.0-2052.0 kDa	2050.0	2052.0	0	0.0					0.4054828150572831	0.5945171849427169								
2052.0-2054.0 kDa	2052.0	2054.0	0	0.0					0.4054828150572831	0.5945171849427169								
2054.0-2056.0 kDa	2054.0	2056.0	0	0.0					0.4054828150572831	0.5945171849427169								
2056.0-2058.0 kDa	2056.0	2058.0	0	0.0					0.4054828150572831	0.5945171849427169								
2058.0-2060.0 kDa	2058.0	2060.0	0	0.0					0.4054828150572831	0.5945171849427169								
2060.0-2062.0 kDa	2060.0	2062.0	0	0.0					0.4054828150572831	0.5945171849427169								
2062.0-2064.0 kDa	2062.0	2064.0	0	0.0					0.4054828150572831	0.5945171849427169								
2064.0-2066.0 kDa	2064.0	2066.0	1	0.5	1.0	1.0	0.0	1.0	0.8187397708674304	0.18126022913256956	2065.765573979894	1.0	1.0	0.0	0.0	-0.0	1.0	296.0091538997358
2066.0-2068.0 kDa	2066.0	2068.0	0	0.0					0.4054828150572831	0.5945171849427169								
2068.0-2070.0 kDa	2068.0	2070.0	0	0.0					0.4054828150572831	0.5945171849427169								
2070.0-2072.0 kDa	2070.0	2072.0	0	0.0					0.4054828150572831	0.5945171849427169								
2072.0-2074.0 kDa	2072.0	2074.0	0	0.0					0.4054828150572831	0.5945171849427169								
2074.0-2076.0 kDa	2074.0	2076.0	0	0.0					0.4054828150572831	0.5945171849427169								
2076.0-2078.0 kDa	2076.0	2078.0	0	0.0					0.4054828150572831	0.5945171849427169								
2078.0-2080.0 kDa	2078.0	2080.0	0	0.0					0.4054828150572831	0.5945171849427169								
2080.0-2082.0 kDa	2080.0	2082.0	0	0.0					0.4054828150572831	0.5945171849427169								
2082.0-2084.0 kDa	2082.0	2084.0	0	0.0					0.4054828150572831	0.5945171849427169								
2084.0-2086.0 kDa	2084.0	2086.0	0	0.0					0.4054828150572831	0.5945171849427169								
2086.0-2088.0 kDa	2086.0	2088.0	0	0.0					0.4054828150572831	0.5945171849427169								
2088.0-2090.0 kDa	2088.0	2090.0	0	0.0					0.4054828150572831	0.5945171849427169								
2090.0-2092.0 kDa	2090.0	2092.0	0	0.0					0.4054828150572831	0.5945171849427169								
2092.0-2094.0 kDa	2092.0	2094.0	0	0.0					0.4054828150572831	0.5945171849427169								
2094.0-2096.0 kDa	2094.0	2096.0	0	0.0					0.4054828150572831	0.5945171849427169								
2096.0-2098.0 kDa	2096.0	2098.0	0	0.0					0.4054828150572831	0.5945171849427169								
2098.0-2100.0 kDa	2098.0	2100.0	0	0.0					0.4054828150572831	0.5945171849427169								
2100.0-2102.0 kDa	2100.0	2102.0	0	0.0					0.4054828150572831	0.5945171849427169								
2102.0-2104.0 kDa	2102.0	2104.0	0	0.0					0.4054828150572831	0.5945171849427169								
2104.0-2106.0 kDa	2104.0	2106.0	0	0.0					0.4054828150572831	0.5945171849427169								
2106.0-2108.0 kDa	2106.0	2108.0	0	0.0					0.4054828150572831	0.5945171849427169								
2108.0-2110.0 kDa	2108.0	2110.0	0	0.0					0.4054828150572831	0.5945171849427169								
2110.0-2112.0 kDa	2110.0	2112.0	0	0.0					0.4054828150572831	0.5945171849427169								
2112.0-2114.0 kDa	2112.0	2114.0	0	0.0					0.4054828150572831	0.5945171849427169								
2114.0-2116.0 kDa	2114.0	2116.0	0	0.0					0.4054828150572831	0.5945171849427169								
2116.0-2118.0 kDa	2116.0	2118.0	0	0.0					0.4054828150572831	0.5945171849427169								
2118.0-2120.0 kDa	2118.0	2120.0	0	0.0					0.4054828150572831	0.5945171849427169								
2120.0-2122.0 kDa	2120.0	2122.0	0	0.0					0.4054828150572831	0.5945171849427169								
2122.0-2124.0 kDa	2122.0	2124.0	0	0.0					0.4054828150572831	0.5945171849427169								
2124.0-2126.0 kDa	2124.0	2126.0	0	0.0					0.4054828150572831	0.5945171849427169								
2126.0-2128.0 kDa	2126.0	2128.0	0	0.0					0.4054828150572831	0.5945171849427169								
2128.0-2130.0 kDa	2128.0	2130.0	0	0.0					0.4054828150572831	0.5945171849427169								
2130.0-2132.0 kDa	2130.0	2132.0	0	0.0					0.4054828150572831	0.5945171849427169								
2132.0-2134.0 kDa	2132.0	2134.0	0	0.0					0.4054828150572831	0.5945171849427169								
2134.0-2136.0 kDa	2134.0	2136.0	0	0.0					0.4054828150572831	0.5945171849427169								
2136.0-2138.0 kDa	2136.0	2138.0	0	0.0					0.4054828150572831	0.5945171849427169								
2138.0-2140.0 kDa	2138.0	2140.0	0	0.0					0.4054828150572831	0.5945171849427169								
2140.0-2142.0 kDa	2140.0	2142.0	0	0.0					0.4054828150572831	0.5945171849427169								
2142.0-2144.0 kDa	2142.0	2144.0	0	0.0					0.4054828150572831	0.5945171849427169								
2144.0-2146.0 kDa	2144.0	2146.0	0	0.0					0.4054828150572831	0.5945171849427169								
2146.0-2148.0 kDa	2146.0	2148.0	0	0.0					0.4054828150572831	0.5945171849427169								
2148.0-2150.0 kDa	2148.0	2150.0	0	0.0					0.4054828150572831	0.5945171849427169								
2150.0-2152.0 kDa	2150.0	2152.0	0	0.0					0.4054828150572831	0.5945171849427169								
2152.0-2154.0 kDa	2152.0	2154.0	0	0.0					0.4054828150572831	0.5945171849427169								
2154.0-2156.0 kDa	2154.0	2156.0	0	0.0					0.4054828150572831	0.5945171849427169								
2156.0-2158.0 kDa	2156.0	2158.0	0	0.0					0.4054828150572831	0.5945171849427169								
2158.0-2160.0 kDa	2158.0	2160.0	0	0.0					0.4054828150572831	0.5945171849427169								
2160.0-2162.0 kDa	2160.0	2162.0	0	0.0					0.4054828150572831	0.5945171849427169								
2162.0-2164.0 kDa	2162.0	2164.0	0	0.0					0.4054828150572831	0.5945171849427169								
2164.0-2166.0 kDa	2164.0	2166.0	0	0.0					0.4054828150572831	0.5945171849427169								
2166.0-2168.0 kDa	2166.0	2168.0	0	0.0					0.4054828150572831	0.5945171849427169								
2168.0-2170.0 kDa	2168.0	2170.0	0	0.0					0.4054828150572831	0.5945171849427169								
2170.0-2172.0 kDa	2170.0	2172.0	0	0.0					0.4054828150572831	0.5945171849427169								
2172.0-2174.0 kDa	2172.0	2174.0	0	0.0					0.4054828150572831	0.5945171849427169								
2174.0-2176.0 kDa	2174.0	2176.0	0	0.0					0.4054828150572831	0.5945171849427169								
2176.0-2178.0 kDa	2176.0	2178.0	0	0.0					0.4054828150572831	0.5945171849427169								
2178.0-2180.0 kDa	2178.0	2180.0	0	0.0					0.4054828150572831	0.5945171849427169								
2180.0-2182.0 kDa	2180.0	2182.0	0	0.0					0.4054828150572831	0.5945171849427169								
2182.0-2184.0 kDa	2182.0	2184.0	0	0.0					0.4054828150572831	0.5945171849427169								
2184.0-2186.0 kDa	2184.0	2186.0	0	0.0					0.4054828150572831	0.5945171849427169								
2186.0-2188.0 kDa	2186.0	2188.0	0	0.0					0.4054828150572831	0.5945171849427169								
2188.0-2190.0 kDa	2188.0	2190.0	0	0.0					0.4054828150572831	0.5945171849427169								
2190.0-2192.0 kDa	2190.0	2192.0	0	0.0					0.4054828150572831	0.5945171849427169								
2192.0-2194.0 kDa	2192.0	2194.0	0	0.0					0.4054828150572831	0.5945171849427169								
2194.0-2196.0 kDa	2194.0	2196.0	0	0.0					0.4054828150572831	0.5945171849427169								
2196.0-2198.0 kDa	2196.0	2198.0	0	0.0					0.4054828150572831	0.5945171849427169								
2198.0-2200.0 kDa	2198.0	2200.0	0	0.0					0.4054828150572831	0.5945171849427169								
2200.0-2202.0 kDa	2200.0	2202.0	0	0.0					0.4054828150572831	0.5945171849427169								
2202.0-2204.0 kDa	2202.0	2204.0	0	0.0					0.4054828150572831	0.5945171849427169								
2204.0-2206.0 kDa	2204.0	2206.0	0	0.0					0.4054828150572831	0.5945171849427169								
2206.0-2208.0 kDa	2206.0	2208.0	0	0.0					0.4054828150572831	0.5945171849427169								
2208.0-2210.0 kDa	2208.0	2210.0	0	0.0					0.4054828150572831	0.5945171849427169								
2210.0-2212.0 kDa	2210.0	2212.0	0	0.0					0.4054828150572831	0.5945171849427169								
2212.0-2214.0 kDa	2212.0	2214.0	0	0.0					0.4054828150572831	0.5945171849427169								
2214.0-2216.0 kDa	2214.0	2216.0	0	0.0					0.4054828150572831	0.5945171849427169								
2216.0-2218.0 kDa	2216.0	2218.0	0	0.0					0.4054828150572831	0.5945171849427169								
2218.0-2220.0 kDa	2218.0	2220.0	0	0.0					0.4054828150572831	0.5945171849427169								
2220.0-2222.0 kDa	2220.0	2222.0	0	0.0					0.4054828150572831	0.5945171849427169								
2222.0-2224.0 kDa	2222.0	2224.0	0	0.0					0.4054828150572831	0.5945171849427169								
2224.0-2226.0 kDa	2224.0	2226.0	0	0.0					0.4054828150572831	0.5945171849427169								
2226.0-2228.0 kDa	2226.0	2228.0	0	0.0					0.4054828150572831	0.5945171849427169								
2228.0-2230.0 kDa	2228.0	2230.0	0	0.0					0.4054828150572831	0.5945171849427169								
2230.0-2232.0 kDa	2230.0	2232.0	0	0.0					0.4054828150572831	0.5945171849427169								
2232.0-2234.0 kDa	2232.0	2234.0	0	0.0					0.4054828150572831	0.5945171849427169								
2234.0-2236.0 kDa	2234.0	2236.0	0	0.0					0.4054828150572831	0.5945171849427169								
2236.0-2238.0 kDa	2236.0	2238.0	0	0.0					0.4054828150572831	0.5945171849427169								
2238.0-2240.0 kDa	2238.0	2240.0	0	0.0					0.4054828150572831	0.5945171849427169								
2240.0-2242.0 kDa	2240.0	2242.0	0	0.0					0.4054828150572831	0.5945171849427169								
2242.0-2244.0 kDa	2242.0	2244.0	0	0.0					0.4054828150572831	0.5945171849427169								
2244.0-2246.0 kDa	2244.0	2246.0	0	0.0					0.4054828150572831	0.5945171849427169								
2246.0-2248.0 kDa	2246.0	2248.0	0	0.0					0.4054828150572831	0.5945171849427169								
2248.0-2250.0 kDa	2248.0	2250.0	0	0.0					0.4054828150572831	0.5945171849427169								
2250.0-2252.0 kDa	2250.0	2252.0	0	0.0					0.4054828150572831	0.5945171849427169								
2252.0-2254.0 kDa	2252.0	2254.0	0	0.0					0.4054828150572831	0.5945171849427169								
2254.0-2256.0 kDa	2254.0	2256.0	0	0.0					0.4054828150572831	0.5945171849427169								
2256.0-2258.0 kDa	2256.0	2258.0	0	0.0					0.4054828150572831	0.5945171849427169								
2258.0-2260.0 kDa	2258.0	2260.0	0	0.0					0.4054828150572831	0.5945171849427169								
2260.0-2262.0 kDa	2260.0	2262.0	0	0.0					0.4054828150572831	0.5945171849427169								
2262.0-2264.0 kDa	2262.0	2264.0	0	0.0					0.4054828150572831	0.5945171849427169								
2264.0-2266.0 kDa	2264.0	2266.0	0	0.0					0.4054828150572831	0.5945171849427169								
2266.0-2268.0 kDa	2266.0	2268.0	0	0.0					0.4054828150572831	0.5945171849427169								
2268.0-2270.0 kDa	2268.0	2270.0	0	0.0					0.4054828150572831	0.5945171849427169								
2270.0-2272.0 kDa	2270.0	2272.0	0	0.0					0.4054828150572831	0.5945171849427169								
2272.0-2274.0 kDa	2272.0	2274.0	0	0.0					0.4054828150572831	0.5945171849427169								
2274.0-2276.0 kDa	2274.0	2276.0	0	0.0					0.4054828150572831	0.5945171849427169								
2276.0-2278.0 kDa	2276.0	2278.0	0	0.0					0.4054828150572831	0.5945171849427169								
2278.0-2280.0 kDa	2278.0	2280.0	0	0.0					0.4054828150572831	0.5945171849427169								
2280.0-2282.0 kDa	2280.0	2282.0	0	0.0					0.4054828150572831	0.5945171849427169								
2282.0-2284.0 kDa	2282.0	2284.0	0	0.0					0.4054828150572831	0.5945171849427169								
2284.0-2286.0 kDa	2284.0	2286.0	0	0.0					0.4054828150572831	0.5945171849427169								
2286.0-2288.0 kDa	2286.0	2288.0	0	0.0					0.4054828150572831	0.5945171849427169								
2288.0-2290.0 kDa	2288.0	2290.0	0	0.0					0.4054828150572831	0.5945171849427169								
2290.0-2292.0 kDa	2290.0	2292.0	0	0.0					0.4054828150572831	0.5945171849427169								
2292.0-2294.0 kDa	2292.0	2294.0	0	0.0					0.4054828150572831	0.5945171849427169								
2294.0-2296.0 kDa	2294.0	2296.0	0	0.0					0.4054828150572831	0.5945171849427169								
2296.0-2298.0 kDa	2296.0	2298.0	0	0.0					0.4054828150572831	0.5945171849427169								
2298.0-2300.0 kDa	2298.0	2300.0	0	0.0					0.4054828150572831	0.5945171849427169								
2300.0-2302.0 kDa	2300.0	2302.0	0	0.0					0.4054828150572831	0.5945171849427169								
2302.0-2304.0 kDa	2302.0	2304.0	0	0.0					0.4054828150572831	0.5945171849427169								
2304.0-2306.0 kDa	2304.0	2306.0	0	0.0					0.4054828150572831	0.5945171849427169								
2306.0-2308.0 kDa	2306.0	2308.0	0	0.0					0.4054828150572831	0.5945171849427169								
2308.0-2310.0 kDa	2308.0	2310.0	0	0.0					0.4054828150572831	0.5945171849427169								
2310.0-2312.0 kDa	2310.0	2312.0	0	0.0					0.4054828150572831	0.5945171849427169								
2312.0-2314.0 kDa	2312.0	2314.0	0	0.0					0.4054828150572831	0.5945171849427169								
2314.0-2316.0 kDa	2314.0	2316.0	0	0.0					0.4054828150572831	0.5945171849427169								
2316.0-2318.0 kDa	2316.0	2318.0	0	0.0					0.4054828150572831	0.5945171849427169								
2318.0-2320.0 kDa	2318.0	2320.0	0	0.0					0.4054828150572831	0.5945171849427169								
2320.0-2322.0 kDa	2320.0	2322.0	0	0.0					0.4054828150572831	0.5945171849427169								
2322.0-2324.0 kDa	2322.0	2324.0	0	0.0					0.4054828150572831	0.5945171849427169								
2324.0-2326.0 kDa	2324.0	2326.0	0	0.0					0.4054828150572831	0.5945171849427169								
2326.0-2328.0 kDa	2326.0	2328.0	0	0.0					0.4054828150572831	0.5945171849427169								
2328.0-2330.0 kDa	2328.0	2330.0	0	0.0					0.4054828150572831	0.5945171849427169								
2330.0-2332.0 kDa	2330.0	2332.0	0	0.0					0.4054828150572831	0.5945171849427169								
2332.0-2334.0 kDa	2332.0	2334.0	0	0.0					0.4054828150572831	0.5945171849427169								
2334.0-2336.0 kDa	2334.0	2336.0	0	0.0					0.4054828150572831	0.5945171849427169								
2336.0-2338.0 kDa	2336.0	2338.0	0	0.0					0.4054828150572831	0.5945171849427169								
2338.0-2340.0 kDa	2338.0	2340.0	0	0.0					0.4054828150572831	0.5945171849427169								
2340.0-2342.0 kDa	2340.0	2342.0	0	0.0					0.4054828150572831	0.5945171849427169								
2342.0-2344.0 kDa	2342.0	2344.0	0	0.0					0.4054828150572831	0.5945171849427169								
2344.0-2346.0 kDa	2344.0	2346.0	0	0.0					0.4054828150572831	0.5945171849427169								
2346.0-2348.0 kDa	2346.0	2348.0	0	0.0					0.4054828150572831	0.5945171849427169								
2348.0-2350.0 kDa	2348.0	2350.0	0	0.0					0.4054828150572831	0.5945171849427169								
2350.0-2352.0 kDa	2350.0	2352.0	0	0.0					0.4054828150572831	0.5945171849427169								
2352.0-2354.0 kDa	2352.0	2354.0	0	0.0					0.4054828150572831	0.5945171849427169								
2354.0-2356.0 kDa	2354.0	2356.0	0	0.0					0.4054828150572831	0.5945171849427169								
2356.0-2358.0 kDa	2356.0	2358.0	0	0.0					0.4054828150572831	0.5945171849427169								
2358.0-2360.0 kDa	2358.0	2360.0	0	0.0					0.4054828150572831	0.5945171849427169								
2360.0-2362.0 kDa	2360.0	2362.0	0	0.0					0.4054828150572831	0.5945171849427169								
2362.0-2364.0 kDa	2362.0	2364.0	0	0.0					0.4054828150572831	0.5945171849427169								
2364.0-2366.0 kDa	2364.0	2366.0	0	0.0					0.4054828150572831	0.5945171849427169								
2366.0-2368.0 kDa	2366.0	2368.0	0	0.0					0.4054828150572831	0.5945171849427169								
2368.0-2370.0 kDa	2368.0	2370.0	0	0.0					0.4054828150572831	0.5945171849427169								
2370.0-2372.0 kDa	2370.0	2372.0	0	0.0					0.4054828150572831	0.5945171849427169								
2372.0-2374.0 kDa	2372.0	2374.0	0	0.0					0.4054828150572831	0.5945171849427169								
2374.0-2376.0 kDa	2374.0	2376.0	0	0.0					0.4054828150572831	0.5945171849427169								
2376.0-2378.0 kDa	2376.0	2378.0	0	0.0					0.4054828150572831	0.5945171849427169								
2378.0-2380.0 kDa	2378.0	2380.0	0	0.0					0.4054828150572831	0.5945171849427169								
2380.0-2382.0 kDa	2380.0	2382.0	0	0.0					0.4054828150572831	0.5945171849427169								
2382.0-2384.0 kDa	2382.0	2384.0	0	0.0					0.4054828150572831	0.5945171849427169								
2384.0-2386.0 kDa	2384.0	2386.0	0	0.0					0.4054828150572831	0.5945171849427169								
2386.0-2388.0 kDa	2386.0	2388.0	0	0.0					0.4054828150572831	0.5945171849427169								
2388.0-2390.0 kDa	2388.0	2390.0	0	0.0					0.4054828150572831	0.5945171849427169								
2390.0-2392.0 kDa	2390.0	2392.0	0	0.0					0.4054828150572831	0.5945171849427169								
2392.0-2394.0 kDa	2392.0	2394.0	0	0.0					0.4054828150572831	0.5945171849427169								
2394.0-2396.0 kDa	2394.0	2396.0	0	0.0					0.4054828150572831	0.5945171849427169								
2396.0-2398.0 kDa	2396.0	2398.0	0	0.0					0.4054828150572831	0.5945171849427169								
2398.0-2400.0 kDa	2398.0	2400.0	0	0.0					0.4054828150572831	0.5945171849427169								
2400.0-2402.0 kDa	2400.0	2402.0	0	0.0					0.4054828150572831	0.5945171849427169								
2402.0-2404.0 kDa	2402.0	2404.0	0	0.0					0.4054828150572831	0.5945171849427169								
2404.0-2406.0 kDa	2404.0	2406.0	0	0.0					0.4054828150572831	0.5945171849427169								
2406.0-2408.0 kDa	2406.0	2408.0	0	0.0					0.4054828150572831	0.5945171849427169								
2408.0-2410.0 kDa	2408.0	2410.0	0	0.0					0.4054828150572831	0.5945171849427169								
2410.0-2412.0 kDa	2410.0	2412.0	0	0.0					0.4054828150572831	0.5945171849427169								
2412.0-2414.0 kDa	2412.0	2414.0	0	0.0					0.4054828150572831	0.5945171849427169								
2414.0-2416.0 kDa	2414.0	2416.0	0	0.0					0.4054828150572831	0.5945171849427169								
2416.0-2418.0 kDa	2416.0	2418.0	0	0.0					0.4054828150572831	0.5945171849427169								
2418.0-2420.0 kDa	2418.0	2420.0	0	0.0					0.4054828150572831	0.5945171849427169								
2420.0-2422.0 kDa	2420.0	2422.0	0	0.0					0.4054828150572831	0.5945171849427169								
2422.0-2424.0 kDa	2422.0	2424.0	0	0.0					0.4054828150572831	0.5945171849427169								
2424.0-2426.0 kDa	2424.0	2426.0	0	0.0					0.4054828150572831	0.5945171849427169								
2426.0-2428.0 kDa	2426.0	2428.0	0	0.0					0.4054828150572831	0.5945171849427169								
2428.0-2430.0 kDa	2428.0	2430.0	0	0.0					0.4054828150572831	0.5945171849427169								
2430.0-2432.0 kDa	2430.0	2432.0	0	0.0					0.4054828150572831	0.5945171849427169								
2432.0-2434.0 kDa	2432.0	2434.0	0	0.0					0.4054828150572831	0.5945171849427169								
2434.0-2436.0 kDa	2434.0	2436.0	0	0.0					0.4054828150572831	0.5945171849427169								
2436.0-2438.0 kDa	2436.0	2438.0	0	0.0					0.4054828150572831	0.5945171849427169								
2438.0-2440.0 kDa	2438.0	2440.0	0	0.0					0.4054828150572831	0.5945171849427169								
2440.0-2442.0 kDa	2440.0	2442.0	0	0.0					0.4054828150572831	0.5945171849427169								
2442.0-2444.0 kDa	2442.0	2444.0	1	0.5	1.0	1.0	0.0	1.0	0.8187397708674304	0.18126022913256956	2443.3914174798083	1.0	1.0	0.0	0.0	-0.0	1.0	377.6258434999145
