mw_kda	window_candidate_count	gaussian_weighted_candidate_mass	identity_entropy_nats	identity_entropy_bits	effective_candidate_number	mw_discriminability	ambiguity_percentile	auditability_percentile	marker_gaussian_mass	signaling_gaussian_mass	family_membership_gaussian_mass	family_protein_gaussian_mass	marker_context_percentile	signaling_context_percentile	family_context_percentile	contextual_audit_burden_index	contextual_auditability_index	contextual_audit_burden_score_0_100	contextual_auditability_score_0_100	contextual_priority
0.0	14	6.343862817189398	3.3426296931599198	4.822395281850014	28.29343200713639	0.03534389181728721	0.6699355561782012	0.3300644438217988	0.0	0.0	0.025512901810069523	0.025512901810069523	0.0	0.0	0.09989754098360656	0.19245827429045195	0.8075417257095481	19.245827429045196	80.75417257095481	routine
0.25	23	9.354639385355002	3.48668989037551	5.030230213962432	32.677602042121265	0.030602000682638984	0.6993555617820117	0.30064443821798825	0.0	0.0	0.05252617538372953	0.05252617538372953	0.0	0.0	0.12243852459016394	0.20544852159304391	0.7945514784069561	20.54485215930439	79.4551478406956	routine
0.5	30	13.244023202189478	3.6286345507779916	5.23501307160576	37.66135682193612	0.02655241564259159	0.7186887083216588	0.28131129167834124	0.0	0.0	0.10176105005040076	0.10176105005040076	0.0	0.0	0.14805327868852458	0.21668549675254584	0.7833145032474542	21.668549675254585	78.33145032474542	routine
0.75	36	18.03041755178264	3.763561087230674	5.429670916630369	43.10164171548026	0.023200972403815488	0.7270944242084617	0.2729055757915383	0.0	0.0	0.18634109127111792	0.18634109127111792	0.0	0.0	0.17725409836065573	0.22608713064227937	0.7739128693577206	22.608713064227935	77.39128693577206	routine
1.0	46	23.65045672017187	3.8915138996705343	5.614267804605151	48.984988776260685	0.020414417252752833	0.7282151863267021	0.2717848136732979	0.0	0.0	0.32099161939587983	0.32099161939587983	0.0	0.0	0.2146516393442623	0.23571670641774112	0.7642832935822589	23.571670641774112	76.4283293582259	routine
1.25	54	29.946825519779047	4.013231426215242	5.789869076540471	55.325361842070734	0.018074893081667584	0.7296161389745026	0.2703838610254974	0.0	0.0	0.5212247577496768	0.5212247577496768	0.0	0.0	0.2617827868852459	0.24784973146493713	0.7521502685350628	24.784973146493712	75.21502685350629	routine
1.5	59	36.66935294770222	4.128467397920352	5.956119441451455	62.0827019073736	0.01610754637406059	0.7383020453908657	0.26169795460913425	0.0	0.0	0.799923234609223	0.799923234609223	0.0	0.0	0.32325819672131145	0.2653900605280443	0.7346099394719556	26.53900605280443	73.46099394719556	routine
1.75	65	43.51723556438949	4.239363558069165	6.116108781751776	69.36369182564844	0.014416764357260355	0.752871952927991	0.24712804707200897	0.0	0.0	1.1604963205958532	1.1604963205958532	0.0	0.0	0.41700819672131145	0.29247003741232563	0.7075299625876743	29.247003741232565	70.75299625876742	routine
2.0	71	50.197233081552824	4.349672157157642	6.275250450624131	77.45306632902756	0.012911044680295941	0.7643597646399551	0.23564023536004486	0.0	0.0	1.5980620979587967	1.5980620979587967	0.0	0.0	0.4605532786885246	0.30622826083211996	0.69377173916788	30.622826083211997	69.37717391678801	routine
2.25	78	56.484975442914525	4.462236083032887	6.437645868267339	86.68111873091405	0.011536537767865227	0.7682824320537965	0.23171756794620346	0.0	0.0006814142329668376	2.094704198055786	2.094704198055786	0.0	0.007765314926660914	0.5035860655737705	0.319908453138557	0.680091546861443	31.990845313855697	68.0091546861443	routine
2.5	94	62.28713165617514	4.578240982093594	6.605005560861046	97.3430154148828	0.010272950716987032	0.77780891005884	0.22219108994116	0.0	0.001715744348413232	2.6270702235737904	2.6270702235737904	0.0	0.0181190681622088	0.5414959016393442	0.33435596996509825	0.6656440300349018	33.43559699650982	66.56440300349018	routine
2.75	103	67.6986176139314	4.698477785555542	6.778470600947939	109.77993659480074	0.009109132606725887	0.8002241524236481	0.19977584757635192	0.0	0.004058359808181484	3.17856483677943	3.17856483677943	0.0	0.028472821397756688	0.5686475409836066	0.34933612870125286	0.6506638712987471	34.93361287012529	65.06638712987471	routine
3.0	113	72.99420517875015	4.821017115574742	6.955257484680495	124.09124174856241	0.008058586455490804	0.8100308209582516	0.18996917904174837	0.0	0.009017893758277525	3.751414100416876	3.751414100416876	0.0	0.04055220017256255	0.5886270491803278	0.3598025175777855	0.6401974824222145	35.98025175777855	64.01974824222145	routine
3.25	130	78.59094403806134	4.942353432463438	7.130308787335549	140.09957677541806	0.00713778030609626	0.8114317736060521	0.18856822639394788	0.0	0.019444556404474046	4.375525822337692	4.375525822337692	0.0	0.056082830025884385	0.6065573770491803	0.3685179951702792	0.6314820048297207	36.85179951702792	63.14820048297207	elevated
3.5	143	84.96608031019593	5.058243898427326	7.297503387867962	157.31401422375757	0.006356712750191711	0.8170355841972541	0.18296441580274592	0.0	0.03848502871589027	5.115034545132088	5.115034545132088	0.0	0.07161345987920621	0.6275614754098361	0.37905262987157406	0.6209473701284259	37.90526298715741	62.09473701284259	elevated
3.75	154	92.58342534429438	5.167016216210769	7.454428671320132	175.3907279473089	0.0057015556734585264	0.8217988231997758	0.17820117680022418	0.0	0.07217823045054773	6.062260439357451	6.06182244255898	0.0	0.08800690250215704	0.6378073770491803	0.38690327568777827	0.6130967243122217	38.690327568777825	61.309672431222175	elevated
4.0	175	101.81312811155125	5.269358264918251	7.602077037464834	194.29123892584903	0.005146912467739467	0.8268422527318576	0.17315774726814237	0.0	0.12752504429225617	7.31705170585845	7.31591697417931	0.0	0.1095772217428818	0.6485655737704918	0.3962462620613078	0.6037537379386921	39.62462620613078	60.375373793869215	elevated
4.25	195	112.91128342732519	5.368622409050712	7.745284925942822	214.56707834759618	0.004660547217686451	0.8346875875595405	0.16531241244045947	0.0	0.2125535450769303	8.963381239346075	8.960619567847232	0.0	0.13546160483175151	0.6752049180327869	0.41133852760601974	0.5886614723939803	41.133852760601975	58.866147239398025	elevated
4.5	211	126.02356869668029	5.468330480843653	7.889133266655099	237.0640791721017	0.004218268762995632	0.8386102549733819	0.16138974502661807	0.0	0.3354054224517401	11.052351213834546	11.046037172055899	0.0	0.16048317515099222	0.6956967213114754	0.42369753785896236	0.5763024621410376	42.369753785896236	57.630246214103764	elevated
4.75	235	141.2354083830454	5.571052652143607	8.037330033778888	262.7104965069649	0.0038064714326079027	0.8442140655645839	0.1557859344354161	0.0	0.5022236271081998	13.579201436133657	13.565640193717286	0.0	0.18895599654874892	0.7069672131147541	0.4350343188070217	0.5649656811929783	43.50343188070217	56.49656811929783	elevated
5.0	259	158.59520216347988	5.676460265410648	8.18940107471119	291.91429981626754	0.00342566294501299	0.8464555898010647	0.15354441019893528	0.0	0.7159966701135174	16.48584950387988	16.45848748725901	0.0	0.2269197584124245	0.7238729508196722	0.4493120747582903	0.5506879252417096	44.931207475829034	55.06879252417096	elevated
5.25	294	178.15450819809953	5.782772407917594	8.342777075492243	324.65802835713606	0.0030801640885342973	0.8489773045671056	0.15102269543289437	0.0	0.9745610849479366	19.674884617958536	19.62302213319147	0.0	0.2804141501294219	0.7423155737704918	0.46792675711675485	0.5320732428832451	46.792675711675486	53.20732428832451	elevated
5.5	331	199.96657377755628	5.88774149827146	8.49421546159239	360.58997095277584	0.0027732329808223192	0.8559820678061082	0.1440179321938918	0.0	1.2718190225348405	23.044779578936847	22.95243420737552	0.0	0.34167385677308026	0.774077868852459	0.49293344835791186	0.5070665516420881	49.29334483579119	50.70665516420881	elevated
5.75	377	224.03050137277924	5.988633927817956	8.63977246936236	398.86935325416727	0.002507086573188742	0.8652283552815915	0.13477164471840852	0.0	1.5992901830898765	26.508656285313247	26.35419005754583	0.0	0.3701466781708369	0.7838114754098361	0.5047966272155661	0.49520337278443394	50.47966272155661	49.52033727844339	elevated
6.0	421	250.2560570107111	6.0837382841230605	8.77697905257067	438.66599151791104	0.0022796387669345216	0.8699915942841132	0.1300084057158868	0.0	1.9454118939588962	30.035960700537835	29.793239035147423	0.0	0.39344262295081966	0.7930327868852459	0.5141167510300447	0.4858832489699553	51.41167510300447	48.58832489699553	elevated
6.25	460	278.41251910285746	6.172399878719498	8.90489069541226	479.33507288826075	0.0020862233050764323	0.8753152143457551	0.1246847856542449	0.0	2.299655915905125	33.65476847761402	33.29647397832584	0.0	0.4314063848144953	0.8084016393442623	0.5287808096261282	0.47121919037387183	52.87808096261281	47.12191903738719	elevated
6.5	492	308.08987077576285	6.2546379719636	9.02353518470769	520.4209336802893	0.0019215214747958832	0.8775567385822359	0.12244326141776407	0.0	2.6501183990140307	37.43774103213326	36.94088755553054	0.0	0.4598792062122519	0.8191598360655737	0.5391489452150154	0.46085105478498456	53.914894521501544	46.085105478498456	elevated
6.75	540	338.73020899674134	6.331459213991482	9.134364809616246	561.9760391337587	0.001779435296816961	0.8820397870551976	0.11796021294480241	0.0	2.9881862796472802	41.47481128580891	40.827559704374835	0.0	0.48748921484037966	0.8263319672131147	0.548965242277173	0.451034757722827	54.8965242277173	45.1034757722827	elevated
7.0	586	369.67410169668403	6.404070695934073	9.23912103452642	604.2999592499737	0.0016548073265488037	0.88876435976464	0.11123564023536003	0.0	3.3059253468871077	45.83642626205079	45.043363275985364	0.0	0.4943917169974116	0.8309426229508197	0.5535246749282178	0.4464753250717822	55.35246749282178	44.64753250717822	elevated
7.25	622	400.26832759085767	6.473742035399509	9.339635530465296	647.9036748626784	0.0015434393086471497	0.8912860745306809	0.10871392546931913	0.00039698744057159045	3.600563240425374	50.54465288535357	49.63153945091372	0.0020920502092050207	0.4995685936151855	0.8457991803278688	0.5596864746707351	0.44031352532926493	55.96864746707351	44.03135253292649	elevated
7.5	673	429.9964587534726	6.541611784882412	9.437550881470656	693.4032947891022	0.0014421621695699452	0.8949285514149622	0.10507144858503781	0.0010349144438614925	3.8787503672873767	55.56023841991346	54.57075007711036	0.008368200836820083	0.5047454702329595	0.8621926229508197	0.5675587113588904	0.43244128864110964	56.75587113588904	43.24412886411096	elevated
7.75	719	458.5998571000503	6.608529309680769	9.53409246264581	741.3918587047112	0.0013488143796818919	0.897170075651443	0.10282992434855698	0.0025344791574590424	4.1560581980347875	60.777225758408434	59.76574662986525	0.016736401673640166	0.5133735979292493	0.8688524590163934	0.5740331335676815	0.4259668664323185	57.40331335676815	42.59668664323185	elevated
8.0	758	486.1460924599229	6.674802930177535	9.629705086278252	792.1913214883915	0.0012623213267739057	0.8994115998879237	0.10058840011207626	0.005830819464100524	4.4586307130538305	66.05019945284083	65.06997283474266	0.027196652719665274	0.5280414150129422	0.8775614754098361	0.5830527857575918	0.4169472142424082	58.305278575759175	41.694721424240825	elevated
8.25	802	513.0315269737647	6.740100039680883	9.723908902343116	845.6453297085186	0.0011825288508891607	0.9044550294200056	0.09554497057999445	0.012601639762422909	4.815671796652207	71.20216200283308	70.29204983249478	0.04184100418410042	0.542709232096635	0.889344262295082	0.5945873819989558	0.4054126180010442	59.45873819989558	40.54126180010442	elevated
8.5	855	539.9505243415945	6.804000364915045	9.816097584669633	901.4462021331965	0.0011093285407754608	0.9103390305407677	0.0896609694592323	0.025584746661341126	5.248751384007388	76.04977217160429	75.22237588555831	0.05439330543933055	0.5694564279551337	0.8913934426229508	0.6063955516395456	0.3936044483604544	60.63955516395456	39.36044483604544	elevated
8.75	922	567.7521806635621	6.865683006322446	9.905086825537023	958.8004830073354	0.0010429698542322797	0.9123003642476885	0.08769963575231154	0.048796848720030456	5.7604772104888085	80.4177302626342	79.65443941104499	0.06694560669456066	0.5884383088869716	0.8929303278688525	0.6151536519245182	0.3848463480754818	61.515365192451824	38.484634807548176	elevated
9.0	990	597.2828391142192	6.924183579817406	9.989485312807362	1016.5639873842409	0.0009837059077541569	0.9142616979546091	0.0857383020453909	0.08742970773703719	6.328780058985885	84.16613831087687	83.41564405271936	0.09414225941422594	0.6056945642795514	0.8949795081967213	0.627269507461277	0.37273049253872303	62.7269507461277	37.2730492538723	elevated
9.25	1040	629.1874846318362	6.978348414541417	10.067628651254262	1073.1445126908823	0.0009318409479563248	0.91678341272065	0.08321658727935	0.14715765945768403	6.90727570642478	87.21332560534661	86.40018349119815	0.13179916317991633	0.6177739430543572	0.899077868852459	0.6413585969518456	0.3586414030481544	64.13585969518456	35.864140304815436	elevated
9.5	1088	663.7600355109718	7.027503239302092	10.138544073172255	1127.2127134421987	0.0008871440040329868	0.9201456990753712	0.07985430092462875	0.23268228058283688	7.437827633831953	89.55196123703035	88.58752623277921	0.16108786610878661	0.6281276962899051	0.9006147540983607	0.6524940038931059	0.34750599610689414	65.24940038931058	34.75059961068941	elevated
9.75	1138	700.7839541335907	7.071359256922458	10.201814932306295	1177.7478086124408	0.0008490782090082139	0.9246287475483329	0.07537125245166709	0.3456211784759894	7.867671689263476	91.24521976865526	90.04289628177169	0.19246861924686193	0.6384814495254529	0.9011270491803278	0.6641764663752439	0.33582353362475614	66.41764663752438	33.582353362475615	elevated
10.0	1192	739.4885680665969	7.1103089676689955	10.258007486844384	1224.525826540765	0.0008166426369503034	0.927710843373494	0.07228915662650603	0.4822741413539442	8.167391873661906	92.42128141259803	90.91106280387544	0.2280334728033473	0.6479723899913719	0.9021516393442623	0.6764670863781188	0.3235329136218812	67.64670863781188	32.353291362188116	elevated
10.25	1234	778.6188365481443	7.1454290112846675	10.308674999604518	1268.2953215179	0.0007884598981278246	0.9291117960212945	0.07088820397870554	0.6321850205672218	8.340837620261027	93.22563860326301	91.36468419392028	0.26569037656903766	0.6514236410698878	0.9026639344262295	0.6872224370216125	0.31277756297838755	68.72224370216125	31.277756297838756	high
10.5	1285	816.6312551674821	7.178231812774562	10.355999438641254	1310.5888418208074	0.0007630158048733996	0.9307929391986551	0.06920706080134487	0.7784863834462364	8.429342287605145	93.80061284808907	91.57704451911064	0.3158995815899582	0.6531492666091459	0.9036885245901639	0.7008825779969807	0.2991174220030193	70.08825779969807	29.911742200301926	high
10.75	1316	851.9751024045457	7.210108494813897	10.401987769739398	1353.0390571318483	0.000739076965094995	0.9319137013168954	0.06808629868310456	0.9005636952918739	8.497986375291998	94.25970858251719	91.68894280840298	0.35355648535564854	0.6566005176876618	0.9042008196721312	0.7115678810080843	0.2884321189919157	71.15678810080843	28.843211899191566	high
11.0	1365	883.4331559558079	7.242131488667415	10.448187184166285	1397.068635472399	0.0007157844465256814	0.933314653964696	0.06668534603530396	0.9786658732604657	8.622950861145831	94.68698729533241	91.8029381651535	0.38702928870292885	0.6600517687661778	0.9047131147540983	0.7212772065469752	0.27872279345302475	72.12772065469753	27.872279345302474	high
11.25	1404	910.4063782408922	7.274893591933461	10.495452908077302	1443.5975735483842	0.0006927138271242624	0.9349957971420566	0.0650042028579434	0.9991048073069383	8.869700800747946	95.14796771792172	91.99391824394549	0.401673640167364	0.6626402070750647	0.9057377049180327	0.7262618373256294	0.27373816267437057	72.62618373256295	27.373816267437057	high
11.5	1440	933.0596931372293	7.308391482470038	10.543780148634664	1492.7741036929435	0.000669893721713232	0.9369571308489774	0.06304286915102264	0.9581737034393515	9.28053534276263	95.71503059668707	92.33920476394924	0.3786610878661088	0.6678170836928387	0.90625	0.7224213256019812	0.27757867439801875	72.24213256019813	27.757867439801874	high
11.75	1492	952.293229705513	7.341990855101931	10.592253796907675	1543.7825035748876	0.0006477596408071293	0.9386382740263379	0.061361725973662073	0.8632449405883325	9.863554959842965	96.48786386546016	92.94631925561032	0.34518828451882844	0.6781708369283865	0.9072745901639344	0.7173179964093719	0.2826820035906281	71.73179964093718	28.26820035906281	high
12.0	1551	969.6128588311497	7.375013021473864	10.639894712571873	1595.6126075916407	0.0006267185375962675	0.9403194172036985	0.05968058279630151	0.7306012829373764	10.594176296092385	97.61058171579215	93.973887523226	0.3054393305439331	0.6859361518550474	0.9082991803278688	0.7099985199826369	0.29000148001736314	70.99985199826368	29.000148001736314	high
12.25	1595	986.7566196059223	7.406248205421965	10.684957557555055	1646.2383978709001	0.0006074454351771359	0.941720369851499	0.058279630148501016	0.5808759746856392	11.41840398550267	99.24996587021991	95.61081270992602	0.2594142259414226	0.6911130284728214	0.9103483606557377	0.7006489962303701	0.29935100376962986	70.06489962303701	29.935100376962986	high
12.5	1653	1005.3781992454227	7.43457921005934	10.725830557448797	1693.5449423631965	0.0005904773915267852	0.9431213224992995	0.056878677500700525	0.43459111740261924	12.270351276147998	101.56518725938926	98.03785445914342	0.2196652719665272	0.6928386540120793	0.9118852459016393	0.6918776235948864	0.30812237640511364	69.18776235948863	30.812237640511363	high
12.75	1694	1026.703657666223	7.459250546162802	10.761423771697366	1735.8466328112142	0.0005760877609218816	0.9436817035584197	0.05631829644158026	0.3062580606631661	13.084434828090671	104.67235734699936	101.38114579319921	0.18410041841004185	0.6954270923209663	0.9129098360655737	0.6840297625887504	0.31597023741124963	68.40297625887504	31.597023741124964	high
13.0	1720	1051.2552739983767	7.479993841293017	10.791350020713423	1772.2298612541435	0.0005642608906794607	0.9442420846175399	0.05575791538246011	0.2049948541721338	13.811253708071323	108.58863446800216	105.64837679045199	0.1506276150627615	0.6971527178602244	0.9144467213114754	0.6766172847130003	0.3233827152869997	67.66172847130004	32.33827152869997	elevated
13.25	1756	1078.730683414672	7.497204833350612	10.816180233603696	1802.9956911007205	0.000554632495760156	0.9448024656766602	0.05519753432333985	0.13385164563081617	14.430775176562719	113.20043983411205	110.69479136029952	0.12552301255230125	0.7031924072476272	0.9180327868852459	0.6728876680904586	0.32711233190954137	67.28876680904587	32.71123319095414	elevated
13.5	1786	1108.0720274464825	7.512020879838399	10.837555270397207	1829.9078325464388	0.0005464756105275714	0.9453628467357803	0.054637153264219696	0.09222757648790411	14.957828299858395	118.25799031861636	116.22326369362636	0.10460251046025104	0.7075064710957722	0.9211065573770492	0.6696445964172131	0.3303554035827869	66.9644596417213	33.035540358278695	elevated
13.75	1782	1137.6845999472434	7.525915073239446	10.85760035431405	1855.5103773558506	0.0005389352774329537	0.9462034183244606	0.05379658167553936	0.07842619372673043	15.44269529462206	123.41805153744234	121.83778180477064	0.08577405857740586	0.7083692838654012	0.9257172131147541	0.6665159934705055	0.3334840065294945	66.65159934705055	33.34840065294945	elevated
14.0	1815	1165.8511988927862	7.540571602239792	10.878745256019494	1882.9059909028988	0.0005310939605224135	0.9467637993835808	0.053236200616419205	0.09162448145542136	15.96849746136605	128.2771640801332	127.08818935083815	0.09832635983263599	0.7118205349439172	0.9308401639344263	0.67193771452364	0.32806228547635996	67.193771452364	32.806228547635996	elevated
14.25	1853	1191.1182591988456	7.557088706597552	10.90257440056628	1914.2644078565395	0.0005223938740624293	0.9476043709722611	0.052395629027738866	0.13261237902222445	16.636821104543866	132.46812512761096	131.57466584544576	0.12343096234309624	0.7152717860224331	0.9405737704918032	0.6817202224573984	0.3182797775426016	68.17202224573984	31.82797775426016	elevated
14.5	1877	1212.7135777388266	7.5759773204694	10.929824910128461	1950.7658547314668	0.0005126191836783278	0.9484449425609415	0.05155505743905853	0.20308463797942372	17.54589958721334	135.70497721746136	134.99716497534044	0.14853556485355648	0.722174288179465	0.9477459016393442	0.6917251743083268	0.3082748256916732	69.17251743083268	30.82748256916732	high
14.75	1942	1230.705076037755	7.596705751098502	10.959729714202476	1991.6241708624445	0.0005021027634781939	0.9492855141496217	0.0507144858503783	0.30369366364530287	18.752024621996895	137.8097562407316	137.18011129591272	0.18200836820083682	0.7420189818809318	0.9528688524590164	0.7065454291726017	0.29345457082739834	70.65454291726016	29.345457082739834	high
15.0	1992	1245.950833921786	7.617860077080566	10.99024895539015	2034.2044282325671	0.0004915926767836491	0.950126085738302	0.04987391426169796	0.4314972959464488	20.246783743938877	138.7217948093637	138.07936415583924	0.2175732217573222	0.7756686798964625	0.9549180327868853	0.724571505044743	0.275428494955257	72.4571505044743	27.5428494955257	high
15.25	2037	1259.7565787195942	7.637337849687422	11.018349441337623	2074.2145890029415	0.0004821101950115451	0.9509666573269824	0.04903334267301762	0.5775140206675953	21.93497896447148	138.487800422804	137.76556313323974	0.25732217573221755	0.8032786885245902	0.954405737704918	0.741493314822177	0.25850668517782305	74.14933148221769	25.850668517782303	high
15.5	2087	1273.3801978849483	7.652916675379776	11.040824935906857	2106.78143447678	0.00047465768571686243	0.9518072289156626	0.048192771084337394	0.7273820390868377	23.635688671494755	137.22418305935656	136.38561194891093	0.303347280334728	0.82053494391717	0.9513319672131147	0.7567553550951688	0.24324464490483122	75.67553550951688	24.324464490483123	high
15.75	2095	1287.5775669941995	7.663284458909731	11.055782485790532	2128.7377106187414	0.0004697619603447241	0.952647800504343	0.047352199495657055	0.861309406580335	25.12603316681657	135.11117505110985	134.14805599031322	0.34309623430962344	0.8386540120793787	0.9462090163934426	0.770151765821697	0.22984823417830302	77.0151765821697	22.984823417830302	high
16.0	2109	1302.217839379853	7.668223352616133	11.062907803248237	2139.277325494983	0.00046744757590913154	0.9537685626225834	0.04623143737741664	0.958302836356942	26.193280601577158	132.35630620921071	131.28416838528773	0.3807531380753138	0.8507333908541846	0.9390368852459017	0.7810729941994958	0.21892700580050417	78.10729941994958	21.892700580050416	high
16.25	2099	1316.306851746122	7.669101919054659	11.06417530669219	2141.1576486293147	0.0004670370725108265	0.9540487531521434	0.045951246847856564	1.0032214695100359	26.701094092238467	129.20174143213094	128.0484854392576	0.40376569037656906	0.8567730802415876	0.9313524590163934	0.7864849956966733	0.2135150043033267	78.64849956966734	21.35150043033267	high
16.5	2076	1328.250590164957	7.668188693115676	11.062857800158808	2139.2031804964636	0.0004674637776893737	0.9534883720930233	0.046511627906976716	0.9896313455966479	26.631737303932628	125.9152629024909	124.71150567388383	0.39330543933054396	0.8550474547023296	0.9287909836065574	0.7826580624331135	0.21734193756688647	78.26580624331136	21.734193756688647	high
16.75	2056	1336.4487734666707	7.668185928768832	11.062853812049324	2139.1972670050764	0.00046746506992317833	0.9532081815634632	0.04679181843653679	0.9243277387007138	26.091774135746547	122.7945849901794	121.5594717563909	0.3577405857740586	0.8498705780845557	0.9252049180327869	0.7715060658637162	0.22849393413628383	77.15060658637162	22.849393413628384	high
17.0	2056	1339.8867012363814	7.671227872417834	11.067242409066402	2145.714492035499	0.00046604522815678307	0.9546091342112637	0.0453908657887363	0.8248385928678654	25.27646532031803	120.13719894956444	118.87509717468424	0.3305439330543933	0.8395168248490078	0.9221311475409836	0.7617002599139121	0.2382997400860879	76.17002599139121	23.82997400860879	high
17.25	2072	1338.642746040748	7.678410172227009	11.077604277383278	2161.181133361991	0.0004627099434485499	0.9551695152703839	0.04483048472961615	0.7179119193004365	24.413453053885796	118.21926314226036	116.91722416034348	0.29916317991631797	0.8283002588438308	0.920594262295082	0.7508068040814037	0.24919319591859634	75.08068040814037	24.919319591859633	high
17.5	2087	1334.0671692219564	7.689563933363962	11.09369575326282	2185.421365071613	0.0004575776625882998	0.9557298963295041	0.044270103670495886	0.6335235807442543	23.704064929362424	117.26770014958524	115.90065627569336	0.2698744769874477	0.822260569456428	0.9195696721311475	0.7418586537261318	0.2581413462738682	74.18586537261318	25.81413462738682	high
17.75	2162	1328.546618912013	7.703211060120151	11.113384395356357	2215.4505272866622	0.0004513754596112485	0.9565704679181843	0.04342953208181566	0.5998916755568342	23.277993532218876	117.41418797976694	115.95183611334639	0.2615062761506276	0.817946505608283	0.9200819672131147	0.7390263042225523	0.26097369577744767	73.90263042225523	26.097369577744768	high
18.0	2160	1324.9887895431953	7.717261339235792	11.133654663359598	2246.7979297489132	0.00044507785357971786	0.9571308489773046	0.042869151022695395	0.639168494998807	23.19015629386825	118.65907300683024	117.07283603760267	0.2719665271966527	0.817083692838654	0.9216188524590164	0.7419499803679069	0.25805001963209306	74.1949980367907	25.805001963209307	high
18.25	2181	1326.1197407285022	7.729773550297672	11.151705968209129	2275.0869496877644	0.0004395436403594338	0.9576912300364248	0.04230876996357524	0.7643109285368698	23.43002476924277	120.90404740363817	119.17161785285754	0.3138075313807531	0.818809318377912	0.923155737704918	0.753365954375002	0.24663404562499802	75.3365954375002	24.663404562499803	high
18.5	2213	1333.8218918717123	7.739583834401291	11.16585921643513	2297.516036999874	0.0004352526745823341	0.958251611095545	0.04174838890445498	0.9769277264060303	23.94648052260529	123.91310905872083	122.02260667943715	0.38493723849372385	0.8239861949956859	0.9272540983606558	0.7736072857364026	0.22639271426359742	77.36072857364026	22.63927142635974	high
18.75	2217	1348.8224430106766	7.747114685332358	11.176723937727056	2314.8836019761743	0.00043198716304626203	0.9588119921546652	0.04118800784533483	1.2659374716818301	24.68139259641269	127.38231566669279	125.33442781491873	0.46443514644351463	0.8308886971527178	0.9298155737704918	0.7959878523803474	0.20401214761965258	79.59878523803474	20.401214761965257	high
19.0	2240	1370.5924384353925	7.753674074760262	11.186187136325952	2330.1177336816127	0.00042916286398112104	0.9593723732137853	0.04062762678621468	1.6072981684404049	25.57594093145326	130.9643374077292	128.77579715139944	0.5251046025104602	0.8438308886971527	0.9349385245901639	0.8158115972528905	0.18418840274710946	81.58115972528906	18.418840274710945	high
19.25	2249	1397.6734947715388	7.76104306987835	11.196818349039154	2347.3517807028725	0.00042601198858254125	0.9599327542729056	0.040067245727094414	1.9654714398663242	26.592033861112654	134.3105132625432	132.01652925529757	0.5732217573221757	0.8541846419327006	0.944672131147541	0.8330028211688307	0.16699717883116927	83.30028211688307	16.699717883116925	high
19.5	2267	1428.0762699077188	7.770429392711595	11.210359950442857	2369.488511042567	0.00042203201042743325	0.9607733258615859	0.039226674138414075	2.29726429847097	27.708223205863383	137.10385177728529	134.75890342086848	0.606694560669456	0.8662640207075065	0.9508196721311475	0.8461378948424241	0.15386210515757592	84.6137894842424	15.386210515757593	high
19.75	2300	1459.7413942552735	7.782163011934508	11.227287984707434	2397.4549398351037	0.0004171089864440913	0.9616138974502662	0.03838610254973385	2.5581138541486292	28.923285021616756	139.09489645273877	136.76662453604172	0.6464435146443515	0.8740293356341674	0.9554303278688525	0.8593792688994093	0.1406207311005907	85.93792688994093	14.062073110059071	high
20.0	2332	1490.8164813711442	7.7955351444662755	11.246579893997126	2429.729332835326	0.00041156847657309594	0.9621742785093864	0.037825721490613584	2.709936696340722	30.250582667808	140.15593897669768	137.91242413896214	0.6799163179916318	0.8774805867126834	0.9564549180327869	0.8690065253116221	0.13099347468837785	86.90065253116221	13.099347468837784	high
20.25	2402	1519.8808640931352	7.809634602321065	11.266921111923454	2464.229846892725	0.00040580630141338143	0.9630148500980666	0.036985149901933356	2.728771588542522	31.695223611712706	140.28155403010243	138.1778924950542	0.6841004184100419	0.8852459016393442	0.9569672131147541	0.8723320958155517	0.1276679041844483	87.23320958155517	12.76679041844483	high
20.5	2447	1545.8887473193122	7.823369872617518	11.286736918265415	2498.3102257279406	0.00040027054674870365	0.9652563743345475	0.03474362566545253	2.609907683699184	33.232324604924685	139.6057150001271	137.66661427350152	0.6527196652719666	0.8912855910267472	0.9559426229508197	0.8663010633960203	0.1336989366039797	86.63010633960204	13.369893660397969	high
20.75	2501	1568.1493331404404	7.835953068454817	11.30489063249842	2529.9455720205888	0.0003952654203550044	0.9728215186326702	0.02717848136732981	2.3697128344475114	34.77629288560439	138.33868837252584	136.55144022746694	0.6192468619246861	0.8981880931837791	0.9538934426229508	0.8610374790910216	0.13896252090897843	86.10374790910215	13.896252090897843	high
21.0	2513	1586.2881461304262	7.847100055850541	11.320972335935084	2558.3046086897484	0.00039088386762206406	0.9784253292238723	0.021574670776127736	2.040815675625827	36.18362602022761	136.74007596424428	135.05275903605818	0.5836820083682008	0.90595340811044	0.9492827868852459	0.8543358831469398	0.14566411685306024	85.43358831469398	14.566411685306024	high
21.25	2517	1600.1772428460768	7.856764232723311	11.334914795983703	2583.1483708188975	0.000387124491684922	0.9812272345194732	0.018772765480526754	1.6657481269258623	37.25828478359728	135.04772886105872	133.37709339461733	0.5313807531380753	0.911993097497843	0.9456967213114754	0.8425744516167167	0.15742554838328326	84.25744516167167	15.742554838328326	high
21.5	2542	1609.9589130551913	7.8651333438986715	11.346988871173044	2604.8577440820404	0.00038389812352397884	0.983188568226394	0.016811431773606	1.2875401509835176	37.81142703162487	133.4369880875458	131.68099460508702	0.47489539748953974	0.913718723037101	0.9426229508196722	0.8286064098931767	0.1713935901068233	82.86064098931767	17.13935901068233	high
21.75	2544	1616.0877052706744	7.872607305801232	11.357771518945661	2624.3992870306856	0.00038103957920649576	0.9848697114037546	0.015130288596245434	0.9416941537698607	37.71941250053179	132.0370594828191	130.0880755725445	0.36401673640167365	0.9128559102674719	0.9369877049180327	0.7996825157477332	0.2003174842522668	79.96825157477332	20.03174842522668	high
22.0	2575	1619.2647115025015	7.879310111230106	11.36744162309794	2642.0492107408836	0.0003784940855509576	0.9857102829924349	0.014289717007565095	0.6512130113196081	36.97924050042185	130.94272383991228	128.69850794312316	0.27615062761506276	0.911130284728214	0.9344262295081968	0.7768543562109771	0.2231456437890229	77.68543562109771	22.31456437890229	high
22.25	2594	1620.436945927369	7.885230501311214	11.375982940508083	2657.7375674533064	0.0003762598731515161	0.9865508545811151	0.013449145418884867	0.42548989819606853	35.7231449652585	130.24009099147958	127.61258934212734	0.21548117154811716	0.902502157031924	0.9334016393442623	0.7594839556263547	0.24051604437364527	75.94839556263547	24.051604437364528	high
22.5	2606	1620.63412148742	7.889991328208512	11.382851361863347	2670.4207632443545	0.00037447282232223113	0.9873914261697955	0.012608573830204528	0.26249693030590243	34.20442285830202	130.01248500102878	126.93473419351677	0.17154811715481172	0.8947368421052632	0.9328893442622951	0.7466414324230414	0.2533585675769586	74.66414324230414	25.33585675769586	high
22.75	2625	1620.77105648929	7.8929760667684175	11.387157429382071	2678.4031778518683	0.00037335678521783247	0.9882319977584758	0.01176800224152419	0.15281731594146689	32.72887791805689	130.31707313389413	126.75423400500515	0.13389121338912133	0.8878343399482312	0.9339139344262295	0.7359678713805144	0.26403212861948555	73.59678713805144	26.403212861948553	high
23.0	2618	1621.4124676062233	7.893591345133271	11.388045088427813	2680.0516484617015	0.00037312713752139104	0.9885121882880359	0.011487811711964113	0.083908802751981	31.575054248758335	131.1456138874389	127.10602729377274	0.08786610878661087	0.8843830888697153	0.9354508196721312	0.7240530514041232	0.27594694859587676	72.40530514041232	27.594694859587676	high
23.25	2606	1622.6049623951792	7.891636025266882	11.385224158153221	2674.816410181203	0.0003738574341751761	0.9879518072289156	0.012048192771084376	0.04343398086510343	30.927104760250707	132.3855813591242	127.9318121536268	0.06485355648535565	0.8800690250215704	0.9395491803278688	0.7181058922659276	0.2818941077340724	71.81058922659275	28.189410773407243	high
23.5	2584	1623.834676394778	7.887517203141339	11.379281953898397	2663.8219747741896	0.00037540046199399993	0.9868310451106752	0.013168954889324791	0.021186759015505763	30.837428088646142	133.83680590331784	129.09029387583774	0.05230125523012552	0.8792062122519413	0.9431352459016393	0.7153684396235953	0.2846315603764047	71.53684396235953	28.46315603764047	high
23.75	2584	1624.1341448050966	7.882059127690452	11.371407615512604	2649.3222397682653	0.0003774550279272443	0.9862706640515551	0.013729335948444943	0.010270455771818942	31.226839472404954	135.24548125909732	130.38059262024737	0.0397489539748954	0.8817946505608283	0.9467213114754098	0.7136338950156722	0.2863661049843278	71.36338950156723	28.63661049843278	high
24.0	2570	1622.408676541965	7.876444758083027	11.363307792322255	2634.4896423089076	0.0003795801600205133	0.9854300924628747	0.014569907537125282	0.005909339003890041	31.934363986278758	136.37953939943816	131.60350087562628	0.029288702928870293	0.8861087144089732	0.9482581967213115	0.7122714266305075	0.28772857336949254	71.22714266305074	28.772857336949254	high
24.25	2531	1617.726711597369	7.871501341403988	11.356175949594357	2621.498399290045	0.00038146122853663394	0.9845895208741945	0.01541047912580551	0.005511471829040017	32.76878583923594	137.0774087816437	132.59982282966897	0.02510460251046025	0.8886971527178602	0.9503073770491803	0.7121746632879238	0.2878253367120762	71.21746632879238	28.782533671207624	high
24.5	2535	1609.7045505761248	7.867836190227674	11.350888254168181	2611.907797586882	0.00038286190688809567	0.9837489492855142	0.01625105071448585	0.009716987280091904	33.56790843086735	137.28868630234348	133.28567061071192	0.03765690376569038	0.8921484037963762	0.951844262295082	0.7163496297856656	0.28365037021433437	71.63496297856656	28.365037021433437	high
24.75	2512	1598.6319449104294	7.865549316417239	11.347588992662727	2605.94151871296	0.00038373846566360664	0.9834687587559541	0.016531241244045924	0.020061697280635962	34.235230874857734	137.05408046998852	133.6399530233488	0.0502092050209205	0.8955996548748921	0.9497950819672131	0.7197681751547449	0.2802318248452551	71.9768175154745	28.02318248452551	high
25.0	2514	1585.418408969133	7.864194434052038	11.345634310593464	2602.4131652961746	0.00038425873851825226	0.9829083776968338	0.017091622303166187	0.03985558936178046	34.74694122205146	136.47311832480722	133.68195127074753	0.06276150627615062	0.8973252804141502	0.9487704918032787	0.7229414140476033	0.27705858595239674	72.29414140476032	27.705858595239675	high
25.25	2509	1571.467679957619	7.863335975133892	11.344395816169447	2600.180059157806	0.0003845887504898019	0.9826281871672737	0.017371812832726263	0.07470002385294974	35.13777838710356	135.6678962726336	133.45216060024012	0.08158995815899582	0.8990509059534081	0.9472336065573771	0.7276256644592637	0.2723743355407363	72.76256644592637	27.237433554073633	high
25.5	2506	1558.3049795359861	7.862304333126609	11.342907471361567	2597.498987373203	0.0003849857131267948	0.9820678061081536	0.017932193891846415	0.13223950086624173	35.46778737191315	134.75236135846865	132.9960612859315	0.12133891213389121	0.9007765314926661	0.9451844262295082	0.7373419189910548	0.26265808100894517	73.73419189910548	26.265808100894517	high
25.75	2507	1547.346538804648	7.860710312365165	11.340607785513958	2593.3618183022086	0.00038559987771188373	0.9817876155785934	0.018212384421406602	0.22141777295957432	35.787161695774365	133.84544125162515	132.38485996699944	0.15481171548117154	0.903364969801553	0.9436475409836066	0.7459029604612312	0.25409703953876883	74.59029604612311	25.409703953876882	high
26.0	2517	1539.605030462222	7.858217528067396	11.337011457969561	2586.905177532923	0.0003865622940821043	0.9815074250490333	0.018492574950966678	0.35122152790560324	36.11295729251677	133.06823534988234	131.71771676723145	0.19665271966527198	0.905090595340811	0.9421106557377049	0.7563403489482053	0.24365965105179466	75.63403489482053	24.365965105179466	high
26.25	2502	1535.5652186369143	7.8547511578489395	11.33201054284551	2577.9535302926265	0.00038790458720428867	0.9803866629307929	0.019613337069207093	0.5287714398070685	36.411038996883434	132.52341676718703	131.09937819535168	0.24267782426778242	0.907679033649698	0.9415983606557377	0.7680854703760028	0.23191452962399717	76.80854703760028	23.191452962399715	high
26.5	2485	1535.0717146166483	7.850327094028972	11.325627967911865	2566.5736904793353	0.00038962450355876563	0.9798262818716728	0.020173718128327245	0.7570771145590977	36.60644391530336	132.27641320958776	130.61619151060222	0.3117154811715481	0.909404659188956	0.9380122950819673	0.784739679328536	0.21526032067146394	78.47396793285361	21.526032067146396	high
26.75	2455	1537.309416132676	7.844934476508604	11.31784806535782	2552.770391634686	0.0003917312748835364	0.977864948164752	0.022135051835248	1.033868252725823	36.590667408378415	132.29935460438773	130.27663343394164	0.4121338912133891	0.908541846419327	0.9385245901639344	0.8092663189903506	0.19073368100964938	80.92663189903506	19.073368100964938	high
27.0	2420	1541.0018386404477	7.839071551171516	11.309389652048901	2537.847478136158	0.00039403471194195583	0.9742224712804707	0.02577752871952932	1.347970568236625	36.26261345565128	132.452722832798	129.98265778288027	0.48535564853556484	0.9068162208800691	0.9400614754098361	0.8266139540264852	0.1733860459735148	82.66139540264852	17.33860459735148	high
27.25	2437	1544.593766830296	7.833461114752671	11.301295503250211	2523.6489135353095	0.00039625163176882944	0.9725413281031101	0.027458671896889886	1.6819970393897776	35.55556900878691	132.51385338188908	129.55184243314108	0.5355648535564853	0.9016393442622951	0.9410860655737705	0.8377078978739152	0.1622921021260848	83.77078978739152	16.22921021260848	high
27.5	2441	1546.5748134995365	7.828892618837012	11.294704556848366	2512.145929455864	0.0003980660471490213	0.9691790417483889	0.03082095825161113	2.012088970760349	34.4668199753463	132.2282280853393	128.7630511272268	0.5794979079497908	0.8964624676445211	0.9375	0.8456598543356751	0.15434014566432486	84.56598543356752	15.434014566432486	high
27.75	2431	1545.839090454485	7.826037872460921	11.290586028408585	2504.9846166968337	0.0003992040483340921	0.966657326982348	0.033342673017652036	2.3128922050500815	33.07858169328249	131.3996391963035	127.44177867225388	0.6129707112970711	0.8904227782571182	0.9359631147540983	0.851503482822659	0.14849651717734103	85.1503482822659	14.849651717734103	high
28.0	2415	1541.9357568993591	7.825110834795366	11.289248595765772	2502.6634776634073	0.00039957429711390616	0.9658167553936677	0.034183244606332264	2.5576734298246393	31.55236811120904	129.96480686384055	125.53435708219732	0.6443514644351465	0.8835202761000863	0.9323770491803278	0.8565163862773071	0.14348361372269292	85.6516386277307	14.348361372269292	high
28.25	2428	1535.174383365958	7.825793995377804	11.290234188150185	2504.3737828424787	0.0003993014169254696	0.9663771364527879	0.03362286354721211	2.729074012102603	30.097751077146267	128.03441668302378	123.1529859914047	0.6861924686192469	0.8766177739430544	0.930327868852459	0.8648788119668871	0.1351211880331129	86.4878811966887	13.51211880331129	high
28.5	2433	1526.5117675163488	7.827311295813096	11.292423189963719	2508.176554517315	0.00039869601611535865	0.9674978985710283	0.0325021014289717	2.8231646426612085	28.92413933200792	125.86676108247812	120.5581136907743	0.694560669456067	0.8748921484037964	0.9282786885245902	0.8663073512388704	0.13369264876112963	86.63073512388704	13.369264876112963	high
28.75	2425	1517.3137705587092	7.8288657971229645	11.294665861294522	2512.0785502997155	0.00039807672410589637	0.9688988512188288	0.031101148781171206	2.854082491282458	28.19056333005046	123.82931270471059	118.12347929454354	0.702928870292887	0.8705780845556514	0.9267418032786885	0.867286902336514	0.13271309766348605	86.72869023365139	13.271309766348605	high
29.0	2412	1508.9983544081465	7.829811244562081	11.296029853626358	2514.454711622777	0.00039770054134505403	0.9702998038666293	0.029700196133370715	2.8546734694072997	27.96301869882349	122.30848872803793	116.25086212905724	0.7050209205020921	0.8697152717860225	0.9246926229508197	0.8674321547763909	0.1325678452236091	86.7432154776391	13.25678452236091	high
29.25	2437	1502.783620620744	7.830058718694113	11.296386883329388	2515.0770511233577	0.00039760213292604717	0.9708601849257495	0.029139815074250452	2.8713679262704117	28.208411276286785	121.64208436692984	115.30281250956509	0.7092050209205021	0.8714408973252804	0.9236680327868853	0.8687935339896043	0.13120646601039565	86.87935339896043	13.120646601039565	high
29.5	2447	1499.445868712137	7.8296973914092565	11.295865598247389	2514.1684493224657	0.0003977458233832687	0.9700196133370692	0.02998038666293079	2.9536044328926834	28.805310248755898	122.05769992982141	115.53392801713987	0.7154811715481172	0.8731665228645384	0.9241803278688525	0.8707119089046444	0.12928809109535555	87.07119089046445	12.928809109535555	high
29.75	2436	1499.3574971359226	7.829330462906194	11.295336232315659	2513.2460984856634	0.0003978917944416753	0.9694592322779491	0.030540767722050943	3.1402416017623107	29.597416875274128	123.63720075814001	117.0467459331268	0.7426778242677824	0.8757549611734253	0.9262295081967213	0.8785303814789696	0.12146961852103044	87.85303814789695	12.146961852103043	high
30.0	2412	1502.4522141400294	7.829414615786362	11.295457639258554	2513.4576042827084	0.0003978583121100149	0.9697394228075091	0.030260577192490867	3.446925770672692	30.448529797515935	126.31176174457248	119.77864589871027	0.7803347280334728	0.8783433994823123	0.9293032786885246	0.8894302072529547	0.11056979274704526	88.94302072529547	11.056979274704526	high
30.25	2411	1508.3842564518009	7.830468962533251	11.296978740081668	2516.109057661226	0.0003974390525542323	0.9711403754553096	0.028859624544690377	3.858389269456033	31.283681121698333	129.86277494212777	123.49657453771574	0.8179916317991632	0.8826574633304572	0.9318647540983607	0.9009135561708227	0.0990864438291773	90.09135561708227	9.90864438291773	high
30.5	2403	1516.6163683556272	7.832866507486152	11.300437666295526	2522.148779592648	0.0003964873159312631	0.97198094704399	0.028019052956010038	4.329235226686745	32.10176720055874	133.97078471151406	127.84764226673933	0.895397489539749	0.8869715271786023	0.9441598360655737	0.9246274499569788	0.07537255004302124	92.46274499569788	7.537255004302123	high
30.75	2422	1526.654254889403	7.837374219741875	11.306940920412613	2533.5435634659766	0.00039470408735816834	0.9733818996917905	0.026618100308209547	4.788841146763162	32.969312226330985	138.2714780372631	132.42030671756982	0.9330543933054394	0.8895599654874892	0.9533811475409836	0.9373443515064257	0.0626556484935743	93.73443515064257	6.26556484935743	high
31.0	2443	1538.1296075524156	7.844663131273792	11.317456596933187	2552.077803522836	0.00039183758372084913	0.9775847576351919	0.022415242364808075	5.158438891412535	33.980016823879104	142.3977176952704	136.7986758511848	0.9476987447698745	0.8938740293356342	0.9574795081967213	0.9441592599843555	0.05584074001564454	94.41592599843554	5.5840740015644545	high
31.25	2471	1551.0451974559214	7.855536290808871	11.33314325027324	2579.9783613552195	0.00038760015005502476	0.9806668534603531	0.019333146539646906	5.366724050057316	35.21680364817213	146.05587277753503	140.65110312912145	0.9623430962343096	0.899913718723037	0.9595286885245902	0.9506130892355724	0.04938691076442758	95.06130892355725	4.938691076442758	high
31.5	2492	1565.8536833791497	7.870356952250512	11.35452494503779	2618.500100893347	0.0003818980185102275	0.9843093303446343	0.015690669655365697	5.365856364743201	36.71417597742719	149.04129316385698	143.75548646533372	0.9602510460251046	0.910267471958585	0.9620901639344263	0.9542295030656877	0.045770496934312344	95.42295030656877	4.577049693431235	high
31.75	2552	1583.6300097337612	7.8894853873732975	11.3821214435294	2669.0700300573753	0.00037466233135085767	0.9871112356402354	0.012888764359764604	5.145365300348875	38.43368402039308	151.26169991075648	146.02544179397097	0.9456066945606695	0.9154443485763589	0.9641393442622951	0.9530754057598897	0.04692459424011031	95.30754057598897	4.69245942401103	high
32.0	2604	1605.904880965062	7.912677149097312	11.415580083158114	2731.6938375632926	0.00036607323494642187	0.9893527598767161	0.010647240123283885	4.73573445343735	40.275845665783066	152.73676345497253	147.50873464280417	0.9267782426778243	0.9163071613459879	0.9651639344262295	0.9494005245816894	0.05059947541831056	94.94005245816895	5.059947541831056	high
32.25	2638	1634.6030137172004	7.939796476309852	11.45470500203989	2806.789202069518	0.00035627898214182747	0.9907537125245167	0.009246287475483284	4.203721200510596	42.09593313108593	153.57378098188417	148.3546997475397	0.8723849372384938	0.9180327868852459	0.9672131147540983	0.9370961378505887	0.06290386214941135	93.70961378505886	6.290386214941135	high
32.5	2665	1671.7054210894423	7.970385529163824	11.498835676897805	2893.9728601153706	0.00034554574225002723	0.9929952367609974	0.007004763239002565	3.639163382284509	43.73581727031835	153.93641516520884	148.7720064341259	0.7928870292887029	0.9197584124245038	0.9682377049180327	0.9184695958480592	0.0815304041519408	91.84695958480592	8.153040415194079	high
32.75	2775	1719.0844180333247	8.004000078957105	11.547331221186289	2992.905934793679	0.00033412343113581235	0.9938358083496778	0.006164191650322226	3.1372608846323073	45.05766278441915	154.00954078407182	148.98216954256753	0.7405857740585774	0.9214840379637619	0.9713114754098361	0.9068042739454633	0.09319572605453674	90.68042739454633	9.319572605453674	high
33.0	2949	1778.234524815629	8.039795904763334	11.598973681561459	3101.9800263695943	0.00032237473855379755	0.994396189408798	0.005603810591201963	2.7784599631767692	45.97700074175171	153.96476230194529	149.1794675960374	0.6882845188284519	0.9232096635030198	0.9692622950819673	0.8937881667055593	0.10621183329444073	89.37881667055592	10.621183329444072	high
33.25	3131	1849.9393202632614	8.076040891816403	11.651264144640006	3216.473627913154	0.00031089948673037915	0.9952367609974783	0.004763239002521735	2.6136952562465714	46.47839245215916	153.93980612492703	149.50369170914382	0.6569037656903766	0.9275237273511648	0.96875	0.8871035635097549	0.11289643649024506	88.71035635097549	11.289643649024505	high
33.5	3251	1933.8928900988221	8.110343611086469	11.700752507619937	3328.721619059769	0.00030041562931371236	0.9957971420565985	0.004202857943401472	2.6580368850663287	46.617691930441296	154.00673585456582	150.01188881543476	0.6631799163179917	0.9301121656600517	0.9707991803278688	0.8899721010906276	0.11002789890937237	88.99721010906276	11.002789890937237	high
33.75	3378	2028.182953008542	8.140204475371466	11.74383262844056	3429.6190689297823	0.00029157757170741747	0.9963575231157187	0.0036424768842813204	2.8948924876784723	46.50874901763987	154.17141296052768	150.68249783349208	0.7112970711297071	0.9283865401207938	0.9718237704918032	0.9019662262145057	0.09803377378549427	90.19662262145057	9.803377378549428	high
34.0	3449	2128.7939519620822	8.16375262635289	11.777805429083566	3511.338652928938	0.0002847916703123645	0.9969179041748389	0.0030820958251610575	3.284042188469914	46.29657101168041	154.37565011190026	151.42271522660434	0.7573221757322176	0.9266609145815358	0.9728483606557377	0.9134373387860825	0.08656266121391754	91.34373387860825	8.656266121391754	high
34.25	3524	2229.459755443081	8.180483521229995	11.8019430081524	3570.5806950717447	0.0002800664892912907	0.9974782852339591	0.0025217147660409056	3.774150008544593	46.1186035617778	154.5048260427387	152.0846542579133	0.8117154811715481	0.9249352890422778	0.9738729508196722	0.9270005015668643	0.07299949843313569	92.70005015668643	7.299949843313569	high
34.5	3595	2322.0823340714005	8.19133265755278	11.81759500332321	3609.5293091635726	0.0002770444327633753	0.9980386662930792	0.0019613337069207537	4.313549544249396	46.07417343399157	154.40761984577512	152.48899589924957	0.891213389121339	0.9240724762726489	0.9733606557377049	0.9466712968561931	0.05332870314380689	94.66712968561932	5.332870314380688	high
34.75	3619	2397.7897515399945	8.198020344952006	11.827243296769089	3633.749611475548	0.0002751978278420599	0.9983188568226394	0.0016811431773605667	4.856083694649644	46.21133313130727	153.92572776113488	152.45676453168002	0.9372384937238494	0.9257981018119068	0.9677254098360656	0.9572702155486154	0.042729784451384645	95.72702155486154	4.272978445138465	high
35.0	3671	2448.5739753062126	8.202396383446526	11.833556585803873	3649.685883092596	0.00027399618269412283	0.9988792378817596	0.0011207621182404148	5.364656147562293	46.52943658451714	152.97033887833436	151.88665366471054	0.9581589958158996	0.9292493528904228	0.9656762295081968	0.9629909540240696	0.037009045975930355	96.29909540240696	3.7009045975930355	high
35.25	3685	2468.8905690296465	8.205518043196063	11.838060188843873	3661.096761786308	0.0002731421934644754	0.9991594284113197	0.0008405715886803389	5.804320165991821	46.99888905517441	151.543807933433	150.77485166654085	0.9748953974895398	0.9327006039689387	0.9646516393442623	0.9678517673035151	0.032148232696484924	96.78517673035151	3.2148232696484924	high
35.5	3668	2456.97057968072	8.207693190314597	11.841198262804983	3669.0688529507697	0.0002725487146952207	0.9997198094704399	0.00028019052956007595	6.1425404746825	47.585504298187246	149.79106816449925	149.2671583028476	0.9811715481171548	0.9361518550474547	0.9626024590163934	0.9699114179128607	0.03008858208713927	96.99114179128607	3.008858208713927	high
35.75	3631	2415.060756686402	8.208149660432309	11.84185680998012	3670.744055552845	0.0002724243327418238	1.0	0.0	6.346088201397709	48.27246642289079	147.9800746180274	147.63630127424338	0.9853556485355649	0.9387402933563417	0.9610655737704918	0.9712903789155996	0.02870962108440045	97.12903789155996	2.870962108440045	high
36.0	3599	2348.8906007165224	8.205582242713753	11.83815280916967	3661.331809977539	0.00027312465843027067	0.9994396189408798	0.0005603810591201519	6.385735877263247	49.064662721375086	146.44969069150397	146.22806470301268	0.9874476987447699	0.9421915444348576	0.9605532786885246	0.9724080352022579	0.027591964797742063	97.2408035202258	2.7591964797742063	high
36.25	3579	2266.396527740856	8.198677421549851	11.828191257918284	3636.1380479145873	0.00027501706118488107	0.9985990473521995	0.0014009526478004908	6.239042579059915	49.985374237059226	145.53617661722035	145.3861276971577	0.9832635983263598	0.9473684210526315	0.9590163934426229	0.9720618650434535	0.027938134956546512	97.20618650434535	2.793813495654651	high
36.5	3570	2176.2355921740773	8.186715684609942	11.810934119354657	3592.9026220242467	0.00027832649676338804	0.9977584757635192	0.0022415242364808297	5.898936854087715	51.05357538915017	145.49019784245712	145.36582872386154	0.9769874476987448	0.9568593615185504	0.9585040983606558	0.9725273458353675	0.027472654164632515	97.25273458353675	2.7472654164632515	high
36.75	3487	2086.4175313380656	8.169680395229982	11.786357391846082	3532.2148704792507	0.00028310848480866057	0.997198094704399	0.0028019052956009816	5.37936391822714	52.277217076361914	146.4215197704364	146.27769149982592	0.9644351464435147	0.9585849870578085	0.9600409836065574	0.9700648029530698	0.02993519704693015	97.00648029530699	2.993519704693015	high
37.0	3382	2003.451713623784	8.148370611127357	11.75561387199881	3457.7404691489705	0.0002892062053014994	0.9966377136452788	0.0033622863547212445	4.716995594736497	53.647768575001855	148.3025785469323	148.08961798169753	0.9246861924686193	0.9603106125970664	0.961577868852459	0.9608030968908559	0.03919690310914414	96.08030968908558	3.9196903109144143	high
37.25	3203	1931.8714506802253	8.12393789056064	11.720364907201782	3374.282170830697	0.0002963593289988001	0.9960773325861586	0.003922667413841396	3.966794197349471	55.14406104875546	151.016808829039	150.67557255536332	0.8347280334728033	0.9672131147540983	0.9636270491803278	0.9404113824983471	0.059588617501652896	94.04113824983472	5.95886175016529	high
37.5	3104	1874.1763354626887	8.09768056711253	11.682483596876176	3286.835632574355	0.00030424399385519865	0.9955169515270383	0.004483048472961659	3.193571027659769	56.7417340164324	154.37261353285533	153.8340146391252	0.7489539748953975	0.9715271786022434	0.9723360655737705	0.9220835426496123	0.07791645735038766	92.20835426496123	7.791645735038766	high
37.75	3000	1830.9070610381723	8.070707605611862	11.643569839081072	3199.3649168656834	0.0003125620321484516	0.9949565704679182	0.005043429532081811	2.4614752341650363	58.41135157612301	158.15956064085057	157.34803619490503	0.6338912133891214	0.9758412424503883	0.9764344262295082	0.8952808631342339	0.10471913686576606	89.52808631342339	10.471913686576606	high
38.0	2937	1800.9641105543542	8.044294319387893	11.605463522032172	3115.9654512213756	0.0003209278201746514	0.9946763799383581	0.005323620061641887	1.8235578378135493	60.11252689476649	162.13101021482407	160.9730939762676	0.5564853556485355	0.9810181190681622	0.9795081967213115	0.8779220128440919	0.12207798715590812	87.79220128440919	12.207798715590812	high
38.25	2853	1781.9430760835767	8.019743378592688	11.570044001497772	3040.3970018654786	0.0003289044158991197	0.9941159988792378	0.00588400112076215	1.3160091384312649	61.79351148209317	166.00069064136335	164.43866706634972	0.4790794979079498	0.9853321829163072	0.9866803278688525	0.8613020018930868	0.1386979981069132	86.13020018930868	13.869799810691319	high
38.5	2821	1770.6447960279609	7.998277843515675	11.539075780492137	2975.828728875156	0.000336040844789476	0.9935556178201177	0.006444382179882302	0.9551708262168542	63.38400736413494	169.43283052228114	167.43866352764863	0.37656903765690375	0.9896462467644521	0.9943647540983607	0.8385339140849586	0.1614660859150414	83.85339140849585	16.14660859150414	high
38.75	2818	1763.7464310868163	7.981031354283333	11.514194356003893	2924.946164751256	0.00034188663437675345	0.9932754272905576	0.006724572709442378	0.743386721318919	64.80136382174233	172.0773305700265	169.66518766132995	0.3075313807531381	0.99137187230371	0.9984631147540983	0.822660448775376	0.17733955122462397	82.26604487753761	17.733955122462397	high
39.0	2771	1758.34596875021	7.968513021263938	11.496134219036614	2888.5589434555004	0.0003461933855515265	0.9927150462314374	0.007284953768562641	0.6692917732710048	65.97283739773965	173.6580963046721	170.88738980663413	0.2803347280334728	0.993960310612597	0.9994877049180327	0.816624447448885	0.18337555255111504	81.66244474488849	18.337555255111504	high
39.25	2741	1752.379847935727	7.96034031538532	11.484343496794889	2865.0478064663694	0.0003490343154983366	0.9924348557018773	0.007565144298122717	0.7163700410256578	66.85148871273105	174.04406372582633	171.01403391878068	0.29497907949790797	0.9956859361518551	1.0	0.8207749678379102	0.17922503216208985	82.07749678379102	17.922503216208984	high
39.5	2749	1744.8392385940624	7.95557172049163	11.477463868589753	2851.4180772825257	0.0003507026935008512	0.9921546651723172	0.007845334827682793	0.8663865206150998	67.42470111951327	173.33445307757603	170.16876975405182	0.3472803347280335	0.997411561691113	0.9989754098360656	0.8339554928568823	0.1660445071431177	83.39554928568823	16.60445071431177	high
39.75	2736	1735.5591942943802	7.952533471103226	11.473080601264119	2842.7679053969723	0.00035176983604658964	0.991874474642757	0.00812552535724298	1.1001685514862116	67.70725365998655	171.84054303183856	168.6677993300906	0.4330543933054393	0.999137187230371	0.9979508196721312	0.8555042187126747	0.14449578128732532	85.55042187126747	14.449578128732533	high
40.0	2750	1725.0404281178012	7.94991262240948	11.46929951585073	2835.327195591868	0.0003526929807447681	0.9915942841131969	0.008405715886803056	1.4019132608740448	67.73082789913062	170.0220578260692	166.9570418367385	0.49581589958158995	1.0	0.9953893442622951	0.8706998819892705	0.1293001180107295	87.06998819892705	12.930011801072949	high
40.25	2759	1713.9772632794366	7.9466104477581085	11.464535484857048	2825.979891707075	0.0003538595596290444	0.9913140935836369	0.008685906416363132	1.7573005558248933	67.52948668332657	168.37506873957554	165.50429788245793	0.5460251046025104	0.998274374460742	0.992827868852459	0.882110360374837	0.11788963962516297	88.21103603748371	11.788963962516297	high
40.5	2727	1703.0191672268786	7.942190126878671	11.458158309845146	2813.515721896944	0.0003554271946011286	0.9910339030540768	0.008966096945923208	2.153317499534332	67.12702924246393	167.27634688178875	164.654288330309	0.5983263598326359	0.996548748921484	0.9912909836065574	0.8942999988536885	0.1057000011463115	89.42999988536884	10.570000114631151	high
40.75	2724	1692.6191278935685	7.936824098180217	11.45041676685262	2798.4587499908916	0.0003573395534249897	0.9904735219949565	0.00952647800504347	2.5731449344978636	66.54470150903379	166.91617589974632	164.56357102839604	0.6506276150627615	0.994823123382226	0.9902663934426229	0.9065476634706418	0.09345233652935825	90.65476634706417	9.345233652935825	high
41.0	2706	1682.8891308332225	7.930533741021835	11.4413416997748	2780.9106945910153	0.00035959443140156955	0.9901933314653965	0.009806668534603546	2.9985958255744514	65.8027102674599	167.25718553520542	165.1649141930856	0.7217573221757322	0.9930974978429681	0.9907786885245902	0.9239567100021717	0.07604328999782828	92.39567100021718	7.604328999782828	high
41.25	2684	1673.7353377238087	7.923534719715601	11.431244246445221	2761.5149960195085	0.00036212006867296245	0.9899131409358364	0.010086859064163622	3.4043431548220062	64.93562584561192	168.09273312127732	166.22592901465234	0.7782426778242678	0.9922346850733391	0.9923155737704918	0.9381765194009839	0.0618234805990161	93.81765194009839	6.18234805990161	high
41.5	2651	1664.840959598062	7.915889504249645	11.420214532005957	2740.483117923798	0.0003648991644792924	0.9896329504062763	0.010367049593723698	3.7622656751347088	63.985526154681715	169.1326373578649	167.43460121440557	0.8096234309623431	0.9905090595340811	0.9938524590163934	0.9459044749797735	0.05409552502022652	94.59044749797735	5.4095525020226525	high
41.75	2605	1655.7096774094425	7.907582830836211	11.408230535466114	2717.813106213926	0.00036794288676937723	0.989072569347156	0.010927430652843961	4.046181422106538	62.99201564285929	170.0772233035751	168.47391072275306	0.8577405857740585	0.9887834339948232	0.9959016393442623	0.957874557115075	0.042125442884925035	95.78745571150749	4.212544288492504	high
42.0	2594	1645.7691427380305	7.89883427428537	11.395609036315278	2694.139868877551	0.00037117597774039327	0.988792378817596	0.011207621182404037	4.23866202790277	61.98263284850368	170.7034102222218	169.10995820812886	0.8807531380753139	0.9861949956859362	0.9969262295081968	0.9631666855217607	0.03683331447823934	96.31666855217607	3.6833314478239343	high
42.25	2607	1634.4819577931623	7.890084419728138	11.38298566453706	2670.6693683425797	0.0003744379637006887	0.9876716166993555	0.012328383300644452	4.333541143422993	60.965155801069734	170.8882581899366	169.2183979021554	0.897489539748954	0.9827437446074202	0.9974385245901639	0.9663358564114735	0.03366414358852654	96.63358564114735	3.366414358852654	high
42.5	2562	1621.5056169253135	7.881897331224289	11.371174192553237	2648.893623467381	0.0003775161037576918	0.985990473521995	0.014009526478005019	4.339337252912666	59.93769667211879	170.61923676681343	168.7970727287356	0.899581589958159	0.9801553062985332	0.9964139344262295	0.9655353260512292	0.03446467394877084	96.55353260512291	3.446467394877084	high
42.75	2551	1606.8100538824006	7.874607479011875	11.360657158917574	2629.653793388255	0.0003802781957512059	0.9851499019333146	0.014850098066685358	4.27465829466003	58.89162132394896	169.9667872944447	167.9391535049922	0.8870292887029289	0.9775668679896462	0.9948770491803278	0.9611557769515544	0.03884422304844559	96.11557769515544	3.884422304844559	high
43.0	2536	1590.753589896618	7.868157283742772	11.351351494190073	2612.746598902345	0.00038273899214723517	0.9840291398150742	0.015970860184925773	4.162794116703647	57.83682181389253	169.04518309240223	166.79174876826266	0.8682008368200836	0.9749784296807593	0.9933401639344263	0.955137142562586	0.04486285743741403	95.5137142562586	4.486285743741403	high
43.25	2512	1574.0814607894615	7.862332111588588	11.342947547210908	2597.5711429022435	0.0003849750189643348	0.9823479966377137	0.01765200336228634	4.026023013615152	56.80497024728773	167.97089943346933	165.51161138766275	0.8493723849372385	0.9723899913718723	0.9918032786885246	0.9489784129088373	0.05102158709116267	94.89784129088373	5.102158709116267	high
43.5	2491	1557.7053128693292	7.856597403604628	11.334674112441503	2582.7174623978017	0.0003871890807102057	0.9809470439899132	0.01905295601008683	3.881775402023803	55.852972577313494	166.8393650451558	164.2319837105958	0.8242677824267782	0.9698015530629853	0.9892418032786885	0.9410645456895914	0.058935454310408586	94.10645456895914	5.893545431040859	high
43.75	2479	1542.519190546027	7.8505591877646	11.325962808393276	2567.1694452877277	0.0003895340846454801	0.9801064724012328	0.01989352759876717	3.7410237860298157	55.04611808185007	165.67295695427222	163.0073791838266	0.803347280334728	0.9663503019844694	0.9851434426229508	0.9337368743358452	0.06626312566415482	93.37368743358452	6.626312566415482	high
44.0	2445	1529.2477728122549	7.844353132443935	11.317009363158672	2551.286785003783	0.0003919590717428959	0.9770243765760718	0.022975623423928226	3.6081210767360004	54.434576844946974	164.42643690773494	161.8114964584729	0.7907949790794979	0.9646246764452114	0.9815573770491803	0.9285003522874904	0.0714996477125096	92.85003522874904	7.149964771250961	high
44.25	2421	1518.3223157079694	7.838416138115786	11.308444090883665	2536.1846847333113	0.0003942930520870776	0.9739422807509106	0.026057719249089395	3.4825338162223654	54.05688037088772	163.02162716291417	160.56315849176593	0.7845188284518828	0.9628990509059534	0.9800204918032787	0.9253451629780064	0.0746548370219936	92.53451629780064	7.465483702199361	high
44.5	2445	1509.9404334325914	7.833365282846727	11.301157247034746	2523.4070790379074	0.0003962896071375322	0.97226113757355	0.02773886242644996	3.355694967126069	53.92007548869381	161.37969669122714	159.16098108482305	0.7698744769874477	0.9611734253666955	0.9789959016393442	0.9205762353917594	0.07942376460824063	92.05762353917594	7.942376460824063	high
44.75	2438	1504.2258264018424	7.8299390705447385	11.296214267537634	2514.776144810456	0.0003976497081315252	0.9705799943961894	0.02942000560381064	3.2184060234583827	54.01240764041377	159.5006968682663	157.56395987851835	0.7531380753138075	0.9620362381363244	0.9774590163934426	0.9158033310599409	0.08419666894005906	91.5803331059941	8.419666894005907	high
45.0	2399	1501.2389927709019	7.828244946634571	11.293770163373784	2510.5194091517333	0.00039832394697075253	0.9686186606892687	0.03138133931073128	3.0594087386793887	54.317933486565266	157.48807069927784	155.824242023877	0.7322175732217573	0.9637618636755824	0.975922131147541	0.9101300571835373	0.08986994281646266	91.01300571835374	8.986994281646265	high
45.25	2401	1501.006604580939	7.827778342553698	11.29309699598025	2509.3482638021587	0.0003985098499180828	0.9680582796301485	0.031941720369851545	2.8705036135763335	54.815904882471344	155.5544227786474	154.1014250415409	0.7071129707112971	0.9654874892148404	0.9748975409836066	0.9038890701349731	0.0961109298650269	90.38890701349732	9.61109298650269	high
45.5	2414	1503.4751504445512	7.8278351377347235	11.293178934106262	2509.490786738328	0.0003984872171217391	0.9683384701597086	0.03166152984029136	2.6528694419325385	55.491829820173024	153.98909227234114	152.64311792535787	0.6610878661087866	0.9680759275237274	0.9702868852459017	0.8919472872595311	0.1080527127404689	89.19472872595311	10.805271274046891	high
45.75	2430	1508.3340959698858	7.827610532773575	11.292854897642654	2508.9272059515606	0.0003985767293797311	0.9677780891005884	0.03222191089941162	2.4188416665021073	56.33798568140472	153.08203706595756	151.71495750066424	0.6276150627615062	0.9706643658326143	0.9667008196721312	0.8831895843417099	0.11681041565829009	88.318958434171	11.681041565829009	high
46.0	2444	1514.9371568136985	7.826632661763722	11.291444127986109	2506.474997937998	0.0003989666766365793	0.9672177080414682	0.03278229195853177	2.1956427014113076	57.33934928641368	153.0540616296247	151.5366659724354	0.602510460251046	0.9732528041415013	0.9661885245901639	0.8772923742560449	0.1227076257439551	87.7292374256045	12.27076257439551	high
46.25	2445	1522.3007010649058	7.824924153421266	11.288979271473131	2502.1963206126047	0.00039964889715574884	0.9655365648641075	0.03446343513589245	2.016071570077219	58.46476417560961	153.98493723020033	152.21050916119827	0.5815899581589958	0.9767040552200172	0.9697745901639344	0.8734012921017638	0.12659870789823624	87.34012921017637	12.659870789823625	high
46.5	2441	1529.1874304518565	7.822799143554037	11.28591353027584	2496.884774284502	0.00040049905798578806	0.9649761838049874	0.0350238161950126	1.9174384427374807	59.64460572326754	155.7814357865942	153.6873726425713	0.5627615062761506	0.9784296807592753	0.9754098360655737	0.8703943017264968	0.1296056982735032	87.03943017264967	12.960569827350321	high
46.75	2402	1534.3417838173743	7.820824883092296	11.283065274498263	2491.9601362557487	0.0004012905284682975	0.9644158027458671	0.035584197254132865	1.9287940907088887	60.765684779306525	158.19289614598247	155.77397024803335	0.5669456066945606	0.9818809318377912	0.9769467213114754	0.8725472656474236	0.12745273435257642	87.25472656474236	12.745273435257642	high
47.0	2394	1536.7632507627343	7.81971393540992	11.281462515786213	2489.193236143013	0.000401736588979927	0.963855421686747	0.03614457831325302	2.0662932760546773	61.6660077043775	160.85173222264157	158.16261252431337	0.5899581589958159	0.9844693701466781	0.9784836065573771	0.8791916393466545	0.12080836065334555	87.91916393466545	12.080836065334555	high
47.25	2395	1535.9618009132928	7.820154085008372	11.282097517429149	2490.289094699531	0.00040155980369044515	0.9641356122163071	0.03586438778369294	2.3279677842319804	62.15283687270713	163.34837545776037	160.49214996286258	0.6171548117154811	0.9879206212251941	0.9810450819672131	0.8875640317810488	0.11243596821895119	88.75640317810488	11.24359682189512	high
47.5	2413	1532.1036799254339	7.822438742669789	11.285393581707403	2495.985056943185	0.00040064342421372215	0.9646959932754273	0.03530400672457268	2.697211973687392	62.05299877978295	165.307664402299	162.41651554959884	0.6778242677824268	0.9870578084555651	0.9846311475409836	0.9035523042636008	0.09644769573639922	90.35523042636008	9.644769573639921	high
47.75	2425	1526.112999736893	7.826571088484782	11.291355296521932	2506.3206708050557	0.0003989912430793582	0.9669375175119082	0.03306248248809185	3.150084301229348	61.26607022146262	166.49128462754987	163.6961888296364	0.7447698744769874	0.9836065573770492	0.9882172131147541	0.9208827906201746	0.07911720937982536	92.08827906201746	7.911720937982536	high
48.0	2453	1519.497628356117	7.831906588501141	11.299052795936197	2519.7288827343805	0.00039686809436212503	0.9717007565144298	0.028299243485570225	3.6640462592393246	59.80120631917417	166.84563517356926	164.24718093930386	0.799163179916318	0.9792924935289042	0.9897540983606558	0.934977632080077	0.065022367919923	93.4977632080077	6.502236791992299	high
48.25	2474	1514.0695668440499	7.837380566059104	11.306950076213006	2533.559642188164	0.00039470158244876686	0.9736620902213505	0.02633790977864947	4.225872560482508	57.80786659830036	166.51534616626455	164.16172993708622	0.8786610878661087	0.9741156169111302	0.9887295081967213	0.9537920757988276	0.04620792420117237	95.37920757988276	4.620792420117237	high
48.5	2457	1511.5083870418166	7.841769667162348	11.313282210608616	2544.704130861785	0.0003929729935485041	0.9756234239282712	0.024376576071728828	4.8299605489325845	55.55078980211348	165.8061203316264	163.68247325183694	0.9351464435146444	0.9689387402933564	0.9861680327868853	0.9664691601307893	0.03353083986921068	96.64691601307894	3.3530839869210682	high
48.75	2452	1512.9045724163884	7.844025175610361	11.316536221461249	2550.4502102559354	0.0003920876384799729	0.9764639955169515	0.02353600448304849	5.469957436779168	53.35138616415523	165.07698869015675	163.11297128776505	0.9707112970711297	0.9594477998274374	0.9836065573770492	0.972557412448142	0.027442587551858022	97.2557412448142	2.744258755185802	high
49.0	2470	1518.5457921477964	7.8441357512740275	11.316695748422863	2550.732243573306	0.00039204428552606755	0.9767441860465116	0.023255813953488413	6.123386674534498	51.518221482094916	164.63520480791587	162.72378251801956	0.9790794979079498	0.9577221742881795	0.9820696721311475	0.9739038825934472	0.02609611740655282	97.39038825934472	2.609611740655282	high
49.25	2472	1527.7619521607162	7.842682253697072	11.314598794676646	2547.0274535417225	0.00039261453527305657	0.9761838049873914	0.023816195012608565	6.741468852939708	50.271707997641016	164.6463671659748	162.67178168862554	0.9916317991631799	0.9499568593615185	0.9825819672131147	0.9750886076813011	0.024911392318698877	97.5088607681301	2.4911392318698877	high
49.5	2463	1539.1707398258	7.840830655692303	11.311927503417445	2542.3157460309053	0.0003933421730016078	0.975063042869151	0.02493695713084898	7.248511011926584	49.68749537904862	165.06793839172389	162.9347649458685	0.9937238493723849	0.9439171699741156	0.983094262295082	0.9739495811276834	0.026050418872316627	97.39495811276834	2.6050418872316627	high
49.75	2465	1551.0292916533424	7.839713867336391	11.310316318394648	2539.4781022273955	0.0003937816983430148	0.9745026618100309	0.025497338189969132	7.553631372919453	49.69126674211974	165.68203269196948	163.3382580140513	0.997907949790795	0.9447799827437446	0.985655737704918	0.9757115830123722	0.024288416987627848	97.57115830123722	2.4288416987627848	high
50.0	2453	1561.6698724907678	7.840037065671593	11.310782595030068	2540.2989899699483	0.0003936544493181214	0.9747828523395909	0.025217147660409056	7.576621394113002	50.079267888620265	166.1439472277685	163.59293890236873	1.0	0.9482312338222606	0.9877049180327869	0.9776797510486597	0.022320248951340327	97.76797510486597	2.2320248951340327	high
50.25	2457	1569.8360974434995	7.841842304154568	11.313387003637077	2544.888977229202	0.00039294445020889273	0.9759036144578314	0.02409638554216864	7.273164163340498	50.58264299407662	166.07942408395712	163.37796745788754	0.99581589958159	0.9516824849007766	0.9871926229508197	0.9776486554727545	0.02235134452724552	97.76486554727545	2.235134452724552	high
50.5	2479	1574.8308887326612	7.844489457995085	11.317206039355261	2551.634614289361	0.0003919056413484591	0.9773045671056318	0.02269543289436815	6.653375688351504	50.935204225135564	165.1523704213637	162.39898554059394	0.9895397489539749	0.9551337359792925	0.9841188524590164	0.9765242261244789	0.023475773875521133	97.6524226124479	2.3475773875521133	high
50.75	2488	1576.5443740016615	7.847172125016218	11.321076309763008	2558.488990212476	0.000390855697962942	0.9787055197534323	0.02129448024656766	5.783386904059923	50.950726558559175	163.1320004773525	160.44487193413204	0.9728033472803347	0.9559965487489215	0.9805327868852459	0.9720095506669837	0.02799044933301631	97.20095506669837	2.799044933301631	high
51.0	2505	1575.2558769844948	7.848968918176508	11.323668534344861	2563.090198202386	0.0003901540416725663	0.9792659008125525	0.020734099187447508	4.769899246401975	50.56471542497017	159.91676953692047	157.4109177165937	0.9309623430962343	0.9508196721311475	0.9779713114754098	0.959754806878836	0.040245193121164036	95.97548068788359	4.024519312116404	high
51.25	2519	1571.4618552581069	7.849274432851987	11.324109298852091	2563.8733795031103	0.0003900348620936204	0.9795460913421127	0.02045390865788732	3.734217872207519	49.84341864590168	155.54454358093827	153.31019082280048	0.801255230125523	0.9456427955133736	0.9743852459016393	0.9252073407206621	0.07479265927933787	92.52073407206622	7.4792659279337865	high
51.5	2501	1565.70142467932	7.847927975605083	11.322166771659216	2560.4235566518205	0.00039056038107525704	0.9789857102829924	0.021014289717007584	2.785370125988094	48.94163658350838	150.1882373521217	148.27801735414272	0.6903765690376569	0.9413287316652287	0.9631147540983607	0.8934514412710597	0.10654855872894031	89.34514412710597	10.654855872894032	high
51.75	2478	1558.4312058059209	7.845070541420245	11.318044365531083	2553.1177577440967	0.0003916779776282578	0.9781451386943121	0.021854861305687923	2.0013059502745207	48.04951308163419	144.12611984250378	142.5491742751555	0.5774058577405857	0.9378774805867127	0.9579918032786885	0.8628550700750748	0.13714492992492522	86.28550700750748	13.714492992492522	high
52.0	2458	1550.0115352116209	7.841064963555687	11.31226553820999	2542.9115003936467	0.00039325002063390663	0.9753432333987111	0.024656766601288904	1.420240787175961	47.34532791192423	137.7301621784746	136.45319820148342	0.502092050209205	0.9352890422778257	0.9523565573770492	0.8412702208156977	0.1587297791843023	84.12702208156976	15.87297791843023	high
52.25	2450	1540.7262731616993	7.8362892233328925	11.30537560147399	2530.7961685239616	0.00039513257228583165	0.9731017091622303	0.026898290837769734	1.0454953554492077	46.94002349936929	131.40122193106313	130.35984389442243	0.41631799163179917	0.9318377911993098	0.9364754098360656	0.8144332254573512	0.1855667745426488	81.44332254573511	18.55667745426488	high
52.5	2436	1530.8220700724282	7.83100110744709	11.297746462909897	2517.448348615754	0.0003972276136469138	0.9714205659848697	0.0285794340151303	0.853587208027847	46.88880621532975	125.55151221567351	124.66303843543805	0.3368200836820084	0.9309749784296808	0.9277663934426229	0.7917455053847955	0.2082544946152045	79.17455053847955	20.82544946152045	high
52.75	2435	1520.5287421332143	7.8252842388071056	11.289498764873578	2503.0974871788767	0.00039950501533484134	0.9660969459232278	0.03390305407677219	0.8053367950306157	47.18338256863965	120.53167436757464	119.71093916278431	0.32426778242677823	0.9335634167385677	0.9226434426229508	0.7866428969278811	0.21335710307211886	78.66428969278812	21.335710307211887	high
53.0	2410	1510.029615854803	7.819004190508361	11.280438570336436	2487.427170736759	0.00040202182068462607	0.9635752311571869	0.03642476884281309	0.8565340962791	47.77030142601666	116.58975454790637	115.76421432741184	0.3389121338912134	0.9370146678170836	0.9190573770491803	0.7896398524786661	0.21036014752133392	78.9639852478666	21.03601475213339	high
53.25	2391	1499.4416959137156	7.8120322072890955	11.270380124720841	2470.1451851044485	0.00040483450366813787	0.9632950406276268	0.03670495937237317	0.9658241846207347	48.56018839175922	113.83114865337585	112.95282261921763	0.38284518828451886	0.9396031061259706	0.9185450819672131	0.8010721042513324	0.19892789574866765	80.10721042513323	19.892789574866764	high
53.5	2379	1488.785280748653	7.8044011858498585	11.259370887933537	2451.3671929930942	0.00040793562174543514	0.9627346595685066	0.03726534043149343	1.1001520856329619	49.42710686670171	112.18461436051743	111.23671324524166	0.4309623430962343	0.9430543572044866	0.9175204918032787	0.8135679629181265	0.1864320370818735	81.35679629181266	18.64320370818735	high
53.75	2355	1477.978450222458	7.796345717044776	11.247749303036409	2431.6996032213974	0.00041123500562127355	0.9624544690389465	0.03754553096105351	1.237483255734202	50.21411355568378	111.40308606395563	110.39954515054741	0.45397489539748953	0.9490940465918896	0.9170081967213115	0.8206329019374092	0.17936709806259077	82.06329019374093	17.936709806259078	high
54.0	2344	1466.8783583219529	7.788211534735949	11.236014158557778	2411.999944255963	0.00041459370775751535	0.9618940879798262	0.03810591202017377	1.3694731040805117	50.75963999386144	111.11917988110105	110.09863294374738	0.4895397489539749	0.9534081104400345	0.9164959016393442	0.830334462253295	0.169665537746705	83.0334462253295	16.9665537746705	high
54.25	2312	1455.3951892638825	7.780475947195471	11.224854064774767	2393.4136880279043	0.00041781327022658076	0.9613337069207061	0.03866629307929392	1.5023909829740794	50.92652319356255	110.9117795052058	109.9253370908024	0.5104602510460251	0.9542709232096636	0.9159836065573771	0.8355121219334429	0.16448787806655707	83.5512121933443	16.44878780665571	high
54.5	2281	1443.5633485295766	7.773452798867925	11.214721803511189	2376.6632778459007	0.0004207579632005567	0.961053516391146	0.038946483608854	1.643997545492446	50.63740754409386	110.3996245170469	109.49692354316005	0.5271966527196653	0.9525452976704055	0.9154713114754098	0.8390666945641567	0.16093330543584328	83.90666945641567	16.09333054358433	high
54.75	2290	1431.5858430369503	7.767136768720977	11.205609698140082	2361.6995064941925	0.0004234238933658595	0.9604931353320257	0.03950686466797426	1.8036203327970814	49.889522464467944	109.34195908214487	108.55880043439804	0.5523012552301255	0.9465056082830026	0.9149590163934426	0.8435647538096491	0.15643524619035087	84.35647538096491	15.643524619035087	high
55.0	2277	1419.8073185061874	7.761183861322376	11.19702146815725	2347.68229101568	0.00042595201396155224	0.9602129448024657	0.03978705519753434	1.979813730406975	48.75038030618046	107.69156555974664	107.04279194896466	0.5753138075313807	0.9404659188955996	0.9139344262295082	0.8474817743647385	0.15251822563526152	84.74817743647385	15.25182256352615	high
55.25	2245	1408.6384650727293	7.755165782445712	11.188339215606206	2333.596181981961	0.00042852315568612387	0.9596525637433455	0.04034743625665449	2.1605184608928387	47.33594676447103	105.60263987801538	105.07935343141263	0.600418410041841	0.9344262295081968	0.913422131147541	0.8519798336102311	0.1480201663897689	85.1979833610231	14.80201663897689	high
55.5	2241	1398.382216858106	7.748515447092548	11.178744809771949	2318.12847452123	0.00043138247555780224	0.9590921826842252	0.04090781731577475	2.323821090794535	45.75481070982723	103.37004944164327	102.94133162221287	0.6150627615062761	0.9223468507333908	0.9123975409836066	0.8522248339768748	0.14777516602312524	85.22248339768748	14.777516602312524	high
55.75	2255	1389.1593006514363	7.74098330147941	11.167878220648621	2300.7335859568925	0.00043464397881777886	0.9585318016251051	0.041468198374894905	2.44578076639635	44.07940086556676	101.32471935514455	100.94468715522316	0.6297071129707112	0.9206212251941329	0.9113729508196722	0.8550582726524054	0.14494172734759458	85.50582726524054	14.49417273475946	high
56.0	2235	1380.7908926542093	7.732420569691886	11.155524809962298	2281.1171264435466	0.0004383816983387802	0.9579714205659848	0.04202857943401517	2.5045720935304012	42.321770759261696	99.72155614855461	99.3366087896828	0.6380753138075314	0.9188955996548749	0.9108606557377049	0.856450747441524	0.14354925255847595	85.64507474415241	14.354925255847595	high
56.25	2193	1372.8365588239567	7.722953859830309	11.141867234591466	2259.6243459183997	0.0004425514363953097	0.9574110395068647	0.04258896049313532	2.4910190860341865	40.44452487473484	98.66560601073076	98.222368917793	0.6359832635983264	0.917169974115617	0.9098360655737705	0.8551000856986446	0.1448999143013554	85.51000856986445	14.48999143013554	high
56.5	2168	1364.6861165543091	7.712973598474495	11.127468761026657	2237.184866572328	0.0004469903292042809	0.9568506584477444	0.04314934155225558	2.409277031399248	38.38739566026189	98.0731510692076	97.52683512096837	0.6255230125523012	0.91458153580673	0.9093237704918032	0.8515697443246448	0.14843025567535517	85.15697443246448	14.843025567535516	high
56.75	2140	1355.669844849865	7.702918370477233	11.11296213346	2214.8021827494226	0.0004515075918692724	0.9562902773886243	0.043709722611375734	2.2743967651869084	36.11111452671201	97.70199848061144	97.02431984288438	0.604602510460251	0.9042277825711821	0.9088114754098361	0.8434830114574734	0.1565169885425266	84.34830114574734	15.651698854252661	high
57.0	2114	1345.2160565423565	7.6932040259864864	11.098947296837713	2193.390997559947	0.00045591506535426506	0.9560100868590642	0.04398991314093581	2.1107648790148636	33.62679373422559	97.24397157821204	96.4268989083576	0.5941422594142259	0.8930112165660051	0.9077868852459017	0.8377376120212993	0.16226238797870074	83.77376120212993	16.226238797870074	high
57.25	2102	1333.0340392700466	7.684367087193877	11.086198289064976	2174.0935264323743	0.00045996181297727865	0.9554497057999439	0.04455029420005607	1.9496475618547786	31.029531801677738	96.42710135731247	95.48321053047442	0.5690376569037657	0.8809318377911993	0.9067622950819673	0.8280453738942191	0.17195462610578094	82.80453738942191	17.195462610578094	high
57.5	2077	1319.1729931986838	7.6766662623635025	11.07508834727144	2157.4155126725686	0.0004635175718937969	0.9548893247408238	0.045110675259176225	1.8265554929693126	28.486359575983137	95.11101911985631	94.06952164403236	0.5585774058577406	0.8723037100949094	0.9052254098360656	0.8227489626323848	0.17725103736761516	82.27489626323849	17.725103736761515	high
57.75	2085	1304.0917347638106	7.670172235833324	11.06571944740095	2143.450592455639	0.00046653746231414296	0.9543289436817035	0.04567105631829649	1.7790711491597637	26.19955265956321	93.32808611132346	92.22356657765891	0.5502092050209205	0.8524590163934426	0.9031762295081968	0.8150433486510659	0.18495665134893413	81.50433486510659	18.495665134893414	high
58.0	2060	1288.59350076853	7.664611863026386	11.057697525126887	2131.565282068906	0.00046913881006233873	0.952927991033903	0.04707200896609698	1.8421142918112379	24.361096452588207	91.26559508547898	90.12443687315904	0.5606694560669456	0.8265746333045729	0.9016393442622951	0.8104528561669292	0.1895471438330708	81.04528561669292	18.95471438330708	high
58.25	2042	1273.7030807032093	7.659548602197815	11.05039278383878	2120.79988807054	0.0004715202059491711	0.9523676099747829	0.04763239002521713	2.041289796960368	23.090622216974452	89.20162482281609	88.02905032861914	0.5857740585774058	0.814495254529767	0.9001024590163934	0.8131848455245873	0.18681515447541275	81.31848455245873	18.681515447541276	high
58.5	2037	1260.460828032441	7.65451724432081	11.043134068780686	2110.1561834450827	0.0004738985710372302	0.9520874194452228	0.04791258055477721	2.3820002325571172	22.409226773381295	87.41546911041556	86.18733747514962	0.6213389121338913	0.808455565142364	0.8995901639344263	0.8203680151639761	0.17963198483602394	82.0368015163976	17.963198483602394	high
58.75	2016	1249.6692705125904	7.648931241831279	11.035075170690646	2098.401706584539	0.0004765531770499981	0.9515270383861025	0.04847296161389747	2.843493059598203	22.22472929845681	86.1006358137336	84.76530712178139	0.698744769874477	0.8058671268334772	0.8985655737704918	0.8386761272161372	0.16132387278386284	83.86761272161371	16.132387278386283	high
59.0	2008	1241.7995456861795	7.642674666328114	11.026048840239284	2085.3138830426606	0.00047954411474061164	0.9512468478565425	0.048753152143457545	3.374715195193959	22.35615697673613	85.31766288547261	83.80681467423342	0.7719665271966527	0.8075927523727351	0.8980532786885246	0.8572148515286138	0.14278514847138624	85.72148515286138	14.278514847138624	high
59.25	2027	1236.8073381814852	7.635441068999368	11.015612965245314	2070.283987750367	0.00048302552013003306	0.9506864667974222	0.04931353320257781	3.9017788825318593	22.585103850863888	84.98858400564623	83.23589162620335	0.8263598326359832	0.811044003451251	0.8975409836065574	0.8714078216228035	0.1285921783771965	87.14078216228035	12.85921783771965	high
59.5	2007	1234.1988365540412	7.627158614806449	11.003663909654799	2053.207769570502	0.00048704277025465566	0.9504062762678621	0.049593723732137884	4.342029225451868	22.70880268360537	84.93205947102356	82.89426207820473	0.9016736401673641	0.8119068162208801	0.8970286885245902	0.8902538552951742	0.1097461447048258	89.02538552951742	10.97461447048258	high
59.75	1976	1233.0340815201685	7.617677803146012	10.989985989688686	2033.8336795776806	0.0004916822894818258	0.949845895208742	0.050154104791258036	4.620003242577315	22.580593562830913	84.92679731822955	82.60088739291007	0.9184100418410042	0.8101811906816221	0.8965163934426229	0.8937383802934978	0.10626161970650216	89.37383802934978	10.626161970650216	high
60.0	1950	1231.9873919237798	7.606745737599029	10.97421435293738	2011.720766613706	0.0004970868803443742	0.9495657046791819	0.05043429532081811	4.690650717835967	22.14269713032504	84.76872841767775	82.19997478281141	0.9225941422594143	0.8050043140638481	0.8960040983606558	0.893292064840775	0.10670793515922505	89.32920648407749	10.670793515922504	high
60.25	1921	1229.54845662548	7.594664001196204	10.956784091743696	1987.5619208666444	0.0005031289790277156	0.9490053236200616	0.050994676379938375	4.545197064138506	21.42176849171562	84.31656955202934	81.59426042031455	0.9142259414225942	0.7972389991371872	0.8954918032786885	0.8889905168646328	0.11100948313536718	88.89905168646328	11.100948313536719	high
60.5	1900	1224.173618438018	7.581984413927064	10.938491314069989	1962.5195549782818	0.0005095490628173978	0.9487251330905015	0.05127486690949845	4.218491895533189	20.512092903259045	83.51310966393784	80.75724018135473	0.8765690376569037	0.7799827437446074	0.8944672131147541	0.8749360319016917	0.12506396809830833	87.49360319016917	12.506396809830832	high
60.75	1875	1214.6217418678048	7.569665044209795	10.920718220472008	1938.490864062573	0.0005158652117164276	0.9481647520313813	0.051835247968618714	3.7787790697275287	19.55612315464639	82.37159673457822	79.71105486759546	0.8138075313807531	0.7592752372735116	0.8939549180327869	0.8538006096796082	0.14619939032039175	85.38006096796083	14.619939032039175	high
61.0	1888	1200.2926882770887	7.558842791455135	10.905105010091612	1917.6251367078692	0.000521478354062867	0.9478845615018212	0.05211543849817879	3.312059512913397	18.708757715035404	80.96431627668777	78.51506533259742	0.7615062761506276	0.7411561691113029	0.8934426229508197	0.8359974074286428	0.1640025925713572	83.59974074286428	16.40025925713572	high
61.25	1860	1181.3988266578776	7.549929300306109	10.892245560613906	1900.6083541605774	0.0005261473242559012	0.9473241804427011	0.05267581955729894	2.905732377435076	18.107892283976923	79.3768079981356	77.22386872006592	0.7133891213389121	0.730802415875755	0.8924180327868853	0.8209834376110634	0.1790165623889366	82.09834376110634	17.901656238893658	high
61.5	1849	1159.007910411241	7.542361558579054	10.881327617153554	1886.2793285804642	0.0005301441758112032	0.947043989913141	0.05295601008685902	2.6305573347556255	17.857199140033664	77.69454948331321	75.88127556626665	0.6589958158995816	0.725625539257981	0.891905737704918	0.8058927706939054	0.1941072293060946	80.58927706939055	19.41072293060946	high
61.75	1812	1134.8378337794684	7.534819610415704	10.870446885939648	1872.1066197600776	0.0005341576112412638	0.9464836088540207	0.05351639114597928	2.529389135897021	18.00230033336082	75.98079162677706	74.50666432317718	0.6401673640167364	0.72648835202761	0.8908811475409836	0.8010051181098377	0.19899488189016235	80.10051181098376	19.899488189016235	high
62.0	1783	1110.8142164335193	7.525610630190614	10.857161135837266	1854.9455661002214	0.0005390993775102351	0.9459232277949006	0.05407677220509943	2.610250571953868	18.53822979061137	74.28797539725203	73.11135834025748	0.6548117154811716	0.7377049180327869	0.8903688524590164	0.8072021784419688	0.19279782155803116	80.72021784419688	19.279782155803115	high
62.25	1778	1088.5803961609179	7.513341694599101	10.839460803302405	1832.3263987097255	0.0005457542939424836	0.9456430372653404	0.05435696273465962	2.8478544277208093	19.408591925907615	72.6456937147092	71.69702563459333	0.700836820083682	0.7540983606557377	0.8898565573770492	0.8226086938454522	0.1773913061545478	82.26086938454522	17.73913061545478	high
62.5	1758	1069.1756102483555	7.497865720413039	10.817133692091247	1804.187661462091	0.0005542660674165195	0.9450826562062202	0.05491734379377977	3.1906281811433113	20.525743506695637	71.09055608471641	70.28285590542374	0.7468619246861925	0.7808455565142364	0.8888319672131147	0.8404055261549409	0.1595944738450591	84.0405526154941	15.959447384505909	high
62.75	1714	1052.8948860891958	7.48029048791534	10.791777991324347	1772.7556652415976	0.0005640935294169354	0.9445222751471001	0.05547772485289992	3.5685474691273904	21.77781307962171	69.65939232892467	68.90204297243015	0.7866108786610879	0.8024158757549612	0.8883196721311475	0.8554671754235741	0.1445328245764259	85.54671754235741	14.45328245764259	high
63.0	1676	1039.4212361833	7.462542632953307	10.766173248984204	1741.570607322249	0.0005741943483632566	0.9439618940879798	0.056038105912020186	3.9104183594377293	23.038357566835735	68.39338970288826	67.60404916302868	0.8284518828451883	0.813632441760138	0.8878073770491803	0.8684633989356216	0.13153660106437837	86.84633989356216	13.153660106437837	high
63.25	1636	1028.1006992413559	7.446440153599122	10.742942281873905	1713.7515813165815	0.0005835151435610958	0.9434015130288597	0.05659848697114034	4.153322458451434	24.181137848013297	67.33656665208925	66.44988304679757	0.8661087866108786	0.825711820534944	0.8826844262295082	0.8794766366010476	0.12052336339895242	87.94766366010475	12.052336339895241	high
63.5	1614	1018.2929330109367	7.433277386598453	10.723952423197662	1691.3416802654701	0.0005912465894194966	0.9428411319697394	0.0571588680302606	4.256923112466916	25.09322224400323	66.52264030744	65.49436949725151	0.8828451882845189	0.8377911993097498	0.8790983606557377	0.8856439700549364	0.11435602994506355	88.56439700549365	11.435602994506356	high
63.75	1596	1009.5137170926	7.422971819359653	10.709084632448697	1674.0009513515986	0.0005973712256212244	0.9425609414401793	0.05743905855982068	4.209174487276023	25.692615570324502	65.97985809421613	64.78583903281881	0.8744769874476988	0.8455565142364107	0.8770491803278688	0.8849109058630393	0.11508909413696067	88.49109058630393	11.508909413696067	high
64.0	1593	1001.5616165714378	7.4148830908872245	10.697415063994429	1660.5150277099385	0.000602222794321306	0.9422807509106192	0.05771924908938075	4.030190175685159	25.953270602371504	65.71084615012704	64.34175419717452	0.8514644351464435	0.8481449525452976	0.8755122950819673	0.8793506084210819	0.12064939157891807	87.93506084210819	12.064939157891807	high
64.25	1587	994.376053120372	7.407771276426225	10.687154884539822	1648.7476462374434	0.0006065209568499276	0.9420005603810592	0.05799943961894083	3.7622282473826205	25.92148768203726	65.68608111574831	64.14075545941458	0.8075313807531381	0.8472821397756687	0.875	0.8679535202274665	0.13204647977253348	86.79535202274666	13.204647977253348	high
64.5	1586	987.9396926216647	7.400650348781948	10.676881557540893	1637.0487365249749	0.0006108553628786506	0.9414401793219389	0.05855982067806109	3.466636570315335	25.70936158948237	65.84358539889097	64.12307462103124	0.7824267782426778	0.8464193270060397	0.8760245901639344	0.8615777186836476	0.13842228131635237	86.15777186836476	13.842228131635236	high
64.75	1589	982.1856059103756	7.3932699217393445	10.666233852046886	1625.011093873067	0.0006153804141832597	0.9411599887923788	0.05884001120762117	3.20900268887277	25.465074017518166	66.11151460876117	64.22015687090887	0.7510460251046025	0.8429680759275238	0.8780737704918032	0.8533119650790771	0.14668803492092286	85.33119650790772	14.668803492092286	high
65.0	1548	976.9301656033766	7.385819878033653	10.65548571093828	1612.9496750373955	0.0006199821454298104	0.9408797982628188	0.059120201737181244	3.046228663743606	25.326143484926657	66.40799880293386	64.35830946079196	0.7301255230125523	0.8412424503882657	0.8785860655737705	0.8477084593093518	0.1522915406906482	84.77084593093518	15.22915406906482	high
65.25	1537	971.9298215754814	7.378767538212578	10.645311335251751	1601.6146221167853	0.0006243699240697134	0.9405996077332586	0.05940039226674143	3.0156317750859953	25.375928996336874	66.67694720103572	64.49779519381359	0.7238493723849372	0.8421052631578947	0.8796106557377049	0.8465412247534488	0.15345877524655116	84.65412247534488	15.345877524655116	high
65.5	1543	966.9464459013245	7.372378811833229	10.636094351386669	1591.4149606463411	0.0006283716219394203	0.9400392266741384	0.05996077332586158	3.1245625156957186	25.615198672306484	66.90500913168961	64.64690257313835	0.7384937238493724	0.8446937014667817	0.8806352459016393	0.8509654744729829	0.14903452552701713	85.09654744729829	14.903452552701712	high
65.75	1532	961.8313698542893	7.36661981696838	10.627785878054645	1582.2763499238456	0.0006320008512091643	0.9397590361445783	0.06024096385542166	3.3529959147391004	25.976495676978764	67.11169630895256	64.84660460829662	0.7677824267782427	0.8490077653149266	0.882172131147541	0.8596803398463221	0.14031966015367792	85.96803398463221	14.031966015367791	high
66.0	1537	956.5220566865557	7.361011318018695	10.619694524433104	1573.4269936763515	0.0006355553858037448	0.9394788456150183	0.060521154384981735	3.656201424320014	26.356904655465563	67.34142272020331	65.15221478295301	0.7949790794979079	0.8533218291630716	0.8831967213114754	0.8677441188968683	0.1322558811031317	86.77441188968683	13.225588110313168	high
66.25	1519	951.0003804782925	7.354897123779928	10.610873606725804	1563.836105571185	0.0006394531987319438	0.9391986550854581	0.06080134491454192	3.9763112800167404	26.662802416296124	67.61374211072406	65.57729993808032	0.8389121338912134	0.8559102674719585	0.8837090163934426	0.8794325182105182	0.12056748178948185	87.94325182105182	12.056748178948185	high
66.5	1487	945.2218778639525	7.34779601350454	10.600628870146696	1552.7704685865365	0.0006440101871014361	0.938918464555898	0.061081535444102	4.257022726084171	26.846030401500393	67.90414614883959	66.0729239564929	0.8849372384937239	0.8576358930112166	0.8852459016393442	0.8916843744250457	0.10831562557495433	89.16843744250457	10.831562557495433	high
66.75	1485	939.0657706975356	7.339677144737667	10.5889158184391	1540.2147669423935	0.0006492601041510477	0.9383580834967779	0.06164191650322215	4.454769040149396	26.915345645296085	68.12057965601855	66.51124135290499	0.9079497907949791	0.8584987057808455	0.8862704918032787	0.8977692679689703	0.10223073203102973	89.77692679689703	10.223073203102972	high
67.0	1482	932.3727294607208	7.331191799409105	10.576674052813352	1527.2008048308962	0.0006547927403107465	0.9380778929672177	0.061922107032782336	4.548353419145685	26.923596917120186	68.13407944262617	66.7248225548793	0.9163179916317992	0.8593615185504746	0.8867827868852459	0.9001350475086844	0.09986495249131555	90.01350475086845	9.986495249131554	high
67.25	1476	924.9982394691218	7.323188877403658	10.565128276923472	1515.027511831985	0.0006600540202671243	0.9377977024376576	0.06220229756234241	4.540430691859967	26.937657435140938	67.81179734833786	66.55118702236548	0.9121338912133892	0.8602243313201036	0.8847336065573771	0.8987223828821318	0.1012776171178682	89.87223828821318	10.127761711786821	high
67.5	1454	916.9424410555682	7.316391703517958	10.555322027866513	1504.7645255574027	0.0006645558045898077	0.9375175119080975	0.06248248809190249	4.452311740621894	27.012716138388427	67.07595548504543	65.89976144271031	0.9058577405857741	0.8619499568593615	0.8816598360655737	0.8967462613547017	0.1032537386452983	89.67462613547016	10.32537386452983	high
67.75	1451	908.4282666694612	7.3109849212416	10.547521689889246	1496.6505464163508	0.0006681586442436053	0.9372373213785374	0.06276267862146256	4.318759657555309	27.170356823975908	65.95084777619742	64.79912411169491	0.893305439330544	0.8628127696289906	0.8765368852459017	0.8924731038959934	0.10752689610400656	89.24731038959935	10.752689610400656	high
68.0	1439	899.9161881004834	7.306688289216812	10.541322960174558	1490.2337848519928	0.0006710356523686773	0.9366769403194172	0.06332305968058283	4.175513167146926	27.395826421600386	64.5761540672758	63.40610166807514	0.8702928870292888	0.8636755823986195	0.8734631147540983	0.8860271311253559	0.11397286887464408	88.6027131125356	11.397286887464409	high
68.25	1432	891.9446778829913	7.3024741427135655	10.535243231912746	1483.9669353439383	0.0006738694617668355	0.9363967497898571	0.0636032502101429	4.053665337321816	27.646119136050114	63.19220278078879	61.98254365964496	0.8598326359832636	0.8654012079378774	0.8719262295081968	0.8833892058047987	0.11661079419520126	88.33892058047988	11.661079419520126	high
68.5	1416	885.0255551997793	7.297616598554442	10.528235277043478	1476.7759797566334	0.0006771507755460621	0.936116559260297	0.06388344073970298	3.9768190982127143	27.85229142985392	62.07615831129871	60.821913327034956	0.8410041841004184	0.8679896462467644	0.8709016393442623	0.8790030072379356	0.12099699276206444	87.90030072379355	12.099699276206444	high
68.75	1398	879.4773514375597	7.291900082232577	10.519988087294765	1468.35804930683	0.0006810328042755454	0.935836368730737	0.06416363126926306	3.957606258526631	27.93849363791088	61.480676103768204	60.18384036584105	0.8326359832635983	0.8688524590163934	0.8698770491803278	0.8768004650477641	0.1231995349522359	87.68004650477641	12.31995349522359	high
69.0	1422	875.3471764880571	7.285586839139359	10.510880002792252	1459.117148712489	0.0006853459305048881	0.9355561782011768	0.06444382179882324	4.003024896999596	27.840406993268132	61.55763325704945	60.21610914955399	0.8451882845188284	0.8671268334771355	0.8703893442622951	0.879565160114859	0.12043483988514103	87.9565160114859	12.043483988514103	high
69.25	1425	872.4523472146346	7.279244780716052	10.501730346555918	1449.8926246629496	0.0006897062465108172	0.9352759876716167	0.06472401232838332	4.112891036671291	27.512796600626213	62.31904242996852	60.920483689931366	0.8619246861924686	0.8645383951682485	0.8714139344262295	0.8832882508646409	0.11671174913535909	88.3288250864641	11.671174913535909	high
69.5	1402	870.486871154844	7.273493203545213	10.493432574694259	1441.577391119238	0.0006936845750775835	0.9347156066124965	0.06528439338750347	4.281135160509226	26.95276690213342	63.62037864165912	62.14206097994202	0.8891213389121339	0.8610871440897325	0.8729508196721312	0.8894687273216235	0.11053127267837648	88.94687273216235	11.053127267837649	high
69.75	1376	869.0575700486929	7.2682023039090655	10.485799420027348	1433.9702917705201	0.000697364517060742	0.9344354160829363	0.06556458391706366	4.495716145936673	26.19921342689364	65.19155566560222	63.609626897640986	0.9100418410041841	0.8515962036238136	0.8739754098360656	0.8925122176367499	0.10748778236325007	89.25122176367499	10.748778236325007	high
70.0	1376	867.7659722819151	7.262892955648903	10.478139649622058	1426.3770195973186	0.0007010769146311055	0.9341552255533763	0.06584477444662373	4.7364057867861495	25.325746660379593	66.69055940890055	64.99005170664608	0.9288702928870293	0.8403796376186368	0.8801229508196722	0.8958820267196785	0.10411797328032146	89.58820267196785	10.411797328032147	high
70.25	1372	866.1998557467007	7.25696526961262	10.469587806373568	1417.9469146478334	0.0007052450198732325	0.9338750350238162	0.06612496497618381	4.976499258539815	24.423062423241184	67.79072142872492	65.9731153603047	0.9414225941422594	0.8291630716134599	0.8842213114754098	0.8971705030637362	0.10282949693626375	89.71705030637362	10.282949693626374	high
70.5	1380	863.9132016854546	7.249972233602976	10.459498988001695	1408.0657507492288	0.0007101941081003513	0.9335948444942561	0.06640515550574388	5.185188390633208	23.567697656225846	68.24903135745788	66.3369491613431	0.9497907949790795	0.819672131147541	0.8872950819672131	0.8975882131470224	0.10241178685297758	89.75882131470225	10.241178685297758	high
70.75	1372	860.4410665072921	7.241827137349842	10.447748098029736	1396.6435004909315	0.0007160023296199008	0.9330344634351359	0.06696553656486415	5.337775143935824	22.79972036020883	67.9488887254371	65.98073418270896	0.9539748953974896	0.8127696289905091	0.8857581967213115	0.8963842961361115	0.10361570386388852	89.63842961361115	10.361570386388852	high
71.0	1361	855.3670334083931	7.232893692323643	10.434859861192383	1384.2222275456243	0.000722427353137587	0.9327542729055758	0.06724572709442422	5.417374179746918	22.118111816660896	66.92804697139454	64.94524374817996	0.9665271966527197	0.8041415012942191	0.8811475409836066	0.8961426279590303	0.10385737204096968	89.61426279590303	10.385737204096968	high
71.25	1325	848.3691647062356	7.223428669883891	10.42120472025665	1371.1823418554634	0.0007292976065071076	0.9324740823760157	0.0675259176239843	5.421678873816122	21.48457112662166	65.34281733163702	63.37290754028128	0.9686192468619247	0.7998274374460742	0.8744877049180327	0.8938521179005118	0.10614788209948822	89.38521179005117	10.614788209948822	high
71.5	1326	839.3219869285793	7.213624820441423	10.40706075528438	1357.8051577134047	0.0007364826936465891	0.9321938918464556	0.06780610815354438	5.359049337503433	20.849536950233215	63.42874302144316	61.47154662476909	0.9560669456066946	0.7868852459016393	0.8724385245901639	0.8868961519862384	0.11310384801376161	88.68961519862384	11.310384801376161	high
71.75	1304	828.3797398272326	7.203954411130473	10.393109303728107	1344.7379107210752	0.0007436393307776831	0.9316335107873354	0.06836648921266464	5.243710829571302	20.17822665822478	61.43107192661719	59.448819351608904	0.9518828451882845	0.7739430543572045	0.8693647540983607	0.8817060411077963	0.11829395889220373	88.17060411077962	11.829395889220374	high
72.0	1288	815.9110502685478	7.194475074862648	10.379433512303597	1332.0509150244777	0.0007507220547809346	0.9313533202577753	0.06864667974222471	5.089093169054028	19.469837542266596	59.57070806881276	57.48924482419005	0.9435146443514645	0.7575496117342536	0.8683401639344263	0.8751894350694799	0.12481056493052012	87.51894350694799	12.481056493052012	high
72.25	1275	802.5091138372883	7.185345521866969	10.366262351471198	1319.9452294345742	0.000757607192859336	0.9310731297282152	0.06892687027178479	4.902356916353519	18.755652734525086	57.996938314668114	55.71980702751665	0.9393305439330544	0.7428817946505608	0.8662909836065574	0.869894112979597	0.13010588702040304	86.98941129795969	13.010588702040305	high
72.5	1273	788.922855322103	7.17673670891238	10.353842459713672	1308.6308394548516	0.0007641574459735178	0.930512748669095	0.06948725133090505	4.682984527568141	18.098417197896033	56.7891123567291	54.21856468980657	0.9205020920502092	0.7299396031061259	0.8647540983606558	0.8614271355465214	0.1385728644534786	86.14271355465213	13.85728644534786	high
72.75	1260	775.9708588834304	7.168659637431293	10.342189708743001	1298.1035068638735	0.0007703545939999265	0.9302325581395349	0.06976744186046513	4.425822941208805	17.56945106689166	55.95624639012559	53.01710002260724	0.9037656903765691	0.723037100949094	0.8632172131147541	0.855063140644988	0.144936859355012	85.5063140644988	14.4936859355012	high
73.0	1234	764.4692328204554	7.161102954765077	10.33128772013488	1288.3311205089283	0.0007761979696686756	0.9299523676099748	0.0700476323900252	4.125221412459404	17.228409087628098	55.45645442924332	52.11765317039595	0.8640167364016736	0.719585849870578	0.8616803278688525	0.8438088204377698	0.15619117956223016	84.38088204377698	15.619117956223016	high
73.25	1234	755.1023894238126	7.153792100693529	10.320740387221194	1278.946665679736	0.0007818934337410535	0.9296721770804147	0.07032782291958528	3.779012904247351	17.10523888391258	55.20749610255678	51.49069782404793	0.8158995815899581	0.7169974115616912	0.8611680327868853	0.8309343007547373	0.1690656992452627	83.09343007547373	16.90656992452627	high
73.5	1204	748.3130307251807	7.146298223110755	10.309929007195496	1269.3982180662565	0.0007877748572259338	0.9293919865508545	0.07060801344914547	3.392279941696145	17.197742702306655	55.10749919496014	51.08441760245307	0.7761506276150628	0.7187230371009491	0.860655737704918	0.8212303472429461	0.17876965275705392	82.12303472429461	17.87696527570539	high
73.75	1214	744.193237238289	7.1380474517284345	10.298025660238714	1258.9677922762417	0.0007943014953480088	0.9288316054917344	0.07116839450826562	2.974898774548338	17.460950972718088	55.04330938314325	50.82026159383435	0.7196652719665272	0.7204486626402071	0.8601434426229508	0.8072722456803549	0.19272775431964506	80.7272245680355	19.272775431964504	high
74.0	1204	742.493070060556	7.129125831567942	10.285154483076477	1247.7857151316764	0.0008014196571359786	0.9285514149621743	0.0714485850378257	2.5419480104668715	17.824374050194216	54.917216706221744	50.61476649458626	0.6422594142259415	0.724762726488352	0.8596311475409836	0.7888011758043628	0.21119882419563718	78.88011758043628	21.11988241956372	high
74.25	1200	742.6040061160437	7.119866728852023	10.27179642150514	1236.2856612768826	0.000808874543580132	0.9282712244326142	0.07172877556738577	2.110599101968933	18.2068342498121	54.65195326252569	50.384908645087314	0.5920502092050209	0.7325280414150129	0.8586065573770492	0.7778640081074244	0.2221359918925756	77.78640081074244	22.21359918925756	high
74.5	1187	743.6547622359565	7.110743620910913	10.258634558921006	1225.0581863486598	0.0008162877577109576	0.927991033903054	0.07200896609694596	1.697821489664156	18.539080913912738	54.20136203459619	50.0657874486294	0.5397489539748954	0.7385677308024159	0.8575819672131147	0.7659724214733701	0.23402757852662992	76.59724214733701	23.402757852662994	high
74.75	1171	744.6820513093063	7.102408347483111	10.246609301282263	1214.8894299572535	0.0008231201748419077	0.9274306528439339	0.07256934715606611	1.3186940137763126	18.784134350830527	53.57171685019595	49.6373866237648	0.4811715481171548	0.7446074201898188	0.8570696721311475	0.7525698233205138	0.2474301766794862	75.25698233205138	24.74301766794862	high
75.0	1151	744.7923662055982	7.0953489109468455	10.236424687199921	1206.3431964167667	0.0008289514981891776	0.9271504623143738	0.07284953768562619	0.9863743560408239	18.943924102192916	52.81218074298101	49.12350663393999	0.3912133891213389	0.7471958584987057	0.8560450819672131	0.7304011979754078	0.2695988020245922	73.04011979754078	26.959880202459217	high
75.25	1168	743.3390259468995	7.089983727992587	10.228684364358351	1199.8882758610687	0.0008334109267651407	0.9268702717848136	0.07312972821518637	0.7076708490574949	19.05846158036179	52.0112718366776	48.59009214356344	0.2907949790794979	0.7489214840379638	0.8550204918032787	0.7054018066763885	0.2945981933236115	70.54018066763885	29.45981933236115	high
75.5	1167	740.0125731835203	7.086325632933448	10.223406848757431	1195.5069889553536	0.0008364652061748384	0.9265900812552536	0.07340991874474645	0.48614193006951434	19.182937271492058	51.28063570975415	48.12793851401907	0.2301255230125523	0.7497842968075927	0.8519467213114754	0.6896116555967184	0.31038834440328156	68.96116555967184	31.038834440328156	high
75.75	1156	734.891872138217	7.084084000891914	10.220172857327611	1192.8301035999516	0.0008383423565367843	0.9263098907256935	0.07369010927430653	0.31966215336058346	19.367684473308998	50.722966012926705	47.82405569376108	0.18828451882845187	0.7532355478861087	0.8468237704918032	0.6786634319830144	0.3213365680169856	67.86634319830144	32.133656801698564	elevated
76.0	1150	728.397359736467	7.082592842194222	10.218021570069272	1191.0527301184031	0.0008395933905466884	0.9260297001961334	0.0739702998038666	0.20295293122382718	19.632913582678455	50.40886103594296	47.73430810941499	0.14644351464435146	0.7627264883520276	0.8447745901639344	0.6699935733391117	0.3300064266608883	66.99935733391116	33.00064266608883	elevated
76.25	1159	721.2096687944488	7.081230730115372	10.216056457727982	1189.4314872160965	0.0008407377900685419	0.9257495096665733	0.07425049033342668	0.12938326016460672	19.965383927661193	50.34955707300007	47.858771750934196	0.1192468619246862	0.7696289905090595	0.8442622950819673	0.6647219142955716	0.3352780857044284	66.47219142955716	33.52780857044284	elevated
76.5	1149	714.0912280858217	7.079281576448932	10.213244423399479	1187.1153604485858	0.0008423781153182292	0.9254693191370131	0.07453068086298686	0.09186833243995828	20.324324675892242	50.49888026691644	48.14509939535234	0.100418410041841	0.7773943054357204	0.8452868852459017	0.6621422299651191	0.33785777003488093	66.21422299651191	33.78577700348809	elevated
76.75	1150	707.7470604075286	7.076340410071808	10.209001217252771	1183.628986181281	0.0008448593365614341	0.9251891286074531	0.07481087139254694	0.08604381323242112	20.651804175468307	50.758209761739444	48.49479566343555	0.09205020920502092	0.7842968075927523	0.8473360655737705	0.6622180527447492	0.3377819472552508	66.22180527447492	33.77819472552508	elevated
77.0	1137	702.6863470679466	7.0722524652060095	10.203103559467456	1178.8002526669304	0.0008483201439239508	0.924908938077893	0.07509106192210702	0.10941044590390449	20.88985378797529	51.00382692589461	48.79060857578478	0.1108786610878661	0.7877480586712683	0.8493852459016393	0.6682302259346666	0.33176977406533337	66.82302259346666	33.17697740653334	elevated
77.25	1117	699.187873472904	7.067446407144601	10.196169883336038	1173.1484625044873	0.0008524070328363705	0.9243485570187727	0.07565144298122728	0.1628589601419303	20.99184953219895	51.11946371883633	48.927575414948066	0.13807531380753138	0.7920621225194133	0.850922131147541	0.6763520311233147	0.32364796887668534	67.63520311233147	32.36479688766853	elevated
77.5	1142	697.2452696865528	7.0621611305689145	10.188544841030568	1166.9644050383688	0.0008569241663948789	0.9240683664892126	0.07593163351078736	0.24717045398728799	20.917880424514735	51.020861306187214	48.83550825294942	0.16736401673640167	0.7894736842105263	0.8498975409836066	0.6827009021049368	0.31729909789506316	68.27009021049368	31.729909789506316	elevated
77.75	1131	696.6506625659781	7.056865295411357	10.180904565911394	1160.8006893312772	0.00086147433335527	0.9237881759596526	0.07621182404034743	0.3614226550226879	20.643901790819	50.66793568103011	48.48693451292564	0.20292887029288703	0.7834339948231234	0.8463114754098361	0.6891156291213747	0.3108843708786253	68.91156291213747	31.08843708786253	high
78.0	1115	697.0194183446761	7.051798307512035	10.173594447596798	1154.933802559429	0.0008658504909839136	0.9235079854300925	0.07649201456990751	0.49992381782020134	20.15712464298288	50.084483645366305	47.91727658046337	0.23430962343096234	0.7730802415875755	0.84375	0.6936619626121576	0.3063380373878424	69.36619626121576	30.633803738784238	high
78.25	1097	697.8583619012402	7.0470900765686135	10.166801906163364	1149.5088883883652	0.0008699367269808764	0.9232277949005324	0.07677220509946758	0.6512392229005636	19.465185361199477	49.34230187652716	47.20810470006869	0.27824267782426776	0.7566867989646247	0.8406762295081968	0.6997083752994054	0.30029162470059456	69.97083752994054	30.029162470059457	high
78.5	1095	698.6659142610984	7.0431660249513435	10.161140696354936	1145.0069947840045	0.0008733571100922761	0.9218268422527318	0.07817315774726818	0.7997726581233895	18.600598904487974	48.565786379367566	46.49118764565184	0.32217573221757323	0.7394305435720449	0.8381147540983607	0.7053869680351776	0.29461303196482236	70.53869680351777	29.461303196482234	high
78.75	1107	699.0137580378596	7.040618558474747	10.157465479102319	1142.093840006822	0.0008755847943230539	0.9212664611936117	0.07873353880638834	0.925479530907856	17.62921602486959	47.91612252317337	45.93232864830972	0.3598326359832636	0.7238999137187231	0.8360655737704918	0.7102661461665225	0.2897338538334775	71.02661461665225	28.97338538334775	high
79.0	1109	698.6280328743037	7.039813205650884	10.156303600577168	1141.1744217853811	0.0008762902330350938	0.9209862706640516	0.07901372933594841	1.0126817752528965	16.634637783520173	47.54745672015938	45.68997357682085	0.40794979079497906	0.7144089732528042	0.8345286885245902	0.7194684308091062	0.28053156919089384	71.94684308091061	28.053156919089382	high
79.25	1107	697.5063966865021	7.041036367575758	10.158068250220387	1142.571116905759	0.0008752190434396229	0.9215466517231717	0.07845334827682826	1.0546826467174102	15.712377968025791	47.57921683132604	45.88439396370208	0.4205020920502092	0.7109577221742882	0.8350409836065574	0.7220118623885566	0.27798813761144336	72.20118623885567	27.798813761144338	high
79.5	1105	695.8871535383354	7.04366088185359	10.161854623953758	1145.5737496181991	0.0008729250302158927	0.922107032782292	0.077892967217708	1.0569032792666737	14.94960268552814	48.040667223451116	46.541056741379265	0.4225941422594142	0.7066436583261432	0.836577868852459	0.7219806755550771	0.27801932444492294	72.1980675555077	27.801932444492294	high
79.75	1121	694.1730716544748	7.046185260875946	10.165496533050634	1148.4692651119458	0.0008707242155953787	0.9226674138414122	0.07733258615858785	1.0376171323470404	14.405206082628633	48.85857342810982	47.578603233498185	0.41422594142259417	0.7023295944779983	0.8396516393442623	0.7197186472715668	0.28028135272843324	71.97186472715667	28.028135272843326	high
80.0	1132	692.7930336454618	7.046961338246012	10.166616176023775	1149.3609120675749	0.0008700487283851589	0.9229476043709722	0.07705239562902777	1.0259802868870307	14.105977701863761	49.8516681599053	48.80299979218198	0.4100418410041841	0.6997411561691113	0.8422131147540983	0.7187359290745915	0.2812640709254085	71.87359290745916	28.126407092540852	high
80.25	1109	691.9728391415383	7.044567479302856	10.163162567597896	1146.6127947842297	0.0008721339972385191	0.9223872233118521	0.07761277668814792	1.0541361052236762	14.0443957478405	50.77567982261654	49.95420357738844	0.41841004184100417	0.6988783433994823	0.8478483606557377	0.7218809923020191	0.2781190076979809	72.18809923020191	27.811900769798093	high
80.5	1105	691.6118576566105	7.038740809178231	10.154756459504204	1139.9512863210753	0.0008772304676520563	0.9207060801344914	0.0792939198655086	1.1495927707009606	14.187127280502473	51.38786438643885	50.77502543986611	0.44142259414225943	0.7006039689387403	0.8529713114754098	0.7289259886727253	0.2710740113272747	72.89259886727253	27.10740113272747	high
80.75	1097	691.2448977450159	7.030349336725635	10.142650123811087	1130.4254403399218	0.0008846226954157166	0.9204258896049313	0.07957411039506868	1.3289920558240018	14.494315415676116	51.500171719611586	51.066081247633875	0.48326359832635984	0.7040552200172563	0.8534836065573771	0.740307078626481	0.25969292137351896	74.0307078626481	25.969292137351896	high
81.0	1084	690.2209996597446	7.02147557182516	10.129847987195157	1120.438686331173	0.000892507561725181	0.9198655085458112	0.08013449145418883	1.5930053573780685	14.926161424926164	51.03452962921752	50.74329991531767	0.5230125523012552	0.7057808455565142	0.8504098360655737	0.7497671856172886	0.2502328143827114	74.97671856172886	25.023281438271137	high
81.25	1095	687.9196429142821	7.014183580506486	10.1193278674815	1112.2981735031265	0.0008990395056125562	0.9195853180162511	0.0804146819837489	1.9261751012212196	15.455923215814481	50.033636453429494	49.84916132539989	0.5648535564853556	0.7092320966350302	0.8427254098360656	0.7590990952431756	0.24090090475682435	75.90990952431757	24.090090475682434	high
81.5	1069	684.0368223534938	7.009997830241648	10.11328910633202	1107.6521015606977	0.0009028105472747135	0.9190249369571308	0.08097506304286917	2.3015800952756162	16.069498968307727	48.64496247477082	48.53447153397228	0.608786610878661	0.7126833477135461	0.8391393442622951	0.7699085599529082	0.2300914400470918	76.99085599529081	23.00914400470918	high
81.75	1068	678.7018358701208	7.008928966724726	10.11174706223677	1106.468805143739	0.0009037760444318104	0.9184645558980107	0.08153544410198932	2.6853919358259377	16.75767136793048	47.071848776139134	47.009468684925	0.6736401673640168	0.7161345987920621	0.8324795081967213	0.7851797075627027	0.21482029243729728	78.51797075627027	21.482029243729727	high
82.0	1064	672.4685416922866	7.009597431166412	10.1127114525718	1107.2086874607714	0.0009031721041616467	0.9187447464275708	0.08125525357242924	3.043899493155556	17.517184782297917	45.54032575350016	45.50669648446221	0.7280334728033473	0.7213114754098361	0.8304303278688525	0.7996300056274017	0.20036999437259828	79.96300056274018	20.03699943725983	high
82.25	1068	666.1641072369018	7.010127320883334	10.11347592183862	1107.7955414289534	0.0009026936493263846	0.9193051274866909	0.08069487251330909	3.349817773801494	18.334360014900092	44.25306579376165	44.23557745218008	0.7656903765690377	0.734253666954271	0.829405737704918	0.8121637271787294	0.18783627282127058	81.21637271787294	18.783627282127057	high
82.5	1080	660.5986382695867	7.008684182295063	10.111393912954007	1106.1979919551104	0.0009039973018144658	0.9181843653684505	0.0818156346315495	3.587529490078564	19.18930549747264	43.37871454508948	43.36744962556421	0.7887029288702929	0.7506471095772217	0.8278688524590164	0.8213508140687453	0.17864918593125467	82.13508140687453	17.864918593125466	high
82.75	1069	656.3295426616144	7.004320392952069	10.105098295709386	1101.3812941174795	0.0009079507753954412	0.9179041748388904	0.08209582516110958	3.754318467624247	20.055825615158547	43.024916645065716	43.0132283789819	0.805439330543933	0.7713546160483176	0.826844262295082	0.8303855959315558	0.1696144040684442	83.03855959315558	16.961440406844417	high
83.0	1063	653.5208552855872	6.997273003971446	10.094931062575826	1093.6467180169382	0.0009143720577457191	0.9176239843093303	0.08237601569066966	3.860983939696159	20.906861275335757	43.25419330723669	43.23468847925557	0.8200836820083682	0.7886108714408974	0.8273565573770492	0.8384187737839113	0.16158122621608872	83.84187737839113	16.15812262160887	high
83.25	1044	651.9434047967093	6.988661015423142	10.082506589404995	1084.2686847242812	0.0009222806248013057	0.9173437937797703	0.08265620622022973	3.9264050791581013	21.716137730478067	44.063543357395034	44.025770500106475	0.8305439330543933	0.8015530629853321	0.8288934426229508	0.8445835581106116	0.1554164418893884	84.45835581106115	15.541644188938841	high
83.5	1042	651.097564319537	6.979898964838813	10.069865622478964	1074.8097679315538	0.0009303972012875139	0.9170636032502102	0.08293639674978981	3.971376912208948	22.463848192719027	45.38967538458972	45.317572465348945	0.8368200836820083	0.8093183779119931	0.8299180327868853	0.8482800244077743	0.15171997559222572	84.82800244077742	15.171997559222572	high
83.75	1032	650.4105742351255	6.972342831160223	10.058964425892569	1066.7189677253928	0.0009374540345263942	0.9165032221910899	0.08349677780891007	4.007930643931861	23.1302343745686	47.10267093331437	46.97076615001915	0.8472803347280334	0.8153580672993961	0.8335040983606558	0.8531614306447938	0.14683856935520623	85.31614306447938	14.683856935520623	high
84.0	1011	649.3566773431571	6.96637837385059	10.050359532910369	1060.3755044445688	0.0009430621471436255	0.9162230316615299	0.08377696833847015	4.034820062271198	23.700707446667884	49.03038935979309	48.80286727055767	0.8535564853556485	0.8213977566867989	0.8401639344262295	0.8578353020325518	0.14216469796744824	85.78353020325518	14.216469796744825	high
84.25	1019	647.5803849400131	6.96169653542832	10.043605067836316	1055.4226010596508	0.0009474877636654681	0.9159428411319698	0.08405715886803022	4.036105764438085	24.163520084267006	50.98490954195678	50.61569472133206	0.8556485355648535	0.8248490077653149	0.8488729508196722	0.8613283338204527	0.1386716661795473	86.13283338204528	13.86716661795473	high
84.5	1016	644.9305864379379	6.9576516825470645	10.037769578643402	1051.162194079187	0.000951327973582607	0.9156626506024096	0.08433734939759041	3.9870911486093537	24.51602411049076	52.808217643792815	52.24294686692594	0.8430962343096234	0.8300258843830889	0.8555327868852459	0.861079389045092	0.13892061095490804	86.1079389045092	13.892061095490805	high
84.75	1021	641.389335991109	6.953133173450183	10.03125074797712	1046.4232227484088	0.0009556362839248931	0.9153824600728495	0.08461753992715049	3.8648592702021265	24.76361462186226	54.39930797129877	53.5819005333156	0.8221757322175732	0.8326143226919759	0.858094262295082	0.8570666943193701	0.1429333056806299	85.70666943193702	14.29333056806299	high
85.0	1035	637.0513185580439	6.947514585097748	10.023144838424265	1040.5602875507445	0.0009610207231277154	0.9151022695432894	0.08489773045671056	3.65867527476996	24.924158466122286	55.72460944998593	54.606441190951244	0.797071129707113	0.8334771354616048	0.8627049180327869	0.8520888631861986	0.1479111368138014	85.20888631861986	14.791113681380141	high
85.25	1008	632.0054282548988	6.940227495673801	10.012631790649822	1033.0051924434997	0.0009680493450711237	0.9148220790137294	0.08517792098627064	3.37528527721038	25.015344994288782	56.78416415359951	55.33350250788363	0.7740585774058577	0.8352027610008628	0.8642418032786885	0.8470813051747845	0.15291869482521547	84.70813051747845	15.291869482521548	high
85.5	991	626.3173335929166	6.931276065031585	9.999717606053435	1023.7995812741807	0.0009767536716077177	0.9145418884841693	0.08545811151583071	3.0367230283832454	25.052785183234388	57.582060104750646	55.79235556151119	0.7259414225941423	0.8369283865401208	0.8657786885245902	0.8357975965357556	0.16420240346424442	83.57975965357556	16.420240346424443	high
85.75	971	619.9999424579914	6.920989072362513	9.984876612744104	1013.3217475849922	0.0009868533882582296	0.913981507425049	0.08601849257495098	2.6718639944909164	25.03482741418853	58.09866271868739	55.989898136637294	0.6673640167364017	0.8360655737704918	0.8673155737704918	0.8211816679256085	0.17881833207439146	82.11816679256086	17.881833207439147	high
86.0	969	613.0467991877842	6.9099780003976825	9.968990993825573	1002.2251934920309	0.0009977797470004943	0.913701316895489	0.08629868310451105	2.3087438514288694	24.939478612846635	58.27589330906466	55.890221112592414	0.6108786610878661	0.8343399482312338	0.867827868852459	0.806686948766762	0.19331305123323805	80.6686948766762	19.331305123323805	high
86.25	961	605.4983659386205	6.899094894512646	9.953289990935762	991.3770086360057	0.0010086979940919331	0.9134211263659289	0.08657887363407113	1.9640863666113177	24.732273996117897	58.04456588870276	55.43675045133355	0.5711297071129707	0.8317515099223468	0.8668032786885246	0.7957764055224428	0.20422359447755722	79.57764055224428	20.422359447755724	high
86.5	959	597.4680638216007	6.888741230133088	9.938352810680344	981.1655778988833	0.0010191959670471213	0.9131409358363687	0.08685906416363132	1.6461073203262937	24.374049109929388	57.363385241621415	54.59009838212028	0.5292887029288703	0.8274374460742019	0.8652663934426229	0.783783369570516	0.21621663042948402	78.3783369570516	21.621663042948402	high
86.75	943	589.1962212389891	6.879082639946818	9.924418410516633	971.73452035422	0.0010290876562000458	0.9128607453068086	0.08713925469319139	1.3571395812866593	23.83950220021338	56.2482437286334	53.35971891009316	0.4874476987447699	0.823123382226057	0.8637295081967213	0.7717903336185892	0.22820966638141083	77.17903336185891	22.820966638141083	high
87.0	928	580.9854948295972	6.869543167936845	9.910655861555146	962.5087604982148	0.0010389515826145614	0.9125805547772485	0.08741944522275147	1.0978625698836775	23.135084136962465	54.77879492697939	51.81836748048728	0.42887029288702927	0.816220880069025	0.8591188524590164	0.7541976450480798	0.24580235495192015	75.41976450480799	24.580235495192014	high
87.25	920	573.1468933973763	6.85934984098699	9.89594999931443	952.74742875323	0.0010495961152145064	0.9120201737181284	0.08797982628187162	0.8720957605896724	22.29948389420833	53.09021908297997	50.09619035801406	0.3493723849372385	0.8067299396031061	0.8565573770491803	0.7311699688269133	0.2688300311730867	73.11699688269132	26.883003117308668	high
87.5	904	565.9270132257888	6.848233279920993	9.879912191792776	942.214805522114	0.0010613291089666811	0.9117399831885682	0.08826001681143181	0.6877938197628041	21.410515219856034	51.35217304390024	48.36283509743561	0.28661087866108786	0.7963761863675582	0.8524590163934426	0.7117965161526643	0.28820348384733574	71.17965161526642	28.820348384733574	high
87.75	898	559.4243563698882	6.836370152433729	9.862797316597469	931.1032304935953	0.0010739947701286369	0.9114597926590081	0.08854020734099188	0.5545468564893196	20.57067076413172	49.73113163959251	46.78638656517249	0.2510460251046025	0.7825711820534944	0.8411885245901639	0.6965663811018172	0.30343361889818277	69.65663811018172	30.343361889818276	high
88.0	890	553.6232484015858	6.824774766049577	9.84606871016386	920.3690823397501	0.0010865206352410417	0.911179602129448	0.08882039787055196	0.48026042673096303	19.88547702057084	48.38383862312536	45.52473069164008	0.22594142259414227	0.7661777394305436	0.8376024590163934	0.6852253057926319	0.31477469420736814	68.52253057926319	31.477469420736814	high
88.25	877	548.4420302934723	6.814616890516432	9.831413993506224	911.0674103505726	0.001097613621823227	0.910899411599888	0.08910058840011204	0.4683361420606686	19.45018763042219	47.44048342748666	44.70217037915626	0.2217573221757322	0.7558239861949957	0.8340163934426229	0.6806242783533097	0.31937572164669026	68.06242783533098	31.937572164669024	elevated
88.5	873	543.8206331396766	6.806616310628225	9.819871596577274	903.8074235283025	0.001106430389890115	0.9106192210703278	0.08938077892967222	0.5149420408652466	19.318764110562245	46.99312729072188	44.398439674645815	0.2384937238493724	0.7523727351164797	0.8319672131147541	0.6833632232877335	0.31663677671226653	68.33632232877335	31.663677671226655	elevated
88.75	868	539.7914416785345	6.800875922214825	9.811589966680485	898.6340805713371	0.0011127999945920325	0.9100588400112076	0.08994115998879237	0.6073558860226302	19.49350646492994	47.08264146844001	44.637457558355045	0.26359832635983266	0.7584124245038827	0.8329918032786885	0.6912653485384028	0.3087346514615972	69.12653485384028	30.873465146159717	high
89.0	854	536.4652802898745	6.796747001578767	9.80563319335462	894.9313411906733	0.0011174041560211051	0.9097786494816475	0.09022135051835245	0.7272820966702819	19.921262423707823	47.670635355888564	45.36323251848297	0.301255230125523	0.7679033649698016	0.8355532786885246	0.7036226308163742	0.2963773691836258	70.36226308163742	29.637736918362577	high
89.25	858	533.9487263874573	6.792963218433258	9.800174348174794	891.5515133656866	0.0011216401800776613	0.9094984589520875	0.09050154104791253	0.8488822012131102	20.49202170276425	48.63072233417293	46.4351354316436	0.33263598326359833	0.7791199309749784	0.8386270491803278	0.714970355592748	0.285029644407252	71.4970355592748	28.502964440725197	high
89.5	858	532.2985068693329	6.788770682471068	9.794125797333393	887.821476204906	0.0011263525683954097	0.9092182684225273	0.09078173157747271	0.9462274184992756	21.061516187276084	49.75765860237953	47.639854060244005	0.3682008368200837	0.7946505608283002	0.8417008196721312	0.7284426214357607	0.27155737856423934	72.84426214357606	27.155737856423933	high
89.75	858	531.4490642720423	6.784093930632988	9.787378670649128	883.6790495850952	0.0011316325768609315	0.9089380778929672	0.09106192210703279	0.9979707410884049	21.4824807294265	50.80534599154713	48.73003712010855	0.399581589958159	0.7989646246764452	0.8483606557377049	0.7389612370663191	0.2610387629336809	73.89612370663191	26.10387629336809	high
90.0	848	531.1998956230832	6.779349529756946	9.780533947033272	879.4964517341808	0.001137014251766692	0.9086578873634071	0.09134211263659286	0.9921860390736977	21.637673226537846	51.516823413283674	49.45620996145182	0.39539748953974896	0.8006902502157032	0.8539959016393442	0.7396853821895509	0.26031461781044907	73.96853821895509	26.031461781044907	high
90.25	853	531.2591892264597	6.775025993606762	9.774296402870297	875.7021253952943	0.0011419408164032917	0.9083776968338471	0.09162230316615294	0.9281586626220499	21.47068359327998	51.69306018583566	49.63113674981261	0.3619246861924686	0.7981018119068162	0.8545081967213115	0.7307280979136108	0.2692719020863892	73.07280979136108	26.92719020863892	high
90.5	837	531.3565028271058	6.771825427043848	9.769678961361947	872.9038628551377	0.0011456015290494303	0.9080975063042869	0.09190249369571313	0.8168380925731277	21.006626042883532	51.21577905796207	49.153298511361996	0.3284518828451883	0.7929249352890423	0.8514344262295082	0.7202271876670063	0.27977281233299367	72.02271876670063	27.977281233299365	high
90.75	841	531.2516927747142	6.769507726533209	9.766335226328982	870.8830758206245	0.001148259769611104	0.9078173157747268	0.0921826842252732	0.6780385605829435	20.334010963728126	50.07111691500683	48.02528275694499	0.2824267782426778	0.7782571182053495	0.8432377049180327	0.7029347292851967	0.29706527071480326	70.29347292851968	29.706527071480327	high
91.0	854	530.8092705900938	6.767694971215546	9.763719973221844	869.305807926169	0.001150343171392835	0.9075371252451667	0.09246287475483328	0.533593470724887	19.590732367479013	48.33267074695621	46.333139076493595	0.24476987447698745	0.7601380500431406	0.8370901639344263	0.6873838034249303	0.31261619657506967	68.73838034249303	31.261619657506966	high
91.25	845	529.9718267431128	6.765912812090039	9.761148861089401	867.7579463252349	0.0011523950938562779	0.9072569347156066	0.09274306528439336	0.40436671563513904	18.915452706514714	46.153395883962546	44.234749459184975	0.20920502092050208	0.7463330457290768	0.8314549180327869	0.6735624798494931	0.32643752015050687	67.35624798494932	32.64375201505069	elevated
91.5	834	528.7082366687788	6.763643991140873	9.757875644357373	865.79139064275	0.0011550126402361377	0.9069767441860465	0.09302325581395354	0.3071268473608751	18.411947503139963	43.72485857376588	41.91557483109993	0.18619246861924685	0.7359792924935289	0.8283811475409836	0.6643824132099514	0.3356175867900486	66.43824132099513	33.56175867900486	elevated
91.75	829	527.0301057610657	6.7611038122896545	9.75421094092575	863.5949165622397	0.0011579503084394654	0.9066965536564864	0.09330344634351362	0.2521554497277696	18.125094797645346	41.26054215810177	39.57281337086377	0.1694560669456067	0.731665228645384	0.8247950819672131	0.6581532328036725	0.34184676719632745	65.81532328036725	34.18467671963275	elevated
92.0	837	524.9884970089611	6.758921128105974	9.751061993278126	861.7120172315748	0.001160480508572578	0.9064163631269263	0.0935836368730737	0.24555635416970004	18.037864574131216	38.95823076015934	37.37939930527894	0.16527196652719664	0.728213977566868	0.8212090163934426	0.6552778309036084	0.34472216909639164	65.52778309036084	34.472216909639165	elevated
92.25	838	522.6988605009636	6.757661439512003	9.749244646790542	860.6272118341227	0.0011619432737536308	0.9061361725973662	0.09386382740263377	0.2892580766594758	18.091815731428213	36.9900696484311	35.48069080302037	0.17782426778242677	0.729076790336497	0.8186475409836066	0.6579211929249741	0.3420788070750259	65.7921192924974	34.20788070750259	elevated
92.5	851	520.3578176759415	6.757277108261119	9.748690174000833	860.2965094549539	0.0011623899306921006	0.9058559820678062	0.09414401793219385	0.38167411143589847	18.214577360430166	35.47181692128541	33.97059124470124	0.20502092050209206	0.7333908541846419	0.8140368852459017	0.6645761605001104	0.33542383949988963	66.45761605001104	33.54238394998896	elevated
92.75	835	518.2327597828665	6.75712119693816	9.74846524150838	860.1623899436742	0.0011625711745726092	0.905575791538246	0.09442420846175403	0.5174075317338777	18.352745790147736	34.471532303511495	32.90449282045887	0.2405857740585774	0.7351164797238999	0.8104508196721312	0.6729322162482136	0.32706778375178636	67.29322162482137	32.70677837517864	elevated
93.0	828	516.564172056215	6.755866290809779	9.746654794660184	859.0836438932126	0.00116403100804967	0.9052956010086859	0.09470439899131411	0.6867229411040783	18.48309906882191	34.00772668863911	32.30187117960429	0.28451882845188287	0.7368421052631579	0.8089139344262295	0.6838926172874891	0.31610738271251093	68.3892617287489	31.610738271251094	high
93.25	822	515.4637976960561	6.752254936829537	9.741444712181995	855.9867840507756	0.001168242335784336	0.9050154104791258	0.09498458952087419	0.8756548616345576	18.616636682791906	34.05800846073218	32.15514969004122	0.3514644351464435	0.7402933563416738	0.8094262295081968	0.7015498578688599	0.2984501421311401	70.15498578688599	29.845014213114005	high
93.5	817	514.848736331189	6.746099722152156	9.732564614491329	850.734183659071	0.0011754552940366468	0.9047352199495657	0.09526478005043426	1.0673553866733547	18.772396366387547	34.57080935533226	32.436857247987334	0.4246861924686193	0.7437446074201898	0.8114754098360656	0.7211603574186101	0.27883964258138993	72.11603574186101	27.883964258138995	high
93.75	817	514.4018760563697	6.738099359146199	9.721022530457324	843.9551548718478	0.0011848970815894208	0.9041748388904455	0.09582516110955452	1.2445455342997063	18.96566941254204	35.46421894355606	33.09602718341192	0.4560669456066946	0.7480586712683348	0.8135245901639344	0.7304562614823523	0.2695437385176477	73.04562614823523	26.954373851764768	high
94.0	823	513.6741100336595	6.729818499422857	9.70907577520016	836.995337030229	0.0011947497862391124	0.9038946483608854	0.0961053516391146	1.3920051137084404	19.190535482078293	36.62436538179939	34.04935101868316	0.49372384937238495	0.7515099223468508	0.8165983606557377	0.7414316951839647	0.2585683048160353	74.14316951839646	25.85683048160353	high
94.25	814	512.2451635769062	6.7230631247699275	9.699329829689033	831.3601751906386	0.0012028480914071818	0.9036144578313253	0.09638554216867468	1.4992615766406798	19.421562944988462	37.91476330361869	35.18390805597495	0.5083682008368201	0.7549611734253667	0.8201844262295082	0.746782064580755	0.253217935419245	74.67820645807551	25.3217935419245	high
94.5	808	509.8499260365547	6.7186394026018155	9.692947747654827	827.6905913479277	0.0012081809440064547	0.9030540767722051	0.09694592322779494	1.559336398852218	19.62270706522395	39.177629646061604	36.35530619736713	0.5167364016736402	0.7610008628127696	0.8217213114754098	0.7506281631835061	0.24937183681649389	75.06281631835061	24.937183681649387	high
94.75	794	506.5296668323284	6.716893910373303	9.690429534672841	826.2471240001252	0.0012102916560346763	0.9019333146539646	0.09806668534603535	1.5692565331006894	19.76822316735264	40.25509755434069	37.405818838539986	0.5188284518828452	0.7635893011216566	0.8227459016393442	0.7517742423244527	0.24822575767554733	75.17742423244526	24.82257576755473	high
95.0	782	502.58806488592626	6.71708928795889	9.69071140494667	826.4085699392562	0.0012100552152714285	0.9022135051835248	0.09778649481647517	1.528583368190992	19.849824012060303	41.01981850907962	38.19580090558674	0.5125523012552301	0.7644521138912856	0.8242827868852459	0.7508751768038217	0.24912482319617835	75.08751768038216	24.912482319617833	high
95.25	788	498.5164107999933	6.718031075536411	9.69207011721433	827.1872378767226	0.0012089161367707562	0.9024936957130849	0.09750630428691509	1.4392119433915656	19.883130710018417	41.39082404215142	38.622038056539296	0.50418410041841	0.7653149266609146	0.8258196721311475	0.7494530987308892	0.25054690126911083	74.94530987308892	25.054690126911083	high
95.5	806	494.87096668030375	6.7186918033178955	9.693023345908054	827.7339640639779	0.0012081176361185381	0.9033342673017652	0.09666573269823475	1.306114466962152	19.898404513691652	41.35326114120836	38.64196658339107	0.4769874476987448	0.7670405522001725	0.8253073770491803	0.7431674110624658	0.25683258893753425	74.31674110624658	25.683258893753425	high
95.75	812	492.14000054088393	6.718421506677924	9.692633390285998	827.5102605892116	0.0012084442303929507	0.902773886242645	0.09722611375735501	1.138305724272692	19.93045884685762	40.95842808913286	38.282502199299174	0.4393305439330544	0.7687661777394306	0.8237704918032787	0.7336602749296022	0.2663397250703978	73.36602749296021	26.633972507039783	high
96.0	805	490.6296050614159	6.716668987050481	9.690105038910426	826.0613026500841	0.0012105639094724613	0.9016531241244046	0.09834687587559543	0.9489325572717413	20.00654519920653	40.30251739056129	37.62171054951692	0.3702928870292887	0.7704918032786885	0.8232581967213115	0.7164240027884232	0.2835759972115768	71.64240027884232	28.357599721157676	high
96.25	815	490.41331823384724	6.713110509311381	9.684971240723113	823.1270058048323	0.0012148793478379753	0.9013729335948445	0.0986270664051555	0.7538233792139274	20.137543721359247	39.49846473392232	36.7669281865593	0.30962343096234307	0.7722174288179465	0.8222336065573771	0.7013618499831278	0.2986381500168722	70.13618499831279	29.86381500168722	high
96.5	777	491.3028096467327	6.707667275313751	9.677118314028334	818.6587049385874	0.0012215102508132691	0.9010927430652844	0.09890725693471558	0.568754614773415	20.320511886975147	38.64265004545517	35.82112841943367	0.25523012552301255	0.7765314926660914	0.8206967213114754	0.688387770641466	0.31161222935853405	68.8387770641466	31.161222935853406	high
96.75	774	492.8551853318578	6.700559127450718	9.66686342435643	812.8601905777668	0.001230223858409424	0.9008125525357243	0.09918744746427566	0.40645921807778884	20.53463818713039	37.796444718312856	34.86174523586003	0.2112970711297071	0.7817083692838654	0.819672131147541	0.6783725310242095	0.32162746897579053	67.83725310242095	32.162746897579055	elevated
97.0	775	494.4532330698088	6.692653849995394	9.655458519774784	806.4596376449275	0.001239987661279938	0.9005323620061642	0.09946763799383584	0.2745434143222434	20.750147869167453	36.97348352332657	33.92473140775426	0.17573221757322174	0.7860224331320104	0.8181352459016393	0.6701055646532589	0.3298944353467411	67.01055646532589	32.98944353467411	elevated
97.25	777	495.42605281481315	6.685237373472628	9.644758805874519	800.5006732494877	0.0012492181873385326	0.9002521714766041	0.09974782852339592	0.17498155184714934	20.932591815800464	36.153248756959684	33.01025375445771	0.14225941422594143	0.7903364969801553	0.8150614754098361	0.6619773895231342	0.33802261047686577	66.19773895231343	33.80226104768658	elevated
97.5	775	495.1971917994525	6.679328183312569	9.636233646534933	795.7843112120995	0.001256621908613465	0.899971980947044	0.100028019052956	0.10510569408928416	21.047752681782505	35.30677597269654	32.10453462044471	0.1087866108786611	0.7937877480586712	0.8125	0.653761584971094	0.34623841502890595	65.3761584971094	34.6238415028906	elevated
97.75	781	493.4392948339831	6.675325409339258	9.630458864373837	792.6053330927674	0.0012616619624523254	0.8996917904174839	0.10030820958251607	0.05944561841644449	21.062781813914825	34.416462161563004	31.197082973894393	0.07112970711297072	0.7955133735979293	0.8099385245901639	0.6440683489296369	0.35593165107036306	64.40683489296369	35.593165107036306	elevated
98.0	774	490.1285167152794	6.672503495272144	9.626387702943397	790.3718218242346	0.0012652272922533201	0.8991314093583637	0.10086859064163634	0.031327397073204324	20.94848730448223	33.494223008563765	30.298695376717703	0.058577405857740586	0.7911993097497843	0.8068647540983607	0.6389432197660623	0.3610567802339377	63.89432197660623	36.10567802339377	elevated
98.25	768	485.50472074476636	6.669204068382626	9.621627636132114	787.7683451349224	0.0012694087115530499	0.8988512188288036	0.10114878117119641	0.015725533683414703	20.67960250450142	32.56875135925383	29.433052977157004	0.04811715481171548	0.7851596203623814	0.8012295081967213	0.6333393755499055	0.3666606244500945	63.33393755499055	36.66606244500945	elevated
98.5	760	479.9368511512793	6.663428096074749	9.613294669527228	783.2313324318571	0.0012767619968612558	0.8985710282992435	0.10142897170075649	0.007415544910945258	20.239620515159956	31.676081681094818	28.630017158532702	0.03556485355648536	0.7748058671268335	0.7971311475409836	0.6265182241308865	0.37348177586911346	62.65182241308865	37.34817758691135	elevated
98.75	756	473.7810427963713	6.654095055772853	9.599829938567266	775.9554088987691	0.0012887338480173669	0.8982908377696834	0.10170916223031656	0.0032850148765045132	19.630585657330393	30.84491040929031	27.912328654523467	0.02301255230125523	0.7618636755823986	0.7945696721311475	0.6194341844461212	0.3805658155538788	61.94341844461212	38.05658155538788	elevated
99.0	747	467.2524859389095	6.641350754627617	9.581443798505438	766.1291469092647	0.0013052629625621506	0.8980106472401232	0.10198935275987675	0.001367061985014013	18.871297237660585	30.080018775507618	27.282372932416035	0.014644351464435146	0.7454702329594478	0.7935450819672131	0.6129175784078048	0.3870824215921952	61.291757840780484	38.708242159219516	elevated
99.25	738	460.42577866203317	6.626773966803409	9.560413938999362	755.0424454466386	0.0013244288530142952	0.8977304567105632	0.10226954328943683	0.0005344359541998286	18.009995615303957	29.367751856492387	26.723277262865672	0.006276150627615063	0.727351164797239	0.7909836065573771	0.6055853446731986	0.3944146553268014	60.55853446731986	39.44146553268014	elevated
99.5	719	453.3238167342655	6.612744055702638	9.540173055830168	744.5232314266988	0.001343141433053394	0.8974502661810031	0.1025497338189969	0.0	17.111722935430002	28.683296175419184	26.20835864858608	0.0	0.7178602243313201	0.7899590163934426	0.6013173767264415	0.3986826232735585	60.13173767264415	39.86826232735585	elevated
99.75	706	446.04420879603254	6.601283955378234	9.52363962592406	736.039624840552	0.0013586225065214791	0.8968898851218828	0.10311011487811717	0.0	16.247361210700628	27.997115843558916	25.705483083239866	0.0	0.7135461604831751	0.7879098360655737	0.5995864704176579	0.4004135295823421	59.958647041765786	40.041352958234214	elevated
100.0	703	438.85980281587285	6.593208708409307	9.511989507168035	730.119857053268	0.0013696381359027223	0.8966096945923228	0.10339030540767724	0.0	15.474570196043327	27.29817823148918	25.200971560350247	0.0	0.7100949094046591	0.7868852459016393	0.5983974624746553	0.4016025375253447	59.83974624746553	40.16025375253447	elevated
100.25	691	432.2023806703145	6.587519891853072	9.503782279733828	725.9781310519087	0.001377451960641082	0.8963295040627627	0.10367049593723732	0.0	14.822319947238274	26.593411586936146	24.701672947854703	0.0	0.7049180327868853	0.7848360655737705	0.5965209006058546	0.4034790993941454	59.65209006058546	40.34790993941454	elevated
100.5	700	426.5747364594032	6.5822196030647575	9.496135579383647	722.1404167847088	0.0013847722364750694	0.8960493135332026	0.10395068646679739	0.0	14.283628012785808	25.930438483839676	24.253400133922913	0.0	0.7014667817083693	0.7827868852459017	0.5950757451218684	0.40492425487813155	59.50757451218684	40.49242548781316	elevated
100.75	688	422.3629225267153	6.575059552163611	9.485805809456052	716.9883212864956	0.0013947228571390049	0.8957691230036425	0.10423087699635747	0.0	13.819593340156244	25.390197738955223	23.935297663410026	0.0	0.6980155306298533	0.78125	0.593758663408374	0.406241336591626	59.375866340837405	40.624133659162595	elevated
101.0	687	419.6848820215338	6.564776583435231	9.470970621466	709.6533301752468	0.0014091387406764554	0.8954889324740823	0.10451106752591766	0.0	13.378270020018022	25.08952680043956	23.857949550064216	0.0	0.6962899050905953	0.7797131147540983	0.592872988079694	0.407127011920306	59.2872988079694	40.7127011920306	elevated
101.25	679	418.3447599753854	6.552115814397993	9.452704992762136	700.7252109538985	0.0014270929379559475	0.8952087419445223	0.10479125805547773	0.0	12.907915368727428	25.152021103648817	24.133836468278645	0.0	0.6945642795513374	0.7802254098360656	0.5924996078329813	0.4075003921670187	59.24996078329813	40.75003921670187	elevated
101.5	675	417.84323385053835	6.538668105657921	9.433304050051516	691.3651392258918	0.0014464136868683902	0.8946483608854021	0.10535163911459788	0.0	12.377791069967945	25.670781285552067	24.841102241390182	0.0	0.6937014667817084	0.7822745901639344	0.5926561044577612	0.4073438955422388	59.26561044577612	40.73438955422388	elevated
101.75	663	417.56625997670716	6.526757554390871	9.416120756804288	683.1794441306051	0.0014637442747894322	0.8943681703558419	0.10563182964415807	0.0	11.780119098589267	26.66506748173354	25.98229649107608	0.0	0.6919758412424504	0.7853483606557377	0.5929230930635074	0.40707690693649257	59.292309306350745	40.707690693649255	elevated
102.0	658	416.9388191593682	6.517836296283011	9.403250101973589	677.111730040769	0.0014768611377324536	0.8940879798262819	0.10591202017371815	0.0	11.134496764753235	28.061009059866027	27.469876205873263	0.0	0.6902502157031924	0.788422131147541	0.5931900816692538	0.4068099183307462	59.31900816692538	40.68099183307462	elevated
102.25	645	415.5706045671276	6.512007655711125	9.394841151125405	673.1765686009461	0.0014854943660298318	0.8938077892967218	0.10619221070327822	0.0	10.479620996522247	29.679862363354342	29.11808742409269	0.0	0.6842105263157895	0.7920081967213115	0.5925066280834557	0.40749337191654433	59.25066280834557	40.74933719165443	elevated
102.5	644	413.34608576088624	6.508743835232751	9.390132453506903	670.9830227479556	0.001490350673709422	0.8935275987671617	0.1064724012328383	0.0	9.857663108673922	31.27420219988629	30.681401630994795	0.0	0.6773080241587576	0.795594262295082	0.5916074713052504	0.4083925286947496	59.16074713052504	40.83925286947496	elevated
102.75	646	410.35330803138777	6.50642792816242	9.386791305861376	669.4308864169835	0.0014938061871514956	0.8932474082376015	0.10675259176239849	0.0	9.30595441640903	32.58208086140705	31.91013765838477	0.0	0.6704055220017257	0.8017418032786885	0.5913486833795039	0.40865131662049614	59.13486833795039	40.86513166204961	elevated
103.0	643	406.85147484966404	6.5039770807380926	9.383255480436324	667.7922223313104	0.0014974717682528984	0.8929672177080414	0.10703278229195856	0.0	8.848773795890146	33.38804336007887	32.609155201930484	0.0	0.6617773943054357	0.8063524590163934	0.5902742677574676	0.4097257322425324	59.02742677574676	40.97257322425324	elevated
103.25	656	403.1416945218513	6.500522399865736	9.378271429473921	665.4891937190805	0.0015026540016547958	0.8926870271784814	0.10731297282151864	0.0	8.491764183948819	33.578706618054944	32.691867370639685	0.0	0.6557377049180327	0.8073770491803278	0.5889504453192105	0.4110495546807895	58.895044531921044	41.104955468078956	elevated
103.5	647	399.5198005029604	6.496028811443198	9.371788551740929	662.505468021184	0.0015094215040773436	0.8924068366489213	0.10759316335107871	0.0	8.226998513794642	33.16378369444431	32.19462326440777	0.0	0.6488352027610008	0.8043032786885246	0.5863863295246117	0.41361367047538833	58.638632952461165	41.361367047538835	elevated
103.75	640	396.20014784079933	6.490434006861764	9.363716954916551	658.8092289028357	0.0015178900903762003	0.8921266461193612	0.10787335388063879	0.0	8.041093870511489	32.26145531410096	31.256265205093232	0.0	0.6471095772217429	0.7996926229508197	0.5847322115729809	0.41526778842701906	58.47322115729809	41.52677884270191	elevated
104.0	633	393.31844724780717	6.483942456283263	9.354351627089267	654.546386669564	0.0015277756021053893	0.891846455589801	0.10815354441019898	0.0	7.9198319287743555	31.054360303120177	30.070582123627567	0.0	0.6410698878343399	0.7950819672131147	0.5819995776593139	0.41800042234068613	58.19995776593139	41.80004223406861	elevated
104.25	617	390.9195315983726	6.476819616705052	9.344075541752735	649.900722562308	0.0015386965505398817	0.891566265060241	0.10843373493975905	0.0	7.854550032698328	29.73048017061595	28.824169356776817	0.0	0.636755823986195	0.7925204918032787	0.5802106452124287	0.4197893547875713	58.02106452124287	41.97893547875713	elevated
104.5	616	388.9470812830016	6.46912040543485	9.33296792783446	644.9162126147896	0.0015505890229453776	0.8910058840011208	0.1089941159988792	0.0	7.83703760045059	28.427162138706677	27.642096392371467	0.0	0.635893011216566	0.7889344262295082	0.5789583303617987	0.42104166963820133	57.895833036179866	42.104166963820134	elevated
104.75	627	387.266324245467	6.460947132371938	9.321176387318765	639.6666187123604	0.0015633143433574591	0.8907256934715606	0.10927430652843939	0.0	7.856227433689305	27.203993986857327	26.565065447554254	0.0	0.637618636755824	0.7858606557377049	0.5785512464912724	0.42144875350872757	57.85512464912724	42.14487535087276	elevated
105.0	623	385.6979232157761	6.452562841952529	9.30908041310931	634.3258884125239	0.0015764767263442756	0.8904455029420005	0.10955449705799947	0.0	7.895807915683567	26.060059555588808	25.571281121853772	0.0	0.639344262295082	0.7832991803278688	0.5782722363912378	0.4217277636087622	57.82722363912378	42.17277636087622	elevated
105.25	611	384.03660241688294	6.443998836284125	9.296725164601359	628.9167130727042	0.0015900356584805813	0.8901653124124405	0.10983468758755954	0.0	7.931855076797485	24.957143330815587	24.605883588621417	0.0	0.642795513373598	0.7792008196721312	0.5780404113645423	0.4219595886354577	57.80404113645423	42.19595886354577	elevated
105.5	609	382.07808458307704	6.435016562890304	9.283766483320184	623.2929063101252	0.00160438212897363	0.8898851218828804	0.11011487811711962	0.0	7.938137789465973	23.868317997299407	23.631179908161656	0.0	0.6436583261432269	0.7781762295081968	0.577929919383576	0.42207008061642404	57.792991938357595	42.207008061642405	elevated
105.75	601	379.64116973424274	6.425385686738837	9.269872066057047	617.3188633335616	0.0016199083802492858	0.8896049313533203	0.1103950686466797	0.0	7.900597115606767	22.80070487459292	22.650310757444277	0.0	0.640207075064711	0.7725409836065574	0.5755882475061471	0.4244117524938529	57.55882475061471	42.44117524938529	elevated
106.0	579	376.5786243086435	6.415165460892777	9.25512739691217	611.0418559852293	0.0016365491008592593	0.8893247408237601	0.11067525917623988	0.001120232729378674	7.821820521685221	21.804138880638433	21.714537030731755	0.010460251046025104	0.635030198446937	0.764344262295082	0.5747898631529511	0.4252101368470489	57.47898631529511	42.52101368470489	elevated
106.25	586	372.79984181964846	6.404930561820636	9.240361558776794	604.819799634661	0.0016533850257614683	0.8890445502942	0.11095544970579996	0.0028542665356800882	7.730516679953595	20.951005338620817	20.90085663640379	0.02092050209205021	0.633304572907679	0.7546106557377049	0.5744700702579085	0.4255299297420915	57.44700702579085	42.55299297420915	elevated
106.5	583	368.31127698456396	6.395777756076709	9.22715685131981	599.3092584250273	0.00166858760471677	0.8884841692350799	0.11151583076492011	0.006832619381048671	7.669017712700963	20.31047629946071	20.284109402877228	0.03347280334728033	0.6289905090595341	0.7479508196721312	0.5747245753285064	0.4252754246714936	57.47245753285064	42.52754246714936	elevated
106.75	574	363.2602837623515	6.3888406058768705	9.217148659128602	595.1661473902121	0.0016802030901538565	0.8882039787055197	0.1117960212944803	0.015366909320230724	7.683099787000458	19.923236280366655	19.91021316379645	0.04602510460251046	0.630716134598792	0.7448770491803278	0.5774555667717876	0.42254443322821245	57.745556677178755	42.254443322821245	elevated
107.0	576	357.9542380156937	6.384459913773129	9.210828656354872	592.5646101750841	0.001687579688069005	0.8879237881759596	0.11207621182404037	0.03247076927663011	7.799082109604557	19.787748213665246	19.78170556373414	0.060669456066945605	0.634167385677308	0.7433401639344263	0.5815251984636599	0.4184748015363401	58.15251984636599	41.84748015363401	elevated
107.25	566	352.85783631470974	6.38221231299646	9.207586053860474	591.2342571083674	0.001691376959262883	0.8876435976463996	0.11235640235360045	0.06496233182636289	8.00557578795956	19.870331775018137	19.867697891668232	0.07322175732217573	0.6453839516824849	0.7443647540983607	0.5876535151873552	0.4123464848126448	58.76535151873552	41.23464848126448	elevated
107.5	572	348.49656094328554	6.380650222572809	9.205332433752853	590.3114167049365	0.0016940211076755167	0.8873634071168395	0.11263659288316052	0.12151813490084783	8.250240850793318	20.105854144813456	20.104775639637502	0.11506276150627615	0.6496980155306299	0.7459016393442623	0.599506455874502	0.400493544125498	59.950645587450204	40.049354412549796	elevated
107.75	564	345.3212689649444	6.377743233712357	9.20113853533996	588.597879815401	0.001698952772839795	0.8870832165872794	0.1129167834127206	0.213794361495305	8.450668557620515	20.42064915230648	20.420234289476664	0.15271966527196654	0.6540120793787748	0.7489754098360656	0.6106975927685216	0.38930240723147835	61.06975927685217	38.93024072314783	elevated
108.0	561	343.5880035445431	6.372118896189586	9.193024331487571	585.2966988543375	0.001708535178751913	0.8868030260577192	0.11319697394228079	0.353914332087428	8.514608364510165	20.735087378558333	20.735087378558333	0.19874476987447698	0.6583261432269197	0.7525614754098361	0.624108853642238	0.375891146357762	62.4108853642238	37.5891146357762	elevated
108.25	565	343.2561272745097	6.36342943805546	9.180488093329457	580.2328207350707	0.0017234461138084971	0.8865228355281591	0.11347716447184086	0.551540677348435	8.370051628391213	20.977241410660923	20.977241410660923	0.2489539748953975	0.6522864538395168	0.7556352459016393	0.6358496275411782	0.36415037245882176	63.584962754117825	36.415037245882175	elevated
108.5	556	344.0000083332916	6.352858278743714	9.165237134213951	574.1313935477239	0.0017417615745077288	0.8856822639394788	0.1143177360605212	0.8097358685148426	7.987684357490617	21.098737091882377	21.098737091882377	0.3263598326359833	0.6445211389128559	0.7566598360655737	0.6533057678884729	0.34669423211152706	65.3305767888473	34.669423211152704	elevated
108.75	549	345.2840371657882	6.342402318171418	9.15015237174857	568.1595732987281	0.001760068908447694	0.8840011207621182	0.11599887923788177	1.121899833160635	7.3933785576869635	21.083498448116266	21.083498448116266	0.4351464435146444	0.6264020707506471	0.7561475409836066	0.6754242940027542	0.32457570599724583	67.54242940027541	32.45757059972458	elevated
109.0	540	346.51597732025994	6.3342527375024495	9.138395012132126	563.5481272218454	0.0017744713391733829	0.8826001681143177	0.11739983188568226	1.4679145395289548	6.661669842056098	20.95684472797579	20.95684472797579	0.5062761506276151	0.6134598792062123	0.7551229508196722	0.6893647871919544	0.3106352128080456	68.93647871919543	31.06352128080456	high
109.25	534	347.1997486889224	6.3298841440983304	9.132092464092342	561.0915843157741	0.0017822402401908325	0.8811992154665172	0.11880078453348275	1.8176173834669016	5.898070437573319	20.792952235535964	20.792952235535964	0.5543933054393305	0.5953408110440035	0.7535860655737705	0.6961298493809054	0.3038701506190946	69.61298493809053	30.387015061909462	high
109.5	532	347.07369432996313	6.329981333745048	9.132232679113686	561.1461192587027	0.0017820670333086176	0.8814794059960773	0.11852059400392267	2.1361588514061522	5.213384390851553	20.70822752235501	20.70822752235501	0.5962343096234309	0.5660051768766178	0.7520491803278688	0.6989420182059987	0.30105798179400134	69.89420182059986	30.105798179400132	high
109.75	539	346.14518621331035	6.333824113277361	9.137776638088184	563.3066286022914	0.0017752320836011766	0.8823199775847577	0.11768002241524234	2.392227140787066	4.70219643279518	20.837303291396825	20.837303291396825	0.6234309623430963	0.540120793787748	0.7540983606557377	0.6999925235928349	0.3000074764071651	69.99925235928349	30.000747640716508	high
110.0	563	344.6845998545406	6.339945327980182	9.146607684184161	566.7653243294973	0.0017643986974380165	0.8834407397029981	0.11655926029700192	2.5668518455067075	4.421131520711949	21.303794760304427	21.303794760304427	0.6485355648535565	0.5237273511647972	0.7587090163934426	0.7036031680286986	0.2963968319713014	70.36031680286986	29.63968319713014	high
110.25	555	343.1358796573089	6.346654508698029	9.156286985934226	570.5806398240178	0.0017526006495916626	0.8845615018212385	0.1154384981787615	2.6591537943486596	4.386243796878674	22.191415495900536	22.191415495900536	0.6652719665271967	0.5202761000862812	0.7679303278688525	0.7095099740758923	0.29049002592410766	70.95099740758923	29.049002592410766	high
110.5	557	341.96082970882014	6.351945001373032	9.163919553480314	573.607291699806	0.0017433530125404058	0.8851218828803586	0.11487811711964135	2.687065065745212	4.5739175289165175	23.521375614089862	23.521375614089862	0.6757322175732218	0.5323554788610871	0.7771516393442623	0.7175903046647325	0.2824096953352675	71.75903046647325	28.24096953352675	high
110.75	558	341.5299798001228	6.354679341599075	9.167864372564528	575.1778754680862	0.0017385926035249335	0.8862426449985991	0.11375735500140094	2.6826495661785232	4.930138248430187	25.24292016156948	25.24292016156948	0.6694560669456067	0.548748921484038	0.7807377049180327	0.721296334586569	0.27870366541343095	72.12963345865691	27.870366541343095	high
111.0	553	342.0101004771782	6.354505744744181	9.16761392524286	575.0780350641407	0.0017388944439313632	0.885962454469039	0.11403754553096102	2.683324317852826	5.383032524208797	27.241693579466816	27.241693579466816	0.6715481171548117	0.5763589301121657	0.7863729508196722	0.730060613138922	0.269939386861078	73.0060613138922	26.9939386861078	high
111.25	554	343.3426876828222	6.35215705785374	9.164225486313418	573.728941741276	0.0017429833624306714	0.8854020734099187	0.11459792659008128	2.7212647983518905	5.858033866698181	29.36006145991833	29.36006145991833	0.6820083682008368	0.5927523727351165	0.7904713114754098	0.7376585314553206	0.26234146854467943	73.76585314553206	26.234146854467944	high
111.5	555	345.26305116712564	6.348664089623392	9.159186198369513	571.7284206871861	0.0017490821932519202	0.8848416923507986	0.11515830764920143	2.8135628029909534	6.29002800207598	31.423504129403447	31.423504129403447	0.6924686192468619	0.6039689387402933	0.7961065573770492	0.7443464519287508	0.2556535480712492	74.43464519287508	25.56535480712492	high
111.75	566	347.38799143962217	6.345008628142506	9.153912482218878	569.6423046492063	0.0017554875960552369	0.8842813112916783	0.1157186887083217	2.95598825896917	6.632350271947546	33.2748987697005	33.2748987697005	0.7175732217573222	0.6117342536669542	0.8058401639344263	0.7548572376625953	0.24514276233740473	75.48572376625953	24.514276233740475	high
112.0	554	349.3088888487189	6.341781735780854	9.149257060611241	567.8070928553991	0.001761161515209648	0.8837209302325582	0.11627906976744184	3.1208800722124583	6.868996445687144	34.79307625803283	34.79307625803283	0.7364016736401674	0.6160483175150993	0.8119877049180327	0.7620396565764643	0.23796034342353567	76.20396565764644	23.79603434235357	high
112.25	553	350.6348216323928	6.338491895888325	9.14451082491297	565.9421677645564	0.0017669649956460227	0.8831605491734379	0.11683945082656211	3.2637631277233172	7.006966147383798	35.90156904360251	35.90156904360251	0.7552301255230126	0.6194995685936152	0.8145491803278688	0.7681098559044837	0.23189014409551634	76.81098559044837	23.189014409551632	high
112.5	548	351.0626762791148	6.334755762165181	9.139120723318493	563.831677138796	0.0017735789607894528	0.8828803586438778	0.11711964135612218	3.3343710487559433	7.083068450202589	36.573487599810065	36.573487599810065	0.7635983263598326	0.6203623813632442	0.8160860655737705	0.7707317829851812	0.2292682170148188	77.07317829851812	22.92682170148188	high
112.75	543	350.37183289050483	6.330300971932324	9.13269381954135	561.3255116558628	0.0017814975076584077	0.8817595965256374	0.1182404034743626	3.292036185349235	7.145897266494683	36.815453168885746	36.815453168885746	0.7594142259414226	0.6212251941328731	0.8176229508196722	0.7700054918549013	0.2299945081450987	77.00054918549013	22.99945081450987	high
113.0	535	348.4539875894412	6.325494030165116	9.125758868491955	558.6337274171104	0.0017900816777096206	0.8809190249369572	0.11908097506304283	3.11811345431256	7.243492890283322	36.66143410716798	36.66143410716798	0.7343096234309623	0.6246764452113891	0.8171106557377049	0.7642539373292534	0.2357460626707466	76.42539373292534	23.57460626707466	high
113.25	544	345.35312749270315	6.321399547028528	9.119851777975796	556.3510873453102	0.0017974261626262093	0.880638834407397	0.11936116559260301	2.824241285310828	7.4137992009681195	36.1720189832175	36.1720189832175	0.696652719665272	0.6272648835202761	0.8155737704918032	0.7550325520211871	0.24496744797881287	75.50325520211871	24.496744797881288	high
113.5	549	341.2914135293973	6.318988157629258	9.116372878447818	555.0111244664555	0.001801765687059556	0.8797982628187168	0.12020173718128324	2.449778868883193	7.676173554814044	35.427030539952845	35.427030539952845	0.6317991631799164	0.6298533218291631	0.8130122950819673	0.7386157607274408	0.26138423927255916	73.86157607274409	26.138423927255914	high
113.75	536	336.68538310322504	6.318637738932157	9.115867331131277	554.816672263177	0.0018023971700793636	0.8795180722891566	0.12048192771084343	2.0517599710068812	8.0311588411345	34.53355083349266	34.53355083349266	0.5878661087866108	0.6462467644521139	0.8109631147540983	0.7311485150704949	0.26885148492950506	73.1148515070495	26.885148492950506	high
114.0	526	332.07672600010835	6.319211649811736	9.116695309511156	555.1351789760522	0.0018013630515084664	0.8803586438778369	0.11964135612216309	1.6898188705484238	8.466109746563806	33.613800599843984	33.613800599843984	0.5376569037656904	0.6548748921484038	0.8078893442622951	0.7201949460135565	0.2798050539864435	72.01949460135565	27.98050539864435	high
114.25	536	328.05497284866317	6.319017897271838	9.116415783682687	555.027630544366	0.0018017121039887855	0.8800784533482768	0.11992154665172317	1.4139180709309351	8.958246630694513	32.79681769551958	32.79681769551958	0.5	0.6643658326143227	0.8027663934426229	0.7118026698513057	0.2881973301486943	71.18026698513057	28.81973301486943	high
114.5	531	325.0908382679262	6.316010009261024	9.112076318565936	553.3606778490922	0.0018071396107995795	0.8792378817595965	0.1207621182404035	1.2513117819280046	9.481113594866411	32.19206736926733	32.19206736926733	0.4581589958158996	0.6738567730802416	0.7991803278688525	0.7026084946311475	0.2973915053688525	70.26084946311475	29.73915053688525	high
114.75	532	323.4114603544722	6.3089109520001125	9.101834543860631	549.4462495259899	0.0018200142431815764	0.8789576912300364	0.12104230876996358	1.2061047179490636	10.000733459574224	31.868316954320257	31.868316954320257	0.4497907949790795	0.6798964624676446	0.798155737704918	0.7017001715954196	0.29829982840458036	70.17001715954197	29.829982840458037	high
115.0	529	322.9375643362693	6.298037333543518	9.086147228436785	543.5041452806629	0.0018399123699113736	0.8786775007004763	0.12132249929952366	1.2607178362021811	10.472746245294584	31.83583067974698	31.83583067974698	0.46234309623430964	0.6833477135461605	0.7976434426229508	0.7055029382759743	0.2944970617240257	70.55029382759743	29.449706172402568	high
115.25	518	323.30517262791204	6.2851886966877135	9.067610563762733	536.5655292236111	0.0018637052615865207	0.8783973101709163	0.12160268982908373	1.3820647814255431	10.847814571435926	32.04593560791303	32.04593560791303	0.4916317991631799	0.6867989646246765	0.7986680327868853	0.7138740266864145	0.28612597331358547	71.38740266864146	28.612597331358547	high
115.5	511	323.9461240906886	6.272215747869732	9.048894554837323	529.649648750657	0.0018880405233134964	0.8781171196413561	0.12188288035864392	1.530579768666965	11.07032476801854	32.40362538335152	32.40362538335152	0.5146443514644351	0.6885245901639344	0.8007172131147541	0.7205008185961199	0.2794991814038801	72.05008185961199	27.949918140388007	high
115.75	505	324.27537873256483	6.260998057416666	9.032710848450458	523.7414033324941	0.0019093392151873776	0.877836929111796	0.122163070888204	1.666083507576555	11.100751065712645	32.79343128332161	32.79343128332161	0.5334728033472803	0.6893874029335634	0.8022540983606558	0.7257378084383238	0.2742621915616762	72.57378084383238	27.42621915616762	high
116.0	509	323.80473921368537	6.252018654424669	9.01975630828376	519.0595697016863	0.0019265611470658745	0.8772765480526759	0.12272345194732415	1.7556309085890809	10.931116779381696	33.104955899668305	33.104955899668305	0.5439330543933054	0.6876617773943055	0.8037909836065574	0.7281655908617111	0.27183440913828893	72.81655908617111	27.183440913828893	high
116.25	504	322.23895123692694	6.244526518281065	9.008947440623718	515.1852363780604	0.001941049411722983	0.8769963575231157	0.12300364247688433	1.7771853523186738	10.594022263270165	33.25461403040319	33.25461403040319	0.5481171548117155	0.6850733390854185	0.805327868852459	0.7288786800681771	0.27112131993182287	72.88786800681771	27.112131993182288	high
116.5	505	319.4675224599708	6.236595950011734	8.997506049110122	511.1156829543947	0.001956504238374597	0.8767161669935556	0.12328383300644441	1.7216545592512185	10.163028418628286	33.182734637796486	33.182734637796486	0.5418410041841004	0.6824849007765315	0.8048155737704918	0.7264644114311698	0.2735355885688302	72.64644114311697	27.35355885688302	high
116.75	494	315.5218883220164	6.226305167192448	8.982659587769874	505.88287349795974	0.0019767421519638244	0.8764359764639955	0.12356402353600449	1.5922636928998282	9.736644828005314	32.871289726118476	32.871289726118476	0.5209205020920502	0.6755823986194995	0.8032786885245902	0.7190543914250338	0.2809456085749662	71.90543914250338	28.09456085749662	high
117.0	487	310.50340712648284	6.212717060912451	8.96305609422465	499.0553746875789	0.0020037856532975425	0.8761557859344354	0.12384421406556456	1.404562492830595	9.411331800711691	32.32849230787604	32.32849230787604	0.497907949790795	0.6721311475409836	0.8002049180327869	0.7115999503247503	0.2884000496752497	71.15999503247504	28.84000496752497	high
117.25	486	304.51178198948685	6.195829873598644	8.938693032832457	490.69849380002887	0.002037911288978856	0.8758755954048754	0.12412440459512464	1.1799736948175363	9.253626170150737	31.58128627489584	31.58128627489584	0.4456066945606695	0.6669542709232097	0.7966188524590164	0.6962638533369427	0.30373614666305726	69.62638533369427	30.373614666305727	high
117.5	470	297.6797333657458	6.177436823368684	8.91215747047887	481.7555479006946	0.0020757415339742644	0.8755954048753152	0.12440459512468482	0.9423961674948471	9.2834669389988	30.6769407060841	30.6769407060841	0.36610878661087864	0.6686798964624676	0.7940573770491803	0.6761103662494605	0.3238896337505395	67.61103662494605	32.38896337505395	elevated
117.75	464	290.1873171935897	6.159682776057291	8.886543794467018	473.2779159326054	0.0021129234353339226	0.875035023816195	0.12496497618380498	0.7145105785225356	9.468403637996994	29.67394566641561	29.67394566641561	0.2928870292887029	0.6729939603106126	0.7914959016393442	0.6581029787637137	0.3418970212362863	65.81029787637137	34.18970212362863	elevated
118.0	451	282.34278600549607	6.144879193920339	8.865186739930644	466.32331096911156	0.0021444349370435788	0.874754833286635	0.12524516671336505	0.5138945880389533	9.735212028200062	28.62795950669467	28.62795950669467	0.23640167364016737	0.6747195858498706	0.7894467213114754	0.6438307035220371	0.3561692964779629	64.3830703522037	35.61692964779629	elevated
118.25	431	274.5802598404584	6.133854757373889	8.849281839996486	461.2105934147675	0.0021682069195247174	0.8744746427570748	0.12552535724292524	0.3503374423385442	9.98959926956584	27.58582831332534	27.58582831332534	0.19456066945606695	0.6790336496980155	0.7873975409836066	0.633866625723691	0.366133374276309	63.386662572369104	36.613337427630896	elevated
118.5	431	267.4792412474854	6.126872566715123	8.839208668158543	458.00154923385	0.0021833987279580407	0.8741944522275147	0.12580554777248532	0.2270665178197575	10.136060983578105	26.570957462482866	26.570957462482866	0.1589958158995816	0.6816220880069025	0.7843237704918032	0.6247840316564506	0.3752159683435494	62.478403165645055	37.521596834354945	elevated
118.75	427	261.6601662911776	6.122894093692329	8.833468944858248	456.18302230466355	0.0021921026235214563	0.8739142616979546	0.1260857383020454	0.14188846174574657	10.097061559588482	25.576568878909264	25.576568878909264	0.12761506276150628	0.6807592752372735	0.7817622950819673	0.6160127236946754	0.3839872763053246	61.601272369467544	38.398727630532456	elevated
119.0	439	257.67576004834336	6.120054496745713	8.82937227242524	454.8894838205773	0.0021983361576114854	0.8736340711683945	0.12636592883160547	0.08990196355253204	9.827001995387901	24.579544127467265	24.579544127467265	0.09623430962343096	0.6764452113891286	0.7786885245901639	0.6062505291927796	0.39374947080722045	60.625052919277955	39.374947080722045	elevated
119.25	439	255.88020786640095	6.115975843883734	8.823488020167757	453.037926023048	0.0022073207176679633	0.8730736901092743	0.12692630989072573	0.06608869420942168	9.315881205672046	23.55566066494939	23.55566066494939	0.07531380753138076	0.6712683347713546	0.7776639344262295	0.5993299417095598	0.4006700582904402	59.93299417095598	40.06700582904402	elevated
119.5	435	256.35636968102926	6.1093596032343225	8.813942802593523	450.05041203501787	0.0022219733017868923	0.872233118520594	0.12776688147940596	0.06723323077180497	8.594293380783348	22.502557268182823	22.502557268182823	0.07740585774058577	0.6591889559965487	0.7704918032786885	0.5948299338841043	0.4051700661158957	59.482993388410435	40.517006611589565	elevated
119.75	426	258.83751457482515	6.099779043913314	8.80012097717216	445.75926597736236	0.0022433633495142747	0.8713925469319137	0.1286074530680863	0.09245813468004564	7.7236932523587525	21.44639170085349	21.44639170085349	0.10669456066945607	0.6324417601380501	0.7607581967213115	0.5928217661151829	0.4071782338848171	59.28217661151829	40.71782338848171	elevated
120.0	424	262.7264041752677	6.088162666799873	8.783362087517503	440.61111754963696	0.0022695750519444056	0.8702717848136733	0.1297282151863267	0.1448122143707813	6.787157699079017	20.445527776718947	20.445527776718947	0.1297071129707113	0.6151855047454702	0.7494877049180327	0.5911630268619719	0.40883697313802814	59.11630268619719	40.88369731380281	elevated
120.25	414	267.18948182716275	6.076721483165935	8.76685594862692	435.5987333237072	0.002295690789479106	0.869431213224993	0.13056878677500705	0.2257437870914422	5.8774186899772	19.56909246369462	19.56909246369462	0.15690376569037656	0.5944779982743744	0.7418032786885246	0.5906540639695671	0.4093459360304329	59.06540639695671	40.93459360304329	elevated
120.5	401	271.31111722977005	6.068161278883606	8.754506184359808	431.88583344457135	0.0023154267229011597	0.8685906416363127	0.13140935836368728	0.336721706578123	5.075566079870589	18.868074477937043	18.868074477937043	0.1903765690376569	0.5573770491803278	0.7371926229508197	0.5883842207012793	0.41161577929872073	58.838422070127926	41.161577929872074	elevated
120.75	413	274.2856472220127	6.064650772563542	8.749441594300844	430.3723535913133	0.0023235693270149313	0.8680302605771925	0.13196973942280754	0.47481390554464403	4.443984060904828	18.360663899583137	18.360663899583137	0.22384937238493724	0.5254529767040552	0.7361680327868853	0.5883751606132676	0.41162483938673244	58.83751606132675	41.16248393867325	elevated
121.0	428	275.6232218152102	6.067627353896457	8.753735893428642	431.6553003556645	0.0023166633171793445	0.8683104511067526	0.13168954889324735	0.6327272416135429	4.019457544010284	18.02123837307619	18.02123837307619	0.26778242677824265	0.5107851596203624	0.7341188524590164	0.5952492224910935	0.40475077750890653	59.524922249109345	40.475077750890655	elevated
121.25	420	275.24309544201583	6.0765786167016795	8.766649835887431	435.5365053180966	0.0022960187901348112	0.8691510226954329	0.13084897730456713	0.7966118006959427	3.8114656951705843	17.789129418352577	17.789129418352577	0.3200836820083682	0.5038826574633305	0.7310450819672131	0.6060406110335861	0.3939593889664139	60.60406110335861	39.39593889664139	elevated
121.5	430	273.48711706338804	6.08931816306659	8.785029116251263	441.1205363100975	0.002266954080997542	0.8708321658727936	0.12916783412720645	0.9505499944402155	3.8058638240435734	17.590297008766058	17.590297008766058	0.3723849372384937	0.5030198446937014	0.7295081967213115	0.618936286131575	0.38106371386842497	61.8936286131575	38.1063713868425	elevated
121.75	430	271.0097055517631	6.102665903219517	8.804285834776964	447.047969520584	0.002236896414208981	0.8716727374614738	0.12832726253852622	1.079941410071866	3.9683143629108493	17.359759140747155	17.359759140747155	0.42677824267782427	0.5090595340811044	0.7284836065573771	0.6339985301944449	0.36600146980555515	63.399853019444485	36.600146980555515	elevated
122.0	436	268.56246877881335	6.113041342187158	8.819254429122626	451.71043417667664	0.0022138076173128024	0.8725133090501541	0.12748669094984588	1.1757581870043978	4.2503730568482	17.051556056776327	17.051556056776327	0.4435146443514644	0.5150992234685073	0.7269467213114754	0.6395184745454003	0.36048152545459966	63.95184745454004	36.04815254545996	elevated
122.25	447	266.77641404977896	6.117624805631495	8.825866969103867	453.78558449404284	0.0022036839295258128	0.8733538806388345	0.12664611936116554	1.2369508872884736	4.598381536544705	16.654510490168306	16.654510490168306	0.45188284518828453	0.5332182916307161	0.7254098360655737	0.6459662133808521	0.35403378661914786	64.59662133808521	35.403378661914786	elevated
122.5	441	266.01947996619384	6.115820930889223	8.823264527958806	452.96774999703007	0.002207662686817233	0.8727934995797142	0.1272065004202858	1.2696448927960555	4.9570004663178375	16.187688778726546	16.187688778726546	0.4665271966527197	0.5504745470232959	0.7218237704918032	0.6529047534368833	0.34709524656311674	65.29047534368833	34.70952465631167	elevated
122.75	440	266.33000132445284	6.1090325134850385	8.813470911834305	449.90322923088564	0.0022227002053519613	0.8719529279910339	0.12804707200896615	1.2832389195689102	5.282637001958687	15.691631559179053	15.691631559179053	0.4707112970711297	0.5703192407247627	0.7197745901639344	0.6581895139877152	0.3418104860122848	65.81895139877152	34.18104860122848	elevated
123.0	436	267.4502201702019	6.0995340782213585	8.799767566383188	445.65008362383816	0.002243912963885079	0.8711123564023536	0.12888764359764637	1.2851474734936563	5.545840609736836	15.22159363861467	15.22159363861467	0.47280334728033474	0.5806729939603106	0.7177254098360656	0.6605785268697661	0.33942147313023385	66.05785268697662	33.94214731302338	elevated
123.25	434	268.9246320563769	6.089130517767906	8.784758401309404	441.0377698809144	0.0022673795041862565	0.8705519753432334	0.12944802465676664	1.2767670534912954	5.731855288292383	14.829521292894425	14.829521292894425	0.4686192468619247	0.5858498705780846	0.7141393442622951	0.6597901092613845	0.3402098907386155	65.97901092613844	34.02098907386155	elevated
123.5	422	270.2470907701698	6.079371059763206	8.770678479644259	436.7544158919672	0.0022896162319452165	0.8697114037545531	0.13028859624544686	1.2527212447271074	5.840476474709863	14.557002259822974	14.557002259822974	0.4602510460251046	0.5910267471958585	0.7120901639344263	0.6582698402274856	0.3417301597725144	65.82698402274856	34.17301597725144	elevated
123.75	413	270.9191850371801	6.070221427656412	8.757478350777829	432.7764996517665	0.0023106615095890137	0.8688708321658728	0.1311291678341272	1.2037743705226787	5.872644971382533	14.421400270115427	14.421400270115427	0.4476987447698745	0.5936151855047455	0.7105532786885246	0.6551845102822543	0.34481548971774567	65.51845102822543	34.481548971774565	elevated
124.0	412	270.5449242887595	6.061410751096149	8.744767231397462	428.9801944573218	0.0023311099508102995	0.8677500700476324	0.13224992995236762	1.121918053454331	5.829438539744214	14.413681177688225	14.412950165689654	0.4372384937238494	0.5901639344262295	0.7100409836065574	0.6512983704510672	0.3487016295489328	65.12983704510673	34.87016295489328	elevated
124.25	416	268.8784347811852	6.05290658526026	8.732498313519127	425.34754396744	0.0023510186297832467	0.8674698795180723	0.1325301204819277	1.0050877919646748	5.714188363535436	14.501195130993162	14.49936297082669	0.40585774058577406	0.5841242450388265	0.711577868852459	0.642257433498783	0.35774256650121705	64.2257433498783	35.77425665012171	elevated
124.5	424	265.8560751305314	6.045033426565032	8.72113974651339	422.0118636540045	0.002369601630014533	0.8671896889885122	0.13281031101148777	0.8592968888234461	5.537495731179124	14.643576789810595	14.639263000170867	0.3410041841004184	0.5798101811906816	0.7126024590163934	0.6251516283240014	0.3748483716759986	62.51516283240014	37.48483716759986	elevated
124.75	416	261.6104805742742	6.0381021584172245	8.711140040329477	419.09690013253	0.0023860830268221324	0.866909498458952	0.13309050154104796	0.6973991835739888	5.323516269719343	14.805428653407741	14.795887275788711	0.28870292887029286	0.5737704918032787	0.7136270491803278	0.6107524920782128	0.3892475079217872	61.07524920782128	38.92475079217872	elevated
125.0	408	256.44877328696015	6.031663211997313	8.70185060426092	416.4070269160966	0.002401496457458903	0.866629307929392	0.13337069207060803	0.5353378915184919	5.117873009874394	14.975969591880144	14.956144290398592	0.24686192468619247	0.5591026747195859	0.7156762295081968	0.5970675342108417	0.4029324657891583	59.706753421084166	40.293246578915834	elevated
125.25	398	250.82880788358545	6.025228837844639	8.692567764579634	413.7363097162045	0.0024169984033693666	0.8663491173998319	0.1336508826001681	0.38841152057721295	4.979765741963064	15.172351661478158	15.13365396523956	0.20711297071129708	0.5522001725625539	0.7161885245901639	0.5854626963159617	0.4145373036840383	58.54626963159617	41.45373036840383	elevated
125.5	395	245.2323197085379	6.017182892784499	8.680959919542104	410.42076632539863	0.002436523884873697	0.8660689268702718	0.13393107312972818	0.2662602675205703	4.969346921772271	15.433329555199094	15.36237063189935	0.17364016736401675	0.551337359792925	0.71875	0.5774491135068034	0.4225508864931966	57.74491135068034	42.25508864931966	elevated
125.75	397	240.1011293339699	6.006668231420017	8.665790469734938	406.12793931220085	0.002462278270471992	0.8657887363407116	0.13421126365928837	0.17393182996510226	5.1298093804693	15.813742345783464	15.691510176944877	0.1401673640167364	0.5599654874892148	0.7202868852459017	0.5715521182731411	0.4284478817268589	57.15521182731411	42.84478817268589	elevated
126.0	389	235.74418399372558	5.993791957492749	8.647213933194942	400.9320483626964	0.0024941882398370084	0.8655085458111516	0.13449145418884845	0.11132306831950141	5.474708275132028	16.35221658276696	16.15441916693646	0.11297071129707113	0.5789473684210527	0.7228483606557377	0.5700687465462533	0.4299312534537467	57.00687465462533	42.99312534537467	elevated
126.25	371	232.30828821387163	5.979865255889623	8.627121949856171	395.38708848435107	0.002529167059635987	0.8649481647520314	0.1350518352479686	0.07705460197865048	5.982925786546399	17.061092311073544	16.760406936900786	0.08368200836820083	0.5970664365832614	0.7274590163934426	0.568288906524234	0.431711093475766	56.828890652423404	43.171109347576596	elevated
126.5	373	229.8001226856839	5.966821513795198	8.60830380782191	390.26325092942835	0.002562372956250577	0.8646679742224713	0.13533202577752868	0.06816556818376647	6.6039033455402905	17.915698900179137	17.486300334758727	0.0794979079497908	0.6100086281276963	0.7320696721311475	0.5715610456077764	0.42843895439222357	57.15610456077764	42.84389543922236	elevated
126.75	377	228.1564278159882	5.956663693173086	8.593649170384149	386.31909277019037	0.0025885337243605248	0.8643877836929111	0.13561221630708886	0.083948316470898	7.2738796350912445	18.85734287875604	18.281285864116885	0.0899581589958159	0.6255392579810182	0.7366803278688525	0.5791413821346494	0.4208586178653506	57.91413821346494	42.08586178653506	elevated
127.0	363	227.28997785131747	5.950156769811574	8.584261664319051	383.8135047157234	0.0026054320333013382	0.8632670215746707	0.13673297842532928	0.12561299253260988	7.925905314819127	19.80125258965329	19.07526876495556	0.11715481171548117	0.6419327006039689	0.7438524590163934	0.5915517482276286	0.40844825177237143	59.15517482276286	40.84482517723714	elevated
127.25	364	227.1209291146166	5.946668075318054	8.579228542074073	382.47682963649834	0.002614537463486059	0.8621462594564304	0.13785374054356958	0.19541829266448532	8.50014082201638	20.65471311020209	19.79521482514089	0.14435146443514643	0.6574633304572908	0.7515368852459017	0.6038744848986923	0.39612551510130767	60.387448489869236	39.612551510130764	elevated
127.5	363	227.5679867487534	5.944646089997674	8.57631143387961	381.7042484387282	0.002619829368130603	0.8607453068086298	0.13925469319137018	0.29465410523519797	8.944462259807073	21.338201082241667	20.382285195552214	0.1799163179916318	0.6635030198446937	0.7597336065573771	0.615974562800583	0.38402543719941695	61.5974562800583	38.4025437199417	elevated
127.75	364	228.51715761872103	5.94262471028112	8.573395199386784	380.93345850523264	0.002625130393964235	0.8599047352199496	0.1400952647800504	0.4210598389638672	9.216177093840452	21.80244819089156	20.803711651488285	0.21338912133891214	0.6660914581535806	0.7638319672131147	0.6258043204813892	0.37419567951861077	62.580432048138924	37.419567951861076	elevated
128.0	365	229.7898222221484	5.939881901773928	8.56943816315535	379.89006254634893	0.0026323405074013847	0.8593443541608293	0.14065564583917067	0.5664173878928962	9.284334530611758	22.03651538683619	21.05626100180175	0.25313807531380755	0.6695427092320967	0.7663934426229508	0.6371046453324212	0.36289535466757883	63.71046453324212	36.28953546675788	elevated
128.25	367	231.15634924733777	5.9370198822194595	8.565309141737192	378.8043641449142	0.0026398851086558315	0.8585037825721491	0.1414962174278509	0.7166868077328067	9.136634571624604	22.0789747917185	21.17515209469357	0.29707112970711297	0.6652286453839517	0.7674180327868853	0.6470553976125247	0.35294460238747527	64.70553976125247	35.294460238747526	elevated
128.5	362	232.369977995787	5.935280552362493	8.562799819178077	378.14607106477166	0.0026444807351408725	0.8579434015130288	0.14205659848697116	0.8518808169812339	8.788398643067126	22.006270101927733	21.223409769970587	0.33472803347280333	0.6609145815358067	0.7658811475409836	0.6548667910156556	0.3451332089843444	65.48667910156556	34.51332089843444	elevated
128.75	369	233.23310347737822	5.935783872408311	8.563525956512157	378.33644746869686	0.002643150049884472	0.8582235920425889	0.1417764079574111	0.9512285178749589	8.289393202917541	21.9217972496862	21.284793590764096	0.37447698744769875	0.6505608283002589	0.7653688524590164	0.6621575650623908	0.33784243493760924	66.21575650623907	33.784243493760926	elevated
129.0	367	233.64555191902878	5.93857434067641	8.567551751244302	379.39365768979496	0.00263578470470277	0.8590641636312693	0.14093583636873075	0.9978091453233842	7.714242141583677	21.91998934942327	21.43307097767855	0.39748953974895396	0.631578947368421	0.7648565573770492	0.6632473020314233	0.33675269796857665	66.32473020314234	33.67526979685766	elevated
129.25	371	233.63796045265474	5.942912404154761	8.573810253911581	381.04306649352696	0.0026243752686600525	0.8601849257495097	0.13981507425049033	0.9832561989787815	7.149084160702378	22.064419978229807	21.714775245528685	0.3891213389121339	0.6220880069025022	0.766905737704918	0.659575002317266	0.34042499768273404	65.9575002317266	34.0424997682734	elevated
129.5	370	233.341394830612	5.947510296791652	8.580443610817364	382.7990955261486	0.0026123363709246042	0.8627066405155506	0.13729335948444943	0.9102118830026785	6.666731707738388	22.363316203362647	22.127456138292448	0.35564853556485354	0.6143226919758412	0.7699795081967213	0.6506643440632417	0.3493356559367583	65.06643440632416	34.93356559367583	elevated
129.75	365	232.90879874799043	5.950513893007022	8.58477688418211	383.9505978991043	0.00260450173921277	0.863827402633791	0.13617259736620901	0.7915437130227998	6.308891299579415	22.757527935900256	22.60806330540161	0.3179916317991632	0.6048317515099223	0.7720286885245902	0.6396698686168667	0.3603301313831333	63.96698686168667	36.03301313831333	elevated
130.0	369	232.4845331632822	5.951414086585937	8.586075588994252	384.296383375536	0.002602158238431289	0.8641075931633511	0.13589240683664894	0.6466419887103901	6.078913951478094	23.144649745821752	23.055672481988637	0.27405857740585776	0.6005176876617774	0.7751024590163934	0.6284465793118449	0.3715534206881551	62.844657931184486	37.155342068815514	elevated
130.25	380	232.13996031702806	5.950280959522313	8.584440832198865	383.86117336376833	0.0026051084855418394	0.8635472121042309	0.1364527878957691	0.4962602545523234	5.943984394093778	23.401538928342244	23.35177940000928	0.23221757322175732	0.5962036238136325	0.7761270491803278	0.617023864579987	0.38297613542001296	61.702386457998706	38.297613542001294	elevated
130.5	375	231.8993415865737	5.94847367673818	8.581833474288711	383.16805419348225	0.002609820910317972	0.8629868310451106	0.13701316895488935	0.35777639306278874	5.853804517168248	23.432797682671904	23.406176952026595	0.200836820083682	0.5918895599654875	0.7766393442622951	0.6080881388391438	0.3919118611608562	60.80881388391438	39.19118611608562	elevated
130.75	371	231.73120255840678	5.9467281338878895	8.579315188274938	382.49980133769844	0.002614380442820486	0.8624264499859905	0.1375735500140095	0.2423095124124818	5.75846253462508	23.20384659723907	23.18971056893316	0.16317991631799164	0.5875754961173425	0.7756147540983607	0.5971991541299213	0.4028008458700787	59.71991541299213	40.28008458700787	elevated
131.0	373	231.61662896847542	5.9459020392701625	8.578123385666638	382.1839507897128	0.002616541060747538	0.8618660689268702	0.13813393107312977	0.15416501903298752	5.621360913637436	22.756106519416644	22.74713771638204	0.13598326359832635	0.5815358067299397	0.7715163934426229	0.5877253831744398	0.4122746168255602	58.77253831744398	41.22746168255602	elevated
131.25	357	231.54141989694645	5.945789548379044	8.577961095615876	382.14096099454275	0.0026168354143388485	0.8615858783973102	0.13841412160268984	0.09214203782450275	5.427598913728173	22.195435010929096	22.186038970765736	0.10251046025104603	0.5772217428817946	0.7684426229508197	0.5774401761202426	0.42255982387975743	57.74401761202426	42.25598238797574	elevated
131.5	370	231.50708013495955	5.9457444875602565	8.577896086596073	382.12374179790663	0.0026169533337420028	0.8613056878677501	0.13869431213224992	0.051735229487505106	5.184676980760658	21.666796694636236	21.650874555707823	0.06903765690376569	0.5642795513373597	0.7628073770491803	0.564357568289514	0.435642431710486	56.4357568289514	43.5642431710486	elevated
131.75	370	231.5229135481989	5.945330570581754	8.577298930623847	381.9656070228793	0.0026180367593674507	0.86102549733819	0.13897450266181	0.027287989651240775	4.918911342526185	21.3035829858823	21.27315044671394	0.056485355648535567	0.5470232959447799	0.7581967213114754	0.5556827175607452	0.44431728243925483	55.568271756074516	44.431728243925484	elevated
132.0	377	231.56790854736568	5.943898900226761	8.575233466902512	381.4191494535674	0.0026217876093338004	0.8604651162790697	0.13953488372093026	0.01352113965233836	4.670809203149717	21.194104152828317	21.13698253485108	0.043933054393305436	0.5375323554788611	0.7576844262295082	0.5499037380951861	0.4500962619048139	54.99037380951861	45.00962619048139	elevated
132.25	368	231.59871384739483	5.941327228339144	8.571523328623453	380.4395247261005	0.0026285386638519102	0.8596245446903895	0.1403754553096105	0.006293781332818339	4.485273369248428	21.356201211615105	21.253819109049935	0.03138075313807531	0.5297670405522001	0.7602459016393442	0.5452545600050023	0.4547454399949977	54.52545600050023	45.47454399949977	elevated
132.5	378	231.5263641830498	5.937157068012349	8.565507059000273	378.85633428666034	0.0026395229787641705	0.8587839731017092	0.14121602689829083	0.0027521151207790806	4.402803759080429	21.736428953660727	21.56342362462003	0.01882845188284519	0.5220017256255393	0.7633196721311475	0.5407334556853103	0.4592665443146897	54.073345568531025	45.926654431468975	elevated
132.75	362	231.24967742383217	5.931552636127562	8.557421572913093	376.7389985410754	0.002654357536311631	0.8576632109834688	0.14233678901653124	0.001130519708335308	4.4479688658065655	22.228543293670597	21.952661888797508	0.012552301255230125	0.5263157894736842	0.7689549180327869	0.5413715549362925	0.4586284450637075	54.13715549362925	45.86284450637075	elevated
133.0	362	230.64768090544032	5.924661199671948	8.547479331713976	374.1516511820623	0.002672713047879614	0.8573830204539087	0.14261697954609132	0.0004362608829767619	4.612037265200943	22.701261854229163	22.28562241205893	0.0041841004184100415	0.5349439171699741	0.7710040983606558	0.5418787841007371	0.4581212158992629	54.18787841007371	45.81212158992629	elevated
133.25	359	229.5916349736275	5.9164997559046215	8.53570485726436	371.1104606541386	0.002694615501372147	0.8571028299243486	0.1428971700756514	0.0	4.8516406499107685	23.028213571777137	22.43578010048139	0.0	0.544434857635893	0.7735655737704918	0.5437758153326834	0.4562241846673166	54.37758153326834	45.62241846673166	elevated
133.5	357	227.99163232289183	5.907811919931745	8.523170959390233	367.9002788024575	0.0027181278667552894	0.8568226393947884	0.14317736060521158	0.0	5.092766428077675	23.10926013769884	22.309097644677266	0.0	0.5582398619499569	0.7745901639344263	0.5474131663197929	0.45258683368020713	54.74131663197929	45.25868336802071	elevated
133.75	362	225.79537214971717	5.898836282678792	8.510221852036581	364.61291451903753	0.0027426346138043527	0.8565424488652283	0.14345755113477165	0.0	5.246688632036183	22.883415233604467	21.857540727558504	0.0	0.5685936151855048	0.7730532786885246	0.5495473356848144	0.4504526643151856	54.95473356848144	45.04526643151856	elevated
134.0	355	223.03075406921468	5.889855818810338	8.497265781348679	361.3531802847399	0.002767375671668415	0.8562622583356683	0.14373774166433173	0.0	5.233800779219777	22.33663193740266	21.085821630452454	0.0	0.5677308024158757	0.7694672131147541	0.5483650684665745	0.4516349315334255	54.83650684665745	45.16349315334255	elevated
134.25	350	219.79961004679916	5.880731327019823	8.484101922291872	358.07101298379257	0.002792742120248821	0.855701877276548	0.144298122723452	0.0	5.00612996054729	21.49385944166255	20.04086283293052	0.0	0.5547886108714409	0.7612704918032787	0.5429402449878169	0.4570597550121831	54.29402449878169	45.70597550121831	elevated
134.5	343	216.26143464680695	5.8711118028359355	8.470223882456066	354.64305431438254	0.0028197365994753814	0.8554216867469879	0.14457831325301207	0.0	4.562957208822931	20.414172813802686	18.803407519649458	0.0	0.5314926660914582	0.7484631147540983	0.5338443668981361	0.4661556331018639	53.38443668981361	46.61556331018639	elevated
134.75	333	212.58470421126844	5.860229010547476	8.454523331990481	350.8044727458602	0.0028505907925650896	0.8551414962174279	0.14485850378257215	0.0	3.9463162059267023	19.180737032040764	17.474411735309552	0.0	0.5081967213114754	0.7402663934426229	0.5259011527428815	0.4740988472571185	52.59011527428815	47.40988472571185	elevated
135.0	329	208.94574819979908	5.848589734332549	8.437731405915669	346.74503288954224	0.0028839634461859938	0.8548613056878678	0.14513869431213222	0.0	3.230497485470568	17.891646453054264	16.163021217752096	0.0	0.4918032786885246	0.7315573770491803	0.5195554903563931	0.48044450964360685	51.955549035639315	48.044450964360685	elevated
135.25	335	205.49321690513963	5.8372417826541945	8.42135977230506	342.83242901880175	0.0029168769210720074	0.8545811151583077	0.1454188848416923	0.0	2.4996158474620866	16.650237389278004	14.975175303046628	0.0	0.4486626402070751	0.7248975409836066	0.5070353240872474	0.4929646759127526	50.70353240872474	49.29646759127526	elevated
135.5	327	202.35461233583612	5.827355478732628	8.407096850664693	339.4597824059525	0.0029458570700552737	0.8543009246287475	0.14569907537125248	0.0	1.8260771767672366	15.55646110928057	14.004587462431745	0.0	0.3813632441760138	0.7192622950819673	0.48873161597168213	0.5112683840283179	48.87316159716821	51.12683840283179	elevated
135.75	329	199.67600937893297	5.820445851179413	8.397128365259281	337.12232651479343	0.002966282329438417	0.8540207340991874	0.14597926590081256	0.0	1.2601366107874996	14.707864182768965	13.33467283041567	0.0	0.3399482312338223	0.7131147540983607	0.4767709298578426	0.5232290701421574	47.677092985784256	52.32290701421574	elevated
136.0	316	197.5989223668126	5.8163081987794625	8.39115899466095	335.73031333071634	0.002978581201319568	0.8537405435696274	0.14625945643037264	0.0	0.8213574783488592	14.192391847439215	13.033572502317	0.0	0.2441760138050043	0.7095286885245902	0.45186131147480546	0.5481386885251945	45.186131147480545	54.813868852519455	elevated
136.25	321	196.2720570986778	5.814049504203088	8.387900387196732	334.97285684632465	0.0029853165101635967	0.852899971980947	0.14710002801905298	0.0	0.5080346186046991	14.083337885513949	13.15233457870433	0.0	0.1898188093183779	0.7085040983606558	0.4378057199149952	0.5621942800850048	43.780571991499514	56.219428008500486	elevated
136.5	321	195.8063453334728	5.812354813426838	8.385455465217996	334.4056621810643	0.002990379987820149	0.852619781451387	0.14738021854861305	0.0	0.3042985589194084	14.42256041337048	13.711786179401678	0.0	0.1544434857635893	0.7110655737704918	0.429532210246367	0.570467789753633	42.953221024636704	57.046778975363296	elevated
136.75	324	196.20430038547522	5.809467525255634	8.381289988891783	333.44152920292277	0.002999026553142483	0.8520594003922667	0.14794059960773331	0.0	0.18885484057213564	15.198669997469626	14.683956306186982	0.0	0.13114754098360656	0.7167008196721312	0.4249769402620011	0.5750230597379988	42.49769402620011	57.502305973799885	elevated
137.0	316	197.34896759920937	5.805044586691338	8.374909037358915	331.96999445725424	0.003012320440692009	0.8512188288035865	0.14878117119641354	0.0	0.14383580070789465	16.336672534911344	15.983717237727305	0.0	0.11475409836065574	0.7223360655737705	0.4220772481845032	0.5779227518154968	42.20772481845032	57.79227518154968	elevated
137.25	322	198.99992203592768	5.800032421221304	8.367678011091183	330.3102687983738	0.003027456589944573	0.8506584477444662	0.1493415522555338	0.0	0.16006177568926883	17.69368115984468	17.464835473727558	0.0	0.12079378774805867	0.7305327868852459	0.4254962555944427	0.5745037444055573	42.54962555944427	57.45037444055573	elevated
137.5	316	200.82381877043062	5.795612730460672	8.361301745148555	328.8536208930068	0.003040866624136555	0.850098066685346	0.14990193331465396	0.0	0.23866103119525847	19.076687016193606	18.9365746074164	0.0	0.14150129421915444	0.7387295081967213	0.43258221727530544	0.5674177827246946	43.25822172753055	56.74177827246945	elevated
137.75	321	202.5028079123207	5.7938530345565615	8.358763040594223	328.27544737724764	0.003046222335509667	0.8495376856262258	0.15046231437377422	0.0	0.3897008723800854	20.28980925119643	20.208889404434025	0.0	0.1742881794650561	0.7474385245901639	0.44281609742036143	0.5571839025796386	44.281609742036146	55.718390257963854	elevated
138.0	320	203.77307436092457	5.795173324228736	8.360667815956807	328.7091523051153	0.0030422030934866614	0.849817876155786	0.15018212384421403	0.0	0.6297889572778946	21.167825062825646	21.12378007446903	0.0	0.2088006902502157	0.757172131147541	0.4539476743883857	0.5460523256116143	45.39476743883857	54.60523256116143	elevated
138.25	313	204.5212105606443	5.7997608997687085	8.367286288438029	330.220594649161	0.003028278720963598	0.8503782572149061	0.14962174278509388	0.0	0.9771871265081374	21.62002070567545	21.597442285172097	0.0	0.2830025884383089	0.7617827868852459	0.4737909081346152	0.5262090918653848	47.379090813461524	52.620909186538476	elevated
138.5	326	204.7502638389408	5.805732787798981	8.375901901684045	332.19853520712235	0.003010248071613291	0.8514990193331465	0.14850098066685347	0.0	1.442541267314199	21.642289728364915	21.631628279719394	0.0	0.35634167385677307	0.7622950819672131	0.49253394378928317	0.5074660562107168	49.25339437892832	50.74660562107168	elevated
138.75	328	204.58744847392586	5.811397566368717	8.384074449634339	334.08570650746793	0.002993243890778807	0.8523395909218269	0.14766040907817313	0.0	2.0274139062942265	21.310635226672495	21.30577071979154	0.0	0.4003451251078516	0.7592213114754098	0.5029765068762722	0.49702349312372784	50.29765068762722	49.70234931237278	elevated
139.0	329	204.18935980763877	5.81463549942649	8.38874579959952	335.16920686487384	0.002983567641412709	0.8534603530400673	0.1465396469599327	0.0	2.715835307284043	20.753522336910187	20.75143727948911	0.0	0.4659188955996549	0.7530737704918032	0.5181132547828814	0.4818867452171186	51.81132547828814	48.18867452171186	elevated
139.25	332	203.68830831748767	5.814214804567467	8.388138865212678	335.0282325583049	0.0029848230770401422	0.8531801625105071	0.1468198374894929	0.0	3.4745706673179666	20.11891322714149	20.118073663133536	0.0	0.49611734253666956	0.7464139344262295	0.5239278598683516	0.47607214013164845	52.39278598683516	47.60721401316484	elevated
139.5	325	203.12079476022552	5.80923764616362	8.38095834346573	333.36488677653296	0.002999716045890393	0.8517792098627066	0.1482207901372934	0.0	4.255354226086331	19.542616351920767	19.542616351920767	0.0	0.5159620362381363	0.7412909836065574	0.5272580574268501	0.47274194257314994	52.725805742685004	47.274194257314996	elevated
139.75	322	202.4420822764891	5.800449449598496	8.368279655862867	330.44804628030363	0.003026194317855784	0.8509386382740264	0.14906136172597362	0.0	5.0000612352081655	19.133249133344073	19.133249133344073	0.0	0.5539257981018119	0.7392418032786885	0.5360265599136317	0.4639734400863683	53.60265599136317	46.39734400863683	elevated
140.0	318	201.52261293264309	5.789005016568614	8.351768829084872	326.68781365134066	0.0030610263322134674	0.8492574950966657	0.1507425049033343	0.0	5.651177084023363	18.951935357681535	18.951935357681535	0.0	0.5823986194995686	0.7377049180327869	0.5423402581572553	0.4576597418427447	54.23402581572553	45.76597418427447	elevated
140.25	316	200.1901155005681	5.776017419449206	8.333031687127638	322.47235752104393	0.003101040993675689	0.8486971140375456	0.15130288596245445	0.0	6.160530783126703	19.012530096467785	19.012530096467785	0.0	0.6031061259706644	0.7382172131147541	0.547505113280741	0.45249488671925897	54.750511328074104	45.249488671925896	elevated
140.5	303	198.29125636868685	5.762596054685113	8.313668750740518	318.1732528444648	0.003142941749691443	0.8484169235079855	0.15158307649201452	0.0	6.495478774636833	19.281497428638843	19.281497428638843	0.0	0.6082830025884383	0.7407786885245902	0.5493696536552535	0.4506303463447465	54.936965365525346	45.063034634474654	elevated
140.75	300	195.74326662096564	5.749697424840498	8.29505996142943	314.0956083774426	0.0031837439726260654	0.8481367329784253	0.1518632670215747	0.0	6.643127377529355	19.68512896991793	19.68512896991793	0.0	0.6125970664365833	0.742827868852459	0.5508904170668669	0.4491095829331331	55.08904170668669	44.91095829331331	elevated
141.0	307	192.5461508985597	5.737180347548864	8.277001636094365	310.1885528405728	0.0032238455959848673	0.8478565424488652	0.1521434575511348	0.0	6.610912284668136	20.12072967366454	20.12072967366454	0.0	0.6108714408973253	0.7469262295081968	0.5514135532135968	0.44858644678640325	55.141355321359676	44.858644678640324	elevated
141.25	308	188.80849200126733	5.724729104471233	8.259038289453365	306.3502650846379	0.0032642374235377987	0.8475763519193051	0.15242364808069486	0.0	6.417732004909071	20.470139947457394	20.470139947457394	0.0	0.6074201898188093	0.75	0.5512491354345286	0.4487508645654714	55.124913543452855	44.875086456547145	elevated
141.5	298	184.7068043868551	5.711315707624236	8.239686848340726	302.2685037459676	0.0033083169023803405	0.8472961613897451	0.15270383861025494	0.0	6.095307417799279	20.621354388739434	20.621354388739434	0.0	0.6013805004314063	0.7510245901639344	0.5499253129962715	0.45007468700372855	54.992531299627146	45.007468700372854	elevated
141.75	280	180.44252861614677	5.69580501776945	8.21730965300646	297.6162835730809	0.003360031205263155	0.8470159708601849	0.15298402913981513	0.0	5.684709631918782	20.48052754916135	20.48052754916135	0.0	0.5832614322691976	0.7505122950819673	0.5451974245528375	0.4548025754471625	54.51974245528375	45.48025754471625	elevated
142.0	280	176.20313194400768	5.677959667762741	8.191564255048853	292.35232511003517	0.0034205303468122627	0.8467357803306248	0.1532642196693752	0.0	5.2329768187569305	19.991539125704957	19.991539125704957	0.0	0.5668679896462467	0.7453893442622951	0.5397482785597917	0.4602517214402083	53.97482785597917	46.02517214402083	elevated
142.25	282	172.10810889247875	5.65791490482356	8.162645774960701	286.5505340797846	0.0034897858529957192	0.8461753992715046	0.15382460072849535	0.0	4.795404517446253	19.14481158155298	19.14481158155298	0.0	0.5418464193270061	0.7397540983606558	0.5319439792397916	0.46805602076020836	53.19439792397917	46.80560207602083	elevated
142.5	265	168.228795625674	5.637162612614454	8.132706545903547	280.6652316329619	0.003562963585413898	0.8458952087419446	0.15410479125805543	0.0	4.43164519408538	17.98458735095587	17.98458735095587	0.0	0.5245901639344263	0.7336065573770492	0.526022982513355	0.473977017486645	52.6022982513355	47.3977017486645	elevated
142.75	269	164.61555266611555	5.618126154438665	8.105242742097245	275.3728932009961	0.003631439494191953	0.8456150182123844	0.15438498178761562	0.0	4.200091782146993	16.616743110874967	16.616743110874967	0.0	0.5142364106988784	0.7243852459016393	0.5210591687032256	0.47894083129677445	52.10591687032255	47.89408312967745	elevated
143.0	261	161.32029732529108	5.602510226040201	8.082713719637905	271.1060915595331	0.0036885928835000245	0.8453348276828243	0.1546651723171757	0.0	4.1492534056124795	15.198978299563414	15.198318645181113	0.0	0.5125107851596203	0.7172131147540983	0.5187646818991357	0.4812353181008643	51.876468189913574	48.123531810086426	elevated
143.25	253	158.42043446953716	5.590578569752411	8.065499978281919	267.8905682648067	0.0037328675155577397	0.8450546371532642	0.15494536284673577	0.0	4.305795307633397	13.91851297799037	13.91624766689436	0.0	0.5176876617773943	0.7079918032786885	0.5176835255523368	0.48231647444766323	51.768352555233676	48.231647444766324	elevated
143.5	249	156.03641700863943	5.582108879446491	8.053280798079701	265.6311996981738	0.0037646180160171706	0.8447744466237042	0.15522555337629584	0.0	4.665410606900368	12.957179187706068	12.951708416674634	0.0	0.5366695427092321	0.7054303278688525	0.5217185793004472	0.4782814206995528	52.171857930044716	47.828142069955284	elevated
143.75	246	154.27871942531243	5.5754584870804615	8.043686309993264	263.8705091263633	0.003789737638021217	0.844494256094144	0.15550574390585603	0.0	5.1876002126943295	12.456263125680664	12.443839838519045	0.0	0.5651423641069888	0.7028688524590164	0.5281263681650373	0.47187363183496267	52.81263681650373	47.18736318349627	elevated
144.0	256	153.24161558799983	5.570053703874956	8.035888856065602	262.4481933467795	0.00381027580052218	0.8439338750350238	0.15606612496497618	0.0	5.799520348246722	12.475191871933433	12.448663899978225	0.0	0.5893011216566005	0.7038934426229508	0.5342821098286439	0.4657178901713561	53.428210982864385	46.571789017135615	elevated
144.25	255	152.93937405918138	5.565077277831417	8.028709390891237	261.1453836789615	0.003829284614999543	0.8436536845054637	0.15634631549453626	0.0	6.399770628886616	12.976783206528658	12.923515637796246	0.0	0.6065573770491803	0.7059426229508197	0.5390384211263659	0.4609615788736341	53.90384211263659	46.09615788736341	elevated
144.5	250	153.30534135713964	5.56008238946915	8.021503290221201	259.8442438703746	0.0038484593120287013	0.8433734939759037	0.15662650602409633	0.0	6.8828098521842405	13.837812602389311	13.737229693315252	0.0	0.6169111302847282	0.7074795081967213	0.5419410331143383	0.4580589668856617	54.19410331143383	45.80589668856617	elevated
144.75	250	154.2140561503112	5.5557255340288325	8.015217676483585	258.71460269141227	0.0038652630721149233	0.8430933034463435	0.15690669655365652	0.0	7.1607198311868645	14.88316848728599	14.704561459041916	0.0	0.6229508196721312	0.7151639344262295	0.545302014386176	0.454697985613824	54.530201438617595	45.469798561382405	elevated
145.0	250	155.46771430106912	5.551776287464029	8.009520118049295	257.69488980959954	0.0038805581311249907	0.8428131129167834	0.1571868870832166	0.0	7.184610066162641	15.930954619916069	15.632694118622767	0.0	0.6238136324417601	0.7207991803278688	0.546856481421603	0.45314351857839696	54.685648142160304	45.314351857839696	elevated
145.25	241	156.83342394595772	5.547964368105865	8.004020680895003	256.714447541277	0.0038953787353133303	0.8425329223872233	0.15746707761277667	0.0	6.956428617761686	16.836039045006466	16.367630520249197	0.0	0.6186367558239861	0.725922131147541	0.5467729523396876	0.4532270476603124	54.677295233968756	45.322704766031244	elevated
145.5	251	158.07551062569968	5.544574364292766	7.99912993920525	255.84565801715388	0.003908606492485216	0.8422527318576633	0.15774726814233675	0.0	6.529731626909053	17.519267110875496	16.827446013530384	0.0	0.6091458153580673	0.7289959016393442	0.5450986122137688	0.45490138778623124	54.50986122137687	45.49013877862313	elevated
145.75	250	158.966450453957	5.541564114163883	7.994787066272476	255.07665661611583	0.003920390102591691	0.8419725413281031	0.15802745867189694	0.0	5.99449353793899	17.96304014698005	17.002069902245314	0.0	0.5979292493528904	0.7325819672131147	0.543120939473527	0.456879060526473	54.3120939473527	45.6879060526473	elevated
146.0	244	159.33156973524365	5.539240481996365	7.991434773667548	254.48464037198505	0.003929510238960909	0.8408517792098628	0.15914822079013724	0.0	5.4511146318359645	18.19400299260532	16.93861100553673	0.0	0.5780845556514237	0.7351434426229508	0.5385199443710593	0.4614800556289407	53.85199443710593	46.14800556289407	elevated
146.25	247	159.0809311283652	5.538115068783761	7.989811145606773	254.19840109424976	0.003933935051106901	0.8402913981507425	0.1597086018492575	0.0	4.986894089039389	18.253444000763174	16.71100814620206	0.0	0.5530629853321829	0.735655737704918	0.5322525302969608	0.46774746970303915	53.225253029696084	46.774746970303916	elevated
146.5	249	158.22905584335717	5.5385331576612025	7.9904143203569085	254.30470083823252	0.003932290660392144	0.8405715886803026	0.15942841131969743	0.0	4.657197779334754	18.175680980976015	16.39331379930055	0.0	0.5358067299396031	0.7346311475409836	0.5277523665402223	0.4722476334597777	52.77523665402223	47.22476334597777	elevated
146.75	242	156.88662551056407	5.539919892766772	7.99241495621674	254.657598725788	0.003926841394105766	0.8411319697394228	0.15886803026057716	0.0	4.481532636202527	17.982731755734825	16.045630374535577	0.0	0.5289042277825712	0.733094262295082	0.525782614954269	0.47421738504573097	52.5782614954269	47.4217385045731	elevated
147.0	250	155.25118353087132	5.541308384503663	7.994418126359868	255.01143428938641	0.003921392790823655	0.841692350798543	0.158307649201457	0.0	4.450321906034537	17.69013851300316	15.710097175469942	0.0	0.5271786022433133	0.7300204918032787	0.5247228612112838	0.47527713878871625	52.47228612112838	47.52771387887162	elevated
147.25	248	153.55263096296318	5.541018062665099	7.99399928048311	254.9374096469339	0.003922531422065176	0.8414121602689829	0.1585878397310171	0.0	4.533288625780791	17.316090278439646	15.412544503073393	0.0	0.5306298533218292	0.7279713114754098	0.5250033312665554	0.4749966687334446	52.50033312665554	47.49966687334446	elevated
147.5	253	151.99117374119993	5.53706908084755	7.988302103998371	253.93265164289053	0.0039380520525037314	0.8400112076211824	0.15998879237881758	0.0	4.691330806898074	16.8854312183253	15.164280969824821	0.0	0.5392579810181191	0.7264344262295082	0.5264259037172023	0.4735740962827977	52.64259037172023	47.35740962827977	elevated
147.75	254	150.67942853099026	5.527941431267308	7.975133689213984	251.62538934151388	0.003974161759339669	0.8397310170916223	0.16026898290837766	0.0	4.881524613815956	16.423428557060117	14.959773720946163	0.0	0.546160483175151	0.7233606557377049	0.5273130390011196	0.4726869609988804	52.73130390011196	47.26869609988804	elevated
148.0	236	149.6068580258352	5.513487271534217	7.954280744646836	248.01451471630565	0.0040320220820296016	0.8394508265620622	0.16054917343793784	0.0	5.057244600919879	15.941941611018892	14.77131106043823	0.0	0.5565142364106989	0.7213114754098361	0.5293191345956493	0.4706808654043507	52.931913459564925	47.068086540435075	elevated
148.25	231	148.63937185258743	5.495211121232317	7.927913833239744	243.52293359571652	0.004106389428028759	0.8391706360325021	0.16082936396749792	0.0	5.171173713143951	15.429297510432704	14.548739342849235	0.0	0.5616911130284729	0.7182377049180327	0.5297748634947519	0.4702251365052481	52.977486349475186	47.022513650524814	elevated
148.5	234	147.5646148737703	5.475898831229527	7.900052088224509	238.86506985473494	0.00418646393383573	0.838890445502942	0.161109554497058	0.0	5.181022879702218	14.852882817188657	14.229940442226468	0.0	0.5634167385677308	0.7146516393442623	0.5292397058537338	0.4707602941462662	52.92397058537338	47.07602941462662	elevated
148.75	230	146.16821042778517	5.458651576833117	7.875169559837858	234.78062718807763	0.004259295206665079	0.8383300644438219	0.16166993555617815	0.0	5.055636875802284	14.174546276545286	13.760086025248025	0.0	0.5556514236410699	0.7090163934426229	0.5257494703818787	0.4742505296181213	52.57494703818787	47.42505296181213	elevated
149.0	224	144.32070811192352	5.446057385403346	7.856999982318122	231.84229681107004	0.004313276799594973	0.8380498739142617	0.16195012608573833	0.0	4.785144079482942	13.37450631925426	13.115174597318562	0.0	0.5409836065573771	0.7064549180327869	0.5213720996261064	0.4786279003738936	52.13720996261064	47.86279003738936	elevated
149.25	224	142.02284931520992	5.438650769871396	7.846314494820406	230.1314735805167	0.004345342183932644	0.8377696833847016	0.1622303166152984	0.0	4.389337871442087	12.474280332397251	12.321679194686787	0.0	0.5211389128559103	0.7033811475409836	0.5155724359453989	0.4844275640546011	51.55724359453989	48.44275640546011	elevated
149.5	215	139.43717347633196	5.435858296627469	7.842285807519578	229.4897340352312	0.004357493393785015	0.8374894928551415	0.16251050714485848	0.0	3.9072358659449735	11.541200933171618	11.45675474916434	0.0	0.5056082830025884	0.6982581967213115	0.5103389931447604	0.4896610068552396	51.03389931447604	48.96610068552396	elevated
149.75	219	136.83386251816643	5.4355047642264	7.841775768077762	229.40861631825263	0.004359034181230255	0.8372093023255814	0.16279069767441856	0.0	3.3907430948421773	10.673262728430256	10.629317432958764	0.0	0.49525452976704054	0.6931352459016393	0.5063997694985654	0.49360023050143464	50.63997694985653	49.36002305014347	elevated
150.0	223	134.51669296950377	5.43464618787385	7.840537104231713	229.21173603568212	0.004362778351996457	0.8369291117960213	0.16307088820397875	0.0	2.8917720807660983	9.973597762517027	9.952092531426135	0.0	0.4840379637618637	0.6869877049180327	0.5019886951189794	0.49801130488102063	50.19886951189794	49.80113048810206	elevated
150.25	218	132.75913427417174	5.43178699468055	7.836412160390796	228.55731140922921	0.004375270227997702	0.8366489212664612	0.16335107873353882	0.0	2.4482999246924715	9.522022418130065	9.512126323457464	0.0	0.4460742018981881	0.6828893442622951	0.4914031168567361	0.5085968831432639	49.14031168567361	50.85968831432639	elevated
150.5	217	131.71431020782086	5.425738926849723	7.827686642924302	227.1791530850906	0.00440181234246193	0.8363687307369011	0.1636312692630989	0.0	2.0801482390213364	9.350557608538107	9.346275480322983	0.0	0.4081104400345125	0.6798155737704918	0.48107368613547635	0.5189263138645237	48.107368613547635	51.89263138645237	elevated
150.75	223	131.40744306005303	5.416915112343885	7.8149565694950045	225.18338447383118	0.004440824985096585	0.836088540207341	0.16391145979265898	0.0	1.7927481175658673	9.441225395234545	9.439483110119443	0.0	0.3787748058671268	0.6813524590163934	0.4740539512727153	0.5259460487272847	47.40539512727153	52.59460487272847	elevated
151.0	218	131.7420382769363	5.406769990233078	7.800320252136531	222.91042078319884	0.004486107004268738	0.8358083496777808	0.16419165032221916	0.0	1.5842852592329033	9.741475713290512	9.740974747260163	0.0	0.3684210526315789	0.6859631147540983	0.47254812926586454	0.5274518707341355	47.25481292658645	52.74518707341355	elevated
151.25	214	132.50400189864942	5.395684541918035	7.784327330826388	220.4530047791285	0.004536114175453849	0.8355281591482208	0.16447184085177924	0.0	1.4541457154453385	10.179861760104448	10.179861760104448	0.0	0.35893011216566006	0.6890368852459017	0.4708737891399456	0.5291262108600544	47.08737891399456	52.91262108600544	elevated
151.5	207	133.4207912772437	5.38413305607238	7.767662059481962	217.92109681835996	0.004588816845179119	0.8352479686186607	0.16475203138133931	0.0	1.4057951324457485	10.692201412429126	10.692201412429126	0.0	0.35202761000862814	0.6936475409836066	0.4702307799027239	0.5297692200972761	47.02307799027239	52.97692200972761	elevated
151.75	208	134.19673243526205	5.372686375475271	7.751147990149873	215.44084602849327	0.004641645344577529	0.8349677780891006	0.1650322219108994	0.0	1.4447429475006053	11.219421246042575	11.219421246042575	0.0	0.3572044866264021	0.6962090163934426	0.47209532027723633	0.5279046797227637	47.20953202772363	52.79046797227637	elevated
152.0	208	134.53528051725746	5.361262015101298	7.734666122093014	212.99357801728274	0.0046949772350359685	0.8344073970299803	0.16559260297001965	0.0	1.5709583966460112	11.715097387719311	11.715097387719311	0.0	0.365832614322692	0.6992827868852459	0.47488069955947954	0.5251193004405205	47.48806995594796	52.51193004405204	elevated
152.25	209	134.2057923707826	5.350729865085785	7.719471441495734	210.76206961955444	0.004744686754144591	0.8330064443821799	0.16699355561782014	0.0	1.7744522688282576	12.133028534233988	12.133028534233988	0.0	0.37532355478861085	0.7013319672131147	0.4774154915959764	0.5225845084040236	47.74154915959764	52.25845084040236	elevated
152.5	201	133.08369593564623	5.342377351118458	7.707421311016116	209.0090079172276	0.004784482783612959	0.8321658727934996	0.16783412720650037	0.0	2.0300985800806544	12.42864706633441	12.42864706633441	0.0	0.4012079378774806	0.7023565573770492	0.48393259201200733	0.5160674079879927	48.393259201200735	51.606740798799265	elevated
152.75	200	131.17546783398546	5.3368117279356815	7.699391814050868	207.84897368850156	0.004811185652033465	0.8313253012048193	0.1686746987951807	0.0	2.300162936098733	12.559382176572303	12.559382176572303	0.0	0.43226919758412424	0.7049180327868853	0.4921281328939572	0.5078718671060428	49.21281328939572	50.78718671060428	elevated
153.0	207	128.62970196886442	5.333491387573824	7.694601575476753	207.1599888171168	0.004827186976162716	0.8310451106752592	0.1689548893247408	0.0	2.5430983346464506	12.502838247486416	12.502838247486416	0.0	0.451251078515962	0.704405737704918	0.4966754817240348	0.5033245182759651	49.66754817240348	50.332451827596515	elevated
153.25	199	125.72541841617821	5.331485337660338	7.69170745721479	206.74483209125344	0.004836880273547142	0.830764920145699	0.16923507985430097	0.0	2.7234129709179555	12.265740256668257	12.265740256668257	0.0	0.4685073339085418	0.701844262295082	0.5002791290873307	0.49972087091266926	50.02791290873307	49.97208709126693	elevated
153.5	200	122.78553674680592	5.328060126215615	7.686765921649492	206.0378987155311	0.004853476016956779	0.8299243485570188	0.1700756514429812	0.0	2.8196476403393644	11.891112785161136	11.891112785161136	0.0	0.4771354616048318	0.7008196721311475	0.5019698705732496	0.4980301294267504	50.19698705732496	49.80301294267504	elevated
153.75	201	120.1155815850208	5.3207252924955935	7.676183993415872	204.5321738597861	0.004889206334283303	0.8296441580274587	0.17035584197254128	0.0	2.8292348536676375	11.447650406530531	11.447650406530531	0.0	0.47886108714408976	0.6977459016393442	0.5015627867027231	0.49843721329727686	50.156278670272314	49.843721329727686	elevated
154.0	194	117.92860015304336	5.308247460676135	7.658182287328893	201.9959122228977	0.004950595232325909	0.8288035864387784	0.17119641356122162	0.0	2.767725230131818	11.01471523485613	11.01471523485613	0.0	0.4719585849870578	0.694672131147541	0.4988585756433443	0.5011414243566557	49.88585756433443	50.11414243566556	elevated
154.25	192	116.29748147190415	5.29087781336611	7.633123183292729	198.51761035903905	0.005037336477058128	0.827963014850098	0.17203698514990196	0.0	2.6620853912348794	10.659711124911203	10.659711124911203	0.0	0.4616048317515099	0.6926229508196722	0.49554769935532	0.5044523006446799	49.554769935532	50.44523006446799	elevated
154.5	190	115.17290622492192	5.271299177037506	7.604877181754085	194.66870734416113	0.005136932451254569	0.8271224432614178	0.17287755673858218	0.0	2.5431005898788386	10.419721298262315	10.419721298262315	0.0	0.45211389128559104	0.6915983606557377	0.4927086738006866	0.5072913261993134	49.27086738006866	50.72913261993134	elevated
154.75	184	114.40905875022642	5.2524297408262655	7.577654339707757	191.02985807444892	0.005234783766683614	0.8260016811431774	0.1739983188568226	0.0	2.434277096273126	10.294648659337962	10.294648659337962	0.0	0.44348576358930114	0.6905737704918032	0.4900153038060705	0.5099846961939295	49.00153038060705	50.99846961939295	elevated
155.0	176	113.83521599262475	5.236868958899982	7.555204876790353	188.08029240221632	0.005316878165318166	0.8257214906136172	0.17427850938638278	0.0	2.3501717715329744	10.249863406549451	10.249863406549451	0.0	0.4365832614322692	0.6900614754098361	0.4880915568639306	0.5119084431360694	48.809155686393055	51.190844313606945	elevated
155.25	179	113.30501299739231	5.225631479008552	7.538992620278897	185.9785750189811	0.005376963448063516	0.824880919024937	0.175119080975063	0.0	2.2923475137225173	10.228208398791663	10.228208398791663	0.0	0.43054357204486626	0.6895491803278688	0.486243417849418	0.5137565821505821	48.6243417849418	51.37565821505821	elevated
155.5	183	112.72504769452505	5.217963726395173	7.527930391608812	184.55799061941528	0.005418351146129141	0.8246007284953769	0.1753992715046231	0.0	2.2529583778804927	10.161572218864551	10.161572218864551	0.0	0.42795513373597927	0.6880122950819673	0.4851420393283309	0.5148579606716691	48.51420393283309	51.48579606716691	elevated
155.75	174	112.05698346881267	5.21200584038196	7.519334979003368	183.4616842256515	0.005450729421899532	0.8243205379658167	0.17567946203418328	0.0	2.2205221088538813	9.98853927825106	9.98853927825106	0.0	0.4245038826574633	0.6875	0.48408110515582004	0.51591889484418	48.408110515582	51.591889484418	elevated
156.0	176	111.29836205367783	5.205792368566569	7.5103708340286	182.32528437184462	0.005484702812587105	0.8237601569066966	0.17623984309330343	0.0	2.1870844524848394	9.66660492232551	9.66660492232551	0.0	0.42105263157894735	0.6854508196721312	0.4825659020394438	0.5174340979605563	48.25659020394438	51.74340979605563	elevated
156.25	173	110.4585340020762	5.1981276413041915	7.499312970017401	180.93315276405326	0.005526903083947554	0.8234799663771365	0.1765200336228635	0.0	2.153540344470567	9.18006022022592	9.18006022022592	0.0	0.4167385677308024	0.6772540983606558	0.4793681581171486	0.5206318418828514	47.93681581171486	52.06318418828514	elevated
156.5	181	109.53819522457393	5.188754502030662	7.485790388469919	179.2451643574815	0.005578951061718062	0.8229195853180162	0.17708041468198377	0.0	2.1321111594325477	8.547008011163037	8.547008011163037	0.0	0.41328731665228646	0.6726434426229508	0.47721258614831336	0.5227874138516866	47.721258614831335	52.27874138516866	elevated
156.75	177	108.5194309512718	5.177879975454891	7.470101762907039	177.3065180888489	0.005639950582633948	0.8223592042588961	0.17764079574110392	0.0	2.1444124405454748	7.818716168833987	7.818716168833987	0.0	0.4158757549611734	0.6531762295081968	0.4728527971820665	0.5271472028179335	47.28527971820665	52.71472028179335	elevated
157.0	164	107.39485451359445	5.167369042927021	7.454937692673963	175.45262140010144	0.005699544367134898	0.8220790137293359	0.1779209862706641	0.0	2.216658499291065	7.0718877985122806	7.0718877985122806	0.0	0.42364106988783434	0.6454918032786885	0.4728029717239647	0.5271970282760353	47.280297172396466	52.719702827603534	elevated
157.25	167	106.16076057293715	5.158402435772352	7.442001612998323	173.88643883506134	0.0057508797505971265	0.8212384421406557	0.17876155785934433	0.0	2.368403345423355	6.390781937301933	6.390781937301933	0.0	0.4383088869715272	0.639344262295082	0.4747228978518162	0.5252771021481838	47.47228978518162	52.52771021481838	elevated
157.5	166	104.85612529138866	5.152737609374052	7.433828996045998	172.90418711550194	0.0057835499341146014	0.8206780610815354	0.1793219389184646	0.0	2.6065244110584755	5.849409108098804	5.849409108098804	0.0	0.45815358067299394	0.6362704918032787	0.478775533389452	0.521224466610548	47.8775533389452	52.1224466610548	elevated
157.75	162	103.56471490777932	5.151487087500205	7.432024874340075	172.6881017853099	0.005790786913873341	0.8203978705519753	0.17960212944802467	0.0	2.9207208814167807	5.4986486555823	5.4986486555823	0.0	0.4857635893011217	0.6342213114754098	0.4850956928321267	0.5149043071678733	48.50956928321267	51.49043071678733	elevated
158.0	163	102.43647125868142	5.156254880103035	7.438903345084165	173.5134087223581	0.005763243356022807	0.8209582516110956	0.1790417483889044	0.0	3.2855537418291663	5.35548342576639	5.35548342576639	0.0	0.4926660914581536	0.632172131147541	0.48644911855419753	0.5135508814458025	48.64491185541976	51.35508814458025	elevated
158.25	165	101.65821694029108	5.166888907577567	7.45424500378635	175.36840061471895	0.005702281576924346	0.8215186326702157	0.17848136732978426	0.0	3.6683762435642757	5.407055234360036	5.407055234360036	0.0	0.5004314063848145	0.6331967213114754	0.48878669009162645	0.5112133099083735	48.87866900916264	51.12133099083736	elevated
158.5	169	101.46984932024625	5.184030504738948	7.478975101003991	178.40040757186378	0.0056053683599191165	0.8226393947884562	0.17736060521154384	0.0	4.040640359257455	5.6244306693732575	5.6244306693732575	0.0	0.5116479723899914	0.6352459016393442	0.49238331720444795	0.507616682795552	49.2383317204448	50.7616682795552	elevated
158.75	165	102.09833160329265	5.205893833670847	7.510517217231365	182.34378496440226	0.005484146334876306	0.8240403474362566	0.17595965256374335	0.0	4.380973973754616	5.970151482007143	5.970151482007143	0.0	0.5194132873166523	0.6367827868852459	0.4950591054095387	0.5049408945904613	49.50591054095387	50.49408945904613	elevated
159.0	176	103.74490927106024	5.23046455240647	7.545965271302327	186.87959872545454	0.0053510388871773175	0.8254413000840571	0.17455869991594286	0.0	4.680136434102207	6.414923462380585	6.414923462380585	0.0	0.5383951682484901	0.6398565573770492	0.5009232564273991	0.4990767435726009	50.09232564273991	49.90767435726009	elevated
159.25	178	106.5439961059289	5.256029585554087	7.582847817844555	191.7187751551891	0.005215973235748757	0.8262818716727375	0.17371812832726252	0.0	4.935267439604467	6.942284037265801	6.942284037265801	0.0	0.5496117342536669	0.6449795081967213	0.5052182785307815	0.4947817214692185	50.52182785307815	49.47817214692185	elevated
159.5	187	110.50126095794536	5.279901346012602	7.617287488275345	196.35050363615431	0.005092933206084573	0.8274026337909779	0.1725973662090221	0.0	5.140892814451202	7.541549063017531	7.541549063017531	0.0	0.5608283002588438	0.6511270491803278	0.5098394958075374	0.4901605041924626	50.98394958075374	49.01605041924626	elevated
159.75	196	115.48461937161818	5.3006449515513046	7.647214185116187	200.46605918642786	0.0049883756086112705	0.8282432053796581	0.17175679462034188	0.0	5.285234691569995	8.205252788165726	8.205252788165726	0.0	0.5711820534943917	0.6690573770491803	0.5171206589808075	0.4828793410191925	51.71206589808075	48.28793410191925	elevated
160.0	203	121.20498760793014	5.31767423523575	7.671782248237628	203.90908550833694	0.004904146362615679	0.8290837769683385	0.17091622303166154	0.0	5.350173195546066	8.917974578468659	8.917974578468659	0.0	0.5754961173425367	0.6746926229508197	0.5198181293154237	0.4801818706845763	51.98181293154237	48.01818706845763	elevated
160.25	202	127.22711522843939	5.330930233860654	7.690906611715808	206.63009909670137	0.00483956598952221	0.830484729616139	0.16951527038386105	0.0	5.316524286966848	9.647687047223869	9.647687047223869	0.0	0.5720448662640207	0.6849385245901639	0.521867030117581	0.47813296988241905	52.1867030117581	47.8132969882419	elevated
160.5	205	133.01717586295499	5.341062378971637	7.70552420722099	208.73434751834645	0.004790778383572479	0.8318856822639394	0.16811431773606056	0.0	5.173033753893031	10.347793016142118	10.347793016142118	0.0	0.5625539257981018	0.6910860655737705	0.5213814184089529	0.4786185815910471	52.138141840895294	47.861858159104706	elevated
160.75	211	137.99654548864922	5.348325441054588	7.716002590869733	210.25591698112993	0.004756108719117513	0.8327262538526198	0.16727374614738022	0.0	4.927960292838336	10.96214694252056	10.96214694252056	0.0	0.547886108714409	0.6941598360655737	0.5186930496581507	0.48130695034184934	51.86930496581507	48.13069503418493	elevated
161.0	211	141.63686605780862	5.353263848484486	7.723127206778736	211.2968144361541	0.004732679016806295	0.8335668254413001	0.16643317455869988	0.0	4.6082039859296575	11.435311528576701	11.435311528576701	0.0	0.5340811044003452	0.6972336065573771	0.5162203840997556	0.48377961590024443	51.62203840997556	48.37796159002444	elevated
161.25	212	143.52752523816537	5.3556718465431965	7.726601213636507	211.80622984463352	0.004721296445026811	0.8341272065004203	0.16587279349957973	0.0	4.259076385268031	11.725364655421522	11.725364655421522	0.0	0.5168248490077653	0.6997950819672131	0.5126867843688496	0.4873132156311504	51.26867843688496	48.73132156311504	elevated
161.5	214	143.4539355787486	5.3554991107889665	7.726352008620496	211.76964649548785	0.004722112052169417	0.8338470159708602	0.1661529840291398	0.0	3.9347812857867375	11.812406388904709	11.812406388904709	0.0	0.5073339085418465	0.7003073770491803	0.5103720753904717	0.4896279246095283	51.03720753904717	48.96279246095283	elevated
161.75	212	141.42764554860867	5.352816847202535	7.722482320245993	211.2023855957075	0.0047347950032829746	0.8332866349117399	0.16671336508826007	0.0	3.6867591706346197	11.70464504777966	11.70464504777966	0.0	0.5012942191544435	0.6987704918032787	0.5083378364673655	0.4916621635326345	50.83378364673655	49.16621635326345	elevated
162.0	206	137.67135896624694	5.347374605914615	7.71463082572859	210.0560932816294	0.004760633145067902	0.8324460633230597	0.1675539366769403	0.0	3.555925743421712	11.432227439715078	11.432227439715078	0.0	0.4969801553062985	0.6967213114754098	0.506536882526192	0.493463117473808	50.6536882526192	49.3463117473808	elevated
162.25	200	132.59837566266486	5.339683905474621	7.703535490342848	208.4468109786562	0.004797386898389127	0.8316054917343794	0.16839450826562063	0.0	3.5664297072451165	11.045248261540655	11.045248261540655	0.0	0.4987057808455565	0.6951844262295082	0.5063739247023611	0.4936260752976389	50.63739247023611	49.36260752976389	elevated
162.5	200	126.74522862531468	5.330260326109798	7.689940139125794	206.49172234676	0.004842809138473393	0.8302045390865789	0.16979546091342113	0.0	3.7235768977654287	10.604531545978677	10.604531545978677	0.0	0.5021570319240725	0.6921106557377049	0.5061180566870891	0.4938819433129109	50.61180566870891	49.38819433129109	elevated
162.75	204	120.71002247765387	5.31957575183585	7.67452555680676	204.2971908968201	0.004894829907402144	0.8293639674978985	0.17063603250210146	0.0	4.0168397657901025	10.1740631344585	10.1740631344585	0.0	0.5099223468507333	0.6885245901639344	0.5069527261281416	0.4930472738718584	50.69527261281416	49.30472738718584	elevated
163.0	200	115.06583764155693	5.30652856831119	7.655702449838166	201.64900122837255	0.004959112090356822	0.8285233959092183	0.1714766040907817	0.0	4.415369350956296	9.80838523045152	9.80838523045152	0.0	0.5228645383951682	0.6864754098360656	0.5094658360351131	0.4905341639648869	50.94658360351131	49.05341639648869	elevated
163.25	196	110.29551844985357	5.2891579479686195	7.630641942012773	198.1764802232352	0.0050460074720953445	0.827682824320538	0.17231717567946203	0.0	4.875448981704737	9.544426046173038	9.544426046173038	0.0	0.545297670405522	0.6839139344262295	0.5142236072880724	0.48577639271192763	51.422360728807234	48.577639271192766	elevated
163.5	181	106.69749271972483	5.26426585438932	7.594730242048574	193.30434314702538	0.005173189508936226	0.8265620622022976	0.17343793779770245	0.0	5.337550709919823	9.391477690182631	9.391477690182631	0.0	0.5746333045729077	0.6808401639344263	0.5205088826774079	0.4794911173225921	52.05088826774079	47.94911173225921	elevated
163.75	174	104.34111069825848	5.230342285133605	7.5457888769141	186.8567508633656	0.005351693184107785	0.8251611095544971	0.17483889044550294	0.0	5.735909629984771	9.32425822962815	9.32425822962815	0.0	0.5867126833477135	0.6793032786885246	0.5227942678976838	0.4772057321023162	52.27942678976838	47.72057321023162	elevated
164.0	165	103.05373685587973	5.189540362240974	7.486924145098168	179.38608136332263	0.00557456850832609	0.8231997758475763	0.1768002241524237	0.0	6.00700275707898	9.291424438970266	9.291424438970266	0.0	0.5996548748921484	0.6782786885245902	0.5252833348160788	0.4747166651839212	52.52833348160788	47.47166651839212	elevated
164.25	165	102.46320294137061	5.1473025879997465	7.4259879176621615	171.96699829047319	0.00581506922805548	0.8201176800224153	0.17988231997758475	0.0	6.103805803429832	9.23101599894891	9.23101599894891	0.0	0.6022433132010354	0.6777663934426229	0.5250318466665184	0.47496815333348164	52.50318466665183	47.49681533334817	elevated
164.5	155	102.11306813676815	5.11100369130027	7.373619679404086	165.8367202433998	0.006030027599028083	0.8198374894928552	0.18016251050714482	0.0	6.006989857751268	9.086016423853659	9.086016423853659	0.0	0.5987920621225195	0.6762295081967213	0.523714764953024	0.47628523504697595	52.3714764953024	47.6285235046976	elevated
164.75	150	101.59212413716783	5.086563804927254	7.338360376533846	161.83281641648026	0.006179216441654691	0.8181563463154945	0.1818436536845055	0.0	5.729991605716822	8.826304035060586	8.826304035060586	0.0	0.5849870578084556	0.6741803278688525	0.5193309329982007	0.48066906700179934	51.933093299820065	48.066906700179935	elevated
165.0	148	100.65954732742226	5.076603799041826	7.323991125435715	160.22896107557924	0.006241068988322934	0.8175959652563743	0.18240403474362565	0.0	5.317685787284505	8.457818279823448	8.457818279823448	0.0	0.5729076790336497	0.6721311475409836	0.5156586979577519	0.4843413020422481	51.565869795775185	48.434130204224815	elevated
165.25	154	99.31079551882772	5.079967959482923	7.328844583020841	160.76890472724682	0.006220108308236312	0.8178761557859344	0.18212384421406558	0.0	4.834833276885021	8.022139590840316	8.022139590840316	0.0	0.543572044866264	0.6593237704918032	0.5051929927860004	0.4948070072139996	50.51929927860004	49.48070072139996	elevated
165.5	156	97.75117247213308	5.091467541951749	7.345434973620908	162.6283509420135	0.006148989362602332	0.8187167273746148	0.18128327262538524	0.0	4.34939138675543	7.580841412140212	7.580841412140212	0.0	0.5185504745470233	0.6516393442622951	0.4972266365459833	0.5027733634540167	49.72266365459833	50.27733634540167	elevated
165.75	157	96.314863845264	5.104214972682495	7.363825628720232	164.71471421390996	0.006071103026663001	0.8189969179041748	0.18100308209582516	0.0	3.915921943727971	7.198613101027167	7.198613101027167	0.0	0.5064710957722174	0.6465163934426229	0.49299610177975384	0.5070038982202462	49.29961017797538	50.70038982202462	elevated
166.0	164	95.31971730599707	5.11071056153791	7.373196782549591	165.78811568907304	0.00603179543867576	0.819557298963295	0.180442701036705	0.0	3.565889846524473	6.927731763740255	6.927731763740255	0.0	0.49784296807592754	0.6439549180327869	0.49033879626800236	0.5096612037319976	49.033879626800235	50.966120373199765	elevated
166.25	167	94.95267900540792	5.106104056588242	7.366551000702875	165.02616821832245	0.006059645029611567	0.8192771084337349	0.1807228915662651	0.0	3.304787066944525	6.796993360247126	6.796993360247126	0.0	0.49352890422778256	0.641905737704918	0.4886779375916089	0.5113220624083912	48.86779375916089	51.13220624083912	elevated
166.5	162	95.19761480796498	5.089912865714759	7.343192049923616	162.375712945374	0.006158556485207965	0.8184365368450547	0.18156346315494531	0.0	3.1160530769315136	6.806646809768818	6.806646809768818	0.0	0.4909404659188956	0.6424180327868853	0.48794875888770894	0.5120512411122911	48.794875888770896	51.205124111229104	elevated
166.75	154	95.84767018429251	5.066845727530872	7.309913204058221	158.67303916015152	0.00630226789184193	0.8173157747268143	0.18268422527318573	0.0	2.971696659792648	6.937660800089043	6.937660800089043	0.0	0.48662640207075064	0.6444672131147541	0.4871023474780798	0.5128976525219202	48.71023474780798	51.28976525219202	elevated
167.0	149	96.55222994984874	5.04280736412732	7.27523317638483	154.9042778865969	0.006455599636390191	0.8159148220790138	0.18408517792098622	0.0	2.8425379668834876	7.153874316474017	7.153874316474017	0.0	0.4831751509922347	0.6460040983606558	0.486273517857976	0.513726482142024	48.6273517857976	51.3726482142024	elevated
167.25	142	96.94043841476292	5.023560211361666	7.2474654045385885	151.95132075496733	0.006581055005191916	0.8150742504903334	0.18492574950966656	0.0	2.7072103326760497	7.416213807301451	7.416213807301451	0.0	0.46505608283002586	0.649077868852459	0.4823020505432046	0.5176979494567955	48.23020505432046	51.76979494567955	elevated
167.5	141	96.73975458480837	5.013250423586854	7.232591524843249	150.3927827886665	0.006649255246544712	0.8142336789016531	0.1857663210983469	0.0	2.5569488291100573	7.686659452468515	7.686659452468515	0.0	0.453839516824849	0.6521516393442623	0.4800562087676911	0.5199437912323088	48.005620876769115	51.994379123230885	elevated
167.75	140	95.84910688233057	5.012771394594914	7.231900432092136	150.32075753800112	0.006652441195602675	0.813953488372093	0.18604651162790697	0.0	2.394369757961142	7.929926647602051	7.929926647602051	0.0	0.44089732528041414	0.6557377049180327	0.477647129642635	0.522352870357365	47.7647129642635	52.2352870357365	elevated
168.0	148	94.38134758602169	5.021030173415319	7.243815331340133	151.56736406476955	0.006597726404825964	0.8147940599607734	0.18520594003922664	0.0	2.231752355183896	8.119084363292275	8.119084363292275	0.0	0.4270923209663503	0.6664959016393442	0.477095570641617	0.522904429358383	47.7095570641617	52.2904429358383	elevated
168.25	149	92.61263020622889	5.033892015881551	7.262371047682861	153.52939021240638	0.006513410876031684	0.8153544410198935	0.18464555898010648	0.0	2.087730730503441	8.237162862569207	8.237162862569207	0.0	0.4098360655737705	0.6700819672131147	0.47381811845169464	0.5261818815483054	47.381811845169466	52.618188154830534	elevated
168.5	150	90.9093339214613	5.0460641888441895	7.279931781252902	155.40959638780362	0.006434609079767734	0.8161950126085739	0.18380498739142614	0.0	1.9816799875465563	8.278648359413443	8.278648359413443	0.0	0.39603106125970666	0.6711065573770492	0.47083315781133245	0.5291668421886675	47.083315781133244	52.91668421886675	elevated
168.75	156	89.61612976318904	5.0523073874466595	7.288938812915971	156.38288441665168	0.006394561679369561	0.816755393667694	0.183244606332306	0.0	1.9285674128867638	8.25405419670513	8.25405419670513	0.0	0.3908541846419327	0.670594262295082	0.4695509601511772	0.5304490398488229	46.95509601511772	53.04490398488228	elevated
169.0	158	88.95104660402838	5.048700744358831	7.283735526818903	155.8198830502963	0.006417666220922622	0.8164752031381339	0.18352479686186607	0.0	1.9361464696402988	8.188070874118397	8.188070874118397	0.0	0.3925798101811907	0.6680327868852459	0.46927195005114264	0.5307280499488574	46.927195005114264	53.072804994885736	elevated
169.25	149	88.94968141889515	5.034699820660929	7.263536463632076	153.65346209377748	0.006508151436182297	0.8156346315494536	0.1843653684505464	0.0	1.9951505901300357	8.109421712594408	8.109421712594408	0.0	0.3968938740293356	0.6659836065573771	0.4696280280340416	0.5303719719659584	46.96280280340416	53.03719719659584	elevated
169.5	147	89.46443849823893	5.013655476899746	7.233175893249055	150.45371222257165	0.006646562489070815	0.8145138694312132	0.18548613056878682	0.0	2.0846869787442217	8.048204079289393	8.048204079289393	0.0	0.4089732528041415	0.663422131147541	0.47172731334572393	0.5282726866542761	47.17273133457239	52.82726866542761	elevated
169.75	141	90.20019941752301	4.990233638511198	7.199385323157393	146.97075751363926	0.0068040746126466515	0.813673297842533	0.18632670215746705	0.0	2.1736604895488187	8.01986240724991	8.01986240724991	0.0	0.41932700603968937	0.6588114754098361	0.47295294482301464	0.5270470551769854	47.295294482301465	52.704705517698535	elevated
170.0	138	90.81096197161418	4.969521414495639	7.169503900284365	143.95797468200797	0.006946471720020531	0.8133931073129729	0.18660689268702713	0.0	2.228197782163109	8.025185542298127	8.025185542298127	0.0	0.4262295081967213	0.6603483606557377	0.47499274404135794	0.5250072559586421	47.4992744041358	52.5007255958642	elevated
170.25	135	90.98930767726142	4.954847392328816	7.148333761274395	141.86095565089346	0.00704915595282543	0.8131129167834127	0.1868870832165873	0.0	2.224634963074256	8.045903298754073	8.045903298754073	0.0	0.4253666954270923	0.6629098360655737	0.47534736206901973	0.5246526379309803	47.534736206901975	52.465263793098025	elevated
170.5	132	90.55203830860526	4.9477461463759465	7.138088828954057	140.8571345224322	0.007099391900810995	0.8119921546651723	0.18800784533482773	0.0	2.1581985096078764	8.058258181403705	8.058258181403705	0.0	0.4176013805004314	0.6639344262295082	0.473381990348778	0.5266180096512221	47.338199034877796	52.66180096512221	elevated
170.75	138	89.47512138206596	4.947314602344779	7.137466242520367	140.79636158082494	0.007102456262166579	0.8117119641356122	0.1882880358643878	0.0	2.0459905919548893	8.044403892242363	8.044403892242363	0.0	0.40379637618636754	0.6623975409836066	0.4694764703263966	0.5305235296736034	46.94764703263966	53.05235296736034	elevated
171.0	137	87.89076885712905	4.950788773430187	7.142478411916485	141.28636291053135	0.007077823927233821	0.8122723451947325	0.18772765480526754	0.0	1.9233140460143507	8.00067370470785	8.00067370470785	0.0	0.38912855910267474	0.6577868852459017	0.4647969473858272	0.5352030526141728	46.47969473858272	53.52030526141728	elevated
171.25	139	86.03245777427551	4.9536619340446695	7.1466235064866765	141.69288504584839	0.007057517388233179	0.8128327262538526	0.1871672737461474	0.0	1.8291305103265054	7.942554990604322	7.942554990604322	0.0	0.3822260569456428	0.6567622950819673	0.4629552695703657	0.5370447304296343	46.29552695703657	53.70447304296343	elevated
171.5	144	84.1648393773031	4.9514762587596515	7.143470243591987	141.3835286084547	0.007072959699353552	0.8125525357242925	0.18744746427570746	0.0	1.7954350424830745	7.897761488210152	7.897761488210152	0.0	0.3796376186367558	0.6547131147540983	0.4617258172787867	0.5382741827212133	46.17258172787867	53.82741827212133	elevated
171.75	143	82.49010299184704	4.940224684127431	7.12723765266789	139.80165724483814	0.007152991028201296	0.811151583076492	0.18884841692350796	0.0	1.8321887273332778	7.893276783909289	7.893276783909289	0.0	0.3839516824849008	0.6542008196721312	0.462326021308381	0.5376739786916189	46.2326021308381	53.76739786916189	elevated
172.0	132	81.09187497065503	4.918359105246725	7.095692290450529	136.77799065867032	0.007311117784260346	0.810871392546932	0.18912860745306803	0.0	1.925791652172358	7.939631043496394	7.939631043496394	0.0	0.3899913718723037	0.65625	0.46427819110480895	0.535721808895191	46.4278191104809	53.5721808895191	elevated
172.25	125	79.91867477974759	4.88773012900608	7.051504018320645	132.65212884030447	0.00753851452473761	0.8105912020173718	0.18940879798262822	0.0	2.0428492472302486	8.026032250023835	8.026032250023835	0.0	0.4029335634167386	0.6608606557377049	0.46859635529295385	0.5314036447070462	46.85963552929538	53.14036447070462	elevated
172.5	123	78.81940287027896	4.853529319962739	7.002162680719427	128.19202306422798	0.007800797398282501	0.8103110114878117	0.1896889885121883	0.0	2.142411786834935	8.122875840962967	8.122875840962967	0.0	0.41501294219154444	0.6670081967213115	0.4730830376001669	0.5269169623998331	47.30830376001669	52.69169623998331	elevated
172.75	119	77.59391467807333	4.820790790506535	6.954930966626963	124.06315996773506	0.008060410522028204	0.8097506304286916	0.19024936957130845	0.0	2.191540499772649	8.1926670252404	8.1926670252404	0.0	0.42191544434857636	0.6685450819672131	0.47505278918612026	0.5249472108138797	47.50527891861203	52.49472108138797	elevated
173.0	117	76.08253857126651	4.793628383102176	6.915743896166089	120.73866096869568	0.008282351253334451	0.8094704398991314	0.19052956010086863	0.0	2.1762982797764385	8.20970575773813	8.20970575773813	0.0	0.4201898188093184	0.6695696721311475	0.4748074827098993	0.5251925172901006	47.48074827098993	52.519251729010065	elevated
173.25	116	74.22411682616291	4.773873863846229	6.88724414920039	118.37693098899538	0.00844759187153587	0.8091902493695713	0.1908097506304287	0.0	2.107150289539695	8.170339186849608	8.170339186849608	0.0	0.41069887834339946	0.6675204918032787	0.4718524048790623	0.5281475951209377	47.185240487906235	52.814759512093765	elevated
173.5	111	72.06936303572687	4.760084743251259	6.867350653299805	116.75581974753433	0.008564883550664447	0.8089100588400112	0.19108994115998879	0.0	2.0138840454786213	8.097864077691913	8.097864077691913	0.0	0.39775668679896464	0.6649590163934426	0.4679064405081046	0.5320935594918954	46.79064405081046	53.20935594918954	elevated
173.75	111	69.76618152145471	4.7493787036563235	6.851905103068632	115.51249473750067	0.008657072139879549	0.8075091061922107	0.19249089380778928	0.0	1.9335339875985	8.028262202316307	8.028262202316307	0.0	0.3917169974115617	0.6613729508196722	0.46514976360586113	0.5348502363941389	46.51497636058611	53.48502363941389	elevated
174.0	108	67.50073592727847	4.738085190892038	6.835612008209381	114.21529168083543	0.008755395055107085	0.8066685346035304	0.19333146539646962	0.0	1.8957309267090863	7.992499769709919	7.992499769709919	0.0	0.38740293356341676	0.6572745901639344	0.46283651458272035	0.5371634854172797	46.28365145827203	53.71634854172797	elevated
174.25	104	65.45732335320925	4.72506749743337	6.816831446412748	112.73810765017237	0.008870115179713778	0.8049873914261698	0.19501260857383018	0.0	1.9114205446574808	8.00106819633887	8.00106819633887	0.0	0.3882657463330457	0.6582991803278688	0.4628880795217711	0.5371119204782289	46.28880795217711	53.711192047822884	elevated
174.5	110	63.77397500601993	4.7112204672125735	6.796854404582165	111.1877781677366	0.008993794250402337	0.802745867189689	0.197254132810311	0.0	1.9681708424507864	8.036966581008798	8.036966581008798	0.0	0.39516824849007764	0.6618852459016393	0.4649498403953515	0.5350501596046485	46.49498403953515	53.50501596046485	elevated
174.75	106	62.5352559953207	4.698605555740556	6.778654934360233	109.79396409373932	0.009107968805518537	0.8005043429532082	0.19949565704679184	0.0	2.03514280371779	8.059111757832216	8.059111757832216	0.0	0.40207075064710956	0.6644467213114754	0.46675545372794824	0.5332445462720518	46.67554537279482	53.32445462720518	elevated
175.0	104	61.79156091870258	4.689739221193961	6.765863517478998	108.82479690614268	0.009189082161692088	0.7979826281871673	0.20201737181283275	0.0	2.0735856335569665	8.024163651637373	8.024163651637373	0.0	0.4072476272648835	0.6598360655737705	0.46626658025645534	0.5337334197435446	46.62665802564553	53.37334197435446	elevated
175.25	104	61.55990426293596	4.684549557362643	6.758376415205674	108.26149572982244	0.009236894366355344	0.7968618660689268	0.20313813393107316	0.0	2.0510556807306934	7.904107841621203	7.904107841621203	0.0	0.40465918895599656	0.6552254098360656	0.46418661621524726	0.5358133837847527	46.41866162152473	53.58133837847527	elevated
175.5	99	61.82519856028831	4.680697278124988	6.75281875105339	107.84524449035457	0.009272546088848987	0.7960212944802466	0.2039787055197534	0.0	1.952767202076002	7.7077177096669995	7.7077177096669995	0.0	0.3943054357204487	0.6526639344262295	0.4607476661567312	0.5392523338432689	46.07476661567312	53.92523338432689	elevated
175.75	101	62.526802470023824	4.675419269021611	6.745204193494181	107.27753581187085	0.009321616053464052	0.7949005323620062	0.2050994676379938	0.0	1.7855015061427504	7.479632046522256	7.479632046522256	0.0	0.3770491803278688	0.6501024590163934	0.45551304292656714	0.5444869570734329	45.55130429265672	54.44869570734328	elevated
176.0	103	63.54135225211295	4.667201390777912	6.733348301305367	106.39955459673938	0.009398535584007463	0.7929391986550854	0.20706080134491456	0.0	1.5756027107155048	7.288994020473197	7.288994020473197	0.0	0.36669542709232095	0.6480532786885246	0.45192197610898277	0.5480780238910172	45.192197610898276	54.807802389101724	elevated
176.25	105	64.68027093640892	4.656366132505032	6.717716327928332	105.25291124921478	0.009500924849786142	0.789016531241244	0.21098346875875595	0.0	1.3624891382446056	7.206871604499081	7.206871604499081	0.0	0.34771354616048317	0.6470286885245902	0.44593969148157936	0.5540603085184206	44.59396914815794	55.40603085184206	elevated
176.5	107	65.7198712907323	4.645363098163063	6.701842304848443	104.10115786307594	0.00960604109048718	0.7867750070047632	0.21322499299523678	0.0	1.1870771731286553	7.280217126377739	7.280217126377739	0.0	0.33477135461604834	0.6475409836065574	0.4422718363068422	0.5577281636931578	44.227183630684216	55.772816369315784	elevated
176.75	102	66.43801602019855	4.63649524680363	6.689048699668848	103.1820853907255	0.0096916048576964	0.7842532922387223	0.2157467077612777	0.0	1.082523566120094	7.51671728916551	7.51671728916551	0.0	0.3166522864538395	0.6506147540983607	0.43788008319773064	0.5621199168022694	43.78800831977306	56.21199168022694	elevated
177.0	98	66.6742270997795	4.6321794863616645	6.682822373481559	102.73773577122844	0.009733521889432651	0.7831325301204819	0.2168674698795181	0.0	1.0677411652190398	7.878117081586801	7.878117081586801	0.0	0.3114754098360656	0.6536885245901639	0.4370741161366779	0.5629258838633221	43.70741161366779	56.29258838633221	elevated
177.25	96	66.36149760633805	4.633522529116609	6.68475997460382	102.87580964171673	0.00972045812793773	0.7839731017091622	0.21602689829083777	0.0	1.1471483706174443	8.299571991862958	8.299571991862958	0.0	0.33132010353753233	0.6716188524590164	0.44672801442642773	0.5532719855735723	44.67280144264277	55.32719855735723	elevated
177.5	96	65.54881530654005	4.640589968262058	6.694956134010744	103.60545348556983	0.009652001572863923	0.7853740543569627	0.21462594564303727	0.0	1.3089379454305363	8.708325017314886	8.708325017314886	0.0	0.3451251078515962	0.6736680327868853	0.4510417987488611	0.5489582012511389	45.10417987488611	54.89582012511389	elevated
177.75	96	64.40717586288096	4.653860897253574	6.7141020374547935	104.98955796433935	0.009524756741424313	0.7884561501821239	0.2115438498178761	0.0	1.532509995877583	9.049365870457649	9.049365870457649	0.0	0.364106988783434	0.6757172131147541	0.457070088020078	0.542929911979922	45.7070088020078	54.2929911979922	elevated
178.0	105	63.18287597621263	4.6713022378778835	6.739264573079939	106.83677878368408	0.009360072546035225	0.7934995797142057	0.2065004202857943	0.0	1.7921617482463355	9.297343374166344	9.297343374166344	0.0	0.37791199309749784	0.6787909836065574	0.4625506391045653	0.5374493608954347	46.25506391045653	53.74493608954347	elevated
178.25	111	62.160733645109254	4.6894966416662065	6.765513549197284	108.79840143993049	0.009191311515290209	0.7977024376576072	0.20229756234239282	0.0	2.058783935479845	9.455011845865267	9.455011845865267	0.0	0.4055220017256255	0.6818647540983607	0.47127229837039836	0.5287277016296017	47.127229837039835	52.87277016296017	elevated
178.5	107	61.598212333095645	4.703426406425368	6.7856099517360775	110.32454229228544	0.0090641663153306	0.8013449145418885	0.1986550854581115	0.0	2.3053376869840454	9.538350299607524	9.538350299607524	0.0	0.43313201035375326	0.6834016393442623	0.479469641059976	0.520530358940024	47.9469641059976	52.0530358940024	elevated
178.75	107	61.663593400785544	4.708527251035413	6.792968914959334	110.88872832856603	0.009018049129727373	0.8019052956010086	0.19809470439899135	0.0	2.5077616735631674	9.557742209605184	9.557742209605184	0.0	0.44952545297670404	0.6844262295081968	0.48396424452147735	0.5160357554785227	48.396424452147734	51.603575547852266	elevated
179.0	104	62.39292218737804	4.703943155186879	6.786355462611694	110.38156709535846	0.009059483628603511	0.8016251050714486	0.19837489492855143	0.0	2.647795086972998	9.507827486820684	9.507827486820684	0.0	0.45901639344262296	0.6823770491803278	0.4857546369235998	0.5142453630764001	48.57546369235998	51.42453630764001	elevated
179.25	104	63.66314889594101	4.6921127696648055	6.769287824087194	109.08340462399528	0.009167297293726274	0.7988231997758476	0.2011768002241524	0.0	2.7177105966669095	9.363324066889913	9.363324066889913	0.0	0.46678170836928384	0.680327868852459	0.4864831942493976	0.5135168057506023	48.648319424939764	51.35168057506023	elevated
179.5	100	65.23862382478481	4.679734801855458	6.751430191312366	107.74149593752004	0.009281474990656397	0.7957411039506864	0.20425889604931358	0.0	2.71999852554391	9.091765132281356	9.091765132281356	0.0	0.46764452113891286	0.6767418032786885	0.4850318570920719	0.514968142907928	48.503185709207195	51.496814290792805	elevated
179.75	102	66.83585307183783	4.673820048764542	6.7428970063600175	107.1061125118137	0.00933653529708401	0.7943401513028859	0.20565984869711407	0.0	2.6708690759746982	8.671301710242869	8.671301710242869	0.0	0.4624676445211389	0.673155737704918	0.4824908833822357	0.5175091166177643	48.24908833822357	51.750911661776435	elevated
180.0	104	68.20868337793895	4.678381762291991	6.749478167844025	107.59581600846815	0.009294041693231796	0.7954609134211263	0.20453908657887365	0.0	2.5932338304068567	8.10741888950339	8.10741888950339	0.0	0.457290767903365	0.6654713114754098	0.4795557481999753	0.5204442518000247	47.95557481999753	52.04442518000248	elevated
180.25	108	69.21905555324632	4.693033590115917	6.770616287185562	109.18389711451941	0.009158859744227052	0.7991033903054077	0.20089660969459233	0.0	2.5117922769645444	7.436655347208461	7.436655347208461	0.0	0.45038826574633306	0.6495901639344263	0.4747704549965418	0.5252295450034582	47.47704549965418	52.52295450034582	elevated
180.5	109	69.85819825442637	4.713004715505916	6.799428530746685	111.38634186196117	0.008977761395910458	0.8030260577192491	0.19697394228075094	0.0	2.4423189660648283	6.721623174076246	6.721623174076246	0.0	0.4452113891285591	0.6413934426229508	0.47240772236768974	0.5275922776323103	47.240772236768976	52.75922776323103	elevated
180.75	110	70.21394622140554	4.731204060971407	6.825684636197175	113.43205927233612	0.008815849826010172	0.80554777248529	0.19445222751471003	0.0	2.387761122539871	6.032196088177959	6.032196088177959	0.0	0.4400345125107852	0.6372950819672131	0.4707193417408221	0.5292806582591779	47.07193417408221	52.92806582591779	elevated
181.0	116	70.39359742018279	4.740606649473525	6.839249704000699	114.5036441898625	0.008733346498054377	0.8069487251330905	0.19305127486690954	0.0	2.3368405471242744	5.424739623810704	5.424739623810704	0.0	0.4357204486626402	0.6337090163934426	0.4690945475472933	0.5309054524527067	46.90945475472933	53.09054524527067	elevated
181.25	114	70.44818215723814	4.737182712979691	6.834310007800727	114.11226140110998	0.008763300172318493	0.8063883440739703	0.1936116559260297	0.0	2.2698766829743118	4.925084972667365	4.925084972667365	0.0	0.4288179465056083	0.625	0.46505157264489466	0.5349484273551053	46.50515726448947	53.49484273551053	elevated
181.5	111	70.34320228678521	4.722552349521715	6.813202854993501	112.45491092427008	0.008892452910957572	0.8047072008966097	0.19529279910339026	0.0	2.1680740558225957	4.523165279255258	4.523165279255258	0.0	0.4184641932700604	0.6116803278688525	0.4587129305088807	0.5412870694911194	45.87129305088807	54.12870694911194	elevated
181.75	113	69.97174016868559	4.702646844536122	6.784485281664395	110.23857099799193	0.00907123514888646	0.8010647240123284	0.19893527598767158	0.0	2.0225613655616943	4.183818905719504	4.183818905719504	0.0	0.3994823123382226	0.6024590163934426	0.4507515131859984	0.5492484868140016	45.075151318599836	54.924848681400164	elevated
182.0	106	69.21590464819734	4.6848137070607985	6.758757502665255	108.29009674855028	0.009234454765720646	0.797142056598487	0.20285794340151297	0.0	1.8394024583415236	3.8593736080919205	3.8593736080919205	0.0	0.38481449525452976	0.5922131147540983	0.4435424166517788	0.5564575833482213	44.35424166517788	55.645758334822126	elevated
182.25	102	68.02065210937522	4.674429524161573	6.743776293492858	107.17141094913548	0.0093308466422506	0.794620341832446	0.205379658167554	0.0	1.6383928430004766	3.5116663505796497	3.5116663505796497	0.0	0.3718723037100949	0.5783811475409836	0.4362184482708811	0.5637815517291189	43.62184482708811	56.37815517291189	elevated
182.5	101	66.45483548920804	4.673769238827251	6.742823703115461	107.10067059520645	0.009337009697909	0.7940599607733259	0.20594003922667414	0.0	1.4476035933684404	3.128439096515612	3.128439096515612	0.0	0.35806729939603105	0.5681352459016393	0.43006562651774904	0.569934373482251	43.00656265177491	56.99343734822509	elevated
182.75	100	64.71372182102613	4.681113754566828	6.753419599550679	107.89016884836833	0.009268685095909213	0.7963014850098067	0.2036985149901933	0.0	1.2922957729217701	2.7265012184396906	2.7265012184396906	0.0	0.34339948231233824	0.5502049180327869	0.422476471338733	0.577523528661267	42.2476471338733	57.7523528661267	elevated
183.0	107	63.0655566261178	4.690835656927336	6.767445339874191	108.94418173908622	0.009179012445060452	0.7982628187167273	0.20173718128327267	0.0	1.1878354619440243	2.3479885813825265	2.3479885813825265	0.0	0.3364969801553063	0.516905737704918	0.4129163841442379	0.5870836158557621	41.291638414423794	58.708361585576206	elevated
183.25	105	61.78248704544085	4.696851167928626	6.776123887764165	109.60151176867853	0.009123961739784832	0.799943961894088	0.200056038105912	0.0	1.1343124498689159	2.0489343608795556	2.0489343608795556	0.0	0.32786885245901637	0.4989754098360656	0.40669705604729245	0.5933029439527076	40.669705604729245	59.330294395270755	elevated
183.5	105	61.05563805651198	4.694750018790449	6.7730925703223495	109.37146441321914	0.009143152698604037	0.7993835808349677	0.20061641916503226	0.0	1.11685480540513	1.8819577540727022	1.8819577540727022	0.0	0.3261432269197584	0.48719262295081966	0.4031798576763864	0.5968201423236136	40.31798576763864	59.68201423236136	elevated
183.75	102	60.95672936965266	4.685248072359589	6.759384159327754	108.33714442598004	0.009230444510038172	0.7974222471280471	0.2025777528719529	0.0	1.1115143939573624	1.8869890035579737	1.8869890035579737	0.0	0.3252804141501294	0.4882172131147541	0.4027299685982326	0.5972700314017674	40.272996859823266	59.727003140176734	elevated
184.0	103	61.422570463556426	4.671975044934336	6.740235228483759	106.90868350862915	0.009353777141211217	0.7937797702437658	0.20622022975623422	0.0	1.0926977994206764	2.078730401855042	2.078730401855042	0.0	0.31924072476272647	0.5015368852459017	0.4036393450630985	0.5963606549369015	40.36393450630985	59.63606549369015	elevated
184.25	100	62.30697406728081	4.6609945467045915	6.724393718141216	105.74119443492525	0.009457052242921421	0.7909778649481648	0.2090221350518352	0.0	1.0410195896492467	2.4470700847197118	2.4470700847197118	0.0	0.30371009490940465	0.5245901639344263	0.40481953094799894	0.5951804690520011	40.48195309479989	59.51804690520011	elevated
184.5	100	63.4211139194434	4.655696390934519	6.716750095085876	105.18244259965978	0.00950729014542998	0.788736340711684	0.21126365928831603	0.0	0.948885482140014	2.9551695279273478	2.9551695279273478	0.0	0.27092320966350303	0.5614754098360656	0.4052837400528132	0.5947162599471868	40.52837400528132	59.47162599471868	elevated
184.75	102	64.5897604240314	4.656390275322753	6.717751158651731	105.2554523817406	0.009500695473458219	0.7892967217708041	0.21070327822919588	0.0	0.8209752899134684	3.5441205535825935	3.5441205535825935	0.0	0.24331320103537532	0.579405737704918	0.40300391512777434	0.5969960848722257	40.30039151277743	59.69960848722257	elevated
185.0	98	65.67156254651456	4.660225246974832	6.723283853236135	105.6598790445863	0.00946433034982011	0.7904174838890445	0.20958251611095546	0.0	0.671138667288896	4.141220806681845	4.141220806681845	0.0	0.21484037963761865	0.6014344262295082	0.4016730724390428	0.5983269275609572	40.16730724390428	59.83269275609572	elevated
185.25	104	66.55777091162557	4.6630638473630714	6.727379087939314	105.96023130660956	0.009437502992102494	0.791538246007285	0.20846175399271505	0.0	0.5168493190079798	4.665809311496327	4.665809311496327	0.0	0.1915444348576359	0.6188524590163934	0.40048378497032855	0.5995162150296715	40.04837849703286	59.95162150296714	elevated
185.5	104	67.15659698940773	4.661536715165928	6.725175901891713	105.79853951955539	0.009451926317141306	0.7912580554777249	0.20874194452227512	0.0	0.37479726727468327	5.043543178641527	5.043543178641527	0.0	0.16824849007765316	0.6270491803278688	0.39663893147081175	0.6033610685291882	39.663893147081176	60.336106852918824	elevated
185.75	106	67.37415883338448	4.653791328123576	6.714001670415946	104.98225418619458	0.009525419393514055	0.7881759596525637	0.2118240403474363	0.0	0.2555388393210957	5.21748656716235	5.21748656716235	0.0	0.1458153580672994	0.6296106557377049	0.39090049336439203	0.609099506635608	39.0900493364392	60.9099506635608	elevated
186.0	106	67.12538496457455	4.641105256549535	6.695699537867714	103.6588539193971	0.009647029290692125	0.785934435416083	0.214065564583917	0.0	0.16362575350330555	5.159275476991131	5.159275476991131	0.0	0.12165660051768766	0.6290983606557377	0.3841723491473771	0.6158276508526229	38.417234914737705	61.582765085262295	elevated
186.25	104	66.33711806879832	4.625385848948216	6.67302122647558	102.04213833944185	0.009799873035524922	0.7820117680022415	0.21798823199775852	0.0	0.09855862997592474	4.874960713154066	4.874960713154066	0.0	0.0992234685073339	0.6244877049180327	0.376430735356902	0.6235692646430979	37.6430735356902	62.356926464309794	elevated
186.5	98	64.98128842703447	4.608820230278295	6.649122090571226	100.36567138140806	0.009963566090240314	0.7797702437657608	0.22022975623423924	0.0	0.05576917900922734	4.404730239146783	4.404730239146783	0.0	0.0811044003451251	0.6075819672131147	0.36711415283100013	0.6328858471689999	36.71141528310001	63.28858471689999	elevated
186.75	96	63.10831965403617	4.594235044838044	6.628080115866131	98.9124430167954	0.010109951483355833	0.7789296721770804	0.22107032782291958	0.0	0.029644930693725677	3.815883001330155	3.815883001330155	0.0	0.06557377049180328	0.5906762295081968	0.3587949180442701	0.6412050819557299	35.87949180442701	64.120508195573	routine
187.0	89	60.846693596856696	4.583020694242055	6.611901227874507	97.80940071406347	0.01022396612901663	0.7780891005884001	0.22191089941159992	0.0	0.015594591776054819	3.189638107998848	3.189638107998848	0.0	0.05090595340811044	0.569672131147541	0.3496667962860129	0.6503332037139871	34.96667962860129	65.0333203713987	routine
187.25	94	58.402560369083155	4.5760421563016855	6.601833325795281	97.12921022824854	0.010295563998204582	0.7772485289997199	0.22275147100028014	0.0	0.008916896572187409	2.6073356348826904	2.6073356348826904	0.0	0.03968938740293356	0.5389344262295082	0.3389680856580404	0.6610319143419596	33.89680856580404	66.10319143419596	routine
187.5	97	56.022837577803806	4.572043771049286	6.59606487522008	96.74162559918932	0.010336812037282738	0.7764079574110395	0.22359204258896048	0.0	0.007680400701084354	2.1353004948738903	2.1353004948738903	0.0	0.0362381363244176	0.5061475409836066	0.32969840867976596	0.670301591320234	32.96984086797659	67.0301591320234	routine
187.75	93	53.96611771699988	4.569154321190448	6.591896280237837	96.46249897814634	0.01036672292956614	0.7761277668814794	0.22387223311852056	0.0	0.011432728349414785	1.817350731805323	1.817350731805323	0.0	0.04400345125107852	0.48258196721311475	0.3256782963364182	0.6743217036635818	32.56782963364182	67.43217036635818	routine
188.0	90	52.45247306930539	4.5645915817262175	6.585313638639923	96.02336830849856	0.010414131659985676	0.7755673858223592	0.22443261417764082	0.0	0.02150566546198831	1.6710990345345687	1.6710990345345687	0.0	0.058671268334771355	0.4697745901639344	0.32600331108026626	0.6739966889197337	32.60033110802662	67.39966889197338	routine
188.25	95	51.6227405328917	4.555780751812101	6.572602298016712	95.18103900189034	0.010506294220849382	0.775007004763239	0.22499299523676097	0.0	0.040802659663534344	1.6876383196828775	1.6876383196828775	0.0	0.07506471095772217	0.4707991803278688	0.3302177240122075	0.6697822759877925	33.02177240122075	66.97822759877926	routine
188.5	88	51.50743663205681	4.541228797764687	6.551608266077263	93.80599792814219	0.010660299150231586	0.7733258615858783	0.22667413841412165	0.0	0.07442967814645098	1.83958636547161	1.83958636547161	0.0	0.08973252804141502	0.48411885245901637	0.33679431052157743	0.6632056894784226	33.679431052157746	66.32056894784226	routine
188.75	86	52.02982406967784	4.523128485529633	6.52549503537721	92.12335420343082	0.010855010747782329	0.772205099467638	0.22779490053236195	0.0	0.12754410892426013	2.0868853811812325	2.0868853811812325	0.0	0.11044003451251079	0.5025614754098361	0.3463016523474962	0.6536983476525038	34.63016523474962	65.36983476525037	routine
189.0	88	53.018412830630545	4.505780863728491	6.500467707433485	90.53901508594734	0.011044962208289044	0.7708041468198374	0.22919585318016256	0.0	0.20532000296197725	2.3851757030841703	2.3851757030841703	0.0	0.13373597929249353	0.5199795081967213	0.35612990857726307	0.6438700914227369	35.61299085772631	64.38700914227368	routine
189.25	86	54.24396549162793	4.49354440173983	6.482814224404416	89.43788855519041	0.011180943738211341	0.7699635752311572	0.23003642476884278	0.0	0.31049793386071806	2.690950871037962	2.690950871037962	0.0	0.15530629853321828	0.5466188524590164	0.367972181555848	0.632027818444152	36.7972181555848	63.2027818444152	elevated
189.5	86	55.47918314393161	4.4902723898002845	6.478093709005505	89.14572495803928	0.01121758783688952	0.769403194172037	0.23059680582796305	0.0	0.4411057938901051	2.967967882935051	2.967967882935051	0.0	0.17946505608283003	0.5635245901639344	0.37809821010470035	0.6219017898952997	37.80982101047003	62.19017898952997	elevated
189.75	82	56.543967921056925	4.497228233737804	6.488128870559362	89.76797032048134	0.011139830792986543	0.7705239562902774	0.22947604370972263	0.0	0.5886855894391672	3.189995050668181	3.189995050668181	0.0	0.20276100086281276	0.5701844262295082	0.3858673458456496	0.6141326541543504	38.58673458456496	61.413265415435035	elevated
190.0	82	57.36126911112257	4.5155609925879885	6.5145774508383365	91.42884254116396	0.010937467567193257	0.7716447184085178	0.22835528159148222	0.0	0.7380412609025387	3.3439810416437608	3.3439810416437608	0.0	0.23037100949094047	0.5742827868852459	0.39407462869617604	0.605925371303824	39.4074628696176	60.5925371303824	elevated
190.25	90	57.94724016107595	4.542632541944508	6.553633440844168	93.93777001727973	0.01064534531547908	0.7736060521154385	0.22639394788456146	0.0	0.869229534820604	3.4269102588202887	3.4269102588202887	0.0	0.2553925798101812	0.576844262295082	0.4014607235551754	0.5985392764448245	40.14607235551754	59.853927644482454	elevated
190.5	94	58.421295874709216	4.575567479211626	6.601148511511429	97.08311615814266	0.01030045222663701	0.7769683384701597	0.22303166152984033	0.0	0.9617117043467407	3.4453273908272726	3.4453273908272726	0.0	0.27523727351164795	0.5778688524590164	0.407518616110206	0.592481383889794	40.7518616110206	59.2481383889794	elevated
190.75	97	58.958820469515956	4.609968390242807	6.650778535258175	100.48097340701781	0.009952132887380625	0.780610815354441	0.219389184645559	0.0	0.9995670318963119	3.4102103042003673	3.4102103042003673	0.0	0.29508196721311475	0.5763319672131147	0.4130061874451676	0.5869938125548324	41.30061874451676	58.69938125548324	elevated
191.0	106	59.74161264872836	4.64117350653912	6.69579800178923	103.66592887652764	0.009646370903511222	0.7862146259456431	0.21378537405435694	0.0	0.9759679152183466	3.33476130778996	3.33476130778996	0.0	0.2812769628990509	0.5732581967213115	0.41018744639150134	0.5898125536084986	41.018744639150135	58.98125536084986	elevated
191.25	100	60.89947515347605	4.66516429316137	6.730409390676175	106.18302893450205	0.009417700832558093	0.7923788175959653	0.2076211824040347	0.0	0.8951910929150291	3.2286109632011133	3.2286109632011133	0.0	0.25884383088869717	0.5712090163934426	0.4056079162195263	0.5943920837804737	40.56079162195263	59.43920837804737	elevated
191.5	101	62.48013952145949	4.68156190201897	6.754066139657471	107.93853038838994	0.00926453228890322	0.7965816755393668	0.20341832446063324	0.0	0.7713519096056314	3.0998101972821632	3.0998101972821632	0.0	0.23382226056945643	0.5665983606557377	0.3992505741911402	0.6007494258088598	39.92505741911402	60.07494258088598	elevated
191.75	101	64.41945947600664	4.691810217522299	6.76885133361159	109.0504061983383	0.00917007129878291	0.7985430092462875	0.20145699075371248	0.0	0.6243756541700642	2.9557343511511305	2.9557343511511305	0.0	0.20621225194132872	0.5619877049180327	0.3916857415264122	0.6083142584735878	39.16857415264122	60.83142584735878	elevated
192.0	110	66.57246017999339	4.70006523432134	6.78076080541002	109.95434501524772	0.009094683796818824	0.8007845334827682	0.19921546651723177	0.0	0.47478387102687036	2.801802736348603	2.801802736348603	0.0	0.18464193270060397	0.555327868852459	0.3851885837589578	0.6148114162410422	38.51885837589578	61.48114162410422	elevated
192.25	104	68.7457160650444	4.709819443878012	6.7948331551652235	111.03211056843799	0.009006403596945227	0.8021854861305688	0.19781451386943116	0.0	0.3391583770171219	2.6501775930288773	2.6501775930288773	0.0	0.16134598792062121	0.5430327868852459	0.376641065234109	0.623358934765891	37.6641065234109	62.3358934765891	elevated
192.5	112	70.74811138290556	4.722345701384871	6.8129047247512675	112.43167472738969	0.008894290709665896	0.8044270103670496	0.19557298963295044	0.0	0.2275965814443048	2.5138776263331932	2.5138776263331932	0.0	0.13805004314063848	0.5276639344262295	0.3675352469834794	0.6324647530165206	36.75352469834794	63.24647530165206	elevated
192.75	115	72.43196428138943	4.736495953794577	6.8333192237300775	114.03392066114905	0.008769320516230365	0.8061081535444102	0.19389184645558977	0.0	0.14347806654246278	2.414221525062056	2.414221525062056	0.0	0.11389128559102675	0.5215163934426229	0.360378958144515	0.6396210418554851	36.037895814451495	63.962104185548505	routine
193.0	115	73.70704537754614	4.749515738464319	6.852102802506556	115.52832505466553	0.008655885900940928	0.8077892967217708	0.1922107032782292	0.0	0.08496927088476784	2.3737353483658614	2.3737353483658614	0.0	0.09490940465918896	0.5194672131147541	0.3555414786239285	0.6444585213760715	35.554147862392846	64.44585213760715	routine
193.25	112	74.51926689188232	4.757579311718444	6.863736079652127	116.46366217831972	0.008586369184139865	0.808349677780891	0.19165032221910905	0.0	0.04776257715139053	2.41786726948613	2.41786726948613	0.0	0.07851596203623813	0.5225409836065574	0.35235165585592165	0.6476483441440783	35.23516558559216	64.76483441440783	routine
193.5	115	74.84091109489495	4.759028771778848	6.865827208493238	116.6325940055276	0.008573932600286733	0.8086298683104511	0.19137013168954886	0.0	0.025969156667923828	2.567415020024967	2.567415020024967	0.0	0.06298533218291631	0.5327868852459017	0.3511005214348173	0.6488994785651827	35.11005214348173	64.88994785651828	routine
193.75	116	74.64027583345191	4.753715662832647	6.8581620125648515	116.01455563338989	0.00861960807021522	0.8080694872513309	0.19193051274866912	0.0	0.015183307213206439	2.8357808404439844	2.8357808404439844	0.0	0.04918032786885246	0.5573770491803278	0.3536567160751278	0.6463432839248722	35.36567160751278	64.63432839248722	routine
194.0	117	73.89428795960927	4.743835092958314	6.843907363405994	114.87391010361821	0.008705196846681576	0.8072289156626506	0.19277108433734935	0.0	0.012525657394739726	3.225902058041683	3.225902058041683	0.0	0.0457290767903365	0.5706967213114754	0.35591367844111566	0.6440863215588843	35.591367844111566	64.40863215588844	routine
194.25	112	72.61600214609456	4.733147617951122	6.828488596213494	113.65273532163081	0.008798732359322955	0.80582796301485	0.19417203698514995	0.0	0.017202016691503747	3.7278107909994516	3.7278107909994516	0.0	0.05263157894736842	0.5860655737704918	0.3611312789331776	0.6388687210668225	36.11312789331776	63.88687210668225	elevated
194.5	110	70.88032829860293	4.725122446153796	6.8169107206592106	112.74430263513271	0.008869627791625418	0.8052675819557299	0.1947324180442701	0.0	0.030585297959848323	4.317207013230452	4.317207013230452	0.0	0.06729939603106126	0.6060450819672131	0.36965301498850106	0.6303469850114989	36.9653014988501	63.03469850114989	elevated
194.75	108	68.83405036135196	4.720818120465362	6.810700891334134	112.26005735940853	0.008907887841161786	0.8041468198374895	0.19585318016251052	0.0	0.056067728228749225	4.953350069097869	4.953350069097869	0.0	0.08196721311475409	0.6255122950819673	0.3779065820085527	0.6220934179914472	37.79065820085527	62.209341799144724	elevated
195.0	103	66.70081218579907	4.719977934308307	6.809488758931929	112.16577762503499	0.008915375270191178	0.8035864387783693	0.19641356122163067	0.0	0.09843407203296232	5.583045009595463	5.583045009595463	0.0	0.09836065573770492	0.6347336065573771	0.38417017526836283	0.6158298247316372	38.41701752683628	61.58298247316372	elevated
195.25	108	64.7363224285654	4.720281386818079	6.809926548362921	112.19981977659272	0.008912670287627515	0.8038666293079294	0.1961333706920706	0.0	0.1640417225291724	6.143634197049329	6.143634197049329	0.0	0.12251941328731665	0.6383196721311475	0.3911764286815984	0.6088235713184016	39.11764286815984	60.88235713184016	elevated
195.5	110	63.1734747449931	4.718085830900417	6.806759030728516	111.95374902821351	0.008932260050960773	0.8033062482488091	0.19669375175119086	0.0	0.25646368315333135	6.570502634983926	6.570502634983926	0.0	0.14667817083692838	0.6403688524590164	0.3975883178861885	0.6024116821138115	39.75883178861885	60.241168211381144	elevated
195.75	110	62.17365132403033	4.7103838161537555	6.795647372248654	111.09479169944261	0.009001322066523279	0.8024656766601289	0.1975343233398711	0.0	0.37761579059612516	6.809002580908534	6.809002580908534	0.0	0.16997411561691114	0.6429303278688525	0.40384253003647314	0.5961574699635268	40.384253003647316	59.615746996352684	elevated
196.0	100	61.793615021095135	4.696568220832381	6.775715681391578	109.5705047260627	0.009126543703527704	0.7996637713645279	0.20033622863547207	0.0	0.5239455981930256	6.826663668357526	6.826663668357526	0.0	0.19672131147540983	0.6434426229508197	0.40995692644768933	0.5900430735523107	40.99569264476893	59.00430735523107	elevated
196.25	104	61.969554523324994	4.677936138047357	6.748835267956192	107.54787938588751	0.009298184266487923	0.7951807228915663	0.20481927710843373	0.0	0.6860106600035608	6.6232960593598	6.6232960593598	0.0	0.21742881794650562	0.6408811475409836	0.4133726720947639	0.5866273279052361	41.337267209476394	58.662732790523606	elevated
196.5	101	62.545056388638116	4.658261428049352	6.7204506614111414	105.45258578428877	0.009482934842826666	0.7895769123003642	0.2104230876996358	0.0	0.8507896728226364	6.232551260801337	6.232551260801337	0.0	0.24849007765314926	0.6388319672131147	0.41922473929165704	0.580775260708343	41.922473929165704	58.077526070834296	elevated
196.75	97	63.298786736614815	4.640804431860464	6.695265539580615	103.62767546675663	0.009649931791829068	0.7856542448865228	0.2143457551134772	0.0	1.0047656196557908	5.717744877680765	5.717744877680765	0.0	0.29680759275237273	0.6357581967213115	0.42955500859005175	0.5704449914099483	42.95550085900518	57.04449914099483	elevated
197.0	95	64.00385147319636	4.628293148922154	6.677215573730356	102.33923711394006	0.009771423240986675	0.7825721490613617	0.21742785093863826	0.0	1.1392864891125722	5.156622135942032	5.156622135942032	0.0	0.33045729076790337	0.6285860655737705	0.4354038763507589	0.5645961236492412	43.54038763507589	56.45961236492412	elevated
197.25	99	64.47699433603714	4.622484607786748	6.6688356202395065	101.74651852702875	0.00982834611421473	0.7814513869431213	0.21854861305687867	0.0	1.2551637687090138	4.628022713396835	4.628022713396835	0.0	0.33908541846419327	0.6168032786885246	0.4343350210239598	0.5656649789760402	43.433502102395984	56.566497897604016	elevated
197.5	99	64.6079007287336	4.623074672385779	6.669686903510333	101.80657326203028	0.009822548465767479	0.7817315774726814	0.2182684225273186	0.0	1.3647979426820127	4.196000403308612	4.196000403308612	0.0	0.3485763589301122	0.6029713114754098	0.4333198119695509	0.5666801880304491	43.33198119695509	56.66801880304491	elevated
197.75	98	64.38379482766516	4.629087149918837	6.678361075030732	102.42052683799855	0.0097636678005155	0.7828523395909218	0.21714766040907818	0.0	1.488295852590042	3.902477042251091	3.902477042251091	0.0	0.36065573770491804	0.5942622950819673	0.43444259309445177	0.5655574069055482	43.44425930944518	56.55574069055482	elevated
198.0	100	63.881177202809724	4.638709946227781	6.69224383554513	103.41085593130737	0.009670164616607265	0.7850938638274026	0.21490613617259735	0.0	1.6477737775806962	3.7644492554052276	3.7644492554052276	0.0	0.37359792924935287	0.5891393442622951	0.4369577843347626	0.5630422156652374	43.695778433476264	56.304221566523736	elevated
198.25	103	63.24293384133251	4.649903431033716	6.708392620564919	104.57488640080958	0.009562525329143062	0.7870551975343233	0.2129448024656767	0.0	1.857403363364289	3.776065770218862	3.776065770218862	0.0	0.3856773080241588	0.5896516393442623	0.4405960362256861	0.5594039637743139	44.05960362256861	55.94039637743139	elevated
198.5	105	62.62608651252675	4.658805883117988	6.721236144038649	105.51001561168141	0.009477773216150356	0.7898571028299244	0.21014289717007562	0.0	2.11565360802418	3.9126215103770354	3.9126215103770354	0.0	0.4115616911130285	0.5947745901639344	0.44904834602672183	0.5509516539732782	44.90483460267218	55.09516539732782	elevated
198.75	106	62.179817937193405	4.663211917975198	6.72759270867713	105.97592206456156	0.009436105678710588	0.791818436536845	0.20818156346315497	0.0	2.402037913146804	4.1359214371066955	4.1359214371066955	0.0	0.44176013805004316	0.600922131147541	0.4586251764336073	0.5413748235663927	45.862517643360725	54.13748235663927	elevated
199.0	104	61.98876862358612	4.660916070335691	6.724280500672977	105.73289657554004	0.009457794427163525	0.7906976744186046	0.2093023255813954	0.0	2.680360209174756	4.395940095279621	4.395940095279621	0.0	0.4641932700603969	0.6070696721311475	0.46549015415253725	0.5345098458474628	46.54901541525373	53.45098458474627	elevated
199.25	101	62.05870085861929	4.651759171531986	6.711069888178949	104.76913043011703	0.009544796219025781	0.7876155785934436	0.21238442140655645	0.0	2.9078312154839296	4.6381961952248565	4.6381961952248565	0.0	0.48490077653149266	0.6173155737704918	0.472457982223857	0.527542017776143	47.2457982223857	52.7542017776143	elevated
199.5	99	62.30784787299339	4.636892509498724	6.689621828588989	103.22308392710855	0.009687755509282735	0.7845334827682824	0.2154665172317176	0.0	3.0470335327267097	4.8073736769214594	4.8073736769214594	0.0	0.48921484037963764	0.6219262295081968	0.47391863816402924	0.5260813618359708	47.391863816402925	52.608136183597075	elevated
199.75	98	62.59635446531024	4.619421076789058	6.664415879261529	101.43529188326028	0.00985850172493099	0.7811711964135613	0.21882880358643875	0.0	3.076421340752258	4.8561481141513685	4.8561481141513685	0.0	0.4900776531492666	0.6239754098360656	0.4738060648497233	0.5261939351502767	47.38060648497233	52.61939351502767	elevated
200.0	101	62.75438722090699	4.602001151530717	6.639284239478665	99.68359816322027	0.010031740611555942	0.7794900532362006	0.22050994676379942	0.0	2.995946658147373	4.756099414032511	4.756099414032511	0.0	0.4883520276100086	0.6198770491803278	0.47192978250663425	0.5280702174933658	47.19297825066342	52.80702174933658	elevated
200.25	98	62.6284191404321	4.586321713205035	6.616663591562279	98.13280488856417	0.010190272265585006	0.7783692911179602	0.22163070888203984	0.0	2.824039844871463	4.498879781537924	4.498879781537924	0.0	0.47799827437446074	0.610655737704918	0.4667558257993347	0.5332441742006653	46.675582579933476	53.324417420066524	elevated
200.5	93	62.11254675448809	4.572402906059435	6.596582997518232	96.7763751433962	0.010333100392717466	0.7766881479405996	0.2233118520594004	0.0	2.5913122163431694	4.1078481658614265	4.1078481658614265	0.0	0.45642795513373596	0.6004098360655737	0.4583814847849773	0.5416185152150227	45.83814847849773	54.16185152150227	elevated
200.75	94	61.16622006452542	4.559137553878259	6.577445139710803	95.50107976649944	0.010471085797616157	0.7752871952927991	0.2247128047072009	0.0	2.3297963691543027	3.628830578599817	3.628830578599817	0.0	0.43485763589301124	0.5829918032786885	0.4482841586161247	0.5517158413838753	44.82841586161247	55.17158413838753	elevated
201.0	92	59.80998995303	4.544858079227032	6.556844212444978	94.14706483701578	0.01062168004633141	0.7741664331745587	0.2258335668254413	0.0	2.0650798394867755	3.12378681536875	3.12378681536875	0.0	0.40638481449525454	0.5676229508196722	0.43704354962237135	0.5629564503776286	43.70435496223713	56.29564503776287	elevated
201.25	90	58.112338287841546	4.528445668609825	6.5331661090385005	92.61449553072327	0.010797445845486111	0.7727654805267582	0.2272345194732418	0.0	1.8128761603875656	2.6593135343808543	2.6593135343808543	0.0	0.3805004314063848	0.5440573770491803	0.42433082224558083	0.5756691777544192	42.433082224558085	57.566917775441915	elevated
201.5	88	56.175602989548146	4.510194677229432	6.506835494282701	90.93952064129708	0.010996319234454861	0.7710843373493976	0.22891566265060237	0.0	1.5819415493622646	2.2930806833722945	2.2930806833722945	0.0	0.36755823986194996	0.5138319672131147	0.41311863610611554	0.5868813638938845	41.31186361061155	58.68813638938845	elevated
201.75	88	54.11327203004133	4.49031229330066	6.47815127758761	89.14928225548242	0.011217140224799768	0.7696833847015971	0.23031661529840286	0.0	1.3768372505441848	2.0655853865884684	2.0655853865884684	0.0	0.3511647972389991	0.5005122950819673	0.40534011925564084	0.5946598807443592	40.53401192556409	59.46598807443591	elevated
202.0	86	52.0486011039304	4.469513269933626	6.448144629720657	87.31421421584459	0.011452888959499263	0.7685626225833567	0.23143737741664328	0.0	1.2036616964847477	1.9939163786628398	1.9939163786628398	0.0	0.3373597929249353	0.4948770491803279	0.40019986617215497	0.599800133827845	40.019986617215494	59.980013382784506	elevated
202.25	82	50.10000842203999	4.447743335827796	6.416737253745697	85.43393061060884	0.011704951333186397	0.7677220509946764	0.23227794900532361	0.0	1.0705420987579335	2.074321426218491	2.074321426218491	0.0	0.31406384814495253	0.5010245901639344	0.3957026223258908	0.6042973776741092	39.57026223258908	60.42973776741092	elevated
202.5	78	48.36343871047383	4.423736488043469	6.3821026934998715	83.40735442605623	0.01198935042216856	0.766881479405996	0.23311852059400395	0.0	0.9851139602125338	2.2856290039690297	2.2856290039690297	0.0	0.28472821397756687	0.5133196721311475	0.39123234137867763	0.6087676586213224	39.12323413786776	60.876765862132245	elevated
202.75	77	46.897761428300015	4.396163043670727	6.342322622043089	81.13894404218263	0.012324538010750036	0.7663210983468759	0.2336789016531241	0.0	0.9499509181957753	2.5954090586748837	2.5954090586748837	0.0	0.271786022433132	0.5379098360655737	0.3940042392113954	0.6059957607886046	39.400423921139534	60.599576078860466	elevated
203.0	75	45.71312013321785	4.364931782567167	6.297265436528275	78.644034864617	0.012715522565970395	0.7652003362286355	0.23479966377136452	0.0	0.9586147881990779	2.9621681907506723	2.9621681907506723	0.0	0.27351164797238997	0.5625	0.4003029960502564	0.5996970039497436	40.03029960502564	59.96970039497435	elevated
203.25	72	44.773289749001876	4.332367773199744	6.250285501702432	76.12431846884292	0.013136406605850824	0.7623984309330345	0.2376015690669655	0.0	0.9945015047660941	3.3399060673875898	3.3399060673875898	0.0	0.2916307161345988	0.5737704918032787	0.406949909717728	0.593050090282272	40.694990971772796	59.3050090282272	elevated
203.5	72	44.00828112485961	4.302116525809099	6.206642177111243	73.85594640741154	0.01353987117684066	0.7587559540487532	0.24124404595124682	0.0	1.0346355560176832	3.679486180464724	3.679486180464724	0.0	0.3028472821397757	0.5850409836065574	0.4116610549487716	0.5883389450512284	41.16610549487716	58.83389450512284	elevated
203.75	68	43.347650611994325	4.278730952862052	6.172903926992191	72.14882163000551	0.013860240228568283	0.7567946203418324	0.24320537965816758	0.0	1.0538224947559687	3.932191212822215	3.932191212822215	0.0	0.3080241587575496	0.5957991803278688	0.41515448985681275	0.5848455101431873	41.515448985681275	58.48455101431873	elevated
204.0	64	42.74750340776019	4.265507571582711	6.153826620396703	71.20105043308102	0.014044736614382668	0.7553936676940319	0.24460633230596807	0.0	1.0343776825751518	4.057925195407609	4.057925195407609	0.0	0.30198446937014667	0.5988729508196722	0.4140627719709627	0.5859372280290374	41.40627719709627	58.593722802903734	elevated
204.25	66	42.206080222240146	4.262592480777652	6.149621033348503	70.99379513642481	0.014085738029335604	0.7548332866349118	0.24516671336508822	0.0	0.9678724774671991	4.029510023059165	4.029510023059165	0.0	0.27696289905090593	0.5978483606557377	0.40741113658538886	0.5925888634146111	40.741113658538886	59.258886341461114	elevated
204.5	69	41.78535594476601	4.270434223699143	6.160934276973263	71.55269875209268	0.013975713249680234	0.7559540487531522	0.2440459512468478	0.0	0.8596294335061555	3.8442614691422476	3.8442614691422476	0.0	0.25107851596203623	0.5911885245901639	0.39955527232633814	0.6004447276736619	39.95552723263381	60.04447276736619	elevated
204.75	68	41.56651297726891	4.284538258224516	6.181282097639547	72.5690308293662	0.013779982846282334	0.7573550014009527	0.2426449985990473	0.0	0.724236150747288	3.5222316788011305	3.5222316788011305	0.0	0.2277825711820535	0.5788934426229508	0.3910077538014892	0.6089922461985108	39.100775380148924	60.899224619851076	elevated
205.0	69	41.64669020262177	4.301407586759707	6.205619394260393	73.80360559838738	0.013549473523578775	0.7581955729896329	0.24180442701036708	0.0	0.5835972373022464	3.11050722110146	3.11050722110146	0.0	0.20189818809318377	0.5671106557377049	0.38180110420513036	0.6181988957948696	38.18011042051304	61.81988957948696	elevated
205.25	72	42.10409878373607	4.318547548277339	6.230347131742908	75.07949971051885	0.013319215016824322	0.7601569066965537	0.23984309330344633	0.0	0.46053959739968503	2.6702840975909172	2.6702840975909172	0.0	0.182916307161346	0.5445696721311475	0.3719107214972618	0.6280892785027382	37.19107214972618	62.80892785027382	elevated
205.5	73	42.97221544222505	4.334527816531443	6.253401785505179	76.28892801320325	0.013108062022144694	0.7629588119921547	0.23704118800784535	0.0	0.37521027237049553	2.2684130576423875	2.2684130576423875	0.0	0.16911130284728215	0.5117827868852459	0.36096322543117065	0.6390367745688293	36.09632254311707	63.90367745688293	elevated
205.75	74	44.23654570206712	4.350036939807556	6.275776720744163	77.48132501763327	0.012906335814112874	0.7646399551695152	0.23536004483048478	0.0	0.344374868671126	1.9641833006992417	1.9641833006992417	0.0	0.1630716134598792	0.4918032786885246	0.3548787118294797	0.6451212881705203	35.48787118294797	64.51212881705203	routine
206.0	76	45.83937227321369	4.367032740581271	6.300296478236339	78.8094363698958	0.012688835830603493	0.7654805267581956	0.23451947324180444	0.0	0.3791641088780058	1.797677208185283	1.797677208185283	0.0	0.17169974115616912	0.48104508196721313	0.35455633747039444	0.6454436625296056	35.45563374703944	64.54436625296056	routine
206.25	71	47.6819472159534	4.385812241327731	6.327389570833627	80.30342248904705	0.012452769371522048	0.7660409078173158	0.23395909218268418	0.0	0.48517946896244185	1.7852478303503818	1.7852478303503818	0.0	0.18809318377911993	0.4800204918032787	0.3585386458499286	0.6414613541500713	35.85386458499286	64.14613541500714	routine
206.5	80	49.65725527516184	4.407398228724563	6.3585315678037295	82.05569538567289	0.01218684449994439	0.766601288876436	0.23339871112356403	0.0	0.6629403831082642	1.920128743255486	1.920128743255486	0.0	0.21225194132873165	0.48924180327868855	0.367023758370964	0.632976241629036	36.702375837096405	63.297624162903595	elevated
206.75	81	51.64843021976089	4.430395363248693	6.3917094197363475	83.96460686853843	0.011909780052512822	0.7674418604651163	0.2325581395348837	0.0	0.9030303614108414	2.1738088359974066	2.1738088359974066	0.0	0.2614322691975841	0.5081967213114754	0.384267712743544	0.615732287256456	38.4267712743544	61.5732287256456	elevated
207.0	84	53.554281814976584	4.453923652303571	6.425653565676422	85.96357433660617	0.011632834112787309	0.7680022415242365	0.23199775847576354	0.0	1.1874810856470577	2.507639997310921	2.507639997310921	0.0	0.3356341673856773	0.5271516393442623	0.40769701206354403	0.592302987936456	40.769701206354405	59.230298793645595	elevated
207.25	89	55.28549325798721	4.476233656207862	6.4578400976713555	87.9029755986846	0.01137617917015046	0.7688428131129168	0.2311571868870832	0.0	1.4890356278582728	2.877567828596901	2.877567828596901	0.0	0.361518550474547	0.5594262295081968	0.42244689827391513	0.5775531017260849	42.24468982739151	57.75531017260849	elevated
207.5	87	56.77099518320772	4.495913965041405	6.486232781628671	89.6500685814033	0.011154481149024313	0.7702437657607173	0.2297562342392827	0.0	1.7760615037993053	3.244850019954846	3.244850019954846	0.0	0.37618636755823986	0.5717213114754098	0.4295378611985918	0.5704621388014082	42.953786119859174	57.04621388014082	elevated
207.75	89	57.96006661664771	4.512543172778139	6.510223657164371	91.15334268250402	0.01097052472867723	0.7713645278789577	0.2286354721210423	0.0	2.018389304641536	3.580491971130544	3.580491971130544	0.0	0.3986194995685936	0.5819672131147541	0.4379878101405763	0.5620121898594237	43.79878101405763	56.20121898594237	elevated
208.0	95	58.809587147311284	4.525172576468695	6.52844403523812	92.31185530809947	0.010832844781013297	0.7724852899971981	0.22751471000280188	0.0	2.1968518808717894	3.866800853251548	3.866800853251548	0.0	0.4227782571182053	0.5927254098360656	0.44699723923786727	0.5530027607621327	44.69972392378673	55.30027607621327	elevated
208.25	89	59.304407612413215	4.535104179485957	6.5427723096592025	93.2332277882394	0.010725789761042057	0.7730456710563183	0.22695432894368173	0.0	2.309316016194601	4.1001134964254415	4.1001134964254415	0.0	0.4339948231233822	0.5998975409836066	0.45173450879082677	0.5482654912091732	45.17345087908268	54.82654912091732	elevated
208.5	91	59.45438838070582	4.544196363661427	6.555889558680001	94.08478686618089	0.010628710903308147	0.7738862426449986	0.2261137573550014	0.0	2.3699359567555587	4.283800156893245	4.283800156893245	0.0	0.43917169974115616	0.6050204918032787	0.45451960854735834	0.5454803914526416	45.45196085473584	54.54803914526416	elevated
208.75	91	59.30662888910384	4.554600051869947	6.570898908065389	95.06872507221944	0.010518706327873283	0.774726814233679	0.22527318576632105	0.0	2.403596602657135	4.422549273044753	4.422549273044753	0.0	0.4426229508196721	0.608094262295082	0.4563610068371083	0.5436389931628918	45.63610068371083	54.36389931628918	elevated
209.0	93	58.96031936730614	4.568735352081136	6.591291835581547	96.42209263596315	0.01037106717622745	0.7758475763519193	0.22415242364808075	0.0	2.437750451034428	4.523614613289015	4.523614613289015	0.0	0.4443485763589301	0.6121926229508197	0.45809719391541726	0.5419028060845827	45.80971939154173	54.19028060845827	elevated
209.25	92	58.56227852973804	4.587590993629237	6.618494776135773	98.25744201978334	0.010177346157644304	0.7786494816475203	0.22135051835247965	0.0	2.4903164583865762	4.588224133486857	4.588224133486857	0.0	0.44779982743744606	0.6142418032786885	0.4601727780909137	0.5398272219090863	46.017277809091375	53.982722190908625	elevated
209.5	94	58.29217107316068	4.609684167765728	6.650368488899985	100.45241851402018	0.009954961909258856	0.7803306248248809	0.21966937517511909	0.0	2.5653134449839516	4.617768862077681	4.617768862077681	0.0	0.454702329594478	0.6162909836065574	0.4628309845064791	0.5371690154935209	46.283098450647906	53.716901549352094	elevated
209.75	103	58.34568775938503	4.632771327475057	6.683676219720844	102.79855818398154	0.009727762895373214	0.7836929111796022	0.21630708882039784	0.0	2.6528364512393714	4.615653710065439	4.615653710065439	0.0	0.46074201898188094	0.6157786885245902	0.4650534046715183	0.5349465953284818	46.50534046715183	53.494659532848175	elevated
210.0	101	58.877183263079466	4.652332132597591	6.71189649626692	104.8291762630503	0.009539328988817737	0.7878957691230036	0.21210423087699637	0.0	2.7355963880267913	4.5914258797508225	4.5914258797508225	0.0	0.4702329594477998	0.6147540983606558	0.46822070673286476	0.5317792932671352	46.822070673286476	53.177929326713524	elevated
210.25	106	59.967819729871955	4.665019433889425	6.730200402922913	106.16764845226731	0.009419065172660364	0.7920986270664051	0.2079013729335949	0.0	2.797638533508909	4.5604277633241574	4.5604277633241574	0.0	0.4745470232959448	0.6137295081967213	0.4700937896397678	0.5299062103602322	47.00937896397678	52.99062103602322	elevated
210.5	100	61.58771701110134	4.669668182363508	6.736907129292812	106.662344112956	0.009375379927343379	0.7932193891846455	0.20678061081535448	0.0	2.8311852954110415	4.5421098656909145	4.5421098656909145	0.0	0.48058671268334774	0.6127049180327869	0.47162775497519505	0.528372245024805	47.162775497519505	52.837224502480495	elevated
210.75	102	63.579226672508454	4.666979736651818	6.733028521996859	106.3759733099898	0.009400619039093575	0.7926590081255254	0.20734099187447463	0.0	2.8387086753729927	4.553439665896063	4.553439665896063	0.0	0.4823123382226057	0.6132172131147541	0.47204713986572133	0.5279528601342787	47.20471398657213	52.79528601342787	elevated
211.0	104	65.68530994690457	4.659984138733653	6.722936007572268	105.6344066479124	0.009466612552982636	0.7901372933594845	0.20986270664051554	0.0	2.8298644836811	4.60055986821544	4.60055986821544	0.0	0.4797238999137187	0.6152663934426229	0.4712818966789565	0.5287181033210435	47.12818966789565	52.87181033210435	elevated
211.25	106	67.5895508487788	4.651665654069234	6.7109349709992	104.7593331449802	0.009545688865889057	0.7873353880638835	0.21266461193611652	0.0	2.815260415433295	4.676083156174712	4.676083156174712	0.0	0.47627264883520276	0.6193647540983607	0.47074319774936174	0.5292568022506383	47.07431977493617	52.92568022506383	elevated
211.5	104	68.98259438940761	4.644279680138554	6.700279263037274	103.98843386690572	0.009616454088345008	0.7864948164752031	0.21350518352479686	0.0	2.8001197456879865	4.759545117955877	4.759545117955877	0.0	0.47540983606557374	0.6203893442622951	0.47057349920076796	0.529426500799232	47.057349920076796	52.942650079923204	elevated
211.75	104	69.61670016354371	4.638236033379606	6.691560123829254	103.3618598089037	0.009674748517962125	0.7848136732978426	0.21518632670215743	0.0	2.780520235097775	4.822094078552782	4.822094078552782	0.0	0.4728213977566868	0.6224385245901639	0.47001839891117336	0.5299816010888266	47.001839891117335	52.998160108882665	elevated
212.0	97	69.35160485015054	4.632674708483283	6.683536827980557	102.78862637074265	0.009728702827423288	0.7834127206500421	0.21658727934995792	0.0	2.743368232406052	4.834102034843001	4.834102034843001	0.0	0.4710957722174288	0.6234631147540983	0.4694929019053923	0.5305070980946077	46.94929019053923	53.05070980946077	elevated
212.25	101	68.18061573315127	4.627090939254133	6.675481151804194	102.21627781989933	0.00978317760466642	0.7822919585318017	0.21770804146819833	0.0	2.6718122758745473	4.778340711081191	4.778340711081191	0.0	0.4633304572907679	0.6209016393442623	0.46663101379170796	0.533368986208292	46.6631013791708	53.336898620829196	elevated
212.5	102	66.20397987028306	4.619357776110634	6.664324555686683	101.42887116368809	0.009859125794530224	0.7808910058840011	0.21910899411599893	0.0	2.5477632644955355	4.648627897986518	4.648627897986518	0.0	0.45297670405522	0.617827868852459	0.46292389469792	0.53707610530208	46.292389469792	53.70761053020801	elevated
212.75	102	63.63179020547163	4.609595397296657	6.650240420184478	100.44350170148999	0.009955845655121818	0.7800504342953208	0.21994956570467916	0.0	2.3624764394136237	4.458176081050785	4.458176081050785	0.0	0.4374460742018982	0.6091188524590164	0.45665384023905886	0.5433461597609411	45.66538402390589	54.33461597609411	elevated
213.0	99	60.71569964811451	4.596050762802696	6.630699643169387	99.09220326407714	0.010091611318148171	0.7792098627066405	0.2207901372933595	0.0	2.118211953841406	4.2318070681926425	4.2318070681926425	0.0	0.41242450388265744	0.6039959016393442	0.4489075670571605	0.5510924329428395	44.89075670571605	55.10924329428395	elevated
213.25	97	57.72667009967793	4.577696318088827	6.604219776802418	97.2900106144846	0.010278547547523028	0.7775287195292799	0.22247128047072007	0.0	1.8305926278253755	4.002441003454	4.002441003454	0.0	0.3830888697152718	0.5973360655737705	0.4394884137045805	0.5605115862954195	43.948841370458055	56.05115862954195	elevated
213.5	93	54.89397734061674	4.552200001975892	6.56743636798535	94.84082897907369	0.010543982067266058	0.7744466237041188	0.22555337629588124	0.0	1.5258455345151407	3.8002166919990095	3.8002166919990095	0.0	0.363244176013805	0.5901639344262295	0.4319636835360383	0.5680363164639617	43.19636835360383	56.80363164639617	elevated
213.75	84	52.37811030317377	4.518174489980728	6.518347930566218	91.66810410131127	0.010908919845171047	0.7719249089380779	0.22807509106192214	0.0	1.2355335185633924	3.6508375717256696	3.6508375717256696	0.0	0.3382226056945643	0.5845286885245902	0.4236690507893081	0.5763309492106918	42.36690507893081	57.63309492106919	elevated
214.0	81	50.24924324940521	4.4762940782890155	6.457927268308196	87.9082870398724	0.011375491818495244	0.7691230036424769	0.23087699635752312	0.0	0.9898106391971689	3.568868328698973	3.568868328698973	0.0	0.28817946505608283	0.5814549180327869	0.40968934668283663	0.5903106533171634	40.968934668283666	59.031065331716334	elevated
214.25	81	48.49108406649779	4.430077110812216	6.391250278524491	83.93788917953499	0.011913570972235162	0.7671616699355561	0.23283833006444388	0.0	0.8124829363567001	3.5597336612119768	3.5597336612119768	0.0	0.24072476272648835	0.5799180327868853	0.39695111636223246	0.6030488836377675	39.695111636223245	60.304888363776755	elevated
214.5	76	47.03096350581879	4.38555459621181	6.327017867502579	80.28273536953309	0.012455978180079489	0.7657607172877556	0.23423928271224437	0.0	0.7146537535816173	3.619538078544073	3.619538078544073	0.0	0.22605694564279552	0.5824795081967213	0.3935742927818181	0.6064257072181819	39.35742927818181	60.64257072181819	elevated
214.75	73	45.778502477204455	4.3487088018395506	6.273860622684106	77.3784874344321	0.012923488596845034	0.7640795741103951	0.23592042588960493	0.0	0.6950454816359808	3.7381620091308827	3.7381620091308827	0.0	0.22174288179465057	0.5870901639344263	0.39322815495986796	0.606771845040132	39.322815495986795	60.677184504013205	elevated
215.0	67	44.676609125229476	4.324831976164903	6.239413644691122	75.55281711907824	0.013235773835195414	0.7612776688147941	0.23872233118520592	0.0	0.739242594299717	3.9001066660174404	3.9001066660174404	0.0	0.23123382226056946	0.59375	0.39656537276884085	0.6034346272311591	39.65653727688409	60.34346272311591	elevated
215.25	66	43.72602204521637	4.3159940916978465	6.226663272598549	74.88803202424269	0.013353268512601331	0.7598767161669936	0.2401232838330064	0.0	0.8224621174084682	4.087562970895703	4.087562970895703	0.0	0.2450388265746333	0.5993852459016393	0.4010751971608166	0.5989248028391834	40.107519716081654	59.89248028391834	elevated
215.5	69	42.990509344028226	4.32035074857605	6.232948599871589	75.21500522189658	0.013295219445240166	0.7604370972261137	0.23956290277388625	0.0	0.9150597708879373	4.282602920168491	4.282602920168491	0.0	0.2631578947368421	0.6045081967213115	0.40702579717106685	0.5929742028289331	40.70257971710669	59.29742028289331	elevated
215.75	72	42.575566208934944	4.332134555023284	6.249949038995808	76.10656696417261	0.01313947061192174	0.7621182404034743	0.2378817595965257	0.0	0.9890409568155736	4.473217290397633	4.473217290397633	0.0	0.28645383951682485	0.6101434426229508	0.4146788806358125	0.5853211193641875	41.46788806358125	58.53211193641875	elevated
216.0	79	42.59657625000072	4.345029970686786	6.268553191223745	77.09434801523514	0.012971119488582783	0.7635191930512749	0.2364808069487251	0.0	1.0227718088646869	4.653705017253055	4.653705017253055	0.0	0.2993960310612597	0.6183401639344263	0.42031384701174024	0.5796861529882598	42.03138470117403	57.96861529882597	elevated
216.25	75	43.10729513045381	4.350514898491778	6.276466269367641	77.51836674129211	0.012900168592784925	0.7649201456990754	0.2350798543009246	0.0	1.0073441471170186	4.82355898522371	4.82355898522371	0.0	0.29767040552200175	0.6229508196721312	0.4213853427233021	0.5786146572766979	42.138534272330205	57.861465727669795	elevated
216.5	76	44.07903084866472	4.345212589693243	6.268816654758732	77.10842819408809	0.012968750931907467	0.763799383580835	0.236200616419165	0.0	0.9477786354074617	4.98444020402837	4.98444020402837	0.0	0.270060396893874	0.6260245901639344	0.4149710926596608	0.5850289073403392	41.49710926596608	58.50289073403392	elevated
216.75	71	45.37150538163665	4.330073775529988	6.246975962640465	75.94988960585951	0.013166576083118497	0.7615578593443542	0.23844214065564584	0.0	0.8620469882794336	5.134989797625546	5.134989797625546	0.0	0.25194132873166525	0.6280737704918032	0.4103932396419556	0.5896067603580444	41.03932396419556	58.96067603580444	elevated
217.0	73	46.7501588259137	4.309798946164886	6.217725566860562	74.4255238989961	0.013436250732438426	0.7593163351078733	0.24068366489212667	0.0	0.7741856386881407	5.263877421844817	5.263877421844817	0.0	0.2355478861087144	0.6306352459016393	0.40637486677955675	0.5936251332204432	40.63748667795568	59.36251332204432	elevated
217.25	73	47.92882030805836	4.289575099660217	6.188548723800577	72.93547160813576	0.01371074976210139	0.7576351919305128	0.24236480806948724	0.0	0.7101853279143675	5.354335540889841	5.354335540889841	0.0	0.22346850733390855	0.6316598360655737	0.4031908838324988	0.5968091161675012	40.31908838324988	59.68091161675012	elevated
217.5	73	48.638790065352346	4.273506110455691	6.165366072763108	71.77283848884336	0.013932847314593023	0.7562342392827123	0.24376576071728773	0.0	0.6875156051663595	5.385448213870433	5.385448213870433	0.0	0.2182916307161346	0.6326844262295082	0.40180257405708875	0.5981974259429113	40.18025740570887	59.81974259429113	elevated
217.75	69	48.688906335321406	4.263037174436066	6.150262590684211	71.02537264754781	0.014079475583498055	0.7551134771644719	0.24488652283552814	0.0	0.713318907777608	5.342653419912902	5.342653419912902	0.0	0.22519413287316653	0.6311475409836066	0.4028637877553113	0.5971362122446887	40.28637877553113	59.71362122446887	elevated
218.0	73	48.00554697084671	4.256878429412078	6.141377399780004	70.58928972732495	0.014166455050940998	0.7545530961053516	0.2454469038946484	0.0	0.7815556754461377	5.221808424018325	5.221808424018325	0.0	0.23813632441760138	0.6301229508196722	0.4057030928356563	0.5942969071643437	40.57030928356563	59.42969071643437	elevated
218.25	67	46.64572822668238	4.252715480429993	6.135371533928076	70.29604092890547	0.014225552204445753	0.7542729055757915	0.24572709442420848	0.0	0.8752197676584198	5.03126208030792	5.03126208030792	0.0	0.25625539257981017	0.6265368852459017	0.4092662958503758	0.5907337041496241	40.92662958503758	59.07337041496241	elevated
218.5	69	44.77173606914801	4.247964458500965	6.128517258151913	69.96285501045917	0.014293298920555829	0.7537125245166714	0.24628747548332863	0.0	0.9715503997488317	4.785993345485625	4.785993345485625	0.0	0.27955133735979293	0.6214139344262295	0.41366944907567343	0.5863305509243266	41.366944907567344	58.63305509243266	elevated
218.75	68	42.603463077459764	4.240099965203299	6.1171711926722665	69.41479055558416	0.014406151657250139	0.7531521434575511	0.2468478565424489	0.0	1.0489702285622302	4.503167442801046	4.503167442801046	0.0	0.30629853321829165	0.6111680327868853	0.41765467736568196	0.582345322634318	41.7654677365682	58.2345322634318	elevated
219.0	69	40.37375762729948	4.227879364678488	6.099540592898436	68.57166238886936	0.01458328360670342	0.752591762398431	0.24740823760156905	0.0	1.093663155631081	4.198623440966689	4.198623440966689	0.0	0.3201035375323555	0.6034836065573771	0.41904472662204084	0.5809552733779592	41.904472662204086	58.095527337795914	elevated
219.25	65	38.29169676534343	4.211505859522196	6.075918618207484	67.45804570459939	0.014824028617416923	0.7511908097506305	0.24880919024936954	0.0	1.1035606516744898	3.8819307026586594	3.8819307026586594	0.0	0.32182916307161347	0.5932377049180327	0.41656441943506917	0.5834355805649308	41.65644194350692	58.34355805649308	elevated
219.5	62	36.52979352587071	4.194012148468182	6.050680528023113	66.28821630692221	0.015085637473934776	0.7483889044550294	0.25161109554497063	0.0	1.0881793231955488	3.561896403490126	3.561896403490126	0.0	0.3183779119930975	0.5809426229508197	0.4119273598497366	0.5880726401502634	41.19273598497366	58.80726401502634	elevated
219.75	63	35.20355973698481	4.177300649196203	6.02657093089761	65.18964577543584	0.015339859391854694	0.7472681423367891	0.25273185766321093	0.0	1.0650014274972097	3.248196730809521	3.248196730809521	0.0	0.31061259706643657	0.5722336065573771	0.40752858649015067	0.5924714135098493	40.75285864901507	59.24714135098493	elevated
220.0	55	34.38732108363775	4.16424888036737	6.007741208733423	64.34433399548874	0.015541383955735889	0.7453068086298683	0.2546931913701317	0.0	1.050304938217424	2.9502604687107143	2.9502604687107143	0.0	0.3071613459879206	0.5604508196721312	0.40322974357248004	0.5967702564275199	40.322974357248	59.67702564275199	elevated
220.25	56	34.112763841288	4.156642326675325	5.9967672714436535	63.85675212395685	0.015660051078996772	0.7436256654525077	0.25637433454749226	0.0	1.0547055980775273	2.6792919361840957	2.6792919361840957	0.0	0.3088869715271786	0.545594262295082	0.3995267248186921	0.6004732751813079	39.952672481869214	60.047327518130786	elevated
220.5	55	34.38372607321676	4.157166621368201	5.99752366879703	63.89024065836304	0.015651842749305766	0.7441860465116279	0.2558139534883721	0.0	1.0784785293813874	2.446545638683087	2.446545638683087	0.0	0.3157894736842105	0.5235655737704918	0.3958852734915826	0.6041147265084175	39.58852734915826	60.411472650841745	elevated
220.75	61	35.16627683723207	4.165173815408698	6.009075607930692	64.40387585664413	0.015527015830939878	0.7458671896889885	0.25413281031101154	0.0	1.1114166830376138	2.259858385186803	2.259858385186803	0.0	0.3244176013805004	0.5107581967213115	0.3952607469477001	0.6047392530522999	39.52607469477001	60.47392530522999	elevated
221.0	62	36.41283896275427	4.180946688803136	6.031831054157417	65.42776363568277	0.015284031494156457	0.7475483328663491	0.25245166713365086	0.0	1.1387991373585047	2.1256017367210895	2.1256017367210895	0.0	0.32959447799827435	0.5051229508196722	0.3955664404210739	0.6044335595789261	39.55664404210739	60.44335595789261	elevated
221.25	61	38.05031494782129	4.201859560264348	6.062001950105255	66.81045366328456	0.014967717552703078	0.7495096665732698	0.2504903334267302	0.0	1.1480535296285515	2.0487148696547886	2.0487148696547886	0.0	0.33218291630716135	0.4979508196721312	0.3949108506381406	0.6050891493618594	39.491085063814054	60.508914936185946	elevated
221.5	66	39.99160781771538	4.2256684258460915	6.0963508824092285	68.42022211197613	0.01461556202438814	0.7523115718688709	0.24768842813112912	0.0	1.1346700441013766	2.0351737061812067	2.0351737061812067	0.0	0.3287316652286454	0.4959016393442623	0.39423621911044465	0.6057637808895553	39.423621911044464	60.57637808895553	elevated
221.75	71	42.117261192436985	4.248223363461209	6.128890779054119	69.9809710857239	0.014289598793578329	0.7539927150462314	0.24600728495376856	0.0	1.1043358353313413	2.0864425082327633	2.0864425082327633	0.0	0.32269197584124243	0.5020491803278688	0.3946834678038357	0.6053165321961643	39.46834678038357	60.53165321961643	elevated
222.0	68	44.28234846692191	4.266968419615246	6.155934178608733	71.30514035879085	0.014024234367511696	0.755673858223592	0.244326141776408	0.0	1.070330436452526	2.202127591646762	2.202127591646762	0.0	0.31320103537532357	0.5092213114754098	0.39452405126858137	0.6054759487314186	39.45240512685814	60.54759487314186	elevated
222.25	69	46.323652633952236	4.282198106996196	6.177905973067519	72.3994068729972	0.013812267851229729	0.7570748108713925	0.2429251891286075	0.0	1.0473459770789562	2.3716446442984376	2.3716446442984376	0.0	0.30543572044866263	0.5184426229508197	0.3952382885677187	0.6047617114322813	39.52382885677187	60.47617114322813	elevated
222.5	73	48.05869372306185	4.293776040801228	6.19460940075178	73.24251371280414	0.013653272523129987	0.7579153824600728	0.24208461753992716	0.0	1.0444870869492122	2.573076770273024	2.573076770273024	0.0	0.30457290767903367	0.5338114754098361	0.39907494138723565	0.6009250586127644	39.907494138723564	60.092505861276436	elevated
222.75	74	49.329529603129984	4.303726327334065	6.208964629788127	73.97493557133843	0.013518092206185708	0.7590361445783133	0.24096385542168675	0.0	1.0605475291519773	2.774631188111451	2.774631188111451	0.0	0.3097497842968076	0.5532786885245902	0.40551615434992777	0.5944838456500723	40.551615434992776	59.44838456500723	elevated
223.0	75	50.02217630825949	4.312955262876516	6.222279169327905	74.66080554020886	0.013393908527566667	0.7595965256374334	0.2404034743625666	0.0	1.0833351238914852	2.9393325274833155	2.9393325274833155	0.0	0.3175150992234685	0.5599385245901639	0.4092625373627664	0.5907374626372336	40.92625373627664	59.07374626372336	elevated
223.25	74	50.10179289092744	4.322122117019102	6.235504144339967	75.3483567810939	0.013271689559272723	0.7607172877556738	0.23928271224432618	0.0	1.095068580863474	3.034738068462301	3.034738068462301	0.0	0.32096635030198445	0.5645491803278688	0.41155820459638176	0.5884417954036183	41.15582045963818	58.84417954036183	elevated
223.5	78	49.61633500486504	4.330476626941214	6.247557154373655	75.98049228982298	0.013161272977615894	0.7618380498739142	0.23816195012608576	0.0	1.0767531172989195	3.039891530385323	3.039891530385323	0.0	0.31492666091458155	0.5650614754098361	0.41045654654958297	0.589543453450417	41.0456546549583	58.9543453450417	elevated
223.75	75	48.67820896346982	4.335263333316609	6.254462911923629	76.34506044092012	0.013098424367269358	0.7632390025217147	0.23676099747828527	0.0	1.0167759903044806	2.9512568644454475	2.9512568644454475	0.0	0.2985332182916307	0.5609631147540983	0.4056838338918609	0.5943161661081391	40.56838338918609	59.43161661081391	elevated
224.0	74	47.434870948473545	4.332977323597482	6.251164897038421	76.1707342223765	0.01312840174391062	0.7626786214625946	0.23732137853740543	0.0	0.9140643345756527	2.782450976590093	2.782450976590093	0.0	0.26229508196721313	0.5543032786885246	0.39481924552958303	0.605180754470417	39.481924552958304	60.518075447041696	elevated
224.25	75	46.03923946094768	4.322335848846178	6.23581249418697	75.36446284418372	0.013268853279927217	0.760997478285234	0.239002521714766	0.0	0.7787879635888035	2.5601109712816963	2.5601109712816963	0.0	0.2364106988783434	0.5322745901639344	0.382420691831878	0.617579308168122	38.2420691831878	61.7579308168122	elevated
224.5	74	44.599097706880606	4.301967102140767	6.20642660432595	73.84491140543699	0.013541894505223456	0.7584757635191931	0.2415242364808069	0.0	0.6268479059298083	2.3107000760230494	2.3107000760230494	0.0	0.2079378774805867	0.5153688524590164	0.37044562336469905	0.6295543766353009	37.0445623364699	62.95543766353009	elevated
224.75	70	43.18033709565209	4.2738285629727635	6.165831273410411	71.7959855529855	0.013928355357166858	0.7565144298122723	0.24348557018772765	0.0	0.47730446707506546	2.057096223969134	2.057096223969134	0.0	0.18636755823986195	0.4994877049180328	0.36059242324254176	0.6394075767574583	36.05924232425418	63.94075767574583	elevated
225.0	68	41.80831370729605	4.241910617837933	6.119783412249024	69.5405904846034	0.014380090721567923	0.7534323339871112	0.24656766601288882	0.0	0.3465200771430448	1.8126355044611202	1.8126355044611202	0.0	0.16479723899913717	0.48206967213114754	0.350074811279349	0.649925188720651	35.007481127934895	64.99251887206509	routine
225.25	65	40.48678551781656	4.210773653419247	6.074862268093851	67.40867059042736	0.01483488683638287	0.7509106192210703	0.24908938077892973	0.0	0.24565843286901473	1.583075430868832	1.583075430868832	0.0	0.14322691975841242	0.4600409836065574	0.33854463064651	0.6614553693534899	33.854463064651	66.14553693534899	routine
225.5	61	39.218615347018556	4.183739381217681	6.035860057654609	65.61073863241099	0.015241407440976604	0.7478285233959092	0.2521714766040908	0.0	0.18198149591393853	1.370689241039146	1.370689241039146	0.0	0.13028472821397757	0.4410860655737705	0.32979982929591434	0.6702001707040857	32.979982929591436	67.02001707040857	routine
225.75	59	38.02510478103632	4.162797664430428	6.005647546697938	64.25102419525327	0.015563954233026499	0.7450266181003082	0.25497338189969176	0.0	0.1575838572559962	1.1795400144777903	1.1795400144777903	0.0	0.11906816220880069	0.41956967213114754	0.3209161131100641	0.6790838868899358	32.09161131100641	67.90838868899358	routine
226.0	57	36.95311840792671	4.148872647316134	5.985557993562852	63.36252810239436	0.015782198563542033	0.7422247128047073	0.25777528719529275	0.0	0.1732616095093809	1.0192795452977317	1.0192795452977317	0.0	0.12597066436583262	0.3949795081967213	0.31579372134181527	0.6842062786581847	31.579372134181526	68.42062786581847	routine
226.25	61	36.064178311131094	4.140823857538924	5.973946044466112	62.85458334640515	0.015909738745522893	0.7411039506864668	0.25889604931353316	0.0	0.22852499143014313	0.9039682138820277	0.9039682138820277	0.0	0.13891285591026747	0.3488729508196721	0.3072224393541016	0.6927775606458983	30.72224393541016	69.27775606458984	routine
226.5	60	35.42764929311674	4.137193470575342	5.968708503197246	62.62681058821386	0.01596760222351474	0.7405435696273466	0.2594564303726534	0.0	0.3210408738989927	0.8481687507296962	0.8481687507296962	0.0	0.15616911130284727	0.3350409836065574	0.3079384161341878	0.6920615838658122	30.79384161341878	69.20615838658122	routine
226.75	58	35.100952154727125	4.135927552430406	5.966882169367375	62.54758033242084	0.015987828700731708	0.7399831885682264	0.2600168114317736	0.0	0.44498976114080563	0.8616433914855779	0.8616433914855779	0.0	0.18032786885245902	0.33811475409836067	0.3146064528797615	0.6853935471202385	31.460645287976153	68.53935471202385	routine
227.0	57	35.1142938840281	4.134842310406616	5.965316496081488	62.47973788915138	0.01600518878254824	0.7397029980386663	0.26029700196133365	0.0	0.5893493515721222	0.9446996581337986	0.9446996581337986	0.0	0.20362381363244175	0.36116803278688525	0.32612371111449834	0.6738762888855017	32.61237111144983	67.38762888855017	routine
227.25	63	35.46343775706846	4.133139050347745	5.962859211241212	62.37340922550484	0.016032473010808176	0.7391426169795461	0.2608573830204539	0.0	0.7373863503219684	1.0866548978173416	1.0866548978173416	0.0	0.22950819672131148	0.4036885245901639	0.3430848345727554	0.6569151654272446	34.30848345727554	65.69151654272446	routine
227.5	60	36.09931208921519	4.1303622717730075	5.958853166561791	62.2004523217784	0.016077053504800116	0.7385822359204259	0.26141776407957407	0.0	0.8683022248054233	1.2655841037364035	1.2655841037364035	0.0	0.2545297670405522	0.430327868852459	0.3558599679533593	0.6441400320466407	35.58599679533593	64.41400320466407	routine
227.75	59	36.93458404535798	4.127274541279851	5.9543985130917125	62.00869029554042	0.01612677183204301	0.7374614738021855	0.2625385261978145	0.0	0.9609540488786132	1.4523226596830665	1.4523226596830665	0.0	0.274374460742019	0.45081967213114754	0.365663901668838	0.634336098331162	36.5663901668838	63.4336098331162	elevated
228.0	60	37.85485191107864	4.1252732270140084	5.951511226925121	61.88471551667177	0.016159078888075353	0.7366209022135052	0.2633790977864948	0.0	0.9994805428667904	1.6169614894214237	1.6169614894214237	0.0	0.2942191544434858	0.46209016393442626	0.37323255514785436	0.6267674448521456	37.32325551478544	62.67674448521456	elevated
228.25	60	38.74221829246295	4.126845546589074	5.95377960457876	61.982094601735184	0.016133691615707435	0.7371812832726253	0.26281871672737467	0.0	0.9765683882208135	1.7310326597369121	1.7310326597369121	0.0	0.28213977566867987	0.47438524590163933	0.37342657621073616	0.6265734237892638	37.34265762107361	62.65734237892639	elevated
228.5	60	39.48591892528339	4.132230323636943	5.961548195722014	62.31675458818762	0.016047048768960664	0.738862426449986	0.261137573550014	0.0	0.8963705402608199	1.774779485584642	1.774779485584642	0.0	0.25970664365832613	0.47848360655737704	0.36926316916642227	0.6307368308335777	36.92631691664223	63.073683083357764	elevated
228.75	62	40.02236028871027	4.143057489843851	5.977168494715601	62.99513428540395	0.01587424189730954	0.741664331745587	0.258335668254413	0.0	0.7729102779169212	1.739643718271516	1.739643718271516	0.0	0.23468507333908542	0.4764344262295082	0.36319595782854514	0.6368040421714549	36.31959578285451	63.680404217145494	elevated
229.0	61	40.334918814517636	4.158607427536296	5.999602312710624	63.9823604586368	0.01562930771593646	0.7447464275707482	0.25525357242925184	0.0	0.6260761861976722	1.6280492245329226	1.6280492245329226	0.0	0.2070750647109577	0.4636270491803279	0.3538621353655084	0.6461378646344915	35.38621353655084	64.61378646344915	routine
229.25	65	40.46092017334037	4.177116780686878	6.02630566471103	65.17766055432978	0.015342680168252366	0.7469879518072289	0.2530120481927711	0.0	0.47641111187628155	1.4539355911555236	1.4539355911555236	0.0	0.18550474547023296	0.45133196721311475	0.3459561661226441	0.6540438338773559	34.595616612264415	65.40438338773559	routine
229.5	67	40.4707615563736	4.19462348392447	6.05156249865422	66.32875303339137	0.015076417907277373	0.7486690949845896	0.25133090501541044	0.0	0.34055963742877565	1.239096708440909	1.239096708440909	0.0	0.1622088006902502	0.42827868852459017	0.3347891460498575	0.6652108539501425	33.47891460498575	66.52108539501424	routine
229.75	66	40.45169200515755	4.208106822645958	6.071014844562337	67.22914256514163	0.014874501768798416	0.7503502381619501	0.24964976183804988	0.0	0.22869731298714224	1.0101100232882394	1.0101100232882394	0.0	0.13977566867989646	0.39395491803278687	0.32102020621865834	0.6789797937813417	32.10202062186583	67.89797937813417	routine
230.0	65	40.4717635490427	4.215190523804194	6.081234465094463	67.70706444963943	0.014769507556243275	0.7517511908097506	0.2482488091902494	0.0	0.144273159970326	0.7931036283567867	0.7931036283567867	0.0	0.11561691113028473	0.32172131147540983	0.29727235335386126	0.7027276466461387	29.727235335386126	70.27276466461387	routine
230.25	67	40.5648077454323	4.216065684899703	6.082497055666932	67.76634497455784	0.014756587512214795	0.7520313813393107	0.2479686186606893	0.0	0.08550009968839437	0.611039697015967	0.611039697015967	0.0	0.09577221742881795	0.2822745901639344	0.28251954723301576	0.7174804527669842	28.251954723301576	71.74804527669842	routine
230.5	64	40.72348147995643	4.212783699074736	6.077762150992985	67.54430136224617	0.014805097985052949	0.7514710002801905	0.24852899971980946	0.0	0.04759970848189075	0.48091037281343507	0.48091037281343507	0.0	0.07765314926660914	0.2520491803278688	0.27029333246866716	0.7297066675313328	27.029333246866717	72.97066675313329	routine
230.75	67	40.91439651239817	4.2086624624789115	6.0718164633938585	67.26650813462416	0.014866239198839414	0.7506304286915102	0.2493695713084898	0.0	0.024894222088087642	0.41251473469474065	0.41251473469474065	0.0	0.061259706643658325	0.23719262295081966	0.262270689571497	0.737729310428503	26.2270689571497	73.7729310428503	routine
231.0	67	41.09302829207746	4.205611190140117	6.0674144079222785	67.06157251521941	0.01491166941802704	0.75007004763239	0.24992995236760995	0.0	0.012230646705136006	0.40884491936296297	0.40884491936296297	0.0	0.04486626402070751	0.23565573770491804	0.2576480123395039	0.742351987660496	25.76480123395039	74.2351987660496	routine
231.25	65	41.22397983537543	4.203992711051774	6.065079436167744	66.95312254814755	0.014935823184062502	0.74978985710283	0.25021014289717003	0.0	0.005644908124354837	0.46424469355522413	0.46424469355522413	0.0	0.03192407247627265	0.24846311475409835	0.25754426108330025	0.7424557389166997	25.754426108330026	74.24557389166996	routine
231.5	65	41.279522539934405	4.20143429370312	6.061388420146317	66.78204745193517	0.01497408417613621	0.7492294760437097	0.2507705239562903	0.0	0.0024474900178127284	0.5671042295774369	0.5671042295774369	0.0	0.022433132010353754	0.2725409836065574	0.26105089791515523	0.7389491020848448	26.105089791515525	73.89491020848448	routine
231.75	64	41.238765480619634	4.195308845800851	6.052551266834489	66.37422781358866	0.015066088645256857	0.7489492855141496	0.25105071448585037	0.0	0.0009968769986363466	0.6995367250785746	0.6995367250785746	0.0	0.012079378774805867	0.30020491803278687	0.2653083955804356	0.7346916044195644	26.53083955804356	73.46916044195643	routine
232.0	64	41.07837966494681	4.184537564642811	6.037011592923764	65.66312894225497	0.015229246856015852	0.7481087139254693	0.2518912860745307	0.0	0.0003814334856083136	0.8398698135914954	0.8398698135914954	0.0	0.0025884383088869713	0.3324795081967213	0.2707941651077694	0.7292058348922306	27.079416510776937	72.92058348922306	routine
232.25	65	40.759702084390675	4.168945964045816	6.014517668062958	64.64727563063143	0.015468555948337227	0.7464275707481087	0.2535724292518913	0.0	0.0	0.9662859075609993	0.9662859075609993	0.0	0.0	0.3703893442622951	0.279204228752601	0.720795771247399	27.920422875260098	72.0795771247399	routine
232.5	62	40.248468675782064	4.1517751801063385	5.989745463225297	63.54670708134033	0.015736456630553515	0.7427850938638274	0.2572149061361726	0.0	0.0	1.0626227021497352	1.0626227021497352	0.0	0.0	0.39959016393442626	0.28559381444956344	0.7144061855504366	28.559381444956344	71.44061855504366	routine
232.75	59	39.52660009177694	4.1371022439774725	5.968576891036903	62.62109761793985	0.01596905895998727	0.7402633790977865	0.2597366209022135	0.0	0.0	1.1205948586116579	1.1205948586116579	0.0	0.0	0.41188524590163933	0.2880371562498565	0.7119628437501435	28.80371562498565	71.19628437501436	routine
233.0	59	38.61217117934548	4.127982397955198	5.955419734406895	62.05259909963226	0.016115360428245563	0.7377416643317456	0.2622583356682544	0.0	0.0	1.1438747090613466	1.1438747090613466	0.0	0.0	0.4139344262295082	0.28791902264031344	0.7120809773596866	28.791902264031343	71.20809773596865	routine
233.25	59	37.58090652247246	4.126785334475406	5.953692736860972	61.978362641165425	0.0161346630886278	0.7369010927430653	0.26309890725693474	0.0	0.0	1.1453402385299243	1.1453402385299243	0.0	0.0	0.41598360655737704	0.28822117482511056	0.7117788251748894	28.822117482511057	71.17788251748894	routine
233.5	57	36.55760776037634	4.133271796385429	5.9630507232914765	62.381689598017516	0.016030344904793666	0.7394228075091062	0.26057719249089384	0.0	0.0	1.1428241475010492	1.1428241475010492	0.0	0.0	0.413422131147541	0.28821123466416176	0.7117887653358382	28.821123466416175	71.17887653358382	routine
233.75	57	35.69340510419768	4.144027000472552	5.978567202891717	63.056238353385574	0.015858859109160746	0.7419445222751471	0.25805547772485293	0.0	0.0	1.1515110144665515	1.1515110144665515	0.0	0.0	0.41649590163934425	0.2896101059786228	0.7103898940213772	28.96101059786228	71.03898940213772	routine
234.0	63	35.13657372823962	4.154234282315548	5.993293197787563	63.703167226010464	0.015697806616932115	0.7433454749229476	0.25665452507705244	0.0	0.0	1.1795643360077905	1.1795643360077905	0.0	0.0	0.42008196721311475	0.2908568605340156	0.7091431394659844	29.08568605340156	70.91431394659844	routine
234.25	60	34.99128430724103	4.158393622933033	5.999293857869778	63.96868219773281	0.015632649691124045	0.744466237041188	0.255533762958812	0.0	0.0	1.2258755034156505	1.2258755034156505	0.0	0.0	0.42469262295081966	0.29228971499800194	0.7077102850019981	29.228971499800195	70.7710285001998	routine
234.5	64	35.292299335848924	4.153564733301306	5.992327242745085	63.66052910893773	0.0157083205872947	0.7430652843933875	0.2569347156066125	0.0	0.0	1.282083743710132	1.282083743710132	0.0	0.0	0.4328893442622951	0.29398865716392064	0.7060113428360794	29.398865716392063	70.60113428360793	routine
234.75	63	35.98469842356942	4.1396495027939535	5.9722518086993	62.7808130929109	0.015928433397638143	0.7408237601569067	0.25917623984309335	0.0	0.0	1.3371109839271462	1.3371109839271462	0.0	0.0	0.4380122950819672	0.2947090138097185	0.7052909861902815	29.47090138097185	70.52909861902815	routine
235.0	60	36.92898270301604	4.119537513981992	5.943236342177869	61.53077855814251	0.01625202904031299	0.736060521154385	0.26393947884561497	0.0	0.0	1.3816692035560938	1.3816692035560938	0.0	0.0	0.4426229508196721	0.2946708679935143	0.7053291320064857	29.467086799351428	70.53291320064858	routine
235.25	57	37.92091918030752	4.0969251519830365	5.9106135996591895	60.15503534092542	0.016623712284974213	0.7352199495657047	0.2647800504342953	0.0	0.0	1.4104848927216767	1.4104848927216767	0.0	0.0	0.4462090163934426	0.2953572414897868	0.7046427585102132	29.53572414897868	70.46427585102131	routine
235.5	55	38.73757202084549	4.076452461632034	5.881077750816143	58.93602076029931	0.016967552052201386	0.7346595685065844	0.2653404314934156	0.0	0.0	1.4215234768550258	1.4215234768550258	0.0	0.0	0.44774590163934425	0.29560136753648214	0.7043986324635179	29.560136753648216	70.43986324635179	routine
235.75	56	39.173782194189215	4.060270215607	5.857731704725381	57.98997875934844	0.01724435879085043	0.7335388063883441	0.2664611936116559	0.0	0.0	1.413348987041707	1.413348987041707	0.0	0.0	0.44723360655737704	0.2951931032364303	0.7048068967635697	29.519310323643026	70.48068967635697	routine
236.0	59	39.09494575054591	4.0498857130680435	5.84275003441033	57.39089764101261	0.01742436590302399	0.7321378537405435	0.2678621462594565	0.0	0.0	1.3827962617741465	1.3827962617741465	0.0	0.0	0.44313524590163933	0.2938182749105457	0.7061817250894543	29.38182749105457	70.61817250894543	routine
236.25	57	38.45652601897571	4.044213360704256	5.834566559784919	57.066277796591855	0.017523483896468933	0.730736901092743	0.26926309890725697	0.0	0.0	1.3247596618483568	1.3247596618483568	0.0	0.0	0.4369877049180328	0.29193115150269394	0.7080688484973061	29.193115150269396	70.80688484973061	routine
236.5	56	37.323538866774236	4.042946639423922	5.832739067275593	56.99403649257581	0.01754569533130475	0.7301765200336229	0.2698234799663771	0.0	0.0	1.2344132565505856	1.2344132565505856	0.0	0.0	0.42674180327868855	0.28922958082807787	0.7107704191719222	28.92295808280779	71.07704191719222	routine
236.75	55	35.8388531355558	4.043608043037735	5.833693270989267	57.031745023182324	0.017534094381883615	0.730456710563183	0.26954328943681705	0.0	0.0	1.1103364120127779	1.1103364120127779	0.0	0.0	0.4098360655737705	0.28507319403423836	0.7149268059657616	28.507319403423836	71.49268059657616	routine
237.0	55	34.20114513815931	4.0449055662038536	5.835565201226465	57.10579306268867	0.017511358241750295	0.7310170916223032	0.2689829083776968	0.0	0.0	0.9580300161800626	0.9580300161800626	0.0	0.0	0.36475409836065575	0.27394279749573974	0.7260572025042602	27.394279749573975	72.60572025042602	routine
237.25	51	32.6190682234482	4.045595648470253	5.8365607794900045	57.145214358193975	0.017499278132581043	0.7312972821518633	0.2687027178481367	0.0	0.0	0.7880903073185718	0.7880903073185718	0.0	0.0	0.319672131147541	0.2627423533248511	0.7372576466751489	26.27423533248511	73.7257646675149	routine
237.5	55	31.28569275671154	4.046261252194964	5.837521042682842	57.183263087003276	0.017487634423354236	0.7315774726814234	0.26842252731857663	0.0	0.0	0.6153725702352647	0.6153725702352647	0.0	0.0	0.2827868852459016	0.25359108948183123	0.7464089105181688	25.359108948183124	74.64089105181688	routine
237.75	56	30.35358743070824	4.047511991826071	5.839325478546083	57.25482920634354	0.017465775618612886	0.7318576632109834	0.26814233678901656	0.0	0.0	0.45463039294333024	0.45463039294333024	0.0	0.0	0.24692622950819673	0.24469597317979505	0.7553040268202049	24.469597317979506	75.5304026820205	routine
238.0	55	29.929705341124837	4.050056255654396	5.842996075353921	57.400686067777485	0.0174213945599748	0.7324180442701037	0.2675819557298963	0.0	0.0	0.3170573112137011	0.3170573112137011	0.0	0.0	0.21362704918032788	0.2365112733626079	0.7634887266373921	23.651127336260792	76.34887266373921	routine
238.25	53	30.067039517953308	4.05297836803349	5.8472117923921605	57.568662626770184	0.01737056159326145	0.7326982347996638	0.2673017652003362	0.0	0.0	0.20839366777219662	0.20839366777219662	0.0	0.0	0.18493852459016394	0.22940918984745692	0.770590810152543	22.940918984745693	77.0590810152543	routine
238.5	51	30.76582371493684	4.056102726515489	5.8517192888800995	57.74880904059013	0.017316374425957876	0.7329784253292239	0.26702157467077614	0.0	0.0	0.1289520540592342	0.1289520540592342	0.0	0.0	0.1598360655737705	0.2232036227257486	0.7767963772742514	22.320362272574858	77.67963772742515	routine
238.75	50	31.961405570947775	4.058955601963021	5.8558351181405275	57.91379442950895	0.01726704336765867	0.7332586158587839	0.26674138414121606	0.0	0.0	0.07506761480362106	0.07506761480362106	0.0	0.0	0.1367827868852459	0.21751035068600746	0.7824896493139926	21.751035068600746	78.24896493139926	routine
239.0	53	33.53132591630915	4.062715641874352	5.861259709074149	58.13196251129147	0.01720224050247334	0.7340991874474643	0.2659008125525357	0.0	0.0	0.04094561259925028	0.04094561259925028	0.0	0.0	0.11577868852459017	0.2124694689930136	0.7875305310069864	21.24694689930136	78.75305310069865	routine
239.25	56	35.31329514175994	4.070344909185658	5.872266415189787	58.57716290961184	0.01707149937498785	0.7343793779770244	0.26562062202297565	0.0	0.0	0.021093879643710293	0.021093879643710293	0.0	0.0	0.09579918032786885	0.2075446395762233	0.7924553604237767	20.75446395762233	79.24553604237768	routine
239.5	61	37.124364447671205	4.083159978207202	5.890754651715818	59.332663854381764	0.01685412275528818	0.7349397590361446	0.2650602409638554	0.0	0.0	0.01020850507906092	0.01020850507906092	0.0	0.0	0.07581967213114754	0.20268985779182302	0.797310142208177	20.2689857791823	79.7310142208177	routine
239.75	61	38.795536240621196	4.100899839889967	5.9163478621916	60.39460863156554	0.01655776935488485	0.7357803306248248	0.26421966937517516	0.0	0.0	0.0046411374399960605	0.0046411374399960605	0.0	0.0	0.05584016393442623	0.19790512363981277	0.8020948763601872	19.79051236398128	80.20948763601872	routine
240.0	60	40.19474828742108	4.121338195595469	5.945834176611853	61.64167571502587	0.016222790642861102	0.7363407116839451	0.2636592883160549	0.0	0.0	0.0019821809811536237	0.0019821809811536237	0.0	0.0	0.0353483606557377	0.1929222680849207	0.8070777319150793	19.292226808492067	80.70777319150793	routine
240.25	58	41.236709493063366	4.141120351500076	5.974373794833521	62.87322211380256	0.015905022303294204	0.7413841412160269	0.2586158587839731	0.0	0.0	0.000795277645343275	0.000795277645343275	0.0	0.0	0.017418032786885244	0.18970054350072804	0.8102994564992719	18.970054350072804	81.0299456499272	routine
240.5	61	41.881507716052894	4.15709344788813	5.997418101780208	63.88556575815295	0.01565298809101306	0.7439058559820678	0.2560941440179322	0.0	0.0	0.0	0.0	0.0	0.0	0.0	0.18597646399551696	0.8140235360044831	18.597646399551696	81.40235360044831	routine
240.75	67	42.122873047957725	4.16679212916099	6.0114103411557265	64.50818591507976	0.015501908568881874	0.7461473802185487	0.25385261978145135	0.0	0.0	0.0	0.0	0.0	0.0	0.0	0.18653684505463716	0.8134631549453628	18.653684505463715	81.34631549453628	routine
241.0	67	41.982945422529	4.1697821024384645	6.015723960775529	64.70135230440731	0.015455627500568983	0.7467077612776688	0.2532922387223312	0.0	0.0	0.0	0.0	0.0	0.0	0.0	0.1866769403194172	0.8133230596805828	18.66769403194172	81.33230596805828	routine
241.25	71	41.49008862565282	4.1645961031509495	6.008242145321377	64.36667969348946	0.01553598856989275	0.7455869991594284	0.2544130008405716	0.0	0.0	0.0	0.0	0.0	0.0	0.0	0.1863967497898571	0.8136032502101429	18.63967497898571	81.36032502101429	routine
241.5	63	40.68229473255347	4.150843599246883	5.988401476139175	63.48753575106059	0.01575112324285314	0.7425049033342673	0.25749509666573267	0.0	0.0	0.0	0.0	0.0	0.0	0.0	0.18562622583356683	0.8143737741664332	18.562622583356685	81.43737741664332	routine
241.75	59	39.59509139119121	4.12827095179179	5.955836029595976	62.07050719877406	0.016110710950010584	0.7380218548613057	0.26197814513869433	0.0	0.0	0.0	0.0	0.0	0.0	0.0	0.18450546371532642	0.8154945362846736	18.450546371532642	81.54945362846736	routine
242.0	56	38.25791603677631	4.097609579523988	5.911601019878368	60.19622119659887	0.016612338451180066	0.7355001400952648	0.26449985990473524	0.0	0.0	0.0	0.0	0.0	0.0	0.0	0.1838750350238162	0.8161249649761838	18.38750350238162	81.61249649761838	routine
242.25	55	36.701431449798235	4.062135929461767	5.860423360851371	58.098272457270504	0.01721221574592376	0.7338189969179042	0.2661810030820958	0.0	0.0	0.0	0.0	0.0	0.0	0.0	0.18345474922947605	0.816545250770524	18.345474922947606	81.6545250770524	routine
242.5	55	34.96327054443837	4.026099733547363	5.808434119713158	56.04190606929681	0.017843789944679653	0.7298963295040628	0.2701036704959372	0.0	0.0	0.0	0.0	0.0	0.0	0.0	0.1824740823760157	0.8175259176239843	18.24740823760157	81.75259176239842	routine
242.75	52	33.10772268075131	3.994183372880835	5.762388544456335	54.28149477856242	0.01842248457009945	0.7293359484449425	0.27066405155505746	0.0	0.0	0.0	0.0	0.0	0.0	0.0	0.18233398711123563	0.8176660128887644	18.233398711123563	81.76660128887644	routine
243.0	55	31.230347964322522	3.967923858025751	5.724504072598755	52.874641543576026	0.01891265776574318	0.7290557579153825	0.27094424208461754	0.0	0.0	0.0	0.0	0.0	0.0	0.0	0.18226393947884562	0.8177360605211543	18.22639394788456	81.77360605211544	routine
243.25	52	29.459359910090985	3.9462105310142146	5.693178363398011	51.73893180024952	0.019327805294874243	0.7287755673858224	0.2712244326141776	0.0	0.0	0.0	0.0	0.0	0.0	0.0	0.1821938918464556	0.8178061081535444	18.21938918464556	81.78061081535444	routine
243.5	47	27.917905099920187	3.9222454961848854	5.658604126495006	50.513745945593115	0.019796591626308428	0.7284953768562623	0.2715046231437377	0.0	0.0	0.0	0.0	0.0	0.0	0.0	0.18212384421406558	0.8178761557859344	18.212384421406558	81.78761557859345	routine
243.75	45	26.699447658296464	3.8900734291081376	5.612189644868235	48.914478138370455	0.020443844809530133	0.727934995797142	0.27206500420285795	0.0	0.0	0.0	0.0	0.0	0.0	0.0	0.1819837489492855	0.8180162510507145	18.198374894928552	81.80162510507145	routine
244.0	41	25.828462821034417	3.8466291213908104	5.549512757569593	46.83492200713121	0.021351588881641296	0.727654805267582	0.27234519473241803	0.0	0.0	0.0	0.0	0.0	0.0	0.0	0.1819137013168955	0.8180862986831046	18.19137013168955	81.80862986831046	routine
244.25	43	25.264316660688234	3.797739448626569	5.478979869121938	44.6002492968813	0.022421399336660784	0.7273746147380219	0.2726253852619781	0.0	0.0	0.0	0.0	0.0	0.0	0.0	0.18184365368450547	0.8181563463154945	18.184365368450546	81.81563463154944	routine
244.5	41	24.915758505445204	3.7534788009679216	5.415125252238274	42.669261976163654	0.023436074440627317	0.7268142336789016	0.27318576632109837	0.0	0.0	0.0	0.0	0.0	0.0	0.0	0.1817035584197254	0.8182964415802746	18.17035584197254	81.82964415802746	routine
244.75	41	24.690023070972043	3.7249154759163337	5.373917084835048	41.4677275750222	0.024115138650673086	0.7237321378537406	0.2762678621462594	0.0	0.0	0.0	0.0	0.0	0.0	0.0	0.18093303446343514	0.8190669655365649	18.093303446343516	81.90669655365649	routine
245.0	39	24.52864279096333	3.7169960376066844	5.362491750459091	41.14062341485368	0.024306875224427288	0.7223311852059401	0.2776688147940599	0.0	0.0	0.0	0.0	0.0	0.0	0.0	0.18058279630148502	0.819417203698515	18.0582796301485	81.9417203698515	routine
245.25	37	24.425940464877307	3.725931400118277	5.375382753643111	41.50987704977579	0.024090651938112675	0.7242925189128607	0.2757074810871393	0.0	0.0	0.0	0.0	0.0	0.0	0.0	0.18107312972821518	0.8189268702717848	18.107312972821518	81.89268702717848	routine
245.5	41	24.416894961526058	3.7406622945395083	5.39663494197248	42.125880668852176	0.023738376127039613	0.7256934715606612	0.2743065284393388	0.0	0.0	0.0	0.0	0.0	0.0	0.0	0.1814233678901653	0.8185766321098347	18.14233678901653	81.85766321098346	routine
245.75	43	24.547771425821807	3.7499235804939777	5.409996153291248	42.51783268413794	0.023519543139203056	0.7265340431493416	0.27346595685065844	0.0	0.0	0.0	0.0	0.0	0.0	0.0	0.1816335107873354	0.8183664892126646	18.163351078733537	81.83664892126646	routine
246.0	42	24.825079530694833	3.7444717663989704	5.402130848132532	42.28666408131615	0.0236481174792371	0.7262538526197815	0.2737461473802185	0.0	0.0	0.0	0.0	0.0	0.0	0.0	0.18156346315494537	0.8184365368450546	18.156346315494538	81.84365368450545	routine
246.25	44	25.200117281748643	3.724083633613373	5.372716990069765	41.433247308078236	0.02413520698883358	0.7234519473241804	0.2765480526758196	0.0	0.0	0.0	0.0	0.0	0.0	0.0	0.1808629868310451	0.8191370131689549	18.08629868310451	81.9137013168955	routine
246.5	41	25.563401959889074	3.6937908829444868	5.329013788904876	40.19694038668352	0.024877515312863984	0.7203698514990193	0.27963014850098067	0.0	0.0	0.0	0.0	0.0	0.0	0.0	0.18009246287475483	0.8199075371252451	18.009246287475484	81.99075371252451	routine
246.75	40	25.779514446604992	3.662036550067917	5.283201970337112	38.94056658594518	0.025680160502875943	0.719529279910339	0.280470720089661	0.0	0.0	0.0	0.0	0.0	0.0	0.0	0.17988231997758475	0.8201176800224153	17.988231997758476	82.01176800224152	routine
247.0	35	25.722582672435585	3.635009518424923	5.244210205815816	37.90221366480036	0.026383683255120697	0.7189688988512188	0.28103110114878116	0.0	0.0	0.0	0.0	0.0	0.0	0.0	0.1797422247128047	0.8202577752871953	17.97422247128047	82.02577752871953	routine
247.25	36	25.3115031221455	3.614294566448911	5.21432484732777	37.12514736152197	0.026935920018365804	0.716727374614738	0.283272625385262	0.0	0.0	0.0	0.0	0.0	0.0	0.0	0.1791818436536845	0.8208181563463155	17.91818436536845	82.08181563463155	routine
247.5	34	24.53892316006004	3.599969721949794	5.193658465207388	36.59712633727378	0.02732454976885742	0.7150462314373774	0.28495376856262256	0.0	0.0	0.0	0.0	0.0	0.0	0.0	0.17876155785934436	0.8212384421406557	17.876155785934436	82.12384421406557	routine
247.75	36	23.46424667606767	3.589517871558473	5.178579632479716	36.21661065850939	0.027611639571386612	0.7125245166713365	0.28747548332866346	0.0	0.0	0.0	0.0	0.0	0.0	0.0	0.17813112916783413	0.8218688708321659	17.813112916783414	82.18688708321659	routine
248.0	37	22.19703183682122	3.5795179650882325	5.164152817005747	35.85625271504211	0.027889138554082326	0.7097226113757354	0.29027738862426455	0.0	0.0	0.0	0.0	0.0	0.0	0.0	0.17743065284393386	0.8225693471560661	17.743065284393385	82.2569347156066	routine
248.25	34	20.875049164692275	3.568686686932241	5.148526585723609	35.46997936166982	0.0281928554229901	0.7080414681983749	0.2919585318016251	0.0	0.0	0.0	0.0	0.0	0.0	0.0	0.17701036704959372	0.8229896329504063	17.70103670495937	82.29896329504062	routine
248.5	32	19.629129961692062	3.5550238559488525	5.12881528721937	34.98865464529316	0.028580693088595926	0.7069207060801345	0.29307929391986554	0.0	0.0	0.0	0.0	0.0	0.0	0.0	0.17673017652003362	0.8232698234799664	17.673017652003363	82.32698234799663	routine
248.75	29	18.574591573562117	3.540240061535446	5.107486780333627	34.47519436563627	0.029006362934294774	0.7049593723732138	0.2950406276267862	0.0	0.0	0.0	0.0	0.0	0.0	0.0	0.17623984309330346	0.8237601569066966	17.623984309330346	82.37601569066966	routine
249.0	32	17.79207926401707	3.5246025578760136	5.084926631352281	33.94028163766206	0.029463515084398807	0.7035584197254133	0.29644158027458667	0.0	0.0	0.0	0.0	0.0	0.0	0.0	0.17588960493135333	0.8241103950686467	17.588960493135332	82.41103950686467	routine
249.25	32	17.334069056008733	3.509859788332782	5.063657310843292	33.443578275322956	0.029901106627034314	0.7010367049593724	0.2989632950406276	0.0	0.0	0.0	0.0	0.0	0.0	0.0	0.1752591762398431	0.8247408237601569	17.52591762398431	82.47408237601569	routine
249.5	30	17.214725664091304	3.4940872844944515	5.04090239777333	32.92022743471501	0.030376460854747343	0.699915942841132	0.300084057158868	0.0	0.0	0.0	0.0	0.0	0.0	0.0	0.174978985710283	0.825021014289717	17.4978985710283	82.5021014289717	routine
249.75	31	17.412090707925103	3.474799544540708	5.013076070992108	32.29135490941587	0.030968040913898254	0.6973942280750911	0.3026057719249089	0.0	0.0	0.0	0.0	0.0	0.0	0.0	0.17434855701877278	0.8256514429812272	17.43485570187728	82.56514429812272	routine
250.0	29	17.86251804895573	3.4504641440649	4.9779675094076135	31.515016422465322	0.03173090524830426	0.6901092743065285	0.30989072569347154	0.0	0.0	0.0	0.0	0.0	0.0	0.0	0.17252731857663212	0.8274726814233679	17.25273185766321	82.7472681423368	routine
250.25	29	18.461719282680672	3.4222654674331534	4.937285418471361	30.63874754086061	0.03263840986536328	0.6828243205379658	0.3171756794620342	0.0	0.0	0.0	0.0	0.0	0.0	0.0	0.17070608013449146	0.8292939198655085	17.070608013449146	82.92939198655085	routine
250.5	28	19.079411804500374	3.395435007026142	4.898577246297398	29.82762588002077	0.033525966968421146	0.677780891005884	0.322219108994116	0.0	0.0	0.0010285414225669764	0.0010285414225669764	0.0	0.0	0.02151639344262295	0.17482432111212673	0.8251756788878732	17.482432111212674	82.51756788878733	routine
250.75	31	19.571874232878	3.372800474428039	4.865922518365275	29.160074862201974	0.03429346477077208	0.6744186046511628	0.32558139534883723	0.0	0.0	0.0026369513950847343	0.0026369513950847343	0.0	0.0	0.04149590163934426	0.17897862657262675	0.8210213734273732	17.897862657262674	82.10213734273732	routine
251.0	31	19.824377730224626	3.3587896561458206	4.845709180310722	28.75436713759723	0.034777326004593885	0.6727374614738022	0.3272625385261978	0.0	0.0	0.006351117295406402	0.006351117295406402	0.0	0.0	0.06352459016393443	0.18406551290943415	0.8159344870905658	18.406551290943415	81.59344870905659	routine
251.25	27	19.76666430176962	3.3535428458884162	4.838139633171879	28.603893527593797	0.03496027556651731	0.6716166993555618	0.3283833006444382	0.0	0.0	0.014370299542777284	0.014370299542777284	0.0	0.0	0.08299180327868852	0.18865212565856257	0.8113478743414374	18.865212565856257	81.13478743414375	routine
251.5	28	19.392836254040166	3.3555699914270436	4.841064185987618	28.66193659374047	0.03488947778282336	0.6724572709442421	0.3275427290557579	0.0	0.0	0.030545637558933185	0.030545637558933185	0.0	0.0	0.10604508196721311	0.1946255882278638	0.8053744117721362	19.46255882278638	80.53744117721362	routine
251.75	26	18.76136489629407	3.363574483146278	4.852612226495793	28.892281494904513	0.034611319987878475	0.6735780330624825	0.32642196693751746	0.0	0.0	0.060995846188458325	0.060995846188458325	0.0	0.0	0.12756147540983606	0.20028487711807966	0.7997151228819204	20.028487711807966	79.97151228819203	routine
252.0	26	17.971772268634755	3.3742471548443063	4.868009637027575	29.20229070049253	0.034243888955709005	0.6746987951807228	0.32530120481927716	0.0	0.0	0.1144245007202782	0.1144245007202782	0.0	0.0	0.15368852459016394	0.2070968299427217	0.7929031700572783	20.709682994272168	79.29031700572783	routine
252.25	28	17.151993814711123	3.3872564826508578	4.886778129739386	29.584674759747063	0.03380128421626595	0.6758195572989633	0.32418044270103674	0.0	0.0	0.20165337569706393	0.20165337569706393	0.0	0.0	0.18237704918032788	0.2145491516198228	0.7854508483801772	21.454915161982278	78.54508483801771	routine
252.5	32	16.4295725922544	3.4016814305163536	4.907588930490019	30.014524980742486	0.03331720227595161	0.6780610815354441	0.3219389184645559	0.0	0.0	0.3338563777279995	0.3338563777279995	0.0	0.0	0.21721311475409835	0.2238185490723856	0.7761814509276144	22.38185490723856	77.61814509276144	routine
252.75	31	15.915305430533207	3.4151730894293153	4.927053279897113	30.422214735654563	0.03287071663549889	0.6808629868310451	0.31913701316895493	0.0	0.0	0.5192560583316234	0.5192560583316234	0.0	0.0	0.2612704918032787	0.23553336965858096	0.764466630341419	23.553336965858097	76.4466630341419	routine
253.0	28	15.694107646566273	3.4253563415359127	4.941744607211424	30.733594556758128	0.03253768439461977	0.6836648921266462	0.31633510787335384	0.0	0.0	0.7587019254849849	0.7587019254849849	0.0	0.0	0.3135245901639344	0.24929737057264514	0.7507026294273549	24.929737057264514	75.07026294273548	routine
253.25	28	15.806130804664898	3.42728644196156	4.944529153523923	30.79297076328175	0.03247494396326395	0.6842252731857663	0.3157747268142337	0.0	0.0	1.0414262551916822	1.0414262551916822	0.0	0.0	0.3975409836065574	0.2704415641980809	0.7295584358019191	27.04415641980809	72.95584358019191	routine
253.5	28	16.246832350544114	3.4210639588145906	4.935552007945775	30.60195692817339	0.03267764876432983	0.6819837489492855	0.3180162510507145	0.0	0.0	1.342930642817631	1.342930642817631	0.0	0.0	0.4385245901639344	0.28012708477830495	0.719872915221695	28.012708477830493	71.9872915221695	routine
253.75	28	16.953469848535967	3.4079670542072735	4.916657168617803	30.20377915719649	0.033108439668939095	0.6791818436536845	0.3208181563463155	0.0	0.0	1.6268457318409935	1.6268457318409935	0.0	0.0	0.46311475409836067	0.2855741494380113	0.7144258505619887	28.557414943801128	71.44258505619887	routine
254.0	28	17.824289839101446	3.3952229713025366	4.898271343410461	29.821302028248805	0.03353307642478959	0.6775007004763239	0.32249929952367606	0.0	0.0	1.851428266666403	1.851428266666403	0.0	0.0	0.48514344262295084	0.2906610357748187	0.7093389642251813	29.066103577481872	70.93389642251813	routine
254.25	28	18.72948574963643	3.388597989887221	4.888713515576604	29.624389447837427	0.03375596995039504	0.6760997478285234	0.32390025217147655	0.0	0.0	1.9794071658190078	1.9794071658190078	0.0	0.0	0.49385245901639346	0.2924880517112292	0.7075119482887708	29.24880517112292	70.75119482887709	routine
254.5	30	19.539627158601746	3.3907450727216504	4.891811101334213	29.6880637984926	0.03368357083801385	0.6763799383580835	0.3236200616419165	0.0	0.0	1.988067461133868	1.988067461133868	0.0	0.0	0.49436475409836067	0.29268617311411105	0.707313826885889	29.268617311411106	70.7313826885889	routine
254.75	27	20.15436148704816	3.4017082154205687	4.9076275729385	30.01532892768593	0.033316309889831225	0.6783412720650042	0.32165872793499584	0.0	0.0	1.875835831379113	1.875835831379113	0.0	0.0	0.48616803278688525	0.2911273262129723	0.7088726737870277	29.112732621297233	70.88726737870277	routine
255.0	29	20.518564246731245	3.418926911223453	4.932468899983897	30.536628919230616	0.032747557127048965	0.6814233678901653	0.31857663210983467	0.0	0.0	1.6634105270310175	1.6634105270310175	0.0	0.0	0.4692622950819672	0.2876714157430331	0.7123285842569669	28.767141574303313	71.23285842569669	routine
255.25	30	20.624985735153448	3.43797188724528	4.959944992444436	31.123771597071393	0.03212978211464884	0.6867469879518072	0.3132530120481928	0.0	0.0	1.3862762989591022	1.3862762989591022	0.0	0.0	0.44364754098360654	0.28259863223385345	0.7174013677661466	28.259863223385345	71.74013677661466	routine
255.5	31	20.50747583446436	3.4547012440918587	4.984080352604257	31.648831994180437	0.031596742659693706	0.691510226954329	0.30848977304567105	0.0	0.0	1.0871230210379899	1.0871230210379899	0.0	0.0	0.4042008196721312	0.27392776165661503	0.726072238343385	27.392776165661502	72.6072238343385	routine
255.75	32	20.22242310767351	3.465421145210578	4.999545900787053	31.98992934213838	0.031259837722828636	0.6948725133090502	0.3051274866909498	0.0	0.0	0.8053774616299844	0.8053774616299844	0.0	0.0	0.32581967213114754	0.25517304636004945	0.7448269536399506	25.517304636004944	74.48269536399505	routine
256.0	33	19.834196852781716	3.4687009180947843	5.00427761286234	32.09502128961688	0.031157480500675405	0.6959932754272905	0.3040067245727095	0.0	0.0	0.5698463587517372	0.5698463587517372	0.0	0.0	0.2730532786885246	0.24226163852895377	0.7577383614710462	24.226163852895375	75.77383614710462	routine
256.25	34	19.39924512041875	3.464349281077924	4.997999527718367	31.955658854204916	0.03129336198519387	0.6940319417203699	0.30596805827963014	0.0	0.0	0.3976427868164377	0.3976427868164377	0.0	0.0	0.23155737704918034	0.23139732969238755	0.7686026703076124	23.139732969238754	76.86026703076124	routine
256.5	30	18.96362129296336	3.454876523742221	4.984333227686604	31.654379876587996	0.03159120487903203	0.691790417483889	0.30820958251611097	0.0	0.0	0.2956040774856957	0.2956040774856957	0.0	0.0	0.20594262295081966	0.22443326010867717	0.7755667398913229	22.443326010867718	77.55667398913229	routine
256.75	29	18.55614616877302	3.4421520736212217	4.965975726598999	31.254147070109557	0.03199575396368334	0.688988512188288	0.31101148781171195	0.0	0.0	0.26556542556328205	0.26556542556328205	0.0	0.0	0.1992827868852459	0.2220678247683835	0.7779321752316165	22.20678247683835	77.79321752316164	routine
257.0	30	18.19980457968987	3.430261416342473	4.948821134310038	30.884715463816242	0.03237847540384741	0.6845054637153264	0.3154945362846736	0.0	0.0	0.3079219553728731	0.3079219553728731	0.0	0.0	0.21157786885245902	0.22402083314194635	0.7759791668580537	22.402083314194634	77.59791668580537	routine
257.25	28	17.910026899217918	3.422007212406573	4.936912835225229	30.63083595194783	0.03264683998728443	0.6822639394788456	0.31773606052115444	0.0	0.0	0.4242367486520337	0.4242367486520337	0.0	0.0	0.23924180327868852	0.2303764356893835	0.7696235643106165	23.03764356893835	76.96235643106165	routine
257.5	28	17.70341022664093	3.4199050083731435	4.933879995891263	30.566511320501114	0.032715542494026625	0.6817035584197254	0.3182964415802746	0.0	0.0	0.6171932866875944	0.6171932866875944	0.0	0.0	0.2838114754098361	0.24137875845739037	0.7586212415426097	24.13787584573904	75.86212415426097	routine
257.75	28	17.600337214519513	3.425235233508132	4.941569885260333	30.729872697112842	0.0325416252080326	0.683384701597086	0.316615298402914	0.0	0.0	0.889075558434699	0.889075558434699	0.0	0.0	0.34375	0.2567836753992715	0.7432163246007285	25.678367539927148	74.32163246007285	routine
258.0	30	17.623269280662328	3.4365777480418775	4.957933674729379	31.080410959335712	0.03217460674211668	0.6861866068926871	0.31381339310731293	0.0	0.0	1.2364307888874713	1.2364307888874713	0.0	0.0	0.42725409836065575	0.2783601763133357	0.7216398236866644	27.836017631333572	72.16398236866644	routine
258.25	31	17.79565323872524	3.451138520782831	4.978940429354263	31.536276583678976	0.031709513878297596	0.6909498458952087	0.3090501541047913	0.0	0.0	1.6487999225252374	1.6487999225252374	0.0	0.0	0.4667008196721312	0.28941266639183494	0.7105873336081651	28.941266639183493	71.0587333608165	routine
258.5	32	18.126879016108518	3.462953712885971	4.995986148408614	31.91109365727371	0.03133706449362206	0.6934715606612496	0.3065284393387504	0.0	0.0	2.104562225486718	2.104562225486718	0.0	0.0	0.5040983606557377	0.2993924803292468	0.7006075196707532	29.93924803292468	70.06075196707532	routine
258.75	34	18.608006483015675	3.4687073175593715	5.004286845338164	32.095226681226244	0.031157281110120318	0.6962734659568507	0.3037265340431493	0.0	0.0	2.572823178038324	2.572823178038324	0.0	0.0	0.5332991803278688	0.3073931615711799	0.6926068384288201	30.73931615711799	69.260683842882	routine
259.0	31	19.191553534178993	3.465043852408304	4.99900158233225	31.977862048646983	0.031271634059798284	0.69459232277949	0.30540767722051	0.0	0.0	3.0121331778651808	3.0121331778651808	0.0	0.0	0.5640368852459017	0.3146573020063479	0.6853426979936521	31.465730200634788	68.5342697993652	routine
259.25	30	19.799223406093468	3.4539523085218926	4.982999866971522	31.625137931922634	0.03162041544775661	0.6912300364247689	0.3087699635752311	0.0	0.0	3.3788971279388993	3.3788971279388993	0.0	0.0	0.5753073770491803	0.31663435336848733	0.6833656466315127	31.663435336848732	68.33656466315126	routine
259.5	30	20.329135756225845	3.440298699266669	4.963301872608775	31.19627508125223	0.03205510906015064	0.6878677500700476	0.31213224992995237	0.0	0.0	3.633930749297376	3.633930749297376	0.0	0.0	0.5840163934426229	0.31797103587816766	0.6820289641218323	31.797103587816768	68.20289641218324	routine
259.75	30	20.681338490410717	3.4306041797368994	4.9493156373593745	30.89530342820415	0.03236737914951518	0.6850658447744467	0.31493415522555335	0.0	0.0	3.750698222865939	3.750698222865939	0.0	0.0	0.5881147540983607	0.31829514971820183	0.6817048502817982	31.82951497182018	68.17048502817981	routine
260.0	29	20.786270710011568	3.4305240265201684	4.949200000711086	30.89282716949388	0.03236997360304667	0.6847856542448866	0.3152143457551134	0.0	0.0	3.7219070221770068	3.7219070221770068	0.0	0.0	0.5855532786885246	0.3175847332333528	0.6824152667666472	31.75847332333528	68.24152667666472	routine
260.25	30	20.626348176441855	3.441573674151903	4.96514127255296	31.236074914996497	0.03201426564385329	0.6884281311291678	0.3115718688708322	0.0	0.0	3.5602341732758207	3.5602341732758207	0.0	0.0	0.5804303278688525	0.3172146147495051	0.6827853852504949	31.72146147495051	68.2785385250495	routine
260.5	31	20.254356967134164	3.463494538373268	4.996766394657124	31.92835665776564	0.03132012119254435	0.6937517511908098	0.3062482488091902	0.0	0.0	3.2957978022214682	3.2957978022214682	0.0	0.0	0.5727459016393442	0.31662441320753854	0.6833755867924615	31.662441320753853	68.33755867924614	routine
260.75	34	19.77262434933901	3.489948786502045	5.034931807242956	32.7842686661612	0.030502434267571925	0.6996357523115718	0.3003642476884282	0.0	0.0	2.967378271552234	2.967378271552234	0.0	0.0	0.5630122950819673	0.31566201184838477	0.6843379881516152	31.566201184838476	68.43379881516152	routine
261.0	33	19.305713174247078	3.511428358654509	5.065920279467733	33.496078043683006	0.02985424140390039	0.7013168954889325	0.2986831045110675	0.0	0.0	2.6132241053548873	2.6132241053548873	0.0	0.0	0.5399590163934426	0.31031897797059377	0.6896810220294063	31.031897797059376	68.96810220294063	routine
261.25	33	18.958427313645004	3.5181277981497203	5.0755855276042094	33.7212363670073	0.029654903192647922	0.7024376576071729	0.2975623423928271	0.0	0.0	2.264858249125247	2.264858249125247	0.0	0.0	0.5112704918032787	0.3034270373526129	0.6965729626473871	30.34270373526129	69.6572962647387	routine
261.5	31	18.78711453487021	3.506855383050243	5.059322870241352	33.34325099945097	0.029991076755426935	0.7007565144298122	0.29924348557018776	0.0	0.0	1.9426066412339813	1.9426066412339813	0.0	0.0	0.49077868852459017	0.2978838007386006	0.7021161992613993	29.78838007386006	70.21161992613993	routine
261.75	30	18.78584931618157	3.4830664314299513	5.02500266771081	32.5594103533643	0.030713086912419224	0.6982347996637713	0.30176520033622867	0.0	0.0	1.6601578797856784	1.6601578797856784	0.0	0.0	0.46875	0.29174619991594286	0.7082538000840571	29.174619991594287	70.82538000840572	routine
262.0	31	18.90133329034556	3.4588936302180335	4.9901286872779815	31.78179463896911	0.031464554200279625	0.6923507985430093	0.3076492014569907	0.0	0.0	1.4271776460222454	1.4271776460222454	0.0	0.0	0.4487704918032787	0.285280322586572	0.714719677413428	28.5280322586572	71.4719677413428	routine
262.25	28	19.065923405399236	3.4471982198465416	4.973255776733868	31.41225865796183	0.031834705389659636	0.6898290837769684	0.3101709162230316	0.0	0.0	1.2526522491586567	1.2526522491586567	0.0	0.0	0.4298155737704918	0.27991116438686503	0.720088835613135	27.991116438686504	72.0088835613135	routine
262.5	28	19.23589039084835	3.456287335888954	4.986368599374321	31.699069777330056	0.0315466670481025	0.6920706080134491	0.3079293919865509	0.0	0.0	1.1450368957597679	1.1450368957597679	0.0	0.0	0.41547131147540983	0.27688547987221473	0.7231145201277853	27.688547987221472	72.31145201277853	routine
262.75	28	19.409769713320443	3.4847688241928045	5.027458701307423	32.614886465580476	0.03066084565572018	0.6990753712524517	0.30092462874754833	0.0	0.0	1.1095837068301106	1.1095837068301106	0.0	0.0	0.4093237704918033	0.27709978543606373	0.7229002145639363	27.709978543606372	72.29002145639363	routine
263.0	33	19.63247487196633	3.5241080561743217	5.084213216199538	33.923502259693734	0.029478088445724887	0.7032782291958531	0.29672177080414686	0.0	0.0	1.1444210847550038	1.1444210847550038	0.0	0.0	0.4149590163934426	0.27955931139732393	0.7204406886026761	27.955931139732392	72.0440688602676	routine
263.25	34	19.971021207733312	3.562131632370893	5.139069641015196	35.2382320994617	0.028378268159919298	0.7077612776688148	0.2922387223311852	0.0	0.0	1.2387261946614163	1.2387261946614163	0.0	0.0	0.42776639344262296	0.2838819177778594	0.7161180822221406	28.38819177778594	71.61180822221405	routine
263.5	35	20.47579551990392	3.5876146059446223	5.175833800617119	36.147746383084495	0.027664241897745377	0.7116839450826562	0.2883160549173438	0.0	0.0	1.372160798097785	1.372160798097785	0.0	0.0	0.4415983606557377	0.28832057643459846	0.7116794235654016	28.832057643459848	71.16794235654015	routine
263.75	37	21.150785599927186	3.596308857570014	5.188376954321313	36.46339415810465	0.027424764564264566	0.713925469319137	0.28607453068086297	0.0	0.0	1.5169740755917658	1.5169740755917658	0.0	0.0	0.45543032786885246	0.2923389492969974	0.7076610507030026	29.233894929699737	70.76610507030026	routine
264.0	37	21.941799446278342	3.592503008456813	5.182886274679325	36.32488372387804	0.02752933794919909	0.7133650882600168	0.28663491173998323	0.0	0.0	1.645544678929161	1.645544678929161	0.0	0.0	0.4656762295081967	0.2947603294420534	0.7052396705579467	29.47603294420534	70.52396705579467	routine
264.25	34	22.74562424569072	3.584810121715664	5.17178778512775	36.0465126190395	0.02774193472108055	0.7108433734939759	0.28915662650602414	0.0	0.0	1.733597518374809	1.733597518374809	0.0	0.0	0.47540983606557374	0.2965633023898874	0.7034366976101126	29.656330238988737	70.34366976101126	routine
264.5	35	23.44097677302732	3.5812774947517494	5.166691281725599	35.91939839237168	0.02784010993381151	0.7102829924348557	0.2897170075651443	0.0	0.0	1.765386231101995	1.765386231101995	0.0	0.0	0.4774590163934426	0.2969355022070746	0.7030644977929255	29.69355022070746	70.30644977929255	routine
264.75	34	23.928959231041713	3.587229003247939	5.175277493518861	36.133810401648844	0.02767491136097754	0.7114037545530961	0.2885962454469039	0.0	0.0	1.7356449903681872	1.7356449903681872	0.0	0.0	0.475922131147541	0.2968314714251593	0.7031685285748407	29.68314714251593	70.31685285748406	routine
265.0	35	24.159892482701206	3.6031182092611242	5.198200772237747	36.71253350884985	0.027238654062350178	0.7156066124964976	0.2843933875035024	0.0	0.0	1.6512471398163067	1.6512471398163067	0.0	0.0	0.4677254098360656	0.2958330055831408	0.7041669944168591	29.58330055831408	70.41669944168592	routine
265.25	36	24.150209490132585	3.6270418325816918	5.232715264962425	37.60142063702491	0.02659473985446529	0.7181283272625385	0.2818716727374615	0.0	0.0	1.5291956869707986	1.5291956869707986	0.0	0.0	0.4569672131147541	0.2937738850943231	0.7062261149056769	29.37738850943231	70.62261149056769	routine
265.5	38	23.96988173294703	3.6544669930497697	5.272281407965305	38.64691654933503	0.02587528551529957	0.7192490893807789	0.2807509106192211	0.0	0.0	1.3930727252816388	1.3930727252816388	0.0	0.0	0.44415983606557374	0.29085223136158816	0.7091477686384118	29.085223136158817	70.91477686384118	routine
265.75	38	23.725830590833365	3.6819871974541725	5.311984670383787	39.72525761870741	0.02517290157305563	0.7200896609694593	0.27991033903054074	0.0	0.0	1.2675453692896523	1.2675453692896523	0.0	0.0	0.43084016393442626	0.2877324562259714	0.7122675437740287	28.773245622597138	71.22675437740287	routine
266.0	37	23.5281482301315	3.70612286647086	5.3468050803827	40.695717528025654	0.024572610110912444	0.7214906136172597	0.27850938638274025	0.0	0.0	1.1728964798290171	1.1728964798290171	0.0	0.0	0.4175204918032787	0.28475277635513463	0.7152472236448654	28.475277635513464	71.52472236448654	routine
266.25	43	23.467277895188158	3.7240285835110796	5.372637569560186	41.43096646635644	0.0241365356710189	0.7231717567946203	0.2768282432053797	0.0	0.0	1.118393425784336	1.118393425784336	0.0	0.0	0.4113729508196721	0.2836361769035731	0.7163638230964269	28.363617690357312	71.63638230964268	routine
266.5	44	23.606543208859478	3.7360494523153465	5.389980017371278	41.93200812327834	0.023848130455857066	0.7251330905015411	0.27486690949845893	0.0	0.0	1.1006263357566304	1.1006263357566304	0.0	0.0	0.4072745901639344	0.28310192016636887	0.7168980798336311	28.310192016636886	71.68980798336311	routine
266.75	46	23.96413055588314	3.7413606960279933	5.397642522336467	42.15531172276469	0.023721802997840973	0.7259736620902214	0.2740263379097786	0.0	0.0	1.1042802968698913	1.1042802968698913	0.0	0.0	0.4077868852459016	0.28344013683403074	0.7165598631659693	28.344013683403073	71.65598631659694	routine
267.0	40	24.51381039000904	3.7395276673789404	5.39499802099467	42.07811060621257	0.023765325619262864	0.7254132810311011	0.27458671896889886	0.0	0.0	1.1071040132476915	1.1071040132476915	0.0	0.0	0.4082991803278688	0.2834281153397425	0.7165718846602576	28.34281153397425	71.65718846602576	routine
267.25	40	25.186156526243575	3.731439238062172	5.383328884130788	41.73913751079461	0.023958329271690847	0.724852899971981	0.275147100028019	0.0	0.0	1.0876334033765365	1.0876334033765365	0.0	0.0	0.4047131147540984	0.28239150368151983	0.7176084963184801	28.239150368151982	71.76084963184802	routine
267.5	37	25.873592792888314	3.7191797551212558	5.365642188888065	41.230561078250574	0.024253853788264536	0.7226113757355002	0.27738862426449984	0.0	0.0	1.030664717156168	1.030664717156168	0.0	0.0	0.39651639344262296	0.2797819422945308	0.7202180577054692	27.97819422945308	72.02180577054692	routine
267.75	38	26.451139808151233	3.7067584394764297	5.347722018405958	40.72159084884992	0.024556997385288607	0.7217708041468198	0.2782291958531802	0.0	0.0	0.9332128383974525	0.9332128383974525	0.0	0.0	0.3550204918032787	0.2691978239875246	0.7308021760124754	26.919782398752464	73.08021760124754	routine
268.0	42	26.805826321303496	3.6990341411558343	5.336578211524488	40.40825683366348	0.024747417442835984	0.7206500420285794	0.2793499579714206	0.0	0.0	0.8036337831856117	0.8036337831856117	0.0	0.0	0.32479508196721313	0.2613612809989481	0.7386387190010519	26.136128099894812	73.8638719001052	routine
268.25	41	26.867662008961457	3.6995054694580363	5.337258194528705	40.42730687781165	0.024735756032980904	0.7209302325581395	0.2790697674418605	0.0	0.0	0.6599827372617019	0.6599827372617019	0.0	0.0	0.29200819672131145	0.25323460731986275	0.7467653926801372	25.323460731986273	74.67653926801373	routine
268.5	40	26.62928828845816	3.707853021058148	5.349301165825752	40.766188355523326	0.02453013245386019	0.7220509946763799	0.2779490053236201	0.0	0.0	0.5227063225013099	0.5227063225013099	0.0	0.0	0.26229508196721313	0.24608651916089824	0.7539134808391017	24.608651916089823	75.39134808391017	routine
268.75	41	26.150318676701648	3.7202822478503825	5.367232749680992	41.27604253894017	0.0242271288255552	0.7228915662650602	0.27710843373493976	0.0	0.0	0.4117318765878703	0.4117318765878703	0.0	0.0	0.23668032786885246	0.23989297353347816	0.7601070264665218	23.989297353347816	76.01070264665218	routine
269.0	40	25.529011212752508	3.7285972146459714	5.379228711042145	41.62068231057448	0.024026516253096892	0.7245727094424208	0.2754272905575792	0.0	0.0	0.3423735810390627	0.3423735810390627	0.0	0.0	0.22028688524590165	0.23621489867208062	0.7637851013279193	23.621489867208062	76.37851013279193	routine
269.25	42	24.87303315680102	3.7259310959850027	5.375382314871544	41.509864425242895	0.024090659264882637	0.7240123283833007	0.27598767161669935	0.0	0.0	0.32354175371061844	0.32354175371061844	0.0	0.0	0.2151639344262295	0.23479406570238254	0.7652059342976174	23.479406570238254	76.52059342976175	routine
269.5	42	24.249542524700594	3.7061136870255345	5.34679183724245	40.695343965626165	0.024572835674878744	0.7212104230876997	0.27878957691230033	0.0	0.0	0.35783535727228494	0.35783535727228494	0.0	0.0	0.22387295081967212	0.23627084347684296	0.763729156523157	23.627084347684296	76.3729156523157	routine
269.75	40	23.677444892386788	3.6708249144765155	5.295880900086923	39.284298684497394	0.02545546270359221	0.7198094704398992	0.2801905295601008	0.0	0.0	0.4409763428905894	0.4409763428905894	0.0	0.0	0.24538934426229508	0.24129970367554857	0.7587002963244515	24.129970367554858	75.87002963244515	routine
270.0	38	23.126072570440694	3.627484013032056	5.233353196505343	37.618050926660025	0.02658298277998494	0.7184085177920986	0.2815914822079014	0.0	0.0	0.5613941157482645	0.5613941157482645	0.0	0.0	0.27202868852459017	0.2476093015791722	0.7523906984208278	24.76093015791722	75.23906984208278	routine
270.25	32	22.53583736478366	3.5845853772694474	5.171463547429726	36.038412275810565	0.027748170267512383	0.7105631829644158	0.2894368170355842	0.0	0.0	0.7018759089751279	0.7018759089751279	0.0	0.0	0.3007172131147541	0.25282009901979247	0.7471799009802076	25.282009901979247	74.71799009802076	routine
270.5	31	21.864442881239828	3.5520894940401715	5.124581897845543	34.886135757187496	0.028664682352902118	0.7063603250210143	0.2936396749789857	0.0	0.0	0.8416741715304796	0.8416741715304796	0.0	0.0	0.33401639344262296	0.2600941796159093	0.7399058203840907	26.00941796159093	73.99058203840907	routine
270.75	30	21.111322815277312	3.536717458241184	5.102404738029976	34.353965578214485	0.029108721021544846	0.7043989913140936	0.29560100868590644	0.0	0.0	0.9602213931714446	0.9602213931714446	0.0	0.0	0.3662909836065574	0.2676724937301627	0.7323275062698373	26.767249373016273	73.23275062698373	routine
271.0	31	20.328021547682532	3.5390727456547793	5.105802699501438	34.434974403031795	0.02904024229249771	0.7046791818436536	0.29532081815634637	0.0	0.0	1.0426180666207123	1.0426180666207123	0.0	0.0	0.3985655737704918	0.27581118890353634	0.7241888110964636	27.581118890353633	72.41888110964636	routine
271.25	34	19.61679601274402	3.5553901141745214	5.129343686145227	35.0014718749267	0.028570227091402688	0.7072008966096945	0.29279910339030546	0.0	0.0	1.0846753257100052	1.0846753257100052	0.0	0.0	0.4026639344262295	0.277466207758981	0.722533792241019	27.7466207758981	72.2533792241019	routine
271.5	35	19.0985423209879	3.5759708713823892	5.159035442506759	35.72929252967505	0.027988239598347703	0.7091622303166153	0.2908377696833847	0.0	0.0	1.095387479676622	1.095387479676622	0.0	0.0	0.40625	0.2788530575791538	0.7211469424208462	27.88530575791538	72.11469424208462	routine
271.75	34	18.878988853048906	3.589570732559612	5.178655894783915	36.21852515540732	0.027610180031052506	0.7128047072008966	0.2871952927991034	0.0	0.0	1.0970548427941318	1.0970548427941318	0.0	0.0	0.4067622950819672	0.27989175057071597	0.7201082494292841	27.9891750570716	72.01082494292841	routine
272.0	34	19.015117295817333	3.5893027590481714	5.178269290727871	36.20882085034866	0.027617579819376275	0.7122443261417765	0.28775567385822354	0.0	0.0	1.1165162380977423	1.1165162380977423	0.0	0.0	0.4108606557377049	0.28077624546987034	0.7192237545301297	28.077624546987035	71.92237545301296	routine
272.25	34	19.487443874668124	3.5736736015202855	5.155721182669118	35.64730691035477	0.028052610047507448	0.7088820397870552	0.2911179602129448	0.0	0.0	1.1793779939773579	1.1793779939773579	0.0	0.0	0.41905737704918034	0.2819848542090589	0.7180151457909412	28.19848542090589	71.80151457909412	routine
272.5	34	20.212019659822303	3.5510103922531995	5.123025083048864	34.84851037021363	0.028695631158304508	0.7060801344914542	0.29391986550854576	0.0	0.0	1.3008049182931598	1.3008049182931598	0.0	0.0	0.4339139344262295	0.28499851722942093	0.7150014827705791	28.499851722942093	71.5001482770579	routine
272.75	34	21.04989862236153	3.529797154520192	5.092420850170256	34.11704642416044	0.029310860839695568	0.7041188007845335	0.2958811992154665	0.0	0.0	1.4795056953329935	1.4795056953329935	0.0	0.0	0.45338114754098363	0.28937498708137926	0.7106250129186207	28.937498708137927	71.06250129186206	routine
273.0	33	21.846760009021	3.5170542470227737	5.074036720717223	33.68505432081672	0.029686756342322984	0.7021574670776127	0.29784253292238727	0.0	0.0	1.6974536505525353	1.6974536505525353	0.0	0.0	0.4723360655737705	0.2936233831628458	0.7063766168371541	29.362338316284582	70.63766168371541	routine
273.25	30	22.466449414442202	3.5156883720223475	5.072066179627634	33.63907615459395	0.029727332445288752	0.7018772765480527	0.29812272345194735	0.0	0.0	1.9258037259533605	1.9258037259533605	0.0	0.0	0.48975409836065575	0.2979078437271771	0.7020921562728228	29.79078437271771	70.20921562728229	routine
273.5	29	22.8222366708783	3.5257673224407307	5.086607031413601	33.97983710696262	0.029429217004548133	0.7038386102549734	0.2961613897450266	0.0	0.0	2.1326999838574303	2.1326999838574303	0.0	0.0	0.5056352459016393	0.3023684640391532	0.6976315359608468	30.23684640391532	69.76315359608468	routine
273.75	31	22.89285338905437	3.545268217878939	5.1147408765551985	34.648977571305736	0.028860880467311154	0.705519753432334	0.294480246567666	0.0	0.0	2.2953564289113353	2.2953564289113353	0.0	0.0	0.514344262295082	0.304966003931854	0.695033996068146	30.496600393185403	69.5033996068146	routine
274.0	37	22.72441236991286	3.5710815047542708	5.151981577519284	35.55502529450406	0.02812541945103258	0.708321658727935	0.29167834127206504	0.0	0.0	2.4058499992673097	2.4058499992673097	0.0	0.0	0.5210040983606558	0.3073314392721477	0.6926685607278523	30.73314392721477	69.26685607278523	routine
274.25	39	22.412655291740727	3.598380859796966	5.191366221658847	36.539024718288985	0.027367999220282064	0.7144858503782572	0.2855141496217428	0.0	0.0	2.4730298037106633	2.4730298037106633	0.0	0.0	0.5261270491803278	0.31015322488964625	0.6898467751103537	31.015322488964625	68.98467751103537	routine
274.5	38	22.067766791805038	3.6187430624451236	5.22074267044092	37.290666313159264	0.026816361810277346	0.7175679462034183	0.28243205379658165	0.0	0.0	2.5147320304364165	2.5147320304364165	0.0	0.0	0.5281762295081968	0.3114360439279038	0.6885639560720962	31.14360439279038	68.85639560720962	routine
274.75	36	21.787106058675956	3.6251181093003133	5.229939918924337	37.52915544013945	0.026645950015982675	0.7178481367329784	0.2821518632670216	0.0	0.0	2.5513758183940927	2.5513758183940927	0.0	0.0	0.5317622950819673	0.3124026079537364	0.6875973920462636	31.240260795373644	68.75973920462636	routine
275.0	35	21.62479345431736	3.6148792673254686	5.215168392382783	37.14686081504563	0.026920175165783298	0.7170075651442981	0.2829924348557019	0.0	0.0	2.5962578361457957	2.5962578361457957	0.0	0.0	0.538422131147541	0.3138574240729598	0.6861425759270402	31.38574240729598	68.61425759270402	routine
275.25	34	21.567795620814163	3.588453059245588	5.177043433036439	36.17806728991776	0.02764105644412585	0.7119641356122163	0.2880358643877837	0.0	0.0	2.6500010283899296	2.6500010283899296	0.0	0.0	0.5425204918032787	0.3136211568538737	0.6863788431461263	31.36211568538737	68.63788431461263	routine
275.5	35	21.556911662371757	3.5541221117118935	5.127514345280559	34.95711804871691	0.02860647718746096	0.7066405155505744	0.2933594844494256	0.0	0.0	2.7047420219604876	2.7047420219604876	0.0	0.0	0.5486680327868853	0.31382713708436494	0.6861728629156351	31.382713708436494	68.6172862915635	routine
275.75	34	21.50412804406539	3.521040961129337	5.079788333388204	33.81961505141491	0.029568639337843768	0.702717848136733	0.297282151863267	0.0	0.0	2.747552496484808	2.747552496484808	0.0	0.0	0.5512295081967213	0.3134868390833636	0.6865131609166364	31.348683908336362	68.65131609166365	routine
276.0	30	21.327227021426364	3.4953093834751434	5.04266551391225	32.960483804731176	0.030339360487677648	0.7001961333706921	0.2998038666293079	0.0	0.0	2.768995874965964	2.768995874965964	0.0	0.0	0.5527663934426229	0.3132406317033287	0.6867593682966713	31.32406317033287	68.67593682966712	routine
276.25	32	20.983160421493967	3.4796970195059833	5.0201416338373885	32.449888902938625	0.030816746491524695	0.6979546091342113	0.30204539086578874	0.0	0.0	2.7673985849222054	2.7673985849222054	0.0	0.0	0.5522540983606558	0.3125521768737167	0.6874478231262833	31.255217687371672	68.74478231262833	routine
276.5	31	20.476323368443396	3.4721084097928347	5.0091935842369875	32.20457134766788	0.031051492324005604	0.6968338470159708	0.30316615298402916	0.0	0.0	2.747956794808459	2.747956794808459	0.0	0.0	0.5517418032786885	0.3121439125736648	0.6878560874263352	31.21439125736648	68.78560874263351	routine
276.75	28	19.852550174633866	3.467738228419943	5.002888745242531	32.06413861161028	0.03118748992801274	0.6954328943681704	0.30456710563182965	0.0	0.0	2.720418064604698	2.720418064604698	0.0	0.0	0.5496926229508197	0.31128137932974753	0.6887186206702525	31.128137932974752	68.87186206702525	routine
277.0	32	19.1796305760568	3.4616916450887554	4.994165369456305	31.870845097143125	0.031376638961156354	0.6929111796021294	0.30708882039787055	0.0	0.0	2.6939620310560746	2.6939620310560746	0.0	0.0	0.5471311475409836	0.3100105817857782	0.6899894182142218	31.00105817857782	68.99894182142218	routine
277.25	32	18.524978198314944	3.450769526466852	4.978408083084484	31.524642023547752	0.031721216667679734	0.6906696553656486	0.3093303446343514	0.0	0.0	2.672811449785289	2.672811449785289	0.0	0.0	0.5450819672131147	0.3089379056446908	0.6910620943553092	30.893790564469082	69.10620943553091	routine
277.5	32	17.945610899770386	3.4367331805514056	4.958157916440068	31.08524224106768	0.03216960615088497	0.6864667974222471	0.31353320257775286	0.0	0.0	2.655693530205257	2.655693530205257	0.0	0.0	0.5435450819672131	0.307502969847365	0.692497030152635	30.7502969847365	69.24970301526349	routine
277.75	32	17.476436495365768	3.422185568444855	4.937170148597171	30.63629963372332	0.0326410177454733	0.6825441300084057	0.31745586999159425	0.0	0.0	2.638163826579649	2.638163826579649	0.0	0.0	0.5420081967213115	0.3061380816824293	0.6938619183175707	30.61380816824293	69.38619183175707	routine
278.0	26	17.14262726602381	3.412465578930696	4.923147167927601	30.339957676042317	0.03295983503594803	0.6803026057719249	0.3196973942280751	0.0	0.0	2.6145826364994855	2.6145826364994855	0.0	0.0	0.5404713114754098	0.3051934793118337	0.6948065206881663	30.519347931183372	69.48065206881662	routine
278.25	26	16.964992581651927	3.412576930352858	4.92330781407215	30.34333626157954	0.03295616511577176	0.680582796301485	0.319417203698515	0.0	0.0	2.5838966131717034	2.5838966131717034	0.0	0.0	0.5363729508196722	0.3042389367802893	0.6957610632197107	30.42389367802893	69.57610632197107	routine
278.5	28	16.959941602512448	3.422713459187103	4.9379317339531426	30.65247652211584	0.032623791401601675	0.6831045110675259	0.3168954889324741	0.0	0.0	2.55042735446803	2.55042735446803	0.0	0.0	0.53125	0.30358862776688145	0.6964113722331186	30.358862776688145	69.64113722331186	routine
278.75	29	17.149399127175116	3.44196966411282	4.965712565305817	31.248446536438568	0.03200159082576818	0.688708321658728	0.311291678341272	0.0	0.0	2.5257119912099184	2.5257119912099184	0.0	0.0	0.5286885245901639	0.30434921156222294	0.6956507884377771	30.434921156222295	69.56507884377771	routine
279.0	31	17.555885033582534	3.4683323043955987	5.003745815706521	32.08319280529849	0.031168967691858014	0.6957130848977304	0.3042869151022696	0.0	0.0	2.527518395911669	2.527518395911669	0.0	0.0	0.5292008196721312	0.3062284761424654	0.6937715238575346	30.62284761424654	69.37715238575346	routine
279.25	31	18.18769030752357	3.4964387870741103	5.044294898883641	32.99773052309364	0.030305114447193412	0.7004763239002522	0.29952367609974784	0.0	0.0	2.5751988543490305	2.5751988543490305	0.0	0.0	0.5353483606557377	0.3089561711389974	0.6910438288610026	30.895617113899743	69.10438288610025	routine
279.5	33	19.03447567337649	3.521979784743081	5.081142769560022	33.85138061342961	0.02954089262767845	0.7029980386662931	0.29700196133370693	0.0	0.0	2.6841940226891454	2.6841940226891454	0.0	0.0	0.5461065573770492	0.31227614901083556	0.6877238509891644	31.227614901083555	68.77238509891644	routine
279.75	33	20.059838125773148	3.54313688667916	5.111666015602785	34.57520776623653	0.02892245816022319	0.7052395629027739	0.2947604370972261	0.0	0.0	2.8600086042658726	2.8600086042658726	0.0	0.0	0.5589139344262295	0.31603837433225085	0.6839616256677492	31.603837433225085	68.39616256677492	routine
280.0	35	21.194078300679646	3.5589345362473233	5.134457206292476	35.125751984893085	0.02846914139888253	0.7074810871392547	0.2925189128607453	0.0	0.0005906201564187352	3.0942066741586487	3.0942066741586487	0.0	0.0060396893874029335	0.5660860655737705	0.3199017105251071	0.6800982894748929	31.990171052510707	68.0098289474893	routine
280.25	36	22.344168308546834	3.5711398468372977	5.1520657473531415	35.55709970925407	0.028123778603341504	0.7086018492574951	0.29139815074250486	0.0	0.0015010514638817288	3.363500419070478	3.363500419070478	0.0	0.01639344262295082	0.5747950819672131	0.32494759346191476	0.6750524065380852	32.49475934619148	67.50524065380851	routine
280.5	37	23.398060928396074	3.580424007635776	5.165459960095922	35.888754727477036	0.0278638812517611	0.7100028019052956	0.28999719809470437	0.0	0.003583764765961022	3.6320568038011114	3.6320568038011114	0.0	0.026747195858498704	0.5835040983606558	0.3300635240311125	0.6699364759688875	33.00635240311125	66.99364759688875	routine
280.75	36	24.242919004008115	3.587043010728327	5.175009163033175	36.127090408162694	0.027680059166183397	0.711123564023536	0.28887643597646395	0.0	0.008037851960974748	3.857326613721325	3.857326613721325	0.0	0.03710094909404659	0.5917008196721312	0.33498133319742845	0.6650186668025715	33.49813331974285	66.50186668025715	routine
281.0	34	24.784528097029316	3.5915396819575056	5.181496488316018	36.28990785010039	0.027555870467641148	0.7130848977304567	0.2869151022695433	0.0	0.016935464231848864	4.000413095350708	4.000413095350708	0.0	0.05176876617773943	0.5968237704918032	0.34041935859999983	0.6595806414000002	34.04193585999998	65.95806414000002	routine
281.25	36	24.96317102575054	3.5947512406725224	5.186129788147697	36.40664236947068	0.027467515126815552	0.713645278789577	0.28635472121042305	0.0	0.03352052435241404	4.032641101057944	4.032641101057944	0.0	0.06902502157031924	0.5983606557377049	0.34525773902440027	0.6547422609755997	34.52577390244003	65.47422609755998	routine
281.5	36	24.765516650237526	3.5979257475865234	5.190709633529794	36.52239914551958	0.027380457565660113	0.7142056598486971	0.2857943401513029	0.0	0.062327699295267394	3.942486559037208	3.942486559037208	0.0	0.08455565142364108	0.5963114754098361	0.3487681966705436	0.6512318033294564	34.87681966705436	65.12318033294564	routine
281.75	36	24.228579241720116	3.6020432723532796	5.19664996609153	36.67309105447362	0.0272679496395495	0.7153264219669375	0.2846735780330625	0.0	0.1088699399660126	3.736172288616935	3.736172288616935	0.0	0.10353753235547886	0.586577868852459	0.35136045579371883	0.6486395442062811	35.13604557937188	64.86395442062812	routine
282.0	37	23.436377671920244	3.607294274647153	5.204225561060598	36.8661680198754	0.0271251408462327	0.7158868030260577	0.28411319697394233	0.0	0.17864524690062342	3.4370271520516167	3.4370271520516167	0.0	0.1285591026747196	0.5773565573770492	0.3554506157694566	0.6445493842305434	35.545061576945656	64.45493842305434	routine
282.25	37	22.50795377838787	3.6127209194231407	5.212054554567581	37.06677142739945	0.02697834101787479	0.7164471840851779	0.28355281591482207	0.0	0.2753794592781178	3.079872999934725	3.079872999934725	0.0	0.15185504745470232	0.5655737704918032	0.35846900050792085	0.6415309994920791	35.84690005079209	64.15309994920791	routine
282.5	37	21.575802255749338	3.615730528842671	5.216396503152151	37.178495971127475	0.02689726880766215	0.7172877556738583	0.2827122443261417	0.0	0.39877526734219093	2.7047197183296974	2.7047197183296974	0.0	0.17601380500431407	0.548155737704918	0.3603643245957726	0.6396356754042274	36.03643245957726	63.96356754042274	routine
282.75	36	20.76102863475058	3.6127033970801556	5.212029275170252	37.06612193640747	0.026978813745760916	0.7161669935556179	0.28383300644438214	0.0	0.5424771900107968	2.348455000150269	2.348455000150269	0.0	0.1993097497842968	0.5179303278688525	0.3583517678021918	0.6416482321978082	35.83517678021918	64.16482321978081	routine
283.0	34	20.1487144678747	3.599835600967885	5.193464969531909	36.59221822390223	0.027328214810076606	0.7147660409078174	0.28523395909218263	0.0	0.6932523390103366	2.0393705871544046	2.0393705871544046	0.0	0.22088006902502158	0.4964139344262295	0.3580150110897671	0.6419849889102329	35.80150110897671	64.19849889102329	routine
283.25	34	19.778037372190784	3.577110650106321	5.160679795619486	35.77003923382358	0.027956357371126835	0.7094424208461754	0.29055757915382463	0.0	0.8322576584113082	1.7924705325187582	1.7924705325187582	0.0	0.24676445211389128	0.4805327868852459	0.35918491496132815	0.6408150850386718	35.918491496132816	64.08150850386718	routine
283.5	33	19.633961776817912	3.5468201162227406	5.116979792599765	34.70279100790433	0.028816126050847834	0.705799943961894	0.29420005603810595	0.0	0.9386006524299445	1.607824221796957	1.607824221796957	0.0	0.26833477135461603	0.4610655737704918	0.3588000722717505	0.6411999277282495	35.88000722717505	64.11999277282496	routine
283.75	34	19.661031614843132	3.514422165146655	5.070239429247333	33.5965090801235	0.0297649972387049	0.7015970860184926	0.2984029139815074	0.0	0.9943985862366398	1.4723361849409518	1.4723361849409518	0.0	0.2907679033649698	0.45286885245901637	0.3613084604606197	0.6386915395393803	36.13084604606197	63.86915395393803	elevated
284.0	32	19.775676271263492	3.484252710458891	5.026714106582971	32.59805781786722	0.03067667422357577	0.6987951807228916	0.3012048192771084	0.0	0.989684433693802	1.3665380509604663	1.3665380509604663	0.0	0.28731665228645387	0.4405737704918033	0.3566714008752872	0.6433285991247129	35.66714008752872	64.33285991247129	routine
284.25	30	19.89067099770936	3.4596243319740396	4.99118286707774	31.80502613873601	0.03144157139308491	0.6926309890725694	0.30736901092743063	0.0	0.9253149429910723	1.271110642321796	1.271110642321796	0.0	0.2657463330457291	0.43135245901639346	0.347432445283673	0.652567554716327	34.7432445283673	65.2567554716327	routine
284.5	28	19.93355380785851	3.4425723246569424	4.966582020684162	31.267284418085037	0.031982310539945664	0.6892687027178481	0.3107312972821519	0.0	0.8127163685226643	1.1763932529823802	1.1763932529823802	0.0	0.24158757549611734	0.41854508196721313	0.3373503400452946	0.6626496599547054	33.73503400452946	66.26496599547053	routine
284.75	30	19.85696758768956	3.433455125000826	4.953428681953488	30.983509923390844	0.032275232937539304	0.6856262258335668	0.3143737741664332	0.0	0.6705714092037691	1.0828204970426416	1.0828204970426416	0.0	0.21397756686798963	0.4021516393442623	0.32543885801145467	0.6745611419885453	32.543885801145464	67.45611419885454	routine
285.0	30	19.64780276491016	3.4321942782889048	4.951609664654878	30.94446908420906	0.032315952724175166	0.6853460353040067	0.31465396469599327	0.0	0.5201457431354181	1.0049712386686136	1.0049712386686136	0.0	0.19413287316652286	0.39241803278688525	0.3179742353143537	0.6820257646856462	31.79742353143537	68.20257646856463	routine
285.25	29	19.32974144532209	3.438454429415107	4.960641153639865	31.13879375347153	0.03211428187993038	0.6873073690109275	0.3126926309890725	0.0	0.37945936237703454	0.9661787779741375	0.9661787779741375	0.0	0.1725625539257981	0.36936475409836067	0.30730866925877154	0.6926913307412285	30.730866925877155	69.26913307412285	routine
285.5	31	18.958411511653928	3.4505113189314858	4.978035568353691	31.516503174228877	0.03172940838239004	0.6903894648360885	0.30961053516391146	0.0	0.26132193373940416	0.9908158554082359	0.9908158554082359	0.0	0.14840379637618636	0.38114754098360654	0.3049852005489704	0.6950147994510296	30.49852005489704	69.50147994510296	routine
285.75	34	18.610532204929015	3.46467613299885	4.998471075363792	31.96610532981818	0.031283135361103685	0.6943121322499299	0.30568786775007006	0.0	0.17198238609108182	1.0948220897141896	1.0948220897141896	0.0	0.12510785159620363	0.4057377049180328	0.3062894221910416	0.6937105778089584	30.62894221910416	69.37105778089584	routine
286.0	33	18.355901701482573	3.4722193999141053	5.009353709134532	32.208145935315514	0.031048046106358525	0.6971140375455309	0.3028859624544691	0.0	0.11261711382353237	1.2816743889169373	1.2816743889169373	0.0	0.10612597066436583	0.4323770491803279	0.30890426434755613	0.6910957356524439	30.890426434755614	69.10957356524439	routine
286.25	31	18.243065230564845	3.466815333840009	5.001557289808797	32.03456044274063	0.031216285979244977	0.6951527038386103	0.3048472961613897	0.0	0.08217326665974568	1.536824885489627	1.536824885489627	0.0	0.09404659188955997	0.45799180327868855	0.3117977747517147	0.6882022252482853	31.179777475171473	68.82022252482854	routine
286.5	28	18.270053229750875	3.4448122323777133	4.969813524444967	31.337398745357422	0.031910753286379524	0.6895488932474082	0.3104511067525918	0.0	0.07885863646783493	1.8304602568907504	1.8304602568907504	0.0	0.090595340811044	0.48360655737704916	0.3159376978588754	0.6840623021411246	31.593769785887538	68.40623021411247	routine
286.75	28	18.385003163153925	3.4106615869917296	4.92054455770345	30.285273976273107	0.03301934797695562	0.6800224152423648	0.31997758475763516	0.0	0.10303330950368955	2.122822275318588	2.122822275318588	0.0	0.10094909404659189	0.5046106557377049	0.3213955412566654	0.6786044587433346	32.13955412566654	67.86044587433346	routine
287.0	30	18.499724264993667	3.3748605440685964	4.868894570619593	29.22020856568372	0.03422289056397778	0.674978985710283	0.32502101428971697	0.0	0.1569647928815713	2.3717646822792244	2.3717646822792244	0.0	0.1182053494391717	0.5189549180327869	0.3280348132955604	0.6719651867044396	32.803481329556035	67.19651867044396	routine
287.25	28	18.517229884308303	3.347444048271781	4.829340928094974	28.429975055781192	0.03517414271514289	0.6707761277668814	0.32922387223311855	0.0	0.24406382896190387	2.54141595701636	2.54141595701636	0.0	0.14236410698878343	0.5307377049180327	0.3359694849184244	0.6640305150815756	33.59694849184244	66.40305150815756	routine
287.5	26	18.376419529779714	3.3371139568395902	4.814437756413823	28.137802496823145	0.03553937803468851	0.669655365648641	0.33034463435135897	0.0	0.36695075720110754	2.6103700426649006	2.6103700426649006	0.0	0.16652286453839515	0.5394467213114754	0.34390623787462793	0.6560937621253721	34.39062378746279	65.60937621253721	routine
287.75	26	18.071821227260134	3.3453619964156207	4.826337162207218	28.370843951818905	0.03524745339610837	0.6702157467077613	0.3297842532922387	0.0	0.5251202244890967	2.574610526133186	2.574610526133186	0.0	0.19758412424503882	0.5348360655737705	0.35065898413164265	0.6493410158683574	35.06589841316426	64.93410158683574	routine
288.0	26	17.661102240424853	3.367494058358813	4.858266978217309	29.005749192605553	0.034475923837020916	0.6738582235920426	0.3261417764079574	0.0	0.712855463875949	2.447844828878462	2.447844828878462	0.0	0.22433132010353754	0.5251024590163934	0.3558230006779934	0.6441769993220066	35.58230006779934	64.41769993220066	routine
288.25	29	17.242517794448602	3.392799542364205	4.894775074499183	29.749119721607457	0.03361444000219198	0.6766601288876436	0.3233398711123564	0.0	0.9194289518619606	2.2584830170900827	2.2584830170900827	0.0	0.2640207075064711	0.5102459016393442	0.36273168450836474	0.6372683154916352	36.27316845083647	63.72683154916352	elevated
288.5	31	16.921234153848676	3.4093271666593643	4.918619396107485	30.244887643072918	0.03306343907774553	0.6794620341832446	0.3205379658167554	0.0	1.1284998682074883	2.0442778588451387	2.0442778588451387	0.0	0.3270060396893874	0.4969262295081967	0.37584857584520714	0.6241514241547929	37.58485758452071	62.41514241547929	elevated
288.75	29	16.76834525782087	3.407774872689056	4.91637990929452	30.197975106795624	0.033114803110588835	0.6789016531241244	0.3210983468758756	0.0	1.3217913418943006	1.846318216395912	1.846318216395912	0.0	0.3459879206212252	0.48463114754098363	0.3773801803215833	0.6226198196784167	37.73801803215833	62.26198196784167	elevated
289.0	31	16.79570725975318	3.385534142206311	4.8842933177213155	29.53376373351481	0.033859551698966275	0.6755393667694032	0.3244606332305968	0.0	1.481558398967906	1.7005883846168177	1.7005883846168177	0.0	0.359792924935289	0.4728483606557377	0.3770451630901075	0.6229548369098925	37.70451630901075	62.29548369098925	elevated
289.25	29	16.956132593225067	3.3490581976076834	4.831669653337135	28.4759023379113	0.03511741219412223	0.6710563182964416	0.32894368170355837	0.0	1.593160838792914	1.6315782640776915	1.6315782640776915	0.0	0.36928386540120794	0.4646516393442623	0.376247955760478	0.623752044239522	37.624795576047795	62.375204423952205	elevated
289.5	27	17.15536892565125	3.30786618232187	4.772242137160069	27.326752907406863	0.036594175802312466	0.66685346035304	0.33314653964695995	0.0	1.6466461505761374	1.6465850114423664	1.6465850114423664	0.0	0.3727351164797239	0.4661885245901639	0.376444275355732	0.623555724644268	37.6444275355732	62.3555724644268	elevated
289.75	23	17.283794985853167	3.2712690296096802	4.719443606431537	26.34475040729375	0.03795822638437835	0.663771364527879	0.336228635472121	0.0	1.637376061256333	1.7315751426823063	1.7315751426823063	0.0	0.3710094909404659	0.47489754098360654	0.37741959911298784	0.6225804008870122	37.741959911298785	62.258040088701215	elevated
290.0	23	17.247918465237163	3.2455942555134043	4.682402737166896	25.67696420489582	0.038945413952375656	0.6626506024096386	0.3373493975903614	0.0	1.566147227258582	1.8551209547429028	1.8551209547429028	0.0	0.36496980155306297	0.48565573770491804	0.37831903541690487	0.6216809645830952	37.83190354169049	62.16809645830952	elevated
290.25	23	16.99812254718646	3.2343836805873476	4.666229296315559	25.390718163025134	0.03938447087551212	0.6615298402913982	0.33847015970860184	0.0	1.4391795739939437	1.9748582883163737	1.9748582883163737	0.0	0.3554788610871441	0.492827868852459	0.3774591425577503	0.6225408574422497	37.745914255775034	62.25408574422497	elevated
290.5	24	16.545536381934305	3.239712808489725	4.673917602712582	25.52638973213661	0.039175144252422175	0.6620902213505183	0.3379097786494817	0.0	1.2678994516338333	2.0488968757474	2.0488968757474	0.0	0.34081104400345125	0.4984631147540984	0.37534109502701696	0.624658904972983	37.534109502701696	62.465890497298304	elevated
290.75	25	15.959770718555431	3.2605351776826614	4.703957931486791	26.06348200459733	0.03836785890018879	0.6629307929391987	0.33706920706080135	0.0	1.0680693188843366	2.0475561189352227	2.0475561189352227	0.0	0.31233822260569455	0.4974385245901639	0.3681768850337643	0.6318231149662357	36.81768850337643	63.18231149662357	elevated
291.0	24	15.356451945056573	3.2925503141733814	4.750146010135336	26.911408760157773	0.037158961424587175	0.6648921266461194	0.3351078733538806	0.0	0.8578905199698356	1.9614308712173212	1.9614308712173212	0.0	0.25021570319240727	0.4912909836065574	0.351599703361271	0.648400296638729	35.1599703361271	64.8400296638729	routine
291.25	28	14.870908686892719	3.327679419444734	4.8008265961011825	27.87358369787827	0.03587626230049923	0.6685346035304006	0.3314653964695994	0.0	0.6552265880164814	1.8050076782889624	1.8050076782889624	0.0	0.21052631578947367	0.48155737704918034	0.3401545740922637	0.6598454259077363	34.01545740922637	65.98454259077363	routine
291.5	29	14.621882955313971	3.354107709469072	4.83895455905847	28.62005538950635	0.03494053335643277	0.6721770804146819	0.32782291958531806	0.0	0.4746828108326545	1.60877917232915	1.60877917232915	0.0	0.18377911993097498	0.461577868852459	0.32938351729952897	0.670616482700471	32.9383517299529	67.0616482700471	routine
291.75	27	14.680889500505673	3.361679988155776	4.849879047968007	28.83759702842786	0.03467695311139164	0.6730176520033623	0.3269823479966377	0.0	0.32549751901056007	1.4123432747312594	1.4123432747312594	0.0	0.15789473684210525	0.44672131147540983	0.3194084250802193	0.6805915749197806	31.940842508021934	68.05915749197806	routine
292.0	27	15.059019051050472	3.3514102164038304	4.835062899190414	28.542957021473203	0.035034912439089204	0.6713365088260017	0.3286634911739983	0.0	0.21089530862131908	1.2498503349784083	1.2498503349784083	0.0	0.13459879206212252	0.4293032786885246	0.3088096448941622	0.6911903551058378	30.88096448941622	69.11903551058379	routine
292.25	25	15.695161827265416	3.330141952175888	4.804379279860446	27.942307893129968	0.03578802451911515	0.6688147940599608	0.3311852059400392	0.0	0.128930725971845	1.1418786358979032	1.1418786358979032	0.0	0.11130284728213978	0.41290983606557374	0.2982568693519186	0.7017431306480815	29.825686935191857	70.17431306480815	routine
292.5	26	16.48021407635103	3.3095915891888947	4.774731373090642	27.373943374197243	0.03653109039973403	0.6671336508826001	0.3328663491173999	0.0	0.07429227870347868	1.090136355995861	1.090136355995861	0.0	0.08886971527178603	0.4052254098360656	0.29030719399761296	0.709692806002387	29.030719399761296	70.9692806002387	routine
292.75	29	17.281922003846056	3.298030373678121	4.7580520648066	27.059289709636335	0.03695588504837511	0.6657326982347996	0.33426730176520036	0.0	0.0403148924627838	1.0802180087228488	1.0802180087228488	0.0	0.07333908541846419	0.4011270491803279	0.2850497082083979	0.7149502917916021	28.50497082083979	71.49502917916021	routine
293.0	25	17.975400601224248	3.2972800686269284	4.756969603430091	27.038994602598276	0.0369836236404998	0.6654525077052396	0.33454749229476044	0.0	0.020293661780798253	1.0855374430746112	1.0855374430746112	0.0	0.057808455565142365	0.4031762295081967	0.28160929819464464	0.7183907018053554	28.160929819464464	71.83907018053553	routine
293.25	26	18.467205528470377	3.30395965110862	4.766606203951636	27.220208339555175	0.03673741168787622	0.6662930792939199	0.3337069207060801	0.0	0.009787197995995686	1.079220126589419	1.079220126589419	0.0	0.04227782571182054	0.40061475409836067	0.2772964147760253	0.7227035852239747	27.729641477602527	72.27035852239747	routine
293.5	28	18.704028166254613	3.311394117750691	4.777331872107806	27.423330186175882	0.03646530137700419	0.6674138414121603	0.3325861585878397	0.0	0.004434175982545659	1.0414957621921084	1.0414957621921084	0.0	0.030198446937014668	0.3980532786885246	0.2739163917594249	0.726083608240575	27.39163917594249	72.6083608240575	routine
293.75	27	18.66874886088707	3.3124067070011525	4.778792729597904	27.451112819358237	0.03642839569311779	0.6676940319417204	0.3323059680582796	0.0	0.0018872266958381658	0.9654788724511902	0.9654788724511902	0.0	0.01984469370146678	0.36885245901639346	0.26409779616489515	0.7359022038351049	26.409779616489516	73.59022038351048	routine
294.0	28	18.36893608736082	3.3020744902125094	4.76388649167554	27.16894220484828	0.036806732940141876	0.6660128887643597	0.3339871112356403	0.0	0.0007545565824726903	0.858324590413006	0.858324590413006	0.0	0.009490940465918895	0.33709016393442626	0.25314849829117625	0.7468515017088238	25.314849829117627	74.68515017088238	routine
294.25	28	17.81919559040115	3.2769447376436824	4.727631922265726	26.494700653204927	0.03774339680561876	0.6643317455869991	0.33566825441300085	0.0	0.0	0.7382041162678026	0.7382041162678026	0.0	0.0	0.3109631147540984	0.2438237150852744	0.7561762849147255	24.382371508527438	75.61762849147256	routine
294.5	26	17.04205710166503	3.2389584370219806	4.672829274737079	25.507140613453977	0.039204708013117734	0.6618100308209582	0.33818996917904176	0.0	0.0	0.6282715817288805	0.6282715817288805	0.0	0.0	0.2863729508196721	0.2370457454101576	0.7629542545898425	23.70457454101576	76.29542545898424	routine
294.75	25	16.060985345090707	3.190847267546208	4.6034195291230136	24.309014959751295	0.04113700212269856	0.6598486971140376	0.3401513028859624	0.0	0.0	0.5517469421923145	0.5517469421923145	0.0	0.0	0.2699795081967213	0.23245705132768973	0.7675429486723102	23.245705132768972	76.75429486723102	routine
295.0	25	14.908746000991291	3.1357624548027014	4.5239489429496595	23.006170321614754	0.04346659987388167	0.658447744466237	0.341552255533763	0.0	0.0	0.5235301105275564	0.5235301105275564	0.0	0.0	0.26331967213114754	0.23044185414934615	0.7695581458506539	23.044185414934613	76.95581458506538	routine
295.25	20	13.63781256242283	3.0789874242922366	4.442039887985892	21.736381517275994	0.04600581744506112	0.6578873634071168	0.34211263659288316	0.0	0.0	0.5498659759309497	0.5498659759309497	0.0	0.0	0.2694672131147541	0.23183864413046773	0.7681613558695323	23.183864413046773	76.81613558695322	routine
295.5	18	12.308984946461981	3.02043791136678	4.357570796041872	20.500267018798546	0.0487798524323127	0.6567666012888764	0.34323339871112357	0.0	0.0	0.6244874550933518	0.6244874550933518	0.0	0.0	0.2853483606557377	0.23552874048615352	0.7644712595138465	23.55287404861535	76.44712595138465	routine
295.75	18	10.99614043925804	2.960758625827887	4.271471786751115	19.312617249825056	0.05177962091124954	0.6545250770523956	0.3454749229476044	0.0	0.0	0.7310520749700852	0.7310520749700852	0.0	0.0	0.3089139344262295	0.24085975286965627	0.7591402471303437	24.085975286965628	75.91402471303437	routine
296.0	18	9.770116676098976	2.89841628403436	4.181530799408189	18.145385465030703	0.055110430248350085	0.6520033622863547	0.3479966377136453	0.0	0.0	0.8457510459374052	0.8457510459374052	0.0	0.0	0.33452868852459017	0.24663301270273622	0.7533669872972638	24.66330127027362	75.33669872972638	routine
296.25	16	8.687943919563022	2.8300703262228337	4.082928425008693	16.946652576700206	0.05900870366427944	0.6489212664611936	0.35107873353880636	0.0	0.0	0.9422548430175023	0.9422548430175023	0.0	0.0	0.35963114754098363	0.25213810350054433	0.7478618964994557	25.213810350054434	74.78618964994557	routine
296.5	14	7.786475846723961	2.7531670617109802	3.97198046666927	15.692251597559748	0.06372571799419191	0.6452787895769123	0.3547212104230877	0.0	0.0	0.9975575786789738	0.9975575786789738	0.0	0.0	0.3867827868852459	0.25801539411553953	0.7419846058844605	25.801539411553954	74.19846058844605	routine
296.75	11	7.079651775456201	2.6681245222657677	3.849290016747058	14.412912731924488	0.06938222818660436	0.6424768842813113	0.35752311571868867	0.0	0.0	0.9972684934080385	0.9972684934080385	0.0	0.0	0.3862704918032787	0.2571868440211475	0.7428131559788524	25.71868440211475	74.28131559788524	routine
297.0	11	6.560011059310006	2.5794904108815175	3.7214180237994	13.190414754889536	0.075812627470968	0.6396749789857102	0.36032502101428976	0.0	0.0	0.938736933719947	0.938736933719947	0.0	0.0	0.35655737704918034	0.24905808900872264	0.7509419109912774	24.905808900872266	75.09419109912774	routine
297.25	12	6.201789491265336	2.4921554491346645	3.5954203075909876	12.087301625871934	0.08273145081939358	0.6349117399831886	0.3650882600168114	0.0	0.0	0.8309515878526473	0.8309515878526473	0.0	0.0	0.32940573770491804	0.24107936942202668	0.7589206305779733	24.107936942202667	75.89206305779733	routine
297.5	9	5.977022641509044	2.4203756326585166	3.4918639223249293	11.25008442040773	0.08888822186845045	0.627626786214626	0.372373213785374	0.0	0.0	0.6910952731566906	0.6910952731566906	0.0	0.0	0.29764344262295084	0.2313175572093942	0.7686824427906058	23.13175572093942	76.86824427906058	routine
297.75	9	5.8532213179153665	2.371011255815638	3.4206461806571347	10.708215555896434	0.09338624113233826	0.6206220229756234	0.3793779770243766	0.0	0.0	0.5402983227120075	0.5402983227120075	0.0	0.0	0.26536885245901637	0.22149771885865993	0.77850228114134	22.14977188586599	77.850228114134	routine
298.0	9	5.807600458761654	2.350695669044718	3.3913369843699783	10.492866748863916	0.09530283991343662	0.6164191650322219	0.38358083496777806	0.0	0.0	0.3968130176625484	0.3968130176625484	0.0	0.0	0.23104508196721313	0.21186606174985878	0.7881339382501412	21.18660617498588	78.81339382501412	routine
298.25	9	5.830032062457308	2.3615767896432733	3.407035123096829	10.607664327878123	0.09427145968145774	0.6192210703278229	0.3807789296721771	0.0	0.0	0.27377563661546395	0.27377563661546395	0.0	0.0	0.20184426229508196	0.20526633315572623	0.7947336668442737	20.526633315572624	79.47336668442738	routine
298.5	10	5.9268258353189385	2.4032751832613486	3.4671931887826624	11.059338489852383	0.09042132139436378	0.6248248809190249	0.3751751190809751	0.0	0.0	0.17744357507611008	0.17744357507611008	0.0	0.0	0.17366803278688525	0.19962322842647753	0.8003767715735225	19.962322842647755	80.03767715735225	routine
298.75	10	6.117137669752539	2.4690834074546486	3.5621343874760454	11.811615449743776	0.08466242439527547	0.6321098346875875	0.3678901653124125	0.0	0.0	0.10803944765339603	0.10803944765339603	0.0	0.0	0.15010245901639344	0.19555307342599523	0.8044469265740047	19.555307342599523	80.44469265740048	routine
299.0	11	6.4322302199352706	2.55201321664378	3.681776811935073	12.832913228442582	0.07792462881955925	0.6382740263379098	0.36172597366209025	0.0	0.0	0.06179609417936902	0.06179609417936902	0.0	0.0	0.1285860655737705	0.19171502297792006	0.8082849770220799	19.171502297792006	80.828497702208	routine
299.25	12	6.901229270880129	2.6381409638283175	3.806032885681144	13.987176755271532	0.07149405612702484	0.641636312692631	0.358363687307369	0.0	0.0	0.0332044501129343	0.0332044501129343	0.0	0.0	0.10809426229508197	0.18743264374692825	0.8125673562530717	18.743264374692824	81.25673562530717	routine
299.5	15	7.54770766853133	2.718404687541776	3.9218289618458324	15.156124194614298	0.06597992911376038	0.6433174558699916	0.35668254413000844	0.0	0.0	0.01676054565470077	0.01676054565470077	0.0	0.0	0.08760245901639344	0.18272997872159624	0.8172700212784038	18.272997872159625	81.72700212784038	routine
299.75	15	8.38132344059466	2.7913178023939293	4.027020351058802	16.302489111705867	0.061340326200982294	0.647240123283833	0.35275987671616704	0.0	0.0	0.007947611128166507	0.007947611128166507	0.0	0.0	0.06762295081967214	0.17871576852587628	0.8212842314741238	17.87157685258763	82.12842314741238	routine
300.0	16	9.386449863201344	2.8565169729787807	4.12108287113164	17.400813760622697	0.05746857668593394	0.650042028579434	0.34995797142056595	0.0	0.0	0.0035403130006111338	0.0035403130006111338	0.0	0.0	0.04764344262295082	0.17442136780059622	0.8255786321994038	17.442136780059624	82.55786321994037	routine
300.25	17	10.528000820879038	2.9193711766657224	4.211762319089816	18.529631930563063	0.05396761272686612	0.6534043149341552	0.3465956850658448	0.0	0.0	0.0014815056274264135	0.0014815056274264135	0.0	0.0	0.027663934426229508	0.17026706234009617	0.8297329376599039	17.026706234009616	82.97329376599039	routine
300.5	18	11.755578391950444	2.985244212359878	4.306797021014075	19.79133493485354	0.05052716268466305	0.6550854581115159	0.34491454188848414	0.0	0.0	0.0005824002408749486	0.0005824002408749486	0.0	0.0	0.008709016393442622	0.1659486186262396	0.8340513813737604	16.59486186262396	83.40513813737604	routine
300.75	19	13.01538620425803	3.057471605815553	4.410999123368914	21.27370080427181	0.04700639579358931	0.6573269823479967	0.3426730176520033	0.0	0.0	0.0	0.0	0.0	0.0	0.0	0.16433174558699917	0.8356682544130009	16.433174558699918	83.56682544130008	routine
301.0	22	14.263996989783013	3.1364274880745704	4.5249083831530115	23.021475278925756	0.043437702748590434	0.6587279349957972	0.3412720650042028	0.0	0.0	0.0	0.0	0.0	0.0	0.0	0.1646819837489493	0.8353180162510507	16.46819837489493	83.53180162510508	routine
301.25	24	15.476603752663548	3.2182307028743837	4.642925475473477	24.983877151315887	0.040025813205190636	0.6609694592322779	0.3390305407677221	0.0	0.0	0.0	0.0	0.0	0.0	0.0	0.16524236480806948	0.8347576351919306	16.524236480806948	83.47576351919305	routine
301.5	27	16.649664115760878	3.2964622919017	4.75578980100405	27.01689178095704	0.037013880357060686	0.6651723171756795	0.3348276828243205	0.0	0.0	0.0	0.0	0.0	0.0	0.0	0.16629307929391987	0.8337069207060801	16.629307929391988	83.37069207060802	routine
301.75	31	17.789130548614807	3.3629076804395233	4.851650233537507	28.873022465099584	0.03463440660598506	0.6732978425329224	0.32670215746707765	0.0	0.0	0.0	0.0	0.0	0.0	0.0	0.1683244606332306	0.8316755393667694	16.832446063323058	83.16755393667694	routine
302.0	32	18.89137623036978	3.4102717707923786	4.919982171805788	30.27347058660109	0.03303222196277013	0.6797422247128047	0.32025777528719535	0.0	0.0	0.0	0.0	0.0	0.0	0.0	0.16993555617820116	0.8300644438217988	16.993555617820117	83.00644438217988	routine
302.25	32	19.923346177327737	3.4350087311184994	4.95567006179495	31.03168350565119	0.03222512886926968	0.6859064163631269	0.3140935836368731	0.0	0.0	0.0	0.0	0.0	0.0	0.0	0.17147660409078172	0.8285233959092183	17.14766040907817	82.85233959092183	routine
302.5	31	20.811513464003756	3.4384161914620357	4.9605859879345955	31.137603092501646	0.032115509887811935	0.6870271784813673	0.3129728215186327	0.0	0.0	0.0	0.0	0.0	0.0	0.0	0.17175679462034182	0.8282432053796582	17.175679462034182	82.82432053796582	routine
302.75	31	21.446741654159162	3.425495462907684	4.94194531692456	30.73787055402673	0.0325331580221974	0.6839450826562062	0.31605491734379376	0.0	0.0	0.0	0.0	0.0	0.0	0.0	0.17098627066405156	0.8290137293359484	17.098627066405157	82.90137293359484	routine
303.0	31	21.70856549454096	3.4029745465562296	4.909454502588042	30.053362349624845	0.033274147110946575	0.6786214625945644	0.32137853740543565	0.0	0.0	0.0	0.0	0.0	0.0	0.0	0.1696553656486411	0.830344634351359	16.96553656486411	83.03446343513589	routine
303.25	30	21.501385628861446	3.377327797140797	4.8724540643914755	29.29239122486488	0.034138558109627765	0.6752591762398431	0.3247408237601569	0.0	0.0	0.0	0.0	0.0	0.0	0.0	0.16881479405996078	0.8311852059400392	16.881479405996078	83.11852059400393	routine
303.5	28	20.789172687693945	3.3535488319308335	4.83814826920559	28.604064752226233	0.034960066293451206	0.6718968898851219	0.32810311011487814	0.0	0.0	0.0	0.0	0.0	0.0	0.0	0.16797422247128047	0.8320257775287195	16.797422247128047	83.20257775287196	routine
303.75	29	19.614525624430026	3.334085945492902	4.810069259460201	28.052729777173685	0.03564715476686669	0.669375175119081	0.33062482488091904	0.0	0.0	0.0	0.0	0.0	0.0	0.0	0.16734379377977024	0.8326562062202297	16.734379377977024	83.26562062202298	routine
304.0	27	18.09704247556691	3.319026151943853	4.788342569990176	27.63342669189842	0.0361880562678526	0.6682544130008405	0.33174558699915946	0.0	0.0	0.0	0.0	0.0	0.0	0.0	0.16706360325021014	0.8329363967497898	16.706360325021013	83.29363967497898	routine
304.25	26	16.40968927743498	3.3065416374362275	4.770331222822119	27.29058135731133	0.036642678545654846	0.66657326982348	0.33342673017652	0.0	0.0	0.0	0.0	0.0	0.0	0.0	0.16664331745587	0.83335668254413	16.664331745587	83.335668254413	routine
304.5	26	14.738032366776395	3.2914753710544966	4.748595195028483	26.882496069024796	0.03719892667081032	0.6646119361165592	0.3353880638834408	0.0	0.0	0.0	0.0	0.0	0.0	0.0	0.1661529840291398	0.8338470159708602	16.61529840291398	83.38470159708602	routine
304.75	26	13.250226199154689	3.2702377203709165	4.71795574170715	26.317594828112515	0.037997393247037825	0.6634911739983188	0.3365088260016812	0.0	0.0	0.0	0.0	0.0	0.0	0.0	0.1658727934995797	0.8341272065004203	16.58727934995797	83.41272065004203	routine
305.0	24	12.066423258603681	3.2404472859519964	4.674977229705046	25.545145176970642	0.039146381555956705	0.6623704118800785	0.3376295881199215	0.0	0.0	0.0	0.0	0.0	0.0	0.0	0.16559260297001963	0.8344073970299803	16.559260297001963	83.44073970299803	routine
305.25	21	11.258009471514008	3.2077688418298256	4.627832200426023	24.723861794037198	0.04044675578315909	0.6606892687027178	0.3393107312972822	0.0	0.0	0.0	0.0	0.0	0.0	0.0	0.16517231717567946	0.8348276828243205	16.517231717567945	83.48276828243205	routine
305.5	19	10.851743091215774	3.1824710859621512	4.59133525349011	24.106248625648497	0.041483020254591704	0.6595685065844774	0.3404314934155226	0.0	0.0	0.0	0.0	0.0	0.0	0.0	0.16489212664611935	0.8351078733538806	16.489212664611934	83.51078733538806	routine
305.75	18	10.852432601422604	3.17774525358224	4.584517318551539	23.992595300140987	0.04167952601585055	0.6592883160549173	0.34071168394508267	0.0	0.0	0.0	0.0	0.0	0.0	0.0	0.16482207901372933	0.8351779209862706	16.482207901372934	83.51779209862707	routine
306.0	20	11.250822621998859	3.196073166609714	4.61095890778612	24.436383937103294	0.04092258505079539	0.6601288876435977	0.3398711123564023	0.0	0.0	0.0	0.0	0.0	0.0	0.0	0.16503222191089942	0.8349677780891006	16.503222191089943	83.49677780891007	routine
306.25	24	12.037857318819698	3.2328097283229225	4.663958563189078	25.350785818722716	0.03944650896231604	0.6612496497618381	0.3387503502381619	0.0	0.0	0.0	0.0	0.0	0.0	0.0	0.16531241244045952	0.8346875875595405	16.53124124404595	83.46875875595406	routine
306.5	25	13.191471256527867	3.2755299153215116	4.725590765117791	26.457241864315385	0.0377968347996533	0.6640515550574391	0.33594844494256093	0.0	0.0	0.0	0.0	0.0	0.0	0.0	0.16601288876435977	0.8339871112356403	16.601288876435977	83.39871112356403	routine
306.75	27	14.665291322577053	3.3144324429323415	4.781715248779982	27.506777887276005	0.036354676076494466	0.6679742224712805	0.33202577752871953	0.0	0.0	0.0	0.0	0.0	0.0	0.0	0.16699355561782012	0.8330064443821799	16.69935556178201	83.30064443821799	routine
307.0	26	16.37238051656073	3.345684970942681	4.826803115955741	28.380008491603327	0.03523607120469558	0.6704959372373214	0.32950406276267863	0.0	0.0	0.0	0.0	0.0	0.0	0.0	0.16762398430933034	0.8323760156906697	16.762398430933033	83.23760156906697	routine
307.25	28	18.17940818000235	3.3705650152064233	4.862697432432141	29.09496151018566	0.03437021216370803	0.6741384141216027	0.3258615858783973	0.0	0.0	0.0	0.0	0.0	0.0	0.0	0.16853460353040067	0.8314653964695993	16.853460353040067	83.14653964695992	routine
307.5	29	19.91981185690584	3.393192310125059	4.895341718599989	29.76080651169484	0.03360123992631177	0.6769403194172037	0.3230596805827963	0.0	0.0	0.0	0.0	0.0	0.0	0.0	0.16923507985430092	0.830764920145699	16.923507985430092	83.07649201456991	routine
307.75	31	21.41788811953717	3.4161410445615767	4.9284497439662305	30.4516763309936	0.03283891465056076	0.6811431773606053	0.31885682263939474	0.0	0.0	0.0	0.0	0.0	0.0	0.0	0.17028579434015131	0.8297142056598487	17.028579434015132	82.97142056598487	routine
308.0	32	22.52596072664327	3.440181072204613	4.963132172629672	31.192605770876664	0.032058879830221224	0.6875875595404876	0.31241244045951244	0.0	0.0	0.0	0.0	0.0	0.0	0.0	0.1718968898851219	0.8281031101148781	17.189688988512188	82.81031101148781	routine
308.25	34	23.1494447806695	3.4627128194962205	4.995638612709838	31.903407411572026	0.031344614294624824	0.6931913701316895	0.3068086298683105	0.0	0.0	0.0	0.0	0.0	0.0	0.0	0.17329784253292238	0.8267021574670776	17.32978425329224	82.67021574670777	routine
308.5	33	23.259567776264152	3.4789623660900957	5.019081752997516	32.426058235923186	0.030839394437778153	0.6976744186046512	0.3023255813953488	0.0	0.0	0.0	0.0	0.0	0.0	0.0	0.1744186046511628	0.8255813953488372	17.441860465116278	82.55813953488372	routine
308.75	32	22.885577611763466	3.4834884454861044	5.025611505296807	32.57315378194952	0.030700128292586518	0.6985149901933315	0.3014850098066685	0.0	0.0	0.0	0.0	0.0	0.0	0.0	0.17462874754833288	0.8253712524516671	17.462874754833287	82.5371252451667	routine
309.0	33	22.0923412660994	3.4715292324452953	5.008358007949897	32.185924589867206	0.031069481854028226	0.6965536564864108	0.30344634351358923	0.0	0.0	0.0	0.0	0.0	0.0	0.0	0.1741384141216027	0.8258615858783973	17.41384141216027	82.58615858783973	routine
309.25	33	20.959090015679603	3.441459017481717	4.964975857943478	31.232493695966305	0.032017936503390715	0.6881479405996077	0.3118520594003923	0.0	0.0	0.0	0.0	0.0	0.0	0.0	0.17203698514990193	0.827963014850098	17.203698514990194	82.7963014850098	routine
309.5	32	19.55969023293094	3.393773930748341	4.896180819788876	29.77812104528436	0.033581702434457635	0.6772205099467637	0.32277949005323625	0.0	0.0	0.0	0.0	0.0	0.0	0.0	0.16930512748669094	0.8306948725133091	16.930512748669095	83.06948725133091	routine
309.75	29	17.96599556639973	3.333295869183309	4.808929420286427	28.030574733197483	0.03567532986812678	0.6690949845895209	0.3309050154104791	0.0	0.0	0.0	0.0	0.0	0.0	0.0	0.16727374614738022	0.8327262538526198	16.72737461473802	83.27262538526197	routine
310.0	25	16.25143151329314	3.267234000751735	4.713622290308336	26.238662756449692	0.038111698346905705	0.6632109834687587	0.33678901653124127	0.0	0.0	0.0	0.0	0.0	0.0	0.0	0.16580274586718968	0.8341972541328103	16.580274586718968	83.41972541328103	routine
310.25	21	14.495062025878337	3.201858519314115	4.619305407442553	24.578166773397932	0.040686516989637544	0.6604090781731577	0.33959092182684225	0.0	0.0	0.0	0.0	0.0	0.0	0.0	0.16510226954328944	0.8348977304567106	16.510226954328942	83.48977304567106	routine
310.5	20	12.790566911289519	3.14401405566547	4.535853486593771	23.196793447857118	0.04310940657586354	0.6590081255253573	0.34099187447464274	0.0	0.0	0.0	0.0	0.0	0.0	0.0	0.16475203138133931	0.8352479686186607	16.47520313813393	83.52479686186607	routine
310.75	19	11.239685482219691	3.098722164777334	4.4705111002169735	22.169604072811268	0.04510680464638504	0.6581675539366769	0.3418324460633231	0.0	0.0	0.0	0.0	0.0	0.0	0.0	0.16454188848416923	0.8354581115158308	16.454188848416923	83.54581115158308	routine
311.0	20	9.939605198314084	3.0652907624528165	4.422279781873428	21.440695230076408	0.04664027865090997	0.6576071728775568	0.34239282712244323	0.0	0.0	0.0	0.0	0.0	0.0	0.0	0.1644017932193892	0.8355982067806108	16.44017932193892	83.55982067806109	routine
311.25	20	8.971599874050126	3.0365610539774934	4.3808315739298935	20.833474706797325	0.04799967427774929	0.6570467918184365	0.3429532081815635	0.0	0.0	0.0	0.0	0.0	0.0	0.0	0.16426169795460913	0.8357383020453909	16.42616979546091	83.57383020453909	routine
311.5	18	8.384877318090783	2.9993199069892293	4.327103955852908	20.07188153390237	0.04982093972161763	0.6559260297001961	0.3440739702998039	0.0	0.0	0.0	0.0	0.0	0.0	0.0	0.16398150742504902	0.836018492574951	16.398150742504903	83.6018492574951	routine
311.75	15	8.185224984730644	2.9430266940473393	4.245890016705937	18.97318552203808	0.052705962255967076	0.6539646959932754	0.34603530400672455	0.0	0.0	0.0	0.0	0.0	0.0	0.0	0.16349117399831886	0.8365088260016811	16.349117399831886	83.6508826001681	routine
312.0	16	8.331906340913802	2.872165123830416	4.143658380764377	17.675245897154966	0.0565762991824041	0.6508826001681143	0.3491173998318857	0.0	0.0	0.0	0.0	0.0	0.0	0.0	0.16272065004202857	0.8372793499579714	16.272065004202858	83.72793499579714	routine
312.25	14	8.741114469959127	2.803726310789637	4.044922044586118	16.50603894791955	0.06058388709461041	0.6478005043429532	0.3521994956570468	0.0	0.0	0.0	0.0	0.0	0.0	0.0	0.1619501260857383	0.8380498739142617	16.19501260857383	83.80498739142617	routine
312.5	14	9.300175822744	2.7545611410888777	3.9739916980743684	15.714143097603634	0.06363694118023511	0.6455589801064724	0.3544410198935276	0.0	0.0	0.0	0.0	0.0	0.0	0.0	0.1613897450266181	0.8386102549733819	16.13897450266181	83.86102549733819	routine
312.75	15	9.889058905524251	2.7318639244817575	3.9412465362332934	15.361493014824804	0.06509783905997531	0.6441580274586719	0.3558419725413281	0.0	0.0	0.0	0.0	0.0	0.0	0.0	0.16103950686466798	0.838960493135332	16.1039506864668	83.89604931353321	routine
313.0	14	10.409527625670677	2.7371157471022785	3.948823314683547	15.442381070265993	0.06475685293931004	0.644718408517792	0.35528159148220795	0.0	0.0	0.0	0.0	0.0	0.0	0.0	0.161179602129448	0.838820397870552	16.1179602129448	83.88203978705519	routine
313.25	14	10.797263275726229	2.7636428228801093	3.98709379535751	15.857503938277125	0.06306162709417226	0.6461193611655927	0.35388063883440735	0.0	0.0	0.0	0.0	0.0	0.0	0.0	0.16152984029139816	0.8384701597086018	16.152984029139816	83.84701597086018	routine
313.5	16	11.032459895626241	2.802734178703128	4.0434907005450045	16.489670898034518	0.06064402413993567	0.6475203138133931	0.35247968618660686	0.0	0.0	0.0	0.0	0.0	0.0	0.0	0.1618800784533483	0.8381199215466517	16.18800784533483	83.81199215466518	routine
313.75	17	11.134637036671322	2.8451015019902774	4.104613827747115	17.20330474998006	0.05812836629550256	0.6492014569907537	0.3507985430092463	0.0	0.0	0.0	0.0	0.0	0.0	0.0	0.16230036424768843	0.8376996357523115	16.230036424768844	83.76996357523116	routine
314.0	18	11.149104403978464	2.8830116972727606	4.159306678480285	17.868005249313423	0.05596595624676263	0.6511627906976745	0.34883720930232553	0.0	0.0	0.0	0.0	0.0	0.0	0.0	0.16279069767441862	0.8372093023255813	16.27906976744186	83.72093023255813	routine
314.25	20	11.12338714868991	2.9077987098583025	4.195066778615899	18.31643437025275	0.05459577883914318	0.652843933875035	0.34715606612496497	0.0	0.0	0.0	0.0	0.0	0.0	0.0	0.16321098346875876	0.8367890165312413	16.321098346875875	83.67890165312413	routine
314.5	20	11.094428606879944	2.9146444405345333	4.204943080313758	18.442253918905106	0.05422330721598528	0.6531241244045951	0.3468758755954049	0.0	0.0	0.0	0.0	0.0	0.0	0.0	0.16328103110114878	0.8367189688988512	16.328103110114878	83.67189688988512	routine
314.75	18	11.074806916789438	2.901943665117849	4.186619734604664	18.2095041735498	0.05491637720990499	0.6522835528159148	0.34771644718408523	0.0	0.0	0.0	0.0	0.0	0.0	0.0	0.1630708882039787	0.8369291117960214	16.30708882039787	83.69291117960213	routine
315.0	17	11.049251000171074	2.871288127000264	4.142393141786641	17.659751557767354	0.05662593818088943	0.6506024096385542	0.3493975903614458	0.0	0.0	0.0	0.0	0.0	0.0	0.0	0.16265060240963855	0.8373493975903614	16.265060240963855	83.73493975903614	routine
315.25	16	10.981405404550618	2.82810330025553	4.080090606400364	16.9133508344564	0.05912488954954859	0.6486410759316336	0.35135892406836644	0.0	0.0	0.0	0.0	0.0	0.0	0.0	0.1621602689829084	0.8378397310170916	16.21602689829084	83.78397310170917	routine
315.5	16	10.820652385710986	2.7768883559303457	4.006203060203017	16.06894224604054	0.06223184978130123	0.6466797422247128	0.3533202577752872	0.0	0.0	0.0	0.0	0.0	0.0	0.0	0.1616699355561782	0.8383300644438219	16.16699355561782	83.83300644438219	routine
315.75	15	10.520402815731881	2.7226913010721905	3.928013237928369	15.22123208814752	0.06569770398407372	0.6438778369291118	0.3561221630708882	0.0	0.0	0.0	0.0	0.0	0.0	0.0	0.16096945923227796	0.8390305407677221	16.096945923227796	83.90305407677221	routine
316.0	13	10.050935760603675	2.669342905273839	3.8510477718707055	14.430483881915533	0.069297745535284	0.6427570748108714	0.3572429251891286	0.0	0.0	0.0	0.0	0.0	0.0	0.0	0.16068926870271785	0.8393107312972822	16.068926870271785	83.93107312972822	routine
316.25	14	9.411300346201449	2.6206018090541794	3.780729234067111	13.743992355758099	0.07275906258642861	0.6407957411039507	0.35920425889604934	0.0	0.0	0.0	0.0	0.0	0.0	0.0	0.16019893527598766	0.8398010647240124	16.019893527598768	83.98010647240125	routine
316.5	13	8.631785980147741	2.579146976267421	3.7209225523847733	13.1858854876865	0.07583866862288767	0.6393947884561502	0.36060521154384984	0.0	0.0	0.0	0.0	0.0	0.0	0.0	0.15984869711403754	0.8401513028859624	15.984869711403753	84.01513028859624	routine
316.75	12	7.771662390211907	2.5474778746076248	3.675233696470777	12.774843360525935	0.07827884630585642	0.6377136452787896	0.3622863547212104	0.0	0.0	0.0	0.0	0.0	0.0	0.0	0.1594284113196974	0.8405715886803026	15.94284113196974	84.05715886803026	routine
317.0	12	6.909708846911635	2.527467030302986	3.6463641506284734	12.521748723295094	0.07986104992984162	0.6368730736901093	0.36312692630989074	0.0	0.0	0.0	0.0	0.0	0.0	0.0	0.15921826842252731	0.8407817315774727	15.921826842252731	84.07817315774727	routine
317.25	12	6.129674840084938	2.5178149039322912	3.6324390757794385	12.401468635348616	0.08063561094285582	0.6363126926309891	0.3636873073690109	0.0	0.0	0.0	0.0	0.0	0.0	0.0	0.15907817315774728	0.8409218268422527	15.907817315774727	84.09218268422526	routine
317.5	10	5.5057627804356715	2.511540660478791	3.6233872558637437	12.323902391156153	0.08114312887755565	0.6357523115718688	0.36424768842813116	0.0	0.0	0.0	0.0	0.0	0.0	0.0	0.1589380778929672	0.8410619221070328	15.893807789296721	84.10619221070328	routine
317.75	10	5.090205149590661	2.4956095335811423	3.6004034980927333	12.129124374489287	0.08244618235618566	0.6351919305127487	0.3648080694872513	0.0	0.0	0.0	0.0	0.0	0.0	0.0	0.15879798262818717	0.8412020173718129	15.879798262818717	84.12020173718129	routine
318.0	10	4.906315142475221	2.458870518156838	3.547400302732946	11.691598631143801	0.08553150270966571	0.6309890725693471	0.3690109274306529	0.0	0.0	0.0	0.0	0.0	0.0	0.0	0.15774726814233678	0.8422527318576633	15.774726814233677	84.22527318576633	routine
318.25	9	4.947191137316653	2.403667207147723	3.4677587596994446	11.063674864633617	0.09038588102372944	0.6251050714485851	0.37489492855141493	0.0	0.0	0.0	0.0	0.0	0.0	0.0	0.15627626786214627	0.8437237321378537	15.627626786214627	84.37237321378537	routine
318.5	9	5.174864902749573	2.3406879435851478	3.3768988884788786	10.388380724939601	0.09626139303878989	0.613897450266181	0.38610254973381897	0.0	0.0	0.0	0.0	0.0	0.0	0.0	0.15347436256654526	0.8465256374334548	15.347436256654525	84.65256374334548	routine
318.75	10	5.528695813853462	2.2833002070277635	3.294105885539698	9.808998778245819	0.10194720405285175	0.6007284953768562	0.39927150462314376	0.0	0.0	0.0	0.0	0.0	0.0	0.0	0.15018212384421406	0.849817876155786	15.018212384421407	84.9817876155786	routine
319.0	9	5.932939509499012	2.2383293688688326	3.229226680343188	9.377651596905027	0.1066365059169011	0.5956850658447744	0.40431493415522557	0.0	0.0	0.0	0.0	0.0	0.0	0.0	0.1489212664611936	0.8510787335388064	14.89212664611936	85.10787335388063	routine
319.25	8	6.307034146603167	2.2061090757501667	3.1827426232449003	9.080316744408128	0.11012831690214149	0.591482207901373	0.40851779209862704	0.0	0.0	0.0	0.0	0.0	0.0	0.0	0.14787055197534324	0.8521294480246567	14.787055197534324	85.21294480246567	routine
319.5	8	6.575579956183614	2.182560304054752	3.148768927100899	8.868984511727938	0.11275248013768047	0.588680302605772	0.411319697394228	0.0	0.0	0.0	0.0	0.0	0.0	0.0	0.147170075651443	0.852829924348557	14.7170075651443	85.2829924348557	routine
319.75	9	6.682669420568971	2.1662905348722616	3.125296611784912	8.725855674644345	0.11460194132087324	0.5867189688988512	0.4132810311011488	0.0	0.0	0.0	0.0	0.0	0.0	0.0	0.1466797422247128	0.8533202577752872	14.66797422247128	85.33202577752871	routine
320.0	9	6.599302022984465	2.1562908930365587	3.1108701780978776	8.639035054194231	0.1157536685204793	0.5855982067806108	0.4144017932193892	0.0	0.0	0.0	0.0	0.0	0.0	0.0	0.1463995516951527	0.8536004483048473	14.63995516951527	85.36004483048472	routine
320.25	8	6.3282075623152645	2.1506616174603232	3.1027488501402454	8.590540168760251	0.11640711530999286	0.5844774446623704	0.4155225553376296	0.0	0.0	0.0	0.0	0.0	0.0	0.0	0.1461193611655926	0.8538806388344073	14.61193611655926	85.38806388344074	routine
320.5	9	5.908119238573493	2.1529230577274876	3.10601141879895	8.609989145275215	0.11614416500731087	0.5850378257214907	0.41496217427850934	0.0	0.0	0.0	0.0	0.0	0.0	0.0	0.14625945643037266	0.8537405435696274	14.625945643037266	85.37405435696273	routine
320.75	9	5.399081391354996	2.1619148511413906	3.118983834565886	8.68775750349226	0.11510450189223458	0.5864387783692911	0.41356122163070885	0.0	0.0	0.0	0.0	0.0	0.0	0.0	0.1466096945923228	0.8533903054076772	14.660969459232279	85.33903054076772	routine
321.0	8	4.872704941919366	2.1743699883046648	3.1369527991849333	8.796641389107828	0.1136797506873725	0.5878397310170916	0.41216026898290836	0.0	0.0	0.0	0.0	0.0	0.0	0.0	0.1469599327542729	0.8530400672457271	14.695993275427291	85.30400672457272	routine
321.25	8	4.400764246187189	2.1888096834066317	3.15778487570049	8.924583709696643	0.11205004429657495	0.5898010647240123	0.4101989352759877	0.0	0.0	0.0	0.0	0.0	0.0	0.0	0.14745026618100307	0.8525497338189969	14.745026618100306	85.25497338189969	routine
321.5	8	4.041589658254506	2.2018038524923957	3.176531499000994	9.041307984534399	0.11060346597091363	0.5912020173718129	0.4087979826281871	0.0	0.0	0.0	0.0	0.0	0.0	0.0	0.14780050434295322	0.8521994956570468	14.780050434295323	85.21994956570468	routine
321.75	7	3.8358923753540175	2.2117122385240813	3.1908262783921204	9.131338044002783	0.10951297555529368	0.591762398430933	0.40823760156906697	0.0	0.0	0.0	0.0	0.0	0.0	0.0	0.14794059960773326	0.8520594003922668	14.794059960773327	85.20594003922668	routine
322.0	8	3.8057202782816613	2.218986238048388	3.201320441433266	9.198001553824302	0.10871926843545973	0.5928831605491734	0.40711683945082655	0.0	0.0	0.00047512243239950273	0.00047512243239950273	0.0	0.0	0.0056352459016393444	0.1496296016127032	0.8503703983872968	14.962960161270319	85.03703983872968	routine
322.25	7	3.9561443853658416	2.225076609462075	3.2101069900689647	9.254191735401903	0.1080591399651361	0.5934435416082936	0.4065564583917064	0.0	0.0	0.0012245475933842268	0.0012245475933842268	0.0	0.0	0.024077868852459015	0.15438035261518815	0.8456196473848119	15.438035261518815	84.5619647384812	routine
322.5	8	4.279410838175161	2.2349521083284576	3.2243543233097993	9.34603424427612	0.10699725400775621	0.5951246847856543	0.4048753152143457	0.0	0.0	0.002964847756533933	0.002964847756533933	0.0	0.0	0.04405737704918033	0.15979551545870865	0.8402044845412914	15.979551545870866	84.02044845412914	routine
322.75	9	4.751596916197931	2.248112693409123	3.2433410341408724	9.469846456664222	0.10559833304332715	0.5965256374334548	0.40347436256654523	0.0	0.0	0.0067435055720824815	0.0067435055720824815	0.0	0.0	0.06403688524590163	0.1651406306698391	0.8348593693301609	16.514063066983912	83.48593693301609	routine
323.0	9	5.33530792466463	2.265889862238281	3.2689880674517444	9.63969878956246	0.10373768121082436	0.5987671616699356	0.4012328383300644	0.0	0.0	0.014408727858551806	0.014408727858551806	0.0	0.0	0.08401639344262295	0.17069588877813963	0.8293041112218604	17.069588877813963	82.93041112218604	routine
323.25	9	5.980287330656144	2.290652177482486	3.3047125368554884	9.881379993707037	0.10120043967915925	0.6035304006724572	0.3964695993275428	0.0	0.0	0.028921589110197057	0.028921589110197057	0.0	0.0	0.10297131147540983	0.17662542803696676	0.8233745719630332	17.662542803696677	82.33745719630332	routine
323.5	9	6.627647114370141	2.3242501007834653	3.3531840941859787	10.21901398116909	0.09785679928051108	0.6094144017932194	0.3905855982067806	0.0	0.0	0.05453499274067613	0.05453499274067613	0.0	0.0	0.12397540983606557	0.18334745290732124	0.8166525470926788	18.334745290732123	81.66525470926787	routine
323.75	10	7.2203603765149165	2.3676943738797385	3.415860931536998	10.672756508399575	0.09369650654102239	0.6203418324460633	0.37965816755393667	0.0	0.0	0.09660174297438906	0.09660174297438906	0.0	0.0	0.14549180327868852	0.19145840893118796	0.8085415910688121	19.145840893118795	80.85415910688121	routine
324.0	12	7.716837445139591	2.4216263482227776	3.4936683234670514	11.264163878955191	0.0887771174803571	0.6281871672737461	0.3718128327262539	0.0	0.0	0.16075010306527449	0.16075010306527449	0.0	0.0	0.17008196721311475	0.19956728362171522	0.8004327163782847	19.95672836217152	80.04327163782847	routine
324.25	13	8.098503174137567	2.482526933763163	3.5815292962133993	11.971477359055237	0.08353187914970235	0.6332305968058279	0.36676940319417206	0.0	0.0	0.251289390268061	0.251289390268061	0.0	0.0	0.19620901639344263	0.20735990329981763	0.7926400967001823	20.735990329981764	79.26400967001823	routine
324.5	13	8.372947252408627	2.544067504400534	3.670313572285411	12.731350620655055	0.07854626188502127	0.6374334547492295	0.3625665452507705	0.0	0.0008769028274256628	0.36902317401329116	0.36902317401329116	0.0	0.010353753235547885	0.22694672131147542	0.2186834823240632	0.7813165176759368	21.86834823240632	78.13165176759368	routine
324.75	13	8.562418869221958	2.5943936376651004	3.742918835173319	13.388466637715002	0.0746911522476385	0.6402353600448305	0.3597646399551695	0.0	0.0021714932209103296	0.5090843216748252	0.5090843216748252	0.0	0.02070750647109577	0.2581967213114754	0.22978489695685042	0.7702151030431496	22.97848969568504	77.02151030431496	routine
325.0	14	8.69451652404317	2.6249824848931547	3.7870492133757425	13.804332399592736	0.07244102583544733	0.6410759316335108	0.35892406836648916	0.0	0.005051520040638117	0.6597545581570219	0.6597545581570219	0.0	0.031061259706643658	0.29149590163934425	0.24090827324487468	0.7590917267551254	24.090827324487467	75.90917267551254	routine
325.25	14	8.783836511371979	2.6308226915216713	3.7954748505164706	13.885188431321557	0.07201918828442017	0.6413561221630709	0.3586438778369291	0.0	0.011039318856268378	0.8032147431435012	0.8032147431435012	0.0	0.04314063848144953	0.3242827868852459	0.2521948868824416	0.7478051131175584	25.219488688244162	74.78051131175583	routine
325.5	15	8.825342382699095	2.6140196403221063	3.7712331718790546	13.65382415571777	0.07323955461820073	0.6405155505743906	0.3594844494256094	0.0	0.022663087194432996	0.9186234727215892	0.9186234727215892	0.0	0.060396893874029335	0.3514344262295082	0.26308671766948205	0.736913282330518	26.308671766948205	73.6913282330518	routine
325.75	15	8.795889128976512	2.5815628006393667	3.724407850225838	13.217778779998454	0.07565567684588809	0.6399551695152704	0.36004483048472957	0.0	0.04370714680359048	0.9869610190521707	0.9869610190521707	0.0	0.07592752372735116	0.3780737704918033	0.2734891159336062	0.7265108840663939	27.34891159336062	72.65108840663939	routine
326.0	13	8.665393877270343	2.5417902538286685	3.6670281941785197	12.702391131694961	0.078725335224862	0.6371532642196693	0.36284673578033066	0.0	0.07918491204164528	0.9961369660853917	0.9961369660853917	0.0	0.091458153580673	0.38524590163934425	0.27846432985992164	0.7215356701400784	27.846432985992166	72.15356701400783	routine
326.25	12	8.410169817294182	2.5004814507943647	3.6074321888958707	12.1883606442446	0.08204548824802002	0.6354721210423088	0.36452787895769123	0.0	0.13476869265210542	0.9444842244691878	0.9444842244691878	0.0	0.11216566005176877	0.36065573770491804	0.2770733796997489	0.7229266203002511	27.707337969974887	72.29266203002511	routine
326.5	12	8.020290375575737	2.456966768009591	3.5446537718364213	11.669361921813517	0.08569448841334691	0.630708882039787	0.36929111796021297	0.0	0.21547266698214054	0.8412536370039073	0.8412536370039073	0.0	0.1363244176013805	0.33350409836065575	0.2751343495004558	0.7248656504995442	27.51343495004558	72.48656504995442	routine
326.75	10	7.507049897749544	2.409948531414337	3.4768207950691044	11.133388110579105	0.08981991735739327	0.6256654525077052	0.3743345474922948	0.0	0.3236323700217168	0.7039078299947101	0.7039078299947101	0.0	0.15703192407247626	0.30225409836065575	0.2712378687352093	0.7287621312647907	27.123786873520928	72.87621312647907	routine
327.0	10	6.8951383280092635	2.3554295173948083	3.3981664839089745	10.54265614355386	0.09485275687488244	0.6175399271504624	0.38246007284953765	0.0	0.45663407370232706	0.5533007161815036	0.5533007161815036	0.0	0.181190681622088	0.27100409836065575	0.26743367678330154	0.7325663232166985	26.743367678330156	73.25663232166984	routine
327.25	10	6.219873043752571	2.293444407168393	3.308740872776369	9.909009632460648	0.10091825894730468	0.6043709722611376	0.39562902773886244	0.0	0.605259021521412	0.40856697905986916	0.40856697905986916	0.0	0.20448662640207074	0.2346311475409836	0.260872186551048	0.7391278134489521	26.0872186551048	73.91278134489521	routine
327.5	10	5.518134604893719	2.2256537013484654	3.210939557671597	9.25953379564906	0.10799679790249132	0.5937237321378538	0.4062762678621462	0.0	0.753651942081768	0.2834143849076639	0.2834143849076639	0.0	0.23209663503019845	0.2038934426229508	0.25742845244775076	0.7425715475522492	25.742845244775076	74.25715475522492	routine
327.75	8	4.828574614250439	2.159574416288073	3.1156073008094807	8.66744814866546	0.1153742119765633	0.5858783973101709	0.4141216026898291	0.0	0.8815703370897993	0.18468733316972627	0.18468733316972627	0.0	0.2571182053494392	0.17674180327868852	0.25493460148457464	0.7450653985154254	25.493460148457466	74.50653985154254	routine
328.0	6	4.190050069054721	2.1052840991405235	3.037282929492422	8.209434971745559	0.12181106293450202	0.577752871952928	0.422247128047072	0.0	0.9687232197506319	0.11305998564624144	0.11305998564624144	0.0	0.27782571182053495	0.15317622950819673	0.25218870332041493	0.7478112966795851	25.218870332041494	74.78112966795851	routine
328.25	7	3.6429541034727784	2.0746205266791007	2.993044745566388	7.961524699515326	0.12560408184890476	0.5735500140095264	0.42644998599047357	0.0	0.9999978021785569	0.06501855848458389	0.06501855848458389	0.0	0.29594477998274377	0.13165983606557377	0.250288657514461	0.7497113424855391	25.0288657514461	74.97113424855391	routine
328.5	6	3.2242105759199626	2.0677195564493034	2.983088750038537	7.906771596640499	0.1264738696163791	0.5724292518912861	0.42757074810871387	0.0	0.9697392550737959	0.03512548601529786	0.03512548601529786	0.0	0.2786885245901639	0.11014344262295082	0.24031530477610022	0.7596846952238998	24.031530477610023	75.96846952238998	routine
328.75	6	2.9659822853396625	2.0731961417068128	2.9909897924305517	7.950192496002997	0.1257831178934039	0.5729896329504063	0.4270103670495937	0.0	0.8834205587224907	0.017826412116666555	0.017826412116666555	0.0	0.25798101811906815	0.08965163934426229	0.23015557260343417	0.7698444273965659	23.015557260343417	76.98444273965659	routine
329.0	5	2.886717305961881	2.066503975261353	2.981335037086883	7.897166113135512	0.12662770235219953	0.5718688708321659	0.42813112916783413	0.0	0.7560258102672498	0.008498888619453658	0.008498888619453658	0.0	0.23295944779982744	0.0701844262295082	0.21875318621537537	0.7812468137846247	21.875318621537538	78.12468137846247	routine
329.25	7	2.9893762714420253	2.039394636906679	2.942224529080814	7.685954996788063	0.13010744929132384	0.5685065844774446	0.4314934155225554	0.0	0.6078022979019017	0.003806421939124508	0.003806421939124508	0.0	0.20534943917169973	0.050204918032786885	0.2060152354204828	0.7939847645795172	20.60152354204828	79.39847645795172	routine
329.5	6	3.2562651039497794	2.003961493045603	2.8911053081493345	7.418385849725018	0.13480021398955241	0.5629027738862427	0.43709722611375734	0.0	0.459033781854723	0.0016015050515082385	0.0016015050515082385	0.0	0.182053494391717	0.02971311475409836	0.1936673457580145	0.8063326542419855	19.366734575801452	80.63326542419856	routine
329.75	6	3.6533663187534535	1.9838424668012096	2.862079688759033	7.270626521104452	0.13753972881116908	0.5589801064724013	0.44101989352759874	0.0	0.3256743485144864	0.0006329891891719562	0.0006329891891719562	0.0	0.15875754961173424	0.010758196721311475	0.18212396320136176	0.8178760367986382	18.212396320136175	81.78760367986382	routine
330.0	6	4.137195811415611	1.9954823769778987	2.8788725294473356	7.355750416888894	0.13594806013319696	0.5603810591202018	0.43961894087979825	0.0	0.21705962734061257	0.0	0.0	0.0	0.1371872303710095	0.0	0.1743920723728028	0.8256079276271973	17.43920723728028	82.56079276271973	routine
330.25	7	4.661507512715287	2.0386933014065614	2.941212715832795	7.6805664535057305	0.13019873026989542	0.5679462034183245	0.43205379658167553	0.0	0.1359036584787166	0.0	0.0	0.0	0.11302847282139776	0.0	0.17024366905993055	0.8297563309400695	17.024366905993055	82.97563309400695	routine
330.5	7	5.187468150689588	2.1052196820613496	3.037189995291749	8.208906160955417	0.12181890990012391	0.5774726814233679	0.42252731857663206	0.0	0.08051246639491337	0.0	0.0	0.0	0.09318377911993098	0.0	0.16766411513582474	0.8323358848641753	16.766411513582476	83.23358848641753	routine
330.75	10	5.688578210595887	2.1827497660724036	3.1490422630142016	8.870665006618	0.11273111984884397	0.588960493135332	0.41103950686466795	0.0	0.04563624639670663	0.0003705458267064541	0.0003705458267064541	0.0	0.07679033649698015	0.0025614754098360654	0.16707807626053708	0.8329219237394629	16.707807626053707	83.29219237394629	routine
331.0	10	6.150639189164755	2.2574096558176846	3.2567537157030353	9.558297790453606	0.10462113881812247	0.597366209022135	0.402633790977865	0.0	0.02643733563097717	0.0009701891193587698	0.0009701891193587698	0.0	0.0638481449525453	0.020491803278688523	0.1704265393133422	0.8295734606866578	17.042653931334222	82.95734606866579	routine
331.25	11	6.567410778668473	2.31746387357877	3.343393637851419	10.149900206613962	0.09852313615343447	0.608293639674979	0.39170636032502104	0.0	0.019066586678398226	0.0023863133339812733	0.0023863133339812733	0.0	0.054357204486626405	0.039959016393442626	0.17565246513876198	0.824347534861238	17.565246513876197	82.4347534861238	routine
331.5	11	6.9306621647467255	2.354295800602976	3.3965308763156252	10.530710530004221	0.0949603540189229	0.6172597366209022	0.38274026337909783	0.0	0.02176480510334639	0.005513852333323996	0.005513852333323996	0.0	0.059534081104400345	0.0584016393442623	0.18379886426739123	0.8162011357326088	18.379886426739123	81.62011357326088	routine
331.75	11	7.224441078942998	2.3673844045598456	3.4154137403363607	10.66944879399476	0.09372555408512241	0.6200616419165033	0.37993835808349674	0.0	0.035197221256738596	0.011968490766201023	0.011968490766201023	0.0	0.07075064710957722	0.0783811475409836	0.19229835914176602	0.807701640858234	19.2298359141766	80.77016408582341	routine
332.0	11	7.418068672134159	2.3593500510758325	3.4038226184082263	10.584070111433693	0.0944816114662474	0.6189408797982628	0.38105912020173716	0.0	0.062331993334584904	0.024405080355729056	0.024405080355729056	0.0	0.08541846419327007	0.09836065573770492	0.20067999993230945	0.7993200000676906	20.067999993230945	79.93200000676906	routine
332.25	9	7.478249096524717	2.3409472824727775	3.3772730354059717	10.39107518541517	0.09623643195302753	0.6141776407957411	0.3858223592042589	0.0	0.10782278933206084	0.046749577437676715	0.046749577437676715	0.0	0.10267471958584987	0.11834016393442623	0.2087981310790043	0.7912018689209956	20.87981310790043	79.12018689209957	routine
332.5	10	7.380547208463063	2.3247757521712473	3.3539424488363685	10.224387032102177	0.09780537423517269	0.6099747828523396	0.39002521714766036	0.0	0.17663983742631179	0.08412628913832279	0.08412628913832279	0.0	0.12683347713546161	0.1403688524590164	0.2192942781117044	0.7807057218882956	21.92942781117044	78.07057218882956	routine
332.75	11	7.126865665943877	2.32378487392766	3.35251291370822	10.214260927135118	0.0979023354830704	0.6091342112636593	0.3908657887363407	0.0	0.27270183333299775	0.1422140059052026	0.1422140059052026	0.0	0.15099223468507333	0.16342213114754098	0.23088714427406842	0.7691128557259316	23.088714427406842	76.91128557259316	routine
333.0	12	6.7507102579727585	2.342676378043778	3.379767593011477	10.409057889923217	0.09607017374435763	0.6147380218548613	0.38526197814513874	0.0	0.39549778343270325	0.22584454349151825	0.22584454349151825	0.0	0.17515099223468508	0.19057377049180327	0.2451156961453374	0.7548843038546627	24.51156961453374	75.48843038546626	routine
333.25	9	6.319503200831269	2.380215898477444	3.4339256729784773	10.807235877846528	0.0925305981384078	0.6220229756234239	0.3779770243765761	0.0	0.5388360513380408	0.3369251493509303	0.3369251493509303	0.0	0.1984469370146678	0.21875	0.2598049781595229	0.7401950218404771	25.98049781595229	74.01950218404771	routine
333.5	9	5.916636739891681	2.4234596719794075	3.4963132505590853	11.28483367962196	0.0886145093840231	0.6284673578033062	0.3715326421966938	0.0	0.6896453795015068	0.47218681035439886	0.47218681035439886	0.0	0.2200172562553926	0.25	0.2746211535146747	0.7253788464853252	27.46211535146747	72.53788464853253	routine
333.75	11	5.619722997974924	2.451593440745068	3.5369016992388205	11.606826782586586	0.08615619227645177	0.6301485009806669	0.3698514990193331	0.0	0.8291853333774785	0.6216570579649028	0.6216570579649028	0.0	0.2459016393442623	0.2848360655737705	0.29022155147467493	0.7097784485253251	29.022155147467494	70.97784485253251	routine
334.0	12	5.477337980499639	2.4448869124586343	3.527226224138401	11.529245711062245	0.08673594310168146	0.6295881199215466	0.3704118800784534	0.0	0.9365565109057306	0.7688550667173887	0.7688550667173887	0.0	0.26747195858498707	0.3155737704918033	0.30315846224958426	0.6968415377504158	30.315846224958428	69.68415377504158	routine
334.25	11	5.500426890697863	2.404036806377437	3.4682919786752695	11.067764746103352	0.09035248064448351	0.6253852619781451	0.37461473802185485	0.0	0.9937404270151285	0.8932945564499304	0.8932945564499304	0.0	0.2899050905953408	0.3452868852459016	0.3151443094548469	0.684855690545153	31.51443094548469	68.48556905451531	routine
334.5	10	5.659552604075052	2.3465545615821304	3.3853626291699155	10.449504505887665	0.09569831750745314	0.6152984029139815	0.3847015970860185	0.0	0.9905320299127164	0.9749929809406078	0.9749929809406078	0.0	0.28904227782571185	0.3724385245901639	0.31919480133246436	0.6808051986675356	31.919480133246438	68.08051986675356	routine
334.75	9	5.898275717888819	2.294634777524366	3.310458214185753	9.920812047012738	0.10079820031477268	0.6046511627906976	0.39534883720930236	0.0	0.9275144489401237	0.9996889363458663	0.9996889363458663	0.0	0.26660914581535805	0.39036885245901637	0.315407290266268	0.684592709733732	31.540729026626803	68.4592709733732	routine
335.0	9	6.153589943347602	2.265109351076254	3.26786202786893	9.632177832535898	0.1038186812355318	0.5984869711403754	0.4015130288596246	0.0	0.8158859211949107	0.9629081824628175	0.9629081824628175	0.0	0.24245038826574633	0.367827868852459	0.3021913070646452	0.6978086929353549	30.21913070646452	69.78086929353549	routine
335.25	8	6.369886560232934	2.2609465911297137	3.261856434737645	9.592164728710442	0.10425175424759815	0.5982067806108153	0.40179321938918466	0.0	0.6742093781433479	0.8712874600813821	0.8712874600813821	0.0	0.21570319240724764	0.3422131147540984	0.28903077194304033	0.7109692280569597	28.903077194304032	71.09692280569597	routine
335.5	8	6.519106095469751	2.2853334945058217	3.297039299300994	9.82896358284921	0.10174012667469065	0.6018492574950967	0.39815074250490334	0.0	0.5233795316080637	0.7406186511062034	0.7406186511062034	0.0	0.19585849870578084	0.3114754098360656	0.2772957915092358	0.7227042084907642	27.729579150923577	72.27042084907642	routine
335.75	9	6.598105105487862	2.333112213553941	3.365969420331743	10.309978509085896	0.09699341265539282	0.6122163070888204	0.38778369291117964	0.0	0.3816763708242566	0.591404222329171	0.591404222329171	0.0	0.1734253666954271	0.2792008196721312	0.2662106233640946	0.7337893766359054	26.621062336409462	73.37893766359053	routine
336.0	9	6.635313738741953	2.4016312374946835	3.464821476377604	11.041172473224167	0.09057009139428712	0.6245446903894648	0.3754553096105352	0.0	0.2614751427911039	0.4436400972486391	0.4436400972486391	0.0	0.14926660914581535	0.2459016393442623	0.2549282347198856	0.7450717652801144	25.49282347198856	74.50717652801144	routine
336.25	12	6.680675441980389	2.4839203175004507	3.5835395240212398	11.988169847739059	0.08341556823943379	0.633510787335388	0.366489212664612	0.0	0.1682759838804101	0.3126322366478317	0.3126322366478317	0.0	0.12338222605694564	0.21260245901639344	0.24237386810218176	0.7576261318978182	24.237386810218176	75.76261318978183	routine
336.5	13	6.7978833488981065	2.5708930091849074	3.7090145950071705	13.077497553491323	0.07646722898701887	0.6391145979265901	0.3608854020734099	0.0	0.10173501723730252	0.20696328946224024	0.20696328946224024	0.0	0.1000862812769629	0.18442622950819673	0.23090677717793742	0.7690932228220626	23.090677717793742	76.90932228220626	routine
336.75	13	7.045771408413709	2.64761152508842	3.8196960174455286	14.120272420117226	0.07082016339679784	0.6421966937517511	0.35780330624824885	0.0	0.05777971327927074	0.12870916535496918	0.12870916535496918	0.0	0.08283002588438308	0.15932377049180327	0.22108762253198436	0.7789123774680157	22.108762253198435	77.89123774680156	routine
337.0	14	7.464309424362238	2.7026024848474597	3.89903120238362	14.918506434633533	0.06703083880290357	0.6430372653404315	0.3569627346595685	0.0	0.030827399933517574	0.07519383317539144	0.07519383317539144	0.0	0.06816220880069025	0.13729508196721313	0.2121236390270837	0.7878763609729162	21.21236390270837	78.78763609729162	routine
337.25	14	8.059751694046568	2.7330468332530837	3.9429531128515096	15.379675011354163	0.06502087978203326	0.644438217988232	0.355561782011768	0.0	0.015450943551060085	0.04126782402164052	0.04126782402164052	0.0	0.05004314063848145	0.11629098360655737	0.20269308555831772	0.7973069144416822	20.26930855583177	79.73069144416823	routine
337.5	16	8.799862701288513	2.7471650646514205	3.9633214152760132	15.598348833565694	0.06410934969271397	0.6449985990473522	0.35500140095264776	0.0	0.007274944926193863	0.021276368824118555	0.021276368824118555	0.0	0.03537532355478861	0.09631147540983606	0.19417134950299422	0.8058286504970058	19.417134950299424	80.58286504970059	routine
337.75	15	9.617828133314662	2.757438684668721	3.97814311592695	15.759426350206871	0.06345408632128753	0.6458391706360325	0.35416082936396753	0.0	0.0032178145332675116	0.010304811344045782	0.010304811344045782	0.0	0.025021570319240724	0.07633196721311475	0.18679817704209697	0.813201822957903	18.679817704209697	81.3201822957903	routine
338.0	15	10.428664289833169	2.7747665238104724	4.0031419035260765	16.0348827952473	0.06236403550741248	0.6463995516951527	0.35360044830484727	0.0	0.0013370538616338582	0.0046885567315366715	0.0046885567315366715	0.0	0.014667817083692839	0.05635245901639344	0.17935495694880974	0.8206450430511902	17.935495694880974	82.06450430511903	routine
338.25	15	11.151406522973017	2.804978532152787	4.04672861813683	16.5267211091306	0.06050807013664222	0.6480806948725133	0.3519193051274867	0.0	0.0005219073239173211	0.002003987001555446	0.002003987001555446	0.0	0.005176876617773943	0.035860655737704916	0.17227955680699805	0.827720443193002	17.227955680699804	82.77204431930019	routine
338.5	17	11.72892061708353	2.847534076342683	4.108123290701924	17.24520400876134	0.05798713656805422	0.6494816475203138	0.3505183524796862	0.0	0.0	0.000804650378725065	0.000804650378725065	0.0	0.0	0.017930327868852458	0.16685299384729158	0.8331470061527084	16.685299384729156	83.31470061527084	routine
338.75	18	12.141684988398346	2.8976562979976763	4.18043437132192	18.13160046431456	0.05515232932515446	0.6517231717567946	0.3482768282432054	0.0	0.0	0.0	0.0	0.0	0.0	0.0	0.16293079293919865	0.8370692070608013	16.293079293919867	83.70692070608014	routine
339.0	19	12.4088358456624	2.9488088060182607	4.25423184097225	19.083208380885154	0.05240208983944534	0.6542448865228355	0.3457551134771645	0.0	0.0	0.0	0.0	0.0	0.0	0.0	0.16356122163070888	0.8364387783692911	16.35612216307089	83.64387783692912	routine
339.25	21	12.568116631211911	2.9901864478002325	4.313927159574781	19.889390478983707	0.05027806161564672	0.6553656486410759	0.34463435135892406	0.0	0.0	0.0	0.0	0.0	0.0	0.0	0.16384141216026898	0.8361585878397311	16.384141216026897	83.61585878397311	routine
339.5	22	12.661454996900872	3.013852342446998	4.34806982841987	20.365704668615127	0.04910215562248946	0.6562062202297563	0.3437937797702437	0.0	0.0	0.0	0.0	0.0	0.0	0.0	0.16405155505743907	0.8359484449425609	16.405155505743906	83.5948444942561	routine
339.75	21	12.713567376635815	3.016036190325112	4.351220454923681	20.410228868886755	0.04899504098772722	0.6564864107593164	0.34351358924068365	0.0	0.0	0.000611341260893314	0.000611341260893314	0.0	0.0	0.009221311475409836	0.16642693055868155	0.8335730694413185	16.642693055868154	83.35730694413185	routine
340.0	21	12.721759488011948	2.998805618807121	4.326361994842993	20.061561456411216	0.049846568631895946	0.655645839170636	0.344354160829364	0.0	0.0	0.0015502401396518387	0.0015502401396518387	0.0	0.0	0.02817622950819672	0.1709555171697082	0.8290444828302919	17.09555171697082	82.90444828302918	routine
340.25	19	12.658928161576446	2.969087512457043	4.283487830187124	19.474141574556537	0.051350145328435196	0.6548052675819557	0.3451947324180443	0.0	0.0	0.003692928012569785	0.003692928012569785	0.0	0.0	0.048668032786885244	0.17586832509221023	0.8241316749077898	17.586832509221022	82.41316749077899	routine
340.5	18	12.487911007060795	2.9358557204654234	4.2355444886809615	18.837615973667045	0.05308527370968238	0.6536845054637154	0.34631549453628463	0.0	0.0	0.008264171115522991	0.008264171115522991	0.0	0.0	0.06813524590163934	0.18045493784133868	0.8195450621586613	18.045493784133868	81.95450621586613	routine
340.75	17	12.17970951907054	2.905902831486481	4.192331604290744	18.2817415355703	0.05469938397577312	0.652563743345475	0.34743625665452504	0.0	0.0	0.017373381442824562	0.017373381442824562	0.0	0.0	0.08811475409836066	0.1851696243609589	0.8148303756390411	18.51696243609589	81.48303756390412	routine
341.0	18	11.732155510607969	2.88357623742188	4.160121137753802	17.878095303513707	0.05593437013413073	0.6514429812272345	0.34855701877276546	0.0	0.0	0.03431041758518231	0.03431041758518231	0.0	0.0	0.10860655737704918	0.19001238465107093	0.809987615348929	19.001238465107093	80.9987615348929	routine
341.25	18	11.171679798410617	2.867193175540941	4.136485375623595	17.587583595352548	0.05685829406742642	0.6503222191089941	0.3496777808910059	0.0	0.0	0.0636537871438591	0.0636537871438591	0.0	0.0	0.12961065573770492	0.19498321871167476	0.8050167812883252	19.498321871167477	80.50167812883252	routine
341.5	16	10.547006967931662	2.8502111740770477	4.111985526327267	17.29143295743907	0.05783210694344351	0.6497618380498739	0.35023816195012614	0.0	0.0	0.11093768172415153	0.11093768172415153	0.0	0.0	0.15112704918032788	0.20022222180755045	0.7997777781924496	20.022222180755044	79.97777781924495	routine
341.75	16	9.91370765637528	2.8241070083623807	4.074325175904173	16.845895023959372	0.05936164261843804	0.6483608854020734	0.3516391145979266	0.0	0.0	0.1816312281834907	0.1816312281834907	0.0	0.0	0.17418032786885246	0.20563530331773144	0.7943646966822686	20.563530331773144	79.43646966822686	routine
342.0	16	9.316225121843726	2.7820569996499427	4.013659836865401	16.152211893653565	0.06191102534959403	0.6469599327542729	0.3530400672457271	0.0	0.0	0.2793563502123288	0.2793563502123288	0.0	0.0	0.2023565573770492	0.2123291225328305	0.7876708774671695	21.23291225328305	78.76708774671695	routine
342.25	16	8.774655631231012	2.7210619006424177	3.9256625100087135	15.19645080084426	0.06580483911048779	0.6435976463995517	0.35640235360044825	0.0	0.0	0.40362975217559205	0.40362975217559205	0.0	0.0	0.23206967213114754	0.21891682963267484	0.7810831703673251	21.891682963267485	78.10831703673252	routine
342.5	15	8.287693833339986	2.6471957005679183	3.8190961094719214	14.114402085207967	0.07084961828089126	0.6419165032221911	0.35808349677780893	0.0	0.0	0.5478534355224098	0.5478534355224098	0.0	0.0	0.26741803278688525	0.22733363400226908	0.7726663659977309	22.733363400226906	77.26663659977308	routine
342.75	12	7.834530781039409	2.567401144861731	3.7039768996646663	13.031912341354628	0.0767347089058192	0.63883440739703	0.36116559260297	0.0	0.0	0.6985575685887827	0.6985575685887827	0.0	0.0	0.29866803278688525	0.23437561004597882	0.7656243899540212	23.43756100459788	76.56243899540212	routine
343.0	11	7.390672472741507	2.4888977656419224	3.590720463771223	12.047989091557605	0.08300140317198085	0.6343513589240684	0.36564864107593165	0.0	0.0	0.8367517133816803	0.8367517133816803	0.0	0.0	0.33094262295081966	0.241323495468722	0.758676504531278	24.1323495468722	75.8676504531278	routine
343.25	10	6.9388971461776245	2.417167310015453	3.4872352911582096	11.214048358393152	0.08917386193109737	0.6262258335668255	0.3737741664331745	0.0	0.0	0.9415591606871309	0.9415591606871309	0.0	0.0	0.35809426229508196	0.24608002396547685	0.7539199760345232	24.608002396547686	75.39199760345232	routine
343.5	9	6.470034976720126	2.3503925471460962	3.390899671910052	10.48968661318175	0.09533173267000761	0.6161389745026619	0.38386102549733814	0.0	0.0	0.9953027654470322	0.9953027654470322	0.0	0.0	0.3837090163934426	0.2499619977240261	0.7500380022759738	24.996199772402612	75.00380022759738	routine
343.75	9	5.9893493457384706	2.289009442020657	3.302342570551215	9.865160825927996	0.10136682185370577	0.6029700196133371	0.39702998038666293	0.0	0.0	0.9883696552424093	0.9883696552424093	0.0	0.0	0.3801229508196721	0.24577324260825228	0.7542267573917477	24.57732426082523	75.42267573917478	routine
344.0	9	5.508763074106068	2.231734888642921	3.219712856424025	9.316014315170616	0.107342042011631	0.5942841131969739	0.40571588680302606	0.0	0.0	0.9220196795622403	0.9220196795622403	0.0	0.0	0.35297131147540983	0.23681385616809594	0.7631861438319041	23.681385616809596	76.31861438319041	routine
344.25	8	5.046919732205542	2.1807404495345586	3.1461434320094765	8.852858927733692	0.11295786007244073	0.5884001120762118	0.4115998879237882	0.0	0.0	0.8080115579056878	0.8080115579056878	0.0	0.0	0.32684426229508196	0.22881109359282342	0.7711889064071766	22.88110935928234	77.11889064071767	routine
344.5	9	4.623554419999437	2.135661848284947	3.081108757536451	8.462645641272202	0.11816635628969437	0.5819557298963295	0.4180442701036705	0.0	0.0	0.6651989426254311	0.6651989426254311	0.0	0.0	0.29456967213114754	0.21913135050686927	0.7808686494931307	21.913135050686925	78.08686494931307	routine
344.75	9	4.261633006913925	2.0986594115971977	3.027725525626227	8.155229774637014	0.12262070200768924	0.5769123003642477	0.4230876996357523	0.0	0.0	0.5144487570583652	0.5144487570583652	0.0	0.0	0.25922131147540983	0.20903340295991438	0.7909665970400857	20.903340295991438	79.09665970400856	routine
345.0	6	3.979507308464982	2.064692743947354	2.978721982652274	7.882875464321639	0.12685726224219313	0.5713084897730457	0.4286915102269543	0.0	0.0	0.3737569604319768	0.3737569604319768	0.0	0.0	0.22848360655737704	0.1999480240826057	0.8000519759173943	19.99480240826057	80.00519759173943	routine
345.25	7	3.7883444593398	2.0251507992757176	2.9216750151673985	7.577253502826362	0.1319739401126007	0.5657046791818436	0.43429532081815636	0.0	0.0	0.25508977518830234	0.25508977518830234	0.0	0.0	0.19723360655737704	0.19073457143480516	0.8092654285651948	19.073457143480514	80.92654285651948	routine
345.5	7	3.6882722437029534	1.974381461778075	2.8484303437303313	7.202163462418132	0.13884716796808846	0.5570187727654805	0.4429812272345195	0.0	0.0	0.16355107678054964	0.16355107678054964	0.0	0.0	0.1711065573770492	0.18203133253563242	0.8179686674643676	18.20313325356324	81.79686674643676	routine
345.75	6	3.666168270839765	1.915281295985574	2.7631668276257746	6.788848204178942	0.14730039174899215	0.5486130568786775	0.45138694312132255	0.0	0.0	0.09850774088588952	0.09850774088588952	0.0	0.0	0.14651639344262296	0.1737823625803251	0.8262176374196749	17.37823625803251	82.62176374196748	routine
346.0	5	3.696691055927338	1.8567926817940337	2.6787855939831715	6.403166808373705	0.15617272357987858	0.5407677220509947	0.45923227794900534	0.0	0.0	0.055737040602923886	0.055737040602923886	0.0	0.0	0.125	0.16644193051274866	0.8335580694872513	16.644193051274865	83.35580694872513	routine
346.25	6	3.7506865677072874	1.8133483160548605	2.6161086229767	6.130941432518532	0.16310708738726437	0.5360044830484729	0.4639955169515271	0.0	0.0	0.02962607017242128	0.02962607017242128	0.0	0.0	0.10399590163934426	0.1600000961719543	0.8399999038280457	16.000009617195428	83.99999038280457	routine
346.5	5	3.802795075588888	1.7959475068728556	2.5910045618623663	6.0251809183804745	0.16597011999247863	0.5332025777528719	0.46679742224712806	0.0	0.0	0.014793154171340542	0.014793154171340542	0.0	0.0	0.0855532786885246	0.15468896411034913	0.8453110358896508	15.468896411034914	84.53110358896508	routine
346.75	6	3.8373364610242966	1.8052447791669262	2.604417690494816	6.081459881027645	0.16443420158368618	0.5346035304006724	0.46539646959932757	0.0	0.0	0.006939115471827563	0.006939115471827563	0.0	0.0	0.06557377049180328	0.15004432522311892	0.849955674776881	15.004432522311891	84.9955674776881	routine
347.0	6	3.8540128724626443	1.8365248776023573	2.6495453333861314	6.274694995880589	0.15937029619073306	0.5390865788736341	0.4609134211263659	0.0	0.0	0.003057764543869098	0.003057764543869098	0.0	0.0	0.045081967213114756	0.1460421365216872	0.8539578634783128	14.60421365216872	85.39578634783128	routine
347.25	6	3.866833223712424	1.8835319636978034	2.717362223382672	6.576692528350284	0.1520521136862153	0.5430092462874755	0.4569907537125245	0.0	0.0	0.001265786797030337	0.001265786797030337	0.0	0.0	0.025102459016393443	0.14202792632596722	0.8579720736740328	14.202792632596722	85.79720736740329	routine
347.5	6	3.8944588398615245	1.9332124471126384	2.789036010434221	6.911678016202197	0.14468266572253843	0.5508545811151583	0.4491454188848417	0.0	0.0	0.0004922363447977847	0.0004922363447977847	0.0	0.0	0.00665983606557377	0.139378604295183	0.860621395704817	13.9378604295183	86.0621395704817	routine
347.75	7	3.9586222152865673	1.981620425011594	2.858873960088507	7.254488821099721	0.13784568763707988	0.5581395348837209	0.4418604651162791	0.0	0.0	0.0	0.0	0.0	0.0	0.0	0.13953488372093023	0.8604651162790697	13.953488372093023	86.04651162790698	routine
348.0	7	4.0742144421634805	2.0255956982756578	2.9223168687483088	7.5806253653455755	0.13191523809782854	0.5662650602409639	0.4337349397590361	0.0	0.0	0.0	0.0	0.0	0.0	0.0	0.14156626506024098	0.858433734939759	14.156626506024098	85.8433734939759	routine
348.25	8	4.251679550482301	2.0702414227139223	2.9867270339922882	7.926736581121408	0.1261553212682297	0.5727094424208462	0.4272905575791538	0.0	0.0	0.0	0.0	0.0	0.0	0.0	0.14317736060521155	0.8568226393947884	14.317736060521154	85.68226393947884	routine
348.5	8	4.493916459972384	2.1168514488182133	3.053971087508654	8.304947726442803	0.12041014982141526	0.5802745867189689	0.4197254132810311	0.0	0.0	0.0	0.0	0.0	0.0	0.0	0.14506864667974223	0.8549313533202578	14.506864667974224	85.49313533202579	routine
348.75	8	4.801041413081593	2.1667527602398167	3.1259634620304566	8.729889918783952	0.11454898163702126	0.5869991594284113	0.4130008405715887	0.0	0.0	0.0	0.0	0.0	0.0	0.0	0.14674978985710282	0.8532502101428971	14.674978985710283	85.32502101428972	routine
349.0	9	5.166467849342633	2.2142700604592016	3.1945164354133953	9.15472427690821	0.10923321880074428	0.5923227794900532	0.4076772205099468	0.0	0.0	0.0	0.0	0.0	0.0	0.0	0.1480806948725133	0.8519193051274867	14.80806948725133	85.19193051274867	routine
349.25	9	5.5779614813280025	2.254914988014666	3.253154670834955	9.534482730386706	0.1048824596234222	0.5970860184925749	0.4029139815074251	0.0	0.0	0.0	0.0	0.0	0.0	0.0	0.14927150462314373	0.8507284953768562	14.927150462314373	85.07284953768563	routine
349.5	9	6.014018926268247	2.285920952568177	3.2978868221342847	9.834739383104662	0.10168037616918699	0.6024096385542169	0.3975903614457831	0.0	0.0	0.0	0.0	0.0	0.0	0.0	0.15060240963855423	0.8493975903614458	15.060240963855422	84.93975903614458	routine
349.75	11	6.443293293930934	2.30723628845526	3.3286383515134617	10.046620290607077	0.09953596045975119	0.6063323059680583	0.3936676940319417	0.0	0.0	0.0	0.0	0.0	0.0	0.0	0.15158307649201458	0.8484169235079855	15.158307649201458	84.84169235079855	routine
350.0	11	6.828528948464995	2.322369343283495	3.350470734667657	10.199812556253683	0.09804101737015575	0.608573830204539	0.39142616979546097	0.0	0.0	0.0	0.0	0.0	0.0	0.0	0.15214345755113476	0.8478565424488652	15.214345755113476	84.78565424488652	routine
350.25	10	7.130300042721549	2.333740525144416	3.3668758823474545	10.316458423570216	0.09693248971132189	0.6124964976183805	0.38750350238161946	0.0	0.0	0.0	0.0	0.0	0.0	0.0	0.15312412440459514	0.8468758755954049	15.312412440459514	84.68758755954049	routine
350.5	10	7.3162776752749945	2.343545252624585	3.3810211140603617	10.418105985995027	0.09598673706567122	0.6150182123844214	0.38498178761557855	0.0	0.0	0.0	0.0	0.0	0.0	0.0	0.15375455309610536	0.8462454469038947	15.375455309610537	84.62454469038947	routine
350.75	10	7.371705416978751	2.356424630693417	3.3996021289300002	10.553152502552013	0.09475841458352613	0.6178201176800224	0.38217988231997757	0.0	0.0	0.0	0.0	0.0	0.0	0.0	0.1544550294200056	0.8455449705799944	15.44550294200056	84.55449705799944	routine
351.0	11	7.299688461553216	2.373430508766668	3.4241364248922412	10.734152799706688	0.09316058925743306	0.6209022135051835	0.3790977864948165	0.0	0.0	0.0	0.0	0.0	0.0	0.0	0.15522555337629587	0.8447744466237042	15.522555337629587	84.47744466237042	routine
351.25	11	7.124516714690407	2.3946406811275533	3.454736235373691	10.96425768648857	0.09120544487314594	0.6231437377416643	0.3768562622583357	0.0	0.0	0.0	0.0	0.0	0.0	0.0	0.15578593443541608	0.8442140655645839	15.578593443541608	84.4214065564584	routine
351.5	11	6.8891271016683175	2.42004909370082	3.491392826190004	11.246411429287074	0.08891725207525966	0.6270664051555057	0.3729335948444943	0.0	0.0	0.0	0.0	0.0	0.0	0.0	0.15676660128887643	0.8432333987111236	15.676660128887644	84.32333987111235	routine
351.75	10	6.6459869260959765	2.4473236668804526	3.5307417176586227	11.557373908365248	0.0865248462088951	0.6298683104511068	0.3701316895488932	0.0	0.0	0.0	0.0	0.0	0.0	0.0	0.1574670776127767	0.8425329223872233	15.746707761277671	84.25329223872234	routine
352.0	12	6.445943327120632	2.4707084102207344	3.5644787709081083	11.830824961048947	0.08452495944216369	0.6323900252171477	0.3676099747828523	0.0	0.0	0.0	0.0	0.0	0.0	0.0	0.15809750630428693	0.8419024936957131	15.809750630428693	84.19024936957132	routine
352.25	12	6.330676076648065	2.48552811969246	3.5858590922703817	12.007459956682697	0.08328156026399694	0.6337909778649482	0.3662090221350518	0.0	0.0	0.0	0.0	0.0	0.0	0.0	0.15844774446623705	0.8415522555337629	15.844774446623704	84.15522555337628	routine
352.5	10	6.325770262103422	2.491069829568887	3.5938540896271487	12.07418653501714	0.08282131447115171	0.6346315494536284	0.36536845054637157	0.0	0.0	0.0	0.0	0.0	0.0	0.0	0.1586578873634071	0.8413421126365929	15.865788736340711	84.13421126365928	routine
352.75	11	6.434641919106395	2.4874893185008737	3.5886885040654777	12.03103208009654	0.08311838862555636	0.6340711683945083	0.3659288316054917	0.0	0.0	0.0	0.0	0.0	0.0	0.0	0.15851779209862707	0.841482207901373	15.851779209862707	84.1482207901373	routine
353.0	12	6.643770486206889	2.479806196600949	3.577604102201911	11.938950384456966	0.08375945688675246	0.6329504062762679	0.36704959372373214	0.0	0.0	0.0	0.0	0.0	0.0	0.0	0.15823760156906697	0.841762398430933	15.823760156906697	84.1762398430933	routine
353.25	12	6.923324806874647	2.470709628679516	3.56448052877255	11.830839376430294	0.08452485645204735	0.6326702157467078	0.3673297842532922	0.0	0.0	0.0	0.0	0.0	0.0	0.0	0.15816755393667695	0.8418324460633231	15.816755393667695	84.18324460633231	routine
353.5	12	7.233915023724744	2.4616663721247285	3.5514338673874715	11.724332371624017	0.08529270309840961	0.6312692630989073	0.3687307369010927	0.0	0.0	0.0	0.0	0.0	0.0	0.0	0.15781731577472682	0.8421826842252732	15.781731577472682	84.21826842252732	routine
353.75	11	7.530107192380927	2.4517799761171464	3.5371708128950683	11.608992068284035	0.08614012259789694	0.630428691510227	0.36957130848977304	0.0	0.0	0.0	0.0	0.0	0.0	0.0	0.15760717287755674	0.8423928271224432	15.760717287755673	84.23928271224432	routine
354.0	11	7.763582966974765	2.4382020618079023	3.517582023255507	11.452431457326364	0.08731770224743661	0.6293079293919865	0.37069207060801346	0.0	0.0	0.0	0.0	0.0	0.0	0.0	0.15732698234799664	0.8426730176520034	15.732698234799663	84.26730176520034	routine
354.25	11	7.890275560593456	2.4200803544231513	3.4914379258790853	11.246763005727226	0.08891447250117805	0.6273465956850659	0.3726534043149341	0.0	0.0	0.0	0.0	0.0	0.0	0.0	0.15683664892126647	0.8431633510787335	15.683664892126647	84.31633510787336	routine
354.5	12	7.875294884417642	2.3978866972844592	3.4594192467859046	10.99990566975144	0.09090987050460739	0.6239843093303447	0.37601569066965534	0.0	0.0	0.0007252711266482819	0.0007252711266482819	0.0	0.0	0.013831967213114754	0.15945406913586485	0.8405459308641352	15.945406913586485	84.05459308641352	routine
354.75	11	7.701011346501416	2.375251222419893	3.426763159450628	10.753714420916435	0.09299112482055105	0.6217427850938638	0.3782572149061362	0.0	0.0	0.001818714428904275	0.001818714428904275	0.0	0.0	0.03227459016393443	0.16350434381444956	0.8364956561855504	16.350434381444956	83.64956561855504	routine
355.0	10	7.368644483364563	2.354021564610785	3.3961352374096583	10.527823026100396	0.09498639913691723	0.6169795460913421	0.3830204539086579	0.0	0.0	0.004284352849786969	0.004284352849786969	0.0	0.0	0.052766393442622954	0.16743648488349125	0.8325635151165087	16.743648488349123	83.25635151165088	routine
355.25	9	6.907043454097627	2.3402129624402512	3.3762136355366206	10.383447611629897	0.0963071262458105	0.613617259736621	0.38638274026337904	0.0	0.0	0.009481183343659069	0.009481183343659069	0.0	0.0	0.07172131147540983	0.1713346428030077	0.8286653571969923	17.13346428030077	82.86653571969923	routine
355.5	9	6.367601686899586	2.3389537779235097	3.3743970162787535	10.370381163428021	0.09642847106975971	0.6130568786775007	0.3869431213224993	0.0	0.0	0.019710446093468958	0.019710446093468958	0.0	0.0	0.09170081967213115	0.17618942458740797	0.8238105754125921	17.618942458740797	82.38105754125921	routine
355.75	11	5.819069402314935	2.3534501942387185	3.395310924207367	10.521809458091818	0.09504068705891153	0.616699355561782	0.383300644438218	0.0	0.0	0.03849346065534573	0.03849346065534573	0.0	0.0	0.11116803278688525	0.18196684708716682	0.8180331529128332	18.19668470871668	81.80331529128331	routine
356.0	9	5.337940590583053	2.382678963363564	3.43747912447507	10.83388761005216	0.09230296971810523	0.622303166152984	0.377696833847016	0.0	0.0	0.07062103128973757	0.07062103128973757	0.0	0.0	0.13319672131147542	0.18887497186611485	0.8111250281338851	18.887497186611483	81.11250281338852	routine
356.25	9	4.9939366274615855	2.4153115872002546	3.4845580490554586	11.193257490014615	0.08933949754055862	0.6259456430372653	0.3740543569627347	0.0	0.0	0.12171321901336886	0.12171321901336886	0.0	0.0	0.1557377049180328	0.1954208369888245	0.8045791630111755	19.54208369888245	80.45791630111755	routine
356.5	10	4.839243609741467	2.434363227825025	3.5120437565056135	11.408551751600784	0.08765354461925333	0.6290277388624265	0.37097226113757353	0.0	0.0	0.19705979956396838	0.19705979956396838	0.0	0.0	0.17930327868852458	0.20208275438773776	0.7979172456122623	20.208275438773775	79.79172456122623	routine
356.75	11	4.897884998488055	2.4269545463960744	3.5013552885485404	11.324341753810968	0.08830535334766554	0.6287475483328664	0.3712524516671336	0.0	0.0	0.29971944499897507	0.29971944499897507	0.0	0.0	0.2074795081967213	0.20905676413239693	0.7909432358676031	20.905676413239693	79.09432358676031	routine
357.0	10	5.161703395505559	2.3967779148666533	3.457819611890311	10.98771592688242	0.09101072567351431	0.6237041188007846	0.3762958811992154	0.0	0.0	0.4282411509729678	0.4282411509729678	0.0	0.0	0.24077868852459017	0.2161207018313437	0.7838792981686563	21.612070183134367	78.38792981686564	routine
357.25	10	5.5888239771727655	2.357731843878734	3.401488038909841	10.566956743226987	0.0946346260611847	0.6181003082095825	0.3818996917904175	0.0	0.0	0.5748022644633147	0.5748022644633147	0.0	0.0	0.27510245901639346	0.22330069180649398	0.7766993081935061	22.3300691806494	77.66993081935061	routine
357.5	10	6.110531456070285	2.3233395944434982	3.3518705112046105	10.20971373875837	0.09794593909168824	0.6088540207340992	0.3911459792659008	0.0	0.0	0.7247782266367591	0.7247782266367591	0.0	0.0	0.30686475409836067	0.22892969370811497	0.771070306291885	22.892969370811496	77.1070306291885	routine
357.75	10	6.642589457014706	2.300223843315358	3.318521531685619	9.976415358784381	0.10023640396241976	0.605771924908938	0.39422807509106195	0.0	0.0	0.8585160141178974	0.8585160141178974	0.0	0.0	0.33760245901639346	0.23584359598133287	0.7641564040186671	23.584359598133286	76.41564040186671	routine
358.0	10	7.0982206158666585	2.2877164034340227	3.3004771101946	9.85241303578513	0.10149797784237036	0.602689829083777	0.397310170916223	0.0	0.0	0.9558835594409972	0.9558835594409972	0.0	0.0	0.3637295081967213	0.24160483432012458	0.7583951656798754	24.16048343201246	75.83951656798754	routine
358.25	10	7.404073207902295	2.2836755897408936	3.2946474483183663	9.812681598010478	0.10190894201670113	0.6010086859064163	0.3989913140935837	0.0	0.0	1.0000700754082372	1.0000700754082372	0.0	0.0	0.39190573770491804	0.24822860590283358	0.7517713940971664	24.82286059028336	75.17713940971664	routine
358.5	9	7.511183049198592	2.2851169905048345	3.296726950052437	9.826835803252676	0.10176215620383122	0.6015690669655366	0.3984309330344634	0.0	0.0	0.984105957526069	0.984105957526069	0.0	0.0	0.3775614754098361	0.24478263559384317	0.7552173644061568	24.478263559384317	75.52173644061568	routine
358.75	9	7.4044639739220095	2.2906296650318927	3.304680058254659	9.881157542132108	0.10120271797470247	0.6032502101428971	0.39674978985710285	0.0	0.0	0.9124188397972164	0.9124188397972164	0.0	0.0	0.350922131147541	0.23854308532260954	0.7614569146773904	23.854308532260955	76.14569146773904	routine
359.0	10	7.104568182533652	2.299758888463831	3.317850743627084	9.971777854261127	0.10028302020112505	0.6052115438498179	0.3947884561501821	0.0	0.0	0.8003815403368617	0.8003815403368617	0.0	0.0	0.3237704918032787	0.23224550891327417	0.7677544910867258	23.224550891327418	76.77544910867257	routine
359.25	11	6.664225933221821	2.31315837932365	3.3371821226409817	10.106293810490323	0.0989482414376278	0.6068926870271785	0.39310731297282153	0.0	0.0	0.6707847005074941	0.6707847005074941	0.0	0.0	0.29610655737704916	0.2257498111010569	0.774250188898943	22.57498111010569	77.4250188898943	routine
359.5	11	6.155465088353447	2.3284834280634104	3.3592914944592156	10.262366108959334	0.09744341503534666	0.6110955449705799	0.38890445502942006	0.0	0.0	0.548784225608785	0.548784225608785	0.0	0.0	0.26844262295081966	0.2198845419803499	0.7801154580196501	21.98845419803499	78.01154580196501	routine
359.75	10	5.654599329262352	2.338549977193228	3.3738144549676687	10.366194441298548	0.09646741681942948	0.6127766881479406	0.3872233118520594	0.0	0.0	0.45694869195350707	0.45694869195350707	0.0	0.0	0.24795081967213115	0.21518187695501795	0.784818123044982	21.518187695501794	78.4818123044982	routine
360.0	11	5.226778330275399	2.3319614706684004	3.364309249277435	10.298121198332947	0.09710509137937505	0.6119361165592603	0.3880638834407397	0.0	0.0	0.41154480302160973	0.41154480302160973	0.0	0.0	0.23616803278688525	0.21202603733653638	0.7879739626634636	21.20260373365364	78.79739626634637	routine
360.25	10	4.913733739034392	2.29887136373491	3.316570316102003	9.962931581047963	0.1003720633696065	0.6049313533202578	0.3950686466797422	0.0	0.0	0.4203804505384484	0.4203804505384484	0.0	0.0	0.23770491803278687	0.21065906783826116	0.7893409321617388	21.065906783826115	78.93409321617388	routine
360.5	9	4.724693707391603	2.2346796219335068	3.223961208539094	9.34348792403238	0.10702641327634198	0.5948444942560941	0.4051555057439059	0.0	0.0	0.4819485328478118	0.4819485328478118	0.0	0.0	0.2525614754098361	0.21185149241648255	0.7881485075835175	21.185149241648254	78.81485075835175	routine
360.75	8	4.641715869141821	2.1511814197318713	3.1034987662996505	8.59500671181284	0.1163466223505813	0.5847576351919305	0.41524236480806953	0.0	0.0	0.5855824785452264	0.5855824785452264	0.0	0.0	0.2781762295081967	0.2157334661750318	0.7842665338249681	21.57334661750318	78.42665338249681	routine
361.0	7	4.625885006625506	2.067201984065349	2.982342050926905	7.9026803288707805	0.12653934594149155	0.5721490613617259	0.42785093863827406	0.0	0.0	0.7126882427767101	0.7126882427767101	0.0	0.0	0.3037909836065574	0.21898501124207082	0.7810149887579292	21.89850112420708	78.10149887579291	routine
361.25	6	4.631083641479567	1.9996785978487386	2.884926396488171	7.3866816220060985	0.13537878727855834	0.5615018212384422	0.43849817876155783	0.0	0.0	0.839390118659097	0.839390118659097	0.0	0.0	0.3319672131147541	0.22336725858829906	0.7766327414117009	22.336725858829904	77.66327414117009	routine
361.5	6	4.619059341762308	1.9599368464342568	2.827591168806256	7.098878731495175	0.14086731691349497	0.5544970579994396	0.4455029420005604	0.0	0.0	0.9411390522184954	0.9411390522184954	0.0	0.0	0.35706967213114754	0.2278916825326468	0.7721083174673532	22.78916825326468	77.21083174673532	routine
361.75	6	4.56795204649741	1.9491449087159702	2.8120216937785014	7.022679979990472	0.14239578093395575	0.5522555337629588	0.4477444662370412	0.0	0.0	0.9968403142277675	0.9968403142277675	0.0	0.0	0.38575819672131145	0.23450343262106754	0.7654965673789325	23.450343262106756	76.54965673789324	routine
362.0	6	4.479318353891701	1.9651977570732373	2.835181058495673	7.136323709114853	0.140128172538299	0.5558980106472401	0.4441019893527599	0.0	0.0	0.9950152561815718	0.9950152561815718	0.0	0.0	0.3826844262295082	0.2346456092191871	0.7653543907808129	23.46456092191871	76.5354390780813	routine
362.25	8	4.372224787643147	1.997234650710244	2.8814005260712703	7.368651004505605	0.13571005050836907	0.5606612496497618	0.43933875035023817	0.0	0.0	0.9360155646998191	0.9360155646998191	0.0	0.0	0.3555327868852459	0.22904850913375194	0.770951490866248	22.904850913375192	77.0951490866248	routine
362.5	8	4.277924094437904	2.0330101864227523	2.933013714028852	7.637040709263052	0.13094077117948172	0.566545250770524	0.433454749229476	0.0	0.0	0.8325243069790336	0.8325243069790336	0.0	0.0	0.32991803278688525	0.2241158208893523	0.7758841791106477	22.41158208893523	77.58841791106477	routine
362.75	8	4.225752175420819	2.0570236322138484	2.9676577931863224	7.822652036872651	0.12783388488794156	0.5704679181843654	0.4295320818156346	0.0	0.0	0.7061145430378207	0.7061145430378207	0.0	0.0	0.30276639344262296	0.21830857790674707	0.7816914220932529	21.830857790674706	78.16914220932529	routine
363.0	8	4.233616453224021	2.058886186171522	2.970344890544446	7.837235725620999	0.12759600897684661	0.5710282992434855	0.4289717007565145	0.0	0.0	0.5820662480501204	0.5820662480501204	0.0	0.0	0.2766393442622951	0.21191691087644515	0.7880830891235548	21.191691087644514	78.80830891235549	routine
363.25	7	4.301568652115699	2.038827271026277	2.941405993138788	7.6815954850006465	0.1301812887638558	0.5682263939478845	0.43177360605211546	0.0	0.0	0.4858580928283189	0.4858580928283189	0.0	0.0	0.2540983606557377	0.20558118865090558	0.7944188113490944	20.558118865090556	79.44188113490944	routine
363.5	8	4.412292324519202	2.007932291720831	2.8968339597064543	7.447901327658311	0.13426601078701578	0.563743345474923	0.436256654525077	0.0	0.0	0.4387190172392028	0.4387190172392028	0.0	0.0	0.24436475409836064	0.20202702489332092	0.7979729751066791	20.20270248933209	79.7972975106679	routine
363.75	7	4.536357409530518	1.9798295584125394	2.856290285727157	7.241508625745129	0.13809277205647227	0.5575791538246008	0.44242084617539923	0.0	0.0	0.45583849225894485	0.45583849225894485	0.0	0.0	0.24743852459016394	0.20125441960369117	0.7987455803963088	20.125441960369116	79.87455803963088	routine
364.0	6	4.643708883974797	1.9665584018056217	2.837144053903496	7.1460403193064135	0.13993763753309732	0.5561782011768002	0.44382179882319983	0.0	0.0	0.5456556111309436	0.5456556111309436	0.0	0.0	0.26690573770491804	0.20577098472042954	0.7942290152795705	20.577098472042955	79.42290152795705	routine
364.25	6	4.712238922264671	1.972160060603461	2.845225539271891	7.186182324873551	0.13915594606314086	0.5567385822359204	0.44326141776407957	0.0	0.0	0.7096411157795264	0.7096411157795264	0.0	0.0	0.30327868852459017	0.21500431769012765	0.7849956823098724	21.500431769012764	78.49956823098724	routine
364.5	7	4.7370897539163614	1.9973871775384282	2.881620575769894	7.36977500718942	0.13568935266334076	0.5609414401793219	0.4390585598206781	0.0	0.0	0.9420468194765861	0.9420468194765861	0.0	0.0	0.35911885245901637	0.23001507315958458	0.7699849268404154	23.00150731595846	76.99849268404154	routine
364.75	8	4.7282778706466	2.034878561194109	2.93570920904601	7.651322901541209	0.13069635314941022	0.5676660128887644	0.4323339871112356	0.0	0.0	1.229585752797565	1.229585752797565	0.0	0.0	0.4257172131147541	0.24834580650087962	0.7516541934991203	24.83458065008796	75.16541934991203	routine
365.0	8	4.709117380345773	2.0764235010788834	2.995645887791804	7.97589207284292	0.12537782493382724	0.5743905855982068	0.42560941440179323	0.0	0.0	1.5514149555962877	1.5514149555962877	0.0	0.0	0.45901639344262296	0.25835174476020745	0.7416482552397925	25.835174476020743	74.16482552397925	routine
365.25	8	4.70521028012991	2.110852988042848	3.045317137895067	8.2552799373335	0.12113459599081815	0.5791538246007285	0.4208461753992715	0.0	0.0	1.8799279714554973	1.8799279714554973	0.0	0.0	0.48668032786885246	0.2664585381173952	0.7335414618826048	26.645853811739524	73.35414618826049	routine
365.5	8	4.738796686439081	2.1335105208501344	3.0780050481149184	8.444459288946572	0.11842084445939083	0.5813953488372093	0.41860465116279066	0.0	0.0	2.1827564011002982	2.1827564011002982	0.0	0.0	0.5087090163934426	0.272526091307663	0.727473908692337	27.2526091307663	72.7473908692337	routine
365.75	8	4.816965123375381	2.1399629053524483	3.0873138712383152	8.499122351090486	0.11765920746766215	0.5825161109554498	0.41748388904455025	0.0	0.0	2.4261467563703225	2.4261467563703225	0.0	0.0	0.5230532786885246	0.2763923474109936	0.7236076525890064	27.63923474109936	72.36076525890064	routine
366.0	9	4.935748063279249	2.137167671631878	3.083281201411523	8.47539849001456	0.1179885525356911	0.5822359204258896	0.41776407957411044	0.0	0.0	2.579366578372221	2.579366578372221	0.0	0.0	0.5358606557377049	0.27952414404089865	0.7204758559591014	27.952414404089865	72.04758559591014	routine
366.25	7	5.080434723856903	2.1352129098710915	3.080461076313117	8.458847287238301	0.11821941761600077	0.5816755393667694	0.4183244606332306	0.0	0.0	2.620852865056084	2.620852865056084	0.0	0.0	0.5409836065573771	0.28066478648103665	0.7193352135189633	28.066478648103665	71.93352135189633	routine
366.5	8	5.231430603827732	2.141335459235384	3.08929404791858	8.510795863905045	0.11749782464423553	0.5827963014850098	0.4172036985149902	0.0	0.0	2.541329378742298	2.541329378742298	0.0	0.0	0.5302254098360656	0.27825542783026885	0.7217445721697311	27.825542783026886	72.17445721697311	routine
366.75	8	5.374282731662666	2.1607148335788806	3.117252575179473	8.677338294776307	0.11524271222685792	0.5861585878397311	0.41384141216026893	0.0	0.0	2.3480000434971573	2.3480000434971573	0.0	0.0	0.5174180327868853	0.27589415515665405	0.724105844843346	27.589415515665404	72.41058448433459	routine
367.0	8	5.505362807287035	2.1953715340307274	3.1672516250549267	8.983338052673322	0.11131719569457962	0.5903614457831325	0.40963855421686746	0.0	0.0	2.0636156859252366	2.0636156859252366	0.0	0.0	0.5	0.27259036144578314	0.7274096385542168	27.259036144578314	72.74096385542168	routine
367.25	8	5.62978717585424	2.239229983957504	3.230525993265364	9.386101055713429	0.10654051070452607	0.5959652563743345	0.4040347436256655	0.0	0.0	1.7223790629291873	1.7223790629291873	0.0	0.0	0.4738729508196721	0.26745955179850167	0.7325404482014983	26.745955179850167	73.25404482014983	routine
367.5	9	5.762230995239827	2.285716607158848	3.297592014025617	9.832729904580622	0.10170115621035673	0.6021294480246567	0.39787055197534327	0.0	0.0	1.3630622956729823	1.3630622956729823	0.0	0.0	0.4400614754098361	0.2605477308586232	0.7394522691413767	26.05477308586232	73.94522691413768	routine
367.75	10	5.919503446616135	2.327535345507384	3.3579237004572833	10.25264114942857	0.09753584324520467	0.6108153544410199	0.38918464555898014	0.0	0.0	1.0213515509668025	1.0213515509668025	0.0	0.0	0.39549180327868855	0.2515767894299271	0.7484232105700729	25.15767894299271	74.84232105700728	routine
368.0	11	6.113191613597867	2.3586324968594745	3.4027874064987174	10.576478191431855	0.09454943147427972	0.6183804987391426	0.3816195012608574	0.0	0.0	0.7237228448354539	0.7237228448354539	0.0	0.0	0.30635245901639346	0.23118323943888403	0.768816760561116	23.118323943888402	76.8816760561116	routine
368.25	12	6.341725037741194	2.373530145576005	3.424280170422962	10.735222369725978	0.0931513074959737	0.6211824040347437	0.3788175959652563	0.0	0.0	0.48445402998215703	0.48445402998215703	0.0	0.0	0.2535860655737705	0.21869211740212854	0.7813078825978714	21.869211740212855	78.13078825978714	routine
368.5	11	6.591705339759762	2.3748933163005232	3.4262468100671093	10.74986628939522	0.09302441286981435	0.6214625945643037	0.37853740543569625	0.0	0.0	0.30608199594814733	0.30608199594814733	0.0	0.0	0.20952868852459017	0.20774782077222348	0.7922521792277766	20.774782077222348	79.22521792277766	routine
368.75	9	6.831930252327679	2.364309925535626	3.410978204694802	10.636696171901738	0.0940141547562141	0.619501260857383	0.380498739142617	0.0	0.0	0.1823966917838794	0.1823966917838794	0.0	0.0	0.1757172131147541	0.19880461849303427	0.8011953815069657	19.880461849303426	80.11953815069657	routine
369.0	10	7.02274671907665	2.346873130755926	3.3858222273371306	10.452833926201862	0.09566783582903049	0.6155785934435416	0.3844214065564584	0.0	0.0	0.10245583597776982	0.10245583597776982	0.0	0.0	0.14856557377049182	0.19103604180350836	0.8089639581964916	19.103604180350835	80.89639581964916	routine
369.25	10	7.125466252065475	2.3298243998508696	3.361226107806955	10.2761368834305	0.09731283373739649	0.6113757355001401	0.3886242644998599	0.0	0.0	0.0542239877039991	0.0542239877039991	0.0	0.0	0.12346311475409837	0.1837097125635596	0.8162902874364404	18.37097125635596	81.62902874364404	routine
369.5	10	7.11045096217829	2.3173194046484316	3.3431852132420574	10.148433967303633	0.09853737071372923	0.6080134491454189	0.3919865508545811	0.0	0.0	0.026762838164857382	0.026762838164857382	0.0	0.0	0.10092213114754098	0.17723389507323997	0.8227661049267601	17.723389507323997	82.276610492676	routine
369.75	10	6.970044904475623	2.31338576644746	3.3375101729168644	10.10859211286455	0.09892574443946203	0.6071728775567385	0.39282712244326146	0.0	0.0	0.012591226003259761	0.012591226003259761	0.0	0.0	0.07991803278688525	0.17177272758590595	0.828227272414094	17.177272758590593	82.8227272414094	routine
370.0	10	6.719732858065846	2.3172011506407686	3.343014608771637	10.147233945270603	0.09854902384172166	0.6077332586158588	0.3922667413841412	0.0	0.0	0.005572597737155712	0.005572597737155712	0.0	0.0	0.05891393442622951	0.16666179826052208	0.8333382017394779	16.666179826052208	83.3338201739478	routine
370.25	10	6.3965408593983675	2.324307418821572	3.3532667866353094	10.219599731788756	0.09785119048150509	0.6096945923227794	0.39030540767722055	0.0	0.0	0.0023199316781064615	0.0023199316781064615	0.0	0.0	0.0389344262295082	0.1621572546380719	0.8378427453619282	16.21572546380719	83.78427453619281	routine
370.5	10	6.048244835309286	2.3261422147640234	3.3559138376425266	10.238367824455057	0.09767181812040686	0.6102549733818997	0.3897450266181003	0.0	0.0	0.0007235553873281399	0.0007235553873281399	0.0	0.0	0.01331967213114754	0.1558936613782618	0.8441063386217382	15.58936613782618	84.41063386217382	routine
370.75	11	5.718209319353908	2.3105066412446	3.3333564732645997	10.079530067256428	0.09921097445291836	0.6066124964976184	0.3933875035023816	0.0	0.0	0.0	0.0	0.0	0.0	0.0	0.1516531241244046	0.8483468758755954	15.16531241244046	84.83468758755954	routine
371.0	10	5.4353302421462395	2.2700612153599153	3.275006057914123	9.679993360213716	0.10330585598438075	0.5996077332586158	0.4003922667413842	0.0	0.0	0.0	0.0	0.0	0.0	0.0	0.14990193331465396	0.850098066685346	14.990193331465395	85.00980666853461	routine
371.25	10	5.2029031283308385	2.2013666917588024	3.1759008093785677	9.037356343517311	0.11065182803346262	0.5909218268422527	0.4090781731577473	0.0	0.0	0.0	0.0	0.0	0.0	0.0	0.14773045671056317	0.8522695432894368	14.773045671056318	85.22695432894368	routine
371.5	8	5.0039192193237225	2.112766276194374	3.0480774292230657	8.271089786200502	0.12090305217921844	0.5797142056598487	0.42028579434015134	0.0	0.0007492940246648167	0.0007492940246648167	0.0007492940246648167	0.0	0.008628127696289905	0.014344262295081968	0.15067164891280516	0.8493283510871948	15.067164891280516	84.93283510871949	routine
371.75	7	4.806461848787381	2.0165944857069444	2.9093308640134383	7.512696723740886	0.1331079952741734	0.5648641075931633	0.4351358924068367	0.0	0.0018749292095460016	0.0018749292095460016	0.0018749292095460016	0.0	0.01898188093183779	0.03278688524590164	0.1541582184427257	0.8458417815572743	15.415821844272571	84.58417815572743	routine
372.0	6	4.577866601626779	1.9262882352305464	2.7790464842898626	6.8639854005956185	0.1456879555590584	0.5502942000560381	0.44970579994396187	0.0	0.004407314838255946	0.004407314838255946	0.004407314838255946	0.0	0.029335634167385678	0.05327868852459016	0.1582271306870035	0.8417728693129964	15.82271306870035	84.17728693129965	routine
372.25	5	4.297338152788435	1.8534194033321214	2.673918981874633	6.381603533603546	0.1567004272099183	0.5399271504623143	0.4600728495376857	0.0	0.009732398230703035	0.009732398230703035	0.009732398230703035	0.0	0.04141501294219154	0.07274590163934426	0.16352201626096252	0.8364779837390375	16.352201626096253	83.64779837390375	routine
372.5	6	3.9623458062174786	1.8032158595016896	2.6014905781554174	6.069133596230937	0.1647681640458568	0.5337629588119922	0.4662370411880078	0.0	0.02018934649013995	0.02018934649013995	0.02018934649013995	0.0	0.056945642795513375	0.09221311475409837	0.17073042909040098	0.829269570909599	17.073042909040097	82.9269570909599	routine
372.75	6	3.5926362497892277	1.7789351197302725	2.5664608752980786	5.9235451924351725	0.16881782235359286	0.5298402913981507	0.4701597086018493	0.0	0.03934424780231643	0.03934424780231643	0.03934424780231643	0.0	0.0724762726488352	0.11219262295081968	0.17862729674945138	0.8213727032505487	17.86272967494514	82.13727032505487	routine
373.0	5	3.2232813181969373	1.7762484603074573	2.5625848450722257	5.907652003280581	0.16927198816800473	0.5292799103390305	0.47072008966096945	0.0	0.07202724885981886	0.07202724885981886	0.07202724885981886	0.0	0.08714408973252805	0.13370901639344263	0.18753325411625033	0.8124667458837497	18.75332541162503	81.24667458837497	routine
373.25	5	2.8966483377083097	1.7848302211801363	2.5749657089253346	5.958568223019335	0.16782555180567832	0.5315214345755114	0.4684785654244886	0.0	0.12387081695516843	0.12387081695516843	0.12387081695516843	0.0	0.10785159620362382	0.1567622950819672	0.1990338314652756	0.8009661685347245	19.90338314652756	80.09661685347244	routine
373.5	6	2.6488593476659443	1.7823658074232078	2.5714103114195153	5.9439019248551865	0.16823965345362984	0.5309610535163911	0.4690389464836089	0.0	0.2001233534765364	0.2001233534765364	0.2001233534765364	0.0	0.13287316652286454	0.18032786885245902	0.21104052222292866	0.7889594777770713	21.104052222292864	78.89594777770714	routine
373.75	6	2.502564284310662	1.749652778750953	2.5242153871815947	5.752604902531571	0.17383429193267316	0.5264780050434296	0.47352199495657044	0.0	0.3037268153904303	0.3037268153904303	0.3037268153904303	0.0	0.1535806729939603	0.20799180327868852	0.22201262032901958	0.7779873796709804	22.20126203290196	77.79873796709805	routine
374.0	5	2.4584310969874275	1.6766487202395304	2.4188927940023977	5.347604588845443	0.1869996151334558	0.5177920986270664	0.48220790137293357	0.0	0.43303709055309664	0.43303709055309664	0.43303709055309664	0.0	0.17860224331320104	0.24129098360655737	0.23442133138670623	0.7655786686132937	23.442133138670624	76.55786686132937	routine
374.25	5	2.4988692417802656	1.580737286459273	2.28052184412307	4.85853662429771	0.20582329152341167	0.5037825721490614	0.4962174278509386	0.0	0.5799942001858546	0.5799942001858546	0.5799942001858546	0.0	0.20103537532355478	0.27561475409836067	0.2451081753927442	0.7548918246072558	24.51081753927442	75.48918246072557	routine
374.5	4	2.590647122346796	1.4873200496337102	2.145749259821281	4.425220242924971	0.2259774531219767	0.4858503782572149	0.5141496217427851	0.0	0.7297578916158641	0.7297578916158641	0.7297578916158641	0.0	0.2286453839516825	0.3078893442622951	0.25559627661779816	0.7444037233822018	25.559627661779814	74.44037233822019	routine
374.75	3	2.6941632684805272	1.4157261489383537	2.042461094330193	4.119476733808785	0.24274927730333853	0.47184085177920987	0.5281591482207901	0.0	0.8625624428678828	0.8625624428678828	0.8625624428678828	0.0	0.2528041415012942	0.3386270491803279	0.265818010615208	0.7341819893847921	26.5818010615208	73.41819893847921	routine
375.0	3	2.773508374056028	1.3758200591914607	1.9848887765510805	3.958321450192513	0.25263233736395135	0.46287475483328666	0.5371252451667133	0.0	0.9577648263080742	0.9577648263080742	0.9577648263080742	0.0	0.272648835202761	0.36424180327868855	0.27494134832868405	0.725058651671316	27.494134832868404	72.5058651671316	routine
375.25	3	2.8046728923747186	1.369836607409169	1.9762564803373701	3.9347077408529527	0.25414848213941893	0.46175399271504625	0.5382460072849538	0.0	0.9990421638509737	0.9990421638509737	0.9990421638509737	0.0	0.29335634167385677	0.38831967213114754	0.2858575016300126	0.7141424983699873	28.58575016300126	71.41424983699874	routine
375.5	4	2.7812988204049915	1.396285726943539	2.014414493925485	4.040165784682202	0.2475145955127333	0.4679181843653685	0.5320818156346315	0.0	0.9789609007792274	0.9789609007792274	0.9789609007792274	0.0	0.28386540120793785	0.3760245901639344	0.28195204393431017	0.7180479560656898	28.195204393431016	71.80479560656899	routine
375.75	5	2.7147903280879064	1.4469764839138621	2.087545797625478	4.250244386180685	0.23528058839426189	0.4799663771364528	0.5200336228635472	0.0	0.9011632455407981	0.9011632455407981	0.9011632455407981	0.0	0.26056945642795515	0.3483606557377049	0.2722241223255282	0.7277758776744718	27.222412232552816	72.77758776744719	routine
376.0	5	2.63134272413414	1.5096310879144568	2.1779372841059974	4.525061136613617	0.22099148935440943	0.4883720930232558	0.5116279069767442	0.0	0.7792883596582402	0.7792883596582402	0.7792883596582402	0.0	0.2372735116479724	0.3176229508196721	0.26081713887272506	0.7391828611272749	26.081713887272507	73.9182861127275	routine
376.25	5	2.5617027448984437	1.5637205888595447	2.255971938883635	4.776559840995524	0.2093556939070152	0.49957971420565983	0.5004202857943402	0.0	0.6330667480990921	0.6330667480990921	0.6330667480990921	0.0	0.20966350301984468	0.28790983606557374	0.24928826332276957	0.7507117366772305	24.92882633227696	75.07117366772304	routine
376.5	4	2.5300559617641554	1.586500436797833	2.288836312536408	4.886617941992594	0.2046405124915975	0.505463715326422	0.494536284673578	0.0	0.48312266384421754	0.48312266384421754	0.48312266384421754	0.0	0.18723037100949094	0.2530737704918033	0.23644196420692903	0.7635580357930709	23.644196420692904	76.35580357930709	routine
376.75	4	2.547096040231579	1.5711550997982187	2.2666976709462947	4.812203560017439	0.20780500814815409	0.5012608573830205	0.4987391426169795	0.0	0.3463553613151844	0.3463553613151844	0.3463553613151844	0.0	0.16393442622950818	0.22131147540983606	0.2216266897555912	0.7783733102444088	22.162668975559118	77.83733102444089	routine
377.0	5	2.6071861091475554	1.5318600769493658	2.210006936350636	4.626774980694099	0.21613326867475668	0.4925749509666573	0.5074250490333427	0.0	0.23326147247217766	0.23326147247217766	0.23326147247217766	0.0	0.14063848144952545	0.19262295081967212	0.2064590958089637	0.7935409041910363	20.645909580896372	79.35409041910363	routine
377.25	5	2.6908726632890723	1.4897454193751396	2.149248328719563	4.435966064228623	0.225430038354879	0.4866909498458952	0.5133090501541048	0.0	0.1475776892388992	0.1475776892388992	0.1475776892388992	0.0	0.11647972389991372	0.16598360655737704	0.19228857007579647	0.8077114299242035	19.22885700757965	80.77114299242035	routine
377.5	5	2.774866666850903	1.4626030462125243	2.1100901615599	4.317182740920008	0.23163253909119821	0.483328663491174	0.516671336508826	0.0	0.0877111881154893	0.0877111881154893	0.0877111881154893	0.0	0.09663503019844694	0.14241803278688525	0.18059543161912653	0.8194045683808735	18.059543161912654	81.94045683808736	routine
377.75	4	2.8394617094705215	1.4538146944543187	2.097411250060749	4.279408052142044	0.2336771786694782	0.4816475203138134	0.5183524796861866	0.0	0.048971778530180844	0.048971778530180844	0.048971778530180844	0.0	0.07937877480586712	0.12038934426229508	0.1703539098454939	0.8296460901545061	17.03539098454939	82.9646090154506	routine
378.0	4	2.87279247519075	1.4535904645812727	2.0970877547348867	4.278448588592015	0.23372958194855573	0.4813673297842533	0.5186326702157467	0.0	0.025685815252443487	0.025685815252443487	0.025685815252443487	0.0	0.062122519413287315	0.10040983606557377	0.1609749213157786	0.8390250786842214	16.09749213157786	83.90250786842213	routine
378.25	4	2.869794402612438	1.4458855856965434	2.0859719641772374	4.245610330257871	0.23553739561851447	0.4794059960773326	0.5205940039226674	0.0	0.012656028005249497	0.012656028005249497	0.012656028005249497	0.0	0.04659188955996549	0.08043032786885246	0.15160705337653763	0.8483929466234623	15.160705337653763	84.83929466234623	routine
378.5	4	2.827528117483462	1.416027646475875	2.042896063332415	4.120718933150516	0.2426761000259353	0.4724012328383301	0.52759876716167	0.0	0.005858117720167693	0.005858117720167693	0.005858117720167693	0.0	0.03278688524590164	0.060450819672131145	0.14140973443909072	0.8585902655609092	14.140973443909072	85.85902655609092	routine
378.75	4	2.741917358594351	1.3598040055308904	1.9617824953603642	3.89542974428645	0.2567110859762602	0.4603530400672457	0.5396469599327542	0.0	0.00254727220691218	0.00254727220691218	0.00254727220691218	0.0	0.023295944779982744	0.040983606557377046	0.13115814785115137	0.8688418521488486	13.115814785115138	86.88418521488485	routine
379.0	4	2.6053174628543716	1.2795462308235324	1.845995001797275	3.5950080515526444	0.2781634938392171	0.44466237041188006	0.5553376295881199	0.0	0.001040517082006327	0.001040517082006327	0.001040517082006327	0.0	0.012942191544434857	0.022028688524590164	0.11990831262022628	0.8800916873797737	11.990831262022628	88.00916873797738	routine
379.25	4	2.411265845504466	1.1851636936783396	1.7098297835113871	3.271222256044887	0.3056961348780571	0.433454749229476	0.566545250770524	0.0	0.0003992819395679309	0.0003992819395679309	0.0003992819395679309	0.0	0.003451251078515962	0.003586065573770492	0.11012301647044062	0.8898769835295594	11.012301647044062	88.98769835295593	routine
379.5	3	2.15918459219668	1.0870070252612722	1.5682196447559016	2.96538545373891	0.33722428857912845	0.4174838890445503	0.5825161109554498	0.0	0.0	0.0	0.0	0.0	0.0	0.0	0.10437097226113758	0.8956290277388624	10.437097226113758	89.56290277388625	routine
379.75	2	1.8588372984766988	0.9939855051272934	1.4340179589626576	2.7019818036835224	0.37009871740688005	0.40263379097786495	0.597366209022135	0.0	0.0	0.0	0.0	0.0	0.0	0.0	0.10065844774446624	0.8993415522555338	10.065844774446624	89.93415522555338	routine
380.0	2	1.530393164132105	0.9125188938072171	1.3164864828131548	2.4905881659479583	0.40151158416003463	0.3908657887363407	0.6091342112636593	0.0	0.0	0.0	0.0	0.0	0.0	0.0	0.09771644718408518	0.9022835528159148	9.771644718408517	90.22835528159148	routine
380.25	2	1.1994363676303716	0.8420725796213236	1.2148539346882605	2.321172810288648	0.4308166955805611	0.3813393107312973	0.6186606892687028	0.0	0.0	0.0	0.0	0.0	0.0	0.0	0.09533482768282432	0.9046651723171757	9.533482768282433	90.46651723171757	routine
380.5	2	0.8925560144107472	0.7872368967621183	1.135742766963525	2.197316617893444	0.4551005493958786	0.37377416643317457	0.6262258335668254	0.0	0.0	0.0	0.0	0.0	0.0	0.0	0.09344354160829364	0.9065564583917064	9.344354160829365	90.65564583917065	routine
380.75	2	0.6293869982777023	0.7465449509748024	1.0770366985720419	2.10969829892882	0.4740014249941524	0.3704118800784533	0.6295881199215467	0.0	0.0	0.0	0.0	0.0	0.0	0.0	0.09260297001961333	0.9073970299803866	9.260297001961334	90.73970299803867	routine
381.0	1	0.42126117352376796	0.7311696923439034	1.0548548891928586	2.0775092336696184	0.48134563437470035	0.3673297842532922	0.6326702157467078	0.0	0.0	0.0	0.0	0.0	0.0	0.0	0.09183244606332305	0.9081675539366769	9.183244606332305	90.81675539366769	routine
381.25	1	0.2702906774868425	0.7644912789221687	1.1029277769038741	2.147901413950337	0.46557071637698616	0.37265340431493416	0.6273465956850659	0.0	0.0	0.0	0.0	0.0	0.0	0.0	0.09316335107873354	0.9068366489212665	9.316335107873353	90.68366489212664	routine
381.5	0	0.17191760262585706	0.8646861550860607	1.247478427868005	2.3742608193516404	0.4211837182542896	0.3847015970860185	0.6152984029139815	0.0	0.0	0.0	0.0	0.0	0.0	0.0	0.09617539927150462	0.9038246007284954	9.617539927150462	90.38246007284954	routine
381.75	0	0.11996784600701843	0.9976980990958135	1.4393740998698759	2.7120318092824514	0.3687272385881712	0.402913981507425	0.597086018492575	0.0	0.0	0.0	0.0	0.0	0.0	0.0	0.10072849537685626	0.8992715046231438	10.072849537685626	89.92715046231437	routine
382.0	0	0.10792462807127642	0.9078109329859444	1.3096943310836051	2.4788901329883113	0.40340634168989825	0.3903054076772205	0.6096945923227794	0.0	0.0	0.0	0.0	0.0	0.0	0.0	0.09757635191930512	0.9024236480806949	9.757635191930513	90.24236480806948	routine
382.25	0	0.13161727945300333	0.5458568086147081	0.7875049108239154	1.726086674911906	0.5793451826809548	0.3393107312972822	0.6606892687027178	0.0	0.0	0.0	0.0	0.0	0.0	0.0	0.08482768282432054	0.9151723171756795	8.482768282432055	91.51723171756795	routine
382.5	1	0.1902635965751694	0.26716291860355385	0.3854346177787689	1.3062532419500672	0.765548339238668	0.31101148781171195	0.688988512188288	0.0	0.0	0.0	0.0	0.0	0.0	0.0	0.07775287195292799	0.922247128047072	7.775287195292798	92.2247128047072	routine
382.75	1	0.2823903984705734	0.13219678941901222	0.19071965251625153	1.1413328994071865	0.8761685574116058	0.3003642476884281	0.6996357523115719	0.0	0.0	0.0	0.0	0.0	0.0	0.0	0.07509106192210703	0.924908938077893	7.509106192210703	92.49089380778929	routine
383.0	1	0.4058639241255139	0.0946653282371624	0.13657319959188013	1.0992908919354172	0.9096773268442122	0.2967217708041468	0.7032782291958533	0.0	0.0	0.0	0.0	0.0	0.0	0.0	0.0741804427010367	0.9258195572989633	7.41804427010367	92.58195572989632	routine
383.25	1	0.5547610359808295	0.11236311830470784	0.1621057135570219	1.1189190868884253	0.8937196726001658	0.2984029139815074	0.7015970860184926	0.0	0.0	0.0	0.0	0.0	0.0	0.0	0.07460072849537686	0.9253992715046231	7.460072849537686	92.5399271504623	routine
383.5	1	0.7170773421416806	0.1535591137921644	0.2215389719512596	1.1659767103898608	0.8576500637526764	0.3017652003362286	0.6982347996637714	0.0	0.0	0.0	0.0	0.0	0.0	0.0	0.07544130008405715	0.9245586999159429	7.544130008405715	92.45586999159428	routine
383.75	1	0.8787616312407246	0.2243605577835549	0.3236838640854164	1.251522184152786	0.7990269870261604	0.30820958251611097	0.691790417483889	0.0	0.0	0.0	0.0	0.0	0.0	0.0	0.07705239562902774	0.9229476043709722	7.705239562902774	92.29476043709722	routine
384.0	1	1.0252863446686753	0.3255321555904234	0.4696436265201983	1.384767361632618	0.7221429589595587	0.3171756794620342	0.6828243205379658	0.0	0.0	0.0	0.0	0.0	0.0	0.0	0.07929391986550854	0.9207060801344915	7.929391986550854	92.07060801344915	routine
384.25	1	1.1477257127215776	0.4625188205221439	0.6672736086851095	1.5880690123227008	0.6296955562009271	0.3303446343513589	0.669655365648641	0.0	0.0003629257211848724	0.0003629257211848724	0.0003629257211848724	0.0	0.001725625539257981	0.0015368852459016393	0.08340178628412963	0.9165982137158704	8.340178628412962	91.65982137158704	routine
384.5	2	1.2461064386759053	0.6325986274790627	0.9126469027372085	1.88249613483078	0.5312095900212254	0.34911739983188567	0.6508826001681143	0.0	0.001418354862328647	0.001418354862328647	0.001418354862328647	0.0	0.015530629853321829	0.02663934426229508	0.09782184348687564	0.9021781565131244	9.782184348687565	90.21781565131243	routine
384.75	2	1.3314453131788606	0.8254045583696218	1.1908070630869982	2.2828041060514117	0.438057736688458	0.37853740543569625	0.6214625945643037	0.0	0.003547991450260672	0.003547991450260672	0.003547991450260672	0.0	0.025884383088869714	0.04815573770491803	0.113144381557371	0.8868556184426291	11.3144381557371	88.6855618442629	routine
385.0	3	1.4235690970437127	1.020890096041513	1.4728330788517485	2.7756642725329046	0.36027411884631855	0.40627626786214627	0.5937237321378537	0.0	0.008341571330761098	0.008341571330761098	0.008341571330761098	0.0	0.03882657463330457	0.06915983606557377	0.12856566964025615	0.8714343303597438	12.856566964025614	87.14343303597438	routine
385.25	3	1.5460844960807165	1.1971568480895467	1.7271322479050513	3.310690732360056	0.3020517713193769	0.43513589240683664	0.5648641075931633	0.0	0.019264225687569702	0.019264225687569702	0.019264225687569702	0.0	0.055220017256255395	0.09016393442622951	0.1451299610223304	0.8548700389776696	14.51299610223304	85.48700389776695	routine
385.5	3	1.7181444586075731	1.3350607112652768	1.9260854674281072	3.8002266559844875	0.2631421992752008	0.4564303726534043	0.5435696273465958	0.0	0.04034881579870216	0.04034881579870216	0.04034881579870216	0.0	0.07420189818809318	0.11475409836065574	0.1613465923005383	0.8386534076994617	16.13465923005383	83.86534076994617	routine
385.75	3	1.9525324644971078	1.441796119800068	2.0800721120085077	4.228283504481536	0.23650258998482604	0.4780050434295321	0.5219949565704679	0.0	0.0795525069114368	0.0795525069114368	0.0795525069114368	0.0	0.09232096635030199	0.13934426229508196	0.177417568018729	0.822582431981271	17.7417568018729	82.2582431981271	routine
386.0	4	2.2528409551795248	1.5341117970417735	2.2132554817614225	4.637204921127535	0.2156471445641549	0.4934155225553376	0.5065844774446624	0.0	0.14768398539337754	0.14768398539337754	0.14768398539337754	0.0	0.11734253666954271	0.16649590163934427	0.19431349021605615	0.8056865097839438	19.431349021605616	80.56865097839439	routine
386.25	6	2.6152297933681123	1.6246538093111886	2.3438799938546153	5.076661240079577	0.1969798559937643	0.5119080975063043	0.4880919024936957	0.0	0.25822373160828993	0.25822373160828993	0.25822373160828993	0.0	0.14754098360655737	0.19825819672131148	0.2144268194585433	0.7855731805414568	21.442681945854332	78.55731805414567	routine
386.5	6	3.0306579599434142	1.7143151893059665	2.4732340221323423	5.552871544194981	0.1800870040016338	0.522275147100028	0.477724852899972	0.0	0.4253863688031647	0.4253863688031647	0.4253863688031647	0.0	0.17773943054357205	0.23975409836065573	0.23494216900106393	0.7650578309989361	23.494216900106395	76.5057830998936	routine
386.75	6	3.4855430534035294	1.7949934211625589	2.5896281071395384	6.019435120791839	0.16612854527593163	0.5329223872233119	0.46707761277668813	0.0	0.6604681465634243	0.6604681465634243	0.6604681465634243	0.0	0.21138912855910266	0.2925204918032787	0.2592080018964233	0.7407919981035767	25.92080018964233	74.07919981035766	routine
387.0	6	3.959785960312132	1.8567166253292826	2.6786758676986477	6.402679824662413	0.15618460197683334	0.5404875315214346	0.4595124684785654	0.0	0.9668776152343084	0.9668776152343084	0.9668776152343084	0.0	0.27610008628127697	0.3709016393442623	0.2968723142867435	0.7031276857132565	29.687231428674348	70.31276857132565	routine
387.25	7	4.4245868592253075	1.8956580327726766	2.7348564431024687	6.656927440121358	0.15021945319292376	0.5460913421126365	0.45390865788736345	0.0	1.335136542697849	1.335136542697849	1.335136542697849	0.0	0.3468507333908542	0.4375	0.3326105188758727	0.6673894811241273	33.261051887587264	66.73894811241273	routine
387.5	7	4.838653009679548	1.9114371399907146	2.7576208828355875	6.762800909664562	0.1478677271973101	0.5480526758195573	0.4519473241804427	0.0	1.7398347729609451	1.7398347729609451	1.7398347729609451	0.0	0.3744607420189819	0.4769467213114754	0.34986503478750364	0.6501349652124964	34.986503478750365	65.01349652124964	routine
387.75	7	5.152462172286935	1.9088109296227695	2.753832062161422	6.745063672851308	0.14825656932268438	0.5474922947604371	0.45250770523956285	0.0	2.140517840145848	2.140517840145848	2.140517840145848	0.0	0.4141501294219154	0.507172131147541	0.3672036388324734	0.6327963611675266	36.720363883247344	63.279636116752656	elevated
388.0	7	5.318964671741954	1.8972847748352053	2.7372033358088843	6.6677653568528905	0.14997528354416909	0.5463715326421967	0.45362846735780327	0.0	2.4874853574891933	2.4874853574891933	2.4874853574891933	0.0	0.4469370146678171	0.5266393442622951	0.37998697289307726	0.6200130271069227	37.99869728930773	62.00130271069227	elevated
388.25	7	5.305704481213694	1.886525851056087	2.7216814898274477	6.596411909043189	0.15159756755472995	0.5441300084057159	0.4558699915942841	0.0	2.7316890996659735	2.7316890996659735	2.7316890996659735	0.0	0.46937014667817084	0.5507172131147541	0.39105434204966016	0.6089456579503398	39.105434204966016	60.894565795033984	elevated
388.5	6	5.108119189365235	1.886146503426182	2.721134206883011	6.593910050386694	0.15165508664185612	0.5438498178761558	0.4561501821238442	0.0	2.83607784948102	2.83607784948102	2.83607784948102	0.0	0.4814495254529767	0.5578893442622951	0.3957971718978569	0.6042028281021431	39.57971718978569	60.42028281021431	elevated
388.75	6	4.75854981706583	1.908358862372324	2.7531798669810557	6.742015139585586	0.14832360641383363	0.5469319137013169	0.4530680862986831	0.0	2.78477073294396	2.78477073294396	2.78477073294396	0.0	0.47368421052631576	0.5548155737704918	0.3938579244995311	0.606142075500469	39.38579244995311	60.61420755004689	elevated
389.0	5	4.320732638634581	1.9597132575973015	2.8272685982999826	7.097291678886148	0.1408988167944283	0.5542168674698795	0.4457831325301205	0.0	2.586943021081133	2.586943021081133	2.586943021081133	0.0	0.455565142364107	0.5373975409836066	0.3867948877043983	0.6132051122956017	38.67948877043983	61.32051122956017	elevated
389.25	7	3.8810443183238004	2.0397348486132443	2.942715350822728	7.688570293506158	0.13006319274268843	0.5687867750070048	0.4312132249929952	0.0	2.2741458467186	2.2741458467186	2.2741458467186	0.0	0.4296807592752373	0.5128073770491803	0.37781872783285564	0.6221812721671444	37.781872783285564	62.218127216714436	elevated
389.5	9	3.528924454673777	2.128643785813798	3.070983833612675	8.403462185001594	0.11899857201532826	0.5808349677780891	0.4191650322219109	0.0	1.892134441063178	1.892134441063178	1.892134441063178	0.0	0.38654012079378774	0.4887295081967213	0.36402614919214954	0.6359738508078505	36.402614919214955	63.59738508078505	elevated
389.75	9	3.336008810522283	2.1845080685895915	3.151578957336131	8.88627603966566	0.11253307859628726	0.5892406836648921	0.41075931633510787	0.0	1.4900894706020038	1.4900894706020038	1.4900894706020038	0.0	0.362381363244176	0.45389344262295084	0.35137887238300475	0.6486211276169953	35.13788723830047	64.86211276169954	routine
390.0	8	3.3394463866449247	2.1709230777183683	3.131979958375696	8.766372350084731	0.11407227072556808	0.5872793499579714	0.4127206500420286	0.0	1.1106531190102693	1.1106531190102693	1.1106531190102693	0.0	0.32355478861087145	0.4103483606557377	0.3302956248061451	0.669704375193855	33.02956248061451	66.9704375193855	routine
390.25	6	3.533963802909962	2.096500122376729	3.024610329776012	8.137639273218928	0.12288576163495135	0.5766321098346876	0.4233678901653124	0.0	0.783402361809433	0.783402361809433	0.783402361809433	0.0	0.23899913718723037	0.31864754098360654	0.2835696970013811	0.7164303029986189	28.356969700138112	71.64303029986189	routine
390.5	5	3.8739280288946096	2.006510327846202	2.894782499476204	7.437318207219294	0.1344570680099871	0.5634631549453628	0.4365368450546372	0.0	0.522787494483643	0.522787494483643	0.522787494483643	0.0	0.19499568593615185	0.26280737704918034	0.25531655448267376	0.7446834455173262	25.531655448267376	74.46834455173263	routine
390.75	7	4.288079445274426	1.9439754545479249	2.8045637478861596	6.986470230653709	0.14313379531947595	0.5519753432333987	0.4480246567666013	0.0	0.32995698362337755	0.32995698362337755	0.32995698362337755	0.0	0.15962036238136323	0.21618852459016394	0.23194605755123146	0.7680539424487686	23.194605755123145	76.80539424487685	routine
391.0	8	4.69715164205971	1.9231577803897004	2.7745301926152472	6.842531601865021	0.14614473972285885	0.5491734379377977	0.4508265620622023	0.0	0.19688406892909613	0.19688406892909613	0.19688406892909613	0.0	0.13201035375323555	0.17879098360655737	0.21499369382439765	0.7850063061756023	21.499369382439763	78.50063061756023	routine
391.25	7	5.038023052684878	1.9433588931599597	2.803674237829339	6.982163970544593	0.14322207330258419	0.5514149621742785	0.44858503782572146	0.0	0.11101797957793075	0.11101797957793075	0.11101797957793075	0.0	0.10526315789473684	0.15163934426229508	0.20207936608282762	0.7979206339171724	20.20793660828276	79.79206339171724	routine
391.5	7	5.271705138918092	1.989143639263876	2.869727663981819	7.309271708103101	0.13681253617804276	0.5595404875315214	0.4404595124684786	0.0	0.05912903918130996	0.05912903918130996	0.05912903918130996	0.0	0.08369283865401209	0.12704918032786885	0.1925706266283506	0.8074293733716494	19.257062662835057	80.74293733716495	routine
391.75	7	5.393514792448288	2.0487655206362625	2.9557438565662313	7.758317709161531	0.12889392230214217	0.569627346595685	0.43037265340431496	0.0	0.029731893479554336	0.029731893479554336	0.029731893479554336	0.0	0.06643658326143227	0.10502049180327869	0.185271105415099	0.8147288945849009	18.5271105415099	81.4728894584901	routine
392.0	7	5.424477192202599	2.111609687697797	3.0464088247347045	8.261529068873244	0.12104296815557726	0.5794340151302886	0.4205659848697114	0.0	0.014107454759858341	0.014107454759858341	0.014107454759858341	0.0	0.04831751509922347	0.08247950819672131	0.17755775960655834	0.8224422403934417	17.755775960655836	82.24422403934418	routine
392.25	8	5.403056321767023	2.1734243685034653	3.1355885581871763	8.78832704255116	0.11378729935267753	0.5875595404875316	0.41244045951246844	0.0	0.006003614243498887	0.006003614243498887	0.006003614243498887	0.0	0.03364969801553063	0.06096311475409836	0.17054308831429013	0.8294569116857099	17.05430883142901	82.94569116857099	routine
392.5	9	5.373592613143874	2.2339009630394813	3.2228378412141394	9.33621536584762	0.10710978279893307	0.594564303726534	0.405435696273466	0.0	0.0023144984174520034	0.0023144984174520034	0.0023144984174520034	0.0	0.021570319240724764	0.03790983606557377	0.16351111475820812	0.8364888852417919	16.35111147582081	83.64888852417918	routine
392.75	10	5.3793888767991715	2.2934213304436954	3.308707580100088	9.908780967611765	0.1009205878370548	0.6040907817315775	0.3959092182684225	0.0	0.0009389280683224631	0.0009389280683224631	0.0009389280683224631	0.0	0.011216566005176877	0.018954918032786885	0.15856556644238531	0.8414344335576147	15.856556644238532	84.14344335576148	routine
393.0	11	5.458895946950361	2.3493831543477355	3.389443425925548	10.479103741093331	0.09542800841626801	0.6158587839731017	0.3841412160268983	0.0	0.00035781978532885023	0.00035781978532885023	0.00035781978532885023	0.0	0.0008628127696289905	0.0005122950819672131	0.15430847295617448	0.8456915270438256	15.430847295617447	84.56915270438256	routine
393.25	12	5.6406444065220205	2.3938942943606873	3.4536594268865484	10.956077162939906	0.09127354482155403	0.6228635472121042	0.37713645278789576	0.0	0.0	0.0	0.0	0.0	0.0	0.0	0.15571588680302606	0.8442841131969739	15.571588680302606	84.42841131969739	routine
393.5	10	5.936129749918868	2.4180417066029376	3.488496778778744	11.223858172218462	0.08909592269040087	0.6267862146259456	0.37321378537405436	0.0	0.0	0.0	0.0	0.0	0.0	0.0	0.1566965536564864	0.8433034463435136	15.66965536564864	84.33034463435136	routine
393.75	10	6.3306519799064525	2.417287593508869	3.487408823557662	11.21539730443138	0.08916313643252605	0.6265060240963856	0.37349397590361444	0.0	0.0	0.0	0.0	0.0	0.0	0.0	0.1566265060240964	0.8433734939759037	15.66265060240964	84.33734939759037	routine
394.0	10	6.7797470427528985	2.396150976515412	3.456915131040032	10.980829465294311	0.09106780167751177	0.6234239282712244	0.3765760717287756	0.0	0.0	0.0	0.0	0.0	0.0	0.0	0.1558559820678061	0.844144017932194	15.58559820678061	84.4144017932194	routine
394.25	11	7.212614509387267	2.3643529387398945	3.411040259631293	10.63715370012673	0.09401011099313965	0.6197814513869431	0.38021854861305693	0.0	0.0	0.0	0.0	0.0	0.0	0.0	0.15494536284673577	0.8450546371532642	15.494536284673577	84.50546371532643	routine
394.5	12	7.545548229028739	2.3310765674187657	3.363032603747521	10.289012388221634	0.09719105802076318	0.6116559260297002	0.3883440739702998	0.0	0.0	0.0	0.0	0.0	0.0	0.0	0.15291398150742505	0.8470860184925749	15.291398150742506	84.70860184925749	routine
394.75	10	7.701634139305184	2.3013388365684144	3.3201301269224284	9.987545198294034	0.1001247033325876	0.6060521154384981	0.39394788456150187	0.0	0.0	0.0	0.0	0.0	0.0	0.0	0.15151302885962453	0.8484869711403755	15.151302885962453	84.84869711403755	routine
395.0	9	7.629827535409191	2.2753463244879844	3.282630858643745	9.731288612584885	0.1027613135126586	0.599887923788176	0.400112076211824	0.0	0.0	0.0	0.0	0.0	0.0	0.0	0.149971980947044	0.850028019052956	14.9971980947044	85.0028019052956	routine
395.25	9	7.31607681378372	2.249055697530163	3.244701501509835	9.478780772784859	0.10549880031735355	0.5968058279630148	0.40319417203698515	0.0	0.0	0.0	0.0	0.0	0.0	0.0	0.1492014569907537	0.8507985430092463	14.920145699075372	85.07985430092462	routine
395.5	9	6.7851534808494165	2.2176018098950525	3.199323133801982	9.185276392087312	0.10886988668750931	0.5926029700196134	0.4073970299803866	0.0	0.0	0.0003659857331369356	0.0003659857331369356	0.0	0.0	0.0020491803278688526	0.14866303758687055	0.8513369624131295	14.866303758687055	85.13369624131295	routine
395.75	9	6.089194397401791	2.174761530577895	3.137517675280821	8.800086320448225	0.11363524897208803	0.5881199215466517	0.4118800784533483	0.0	0.0	0.0009589958257307719	0.0009589958257307719	0.0	0.0	0.019979508196721313	0.15202485743584326	0.8479751425641567	15.202485743584326	84.79751425641567	routine
396.0	9	5.292836347606038	2.1142539180803266	3.050223642794548	8.283403362634052	0.12072332545230641	0.5799943961894088	0.42000560381059115	0.0	0.0	0.002360618859260736	0.002360618859260736	0.0	0.0	0.03944672131147541	0.15486027937522107	0.8451397206247789	15.486027937522106	84.51397206247789	routine
396.25	8	4.4611499578318154	2.0336943687404645	2.9340007804656794	7.642267625353864	0.13085121445922884	0.5671056318296441	0.43289436817035587	0.0	0.0	0.005458730115696726	0.005458730115696726	0.0	0.0	0.057889344262295084	0.1562487440229848	0.8437512559770152	15.624874402298481	84.37512559770151	routine
396.5	7	3.6497076752856437	1.935135513598422	2.791810408916561	6.924982421083074	0.1444046986972133	0.5511347716447184	0.44886522835528164	0.0	0.0	0.011858068870034202	0.011858068870034202	0.0	0.0	0.0778688524590164	0.1572509060259337	0.8427490939740663	15.725090602593369	84.27490939740663	routine
396.75	6	2.900822325103132	1.8245888326036994	2.63232526045874	6.200245156273227	0.1612839451982361	0.5374054356962734	0.4625945643037266	0.0	0.0	0.02419874865043343	0.02419874865043343	0.0	0.0	0.09784836065573771	0.15881344908800277	0.8411865509119972	15.881344908800276	84.11865509119973	routine
397.0	5	2.246687285885677	1.7187488112456717	2.4796303865179317	5.577545534455923	0.17929033368215214	0.5231157186887083	0.4768842813112917	0.0	0.0	0.04681236593517632	0.04681236593517632	0.0	0.0	0.11885245901639344	0.16049204442627543	0.8395079555737246	16.049204442627545	83.95079555737246	routine
397.25	2	1.707425715279235	1.631711993148042	2.3540628006737263	5.112620000879072	0.19559443100172877	0.5135892406836648	0.48641075931633515	0.0	0.0	0.08464072758650615	0.08464072758650615	0.0	0.0	0.1408811475409836	0.1636175970561621	0.8363824029438379	16.361759705616212	83.63824029438379	routine
397.5	3	1.2948148140452143	1.569244310410202	2.2639409845720198	4.803017231886165	0.20820245935434545	0.5009806668534603	0.4990193331465397	0.0	0.0	0.14401439836577826	0.14401439836577826	0.0	0.0	0.16444672131147542	0.16635684704123394	0.833643152958766	16.635684704123392	83.3643152958766	routine
397.75	3	1.012699456635032	1.509429126661617	2.1776459156080743	4.524147341875962	0.2210361255797086	0.4880919024936957	0.5119080975063043	0.0	0.0	0.2307594408053895	0.2307594408053895	0.0	0.0	0.19211065573770492	0.17005063955785016	0.8299493604421498	17.005063955785015	82.99493604421498	routine
398.0	3	0.8560040104711207	1.3914373316231492	2.0074197380404892	4.020624873109163	0.24871755798165185	0.46679742224712806	0.5332025777528719	0.0	0.0	0.3485679060155902	0.3485679060155902	0.0	0.0	0.22182377049180327	0.17215529818473282	0.8278447018152671	17.215529818473282	82.78447018152671	routine
398.25	2	0.8103572674364264	1.1726998088590528	1.6918481986923908	3.230703155872859	0.30953013995797574	0.43233398711123566	0.5676660128887643	0.0	0.0	0.4970596477974813	0.4970596477974813	0.0	0.0	0.257172131147541	0.17237652956469418	0.8276234704353058	17.237652956469418	82.76234704353058	routine
398.5	1	0.8546774199335753	0.9218392451365022	1.3299329074552573	2.513909836927535	0.39778674052295604	0.39310731297282153	0.6068926870271785	0.0	0.0	0.6704459130949795	0.6704459130949795	0.0	0.0	0.29559426229508196	0.17217539381697589	0.8278246061830241	17.217539381697588	82.78246061830241	routine
398.75	1	0.9610288795389218	0.7317465351705902	1.055687097478292	2.0787079756780606	0.4810680536662716	0.36760997478285234	0.6323900252171477	0.0	0.0	0.8575653805821882	0.8575653805821882	0.0	0.0	0.336577868852459	0.17604696090882782	0.8239530390911722	17.604696090882783	82.39530390911722	routine
399.0	2	1.1004228924127777	0.6406961289247022	0.9243291279164239	1.8978015341198562	0.5269254882670175	0.35107873353880636	0.6489212664611936	0.0	0.0	1.0436215953092376	1.0436215953092376	0.0	0.0	0.399077868852459	0.18753915059781634	0.8124608494021837	18.753915059781633	81.24608494021837	routine
399.25	2	1.246309702305419	0.629704366390882	0.9084713666182523	1.8770555765150523	0.532749276319566	0.3477164471840852	0.6522835528159148	0.0	0.0	1.2131705160656068	1.2131705160656068	0.0	0.0	0.42315573770491804	0.1927180462222508	0.8072819537777491	19.27180462222508	80.72819537777491	routine
399.5	2	1.3810493877738865	0.6811123463405299	0.9826374043537286	1.976074589509108	0.5060537721141476	0.3594844494256094	0.6405155505743906	0.0	0.0	1.3532012492620946	1.3532012492620946	0.0	0.0	0.4395491803278688	0.19975840743836956	0.8002415925616304	19.975840743836955	80.02415925616305	routine
399.75	2	1.4921734724807414	0.75722789695541	1.0924489317603492	2.1323569067402555	0.4689646451018863	0.3718128327262539	0.6281871672737461	0.0	0.0	1.4550135052120086	1.4550135052120086	0.0	0.0	0.45184426229508196	0.20591427375533394	0.7940857262446661	20.591427375533396	79.40857262446661	routine
400.0	2	1.577519929614228	0.8422798620380454	1.2151529800029284	2.3216539984675952	0.4307274041093327	0.38161950126085736	0.6183804987391426	0.0	0.0	1.5142267760621173	1.5142267760621173	0.0	0.0	0.45491803278688525	0.20913438351193564	0.7908656164880643	20.913438351193562	79.08656164880642	routine
400.25	2	1.641166233287155	0.9272117772822867	1.337683832938997	2.527452244273327	0.3956553490835638	0.394508265620622	0.605491734379378	0.0	0.0	1.5300284632598125	1.5300284632598125	0.0	0.0	0.4574795081967213	0.21299694345433584	0.7870030565456642	21.299694345433583	78.70030565456642	routine
400.5	3	1.6908009794682233	1.0088754001180946	1.455499536625244	2.74251504800398	0.36462881059770536	0.40403474362566544	0.5959652563743345	0.0	0.0	1.5018543843255108	1.5018543843255108	0.0	0.0	0.45440573770491804	0.21461012033264587	0.7853898796673542	21.461012033264588	78.53898796673542	routine
400.75	3	1.7379215970357345	1.096654351374434	1.5821377942971988	2.994131934645584	0.33398661843482536	0.4200056038105912	0.5799943961894087	0.0	0.0	1.4311723711608335	1.4311723711608335	0.0	0.0	0.4492827868852459	0.21732209767395927	0.7826779023260407	21.732209767395926	78.26779023260407	routine
401.0	3	1.794771416039607	1.1947703291491538	1.7236892288647587	3.3027991267002195	0.3027734844410856	0.43457551134771644	0.5654244886522836	0.0	0.0	1.321515078946571	1.321515078946571	0.0	0.0	0.4364754098360656	0.2177627302959455	0.7822372697040545	21.77627302959455	78.22372697040545	routine
401.25	3	1.8764206059589221	1.3059105571085086	1.8840306845849888	3.6910484744451564	0.27092572934857523	0.44970579994396187	0.5502942000560381	0.0	0.0	1.1807676831486789	1.1807676831486789	0.0	0.0	0.42059426229508196	0.21757501555976094	0.7824249844402391	21.757501555976095	78.24249844402391	routine
401.5	3	1.9994425126584476	1.4234340592637664	2.0535812583322826	4.151351979012555	0.24088538024613879	0.4743625665452508	0.5256374334547492	0.0	0.0	1.0225393688379085	1.0225393688379085	0.0	0.0	0.39600409836065575	0.21759166622647663	0.7824083337735234	21.759166622647662	78.24083337735233	routine
401.75	4	2.180184033224338	1.5347671266216678	2.214200922496484	4.640244814637658	0.21550587090696138	0.49369571308489774	0.5063042869151022	0.0	0.0	0.8656207879035441	0.8656207879035441	0.0	0.0	0.3396516393442623	0.20833683810729	0.79166316189271	20.833683810729	79.166316189271	routine
402.0	5	2.430167114187766	1.6254962901212264	2.345095436741301	5.080940031900325	0.19681397413108012	0.5121882880358644	0.48781171196413564	0.0	0.0	0.7312031122110214	0.7312031122110214	0.0	0.0	0.3094262295081967	0.20540362938601525	0.7945963706139847	20.540362938601525	79.45963706139847	routine
402.25	6	2.7508632887483513	1.686810923053288	2.4335537536063137	5.402225093512362	0.18510891025272525	0.5191930512748669	0.4808069487251331	0.0	0.0	0.6385639698683533	0.6385639698683533	0.0	0.0	0.2894467213114754	0.20215994314658559	0.7978400568534144	20.21599431465856	79.78400568534144	routine
402.5	6	3.1302831730160148	1.7212441225857458	2.4832303598137306	5.5914806260432	0.17884350619804398	0.5233959092182684	0.4766040907817316	0.0	0.0	0.6005159874200352	0.6005159874200352	0.0	0.0	0.2817622950819672	0.20128955107505891	0.798710448924941	20.12895510750589	79.8710448924941	routine
402.75	6	3.539782996301095	1.7360315393203634	2.504564092604322	5.674778542853796	0.17621833036274026	0.5247968618660689	0.4752031381339311	0.0	0.0	0.6199279729947058	0.6199279729947058	0.0	0.0	0.2843237704918033	0.20228015808946803	0.797719841910532	20.228015808946804	79.7719841910532	routine
403.0	5	3.9362031175384478	1.7400983345809022	2.510431237959012	5.6979036960963905	0.1755031417405485	0.5250770523956291	0.4749229476043709	0.0	0.0	0.6882773345552471	0.6882773345552471	0.0	0.0	0.29713114754098363	0.20555204998415316	0.7944479500158468	20.555204998415316	79.44479500158468	routine
403.25	5	4.268909377085795	1.7417204934495396	2.512771518514329	5.707154101895099	0.1752186785473242	0.5253572429251891	0.47464275707481085	0.0	0.0	0.7867282680617691	0.7867282680617691	0.0	0.0	0.31915983606557374	0.21112926974769072	0.7888707302523092	21.11292697476907	78.88707302523092	routine
403.5	5	4.4908571885181345	1.7469435191665657	2.520306751814718	5.737040695822512	0.17430589271018432	0.5259176239843093	0.4740823760156907	0.0	0.0	0.8894174625006288	0.8894174625006288	0.0	0.0	0.3442622950819672	0.2175449797665691	0.7824550202334308	21.75449797665691	78.24550202334308	routine
403.75	6	4.572630447472633	1.7616347402349117	2.5415017035946246	5.8219469904159675	0.17176384492098437	0.52759876716167	0.47240123283833	0.0	0.0	0.9703746509104066	0.9703746509104066	0.0	0.0	0.3714139344262295	0.22475317539697487	0.7752468246030251	22.475317539697485	77.5246824603025	routine
404.0	7	4.509034769253215	1.7852423815003668	2.575560330575382	5.961024614585043	0.1677563950253226	0.5318016251050715	0.46819837489492855	0.0	0.0	1.007076144104489	1.007076144104489	0.0	0.0	0.39293032786885246	0.231182988243481	0.768817011756519	23.1182988243481	76.8817011756519	routine
404.25	7	4.32263978558161	1.8130032987537175	2.61561086822732	6.128826516514304	0.1631633718633527	0.5357242925189128	0.46427570748108715	0.0	0.0	0.9876255794129418	0.9876255794129418	0.0	0.0	0.3790983606557377	0.22870566329366265	0.7712943367063374	22.870566329366266	77.12943367063374	routine
404.5	6	4.055117721896888	1.8330260267663285	2.6444975586361825	6.252779136567513	0.1599288857256765	0.538806388344074	0.461193611655926	0.0	0.0	0.9123477221272355	0.9123477221272355	0.0	0.0	0.35040983606557374	0.22230405610241194	0.7776959438975881	22.230405610241196	77.76959438975881	routine
404.75	6	3.752693701017619	1.8275747398456526	2.6366330140292606	6.218786180300761	0.16080308455815678	0.5379658167553937	0.4620341832446063	0.0	0.0	0.7927365452262952	0.7927365452262952	0.0	0.0	0.3212090163934426	0.21479370828720906	0.7852062917127909	21.479370828720906	78.52062917127908	routine
405.0	6	3.451158133558542	1.7800610144798634	2.5680851980698765	5.930218236734152	0.16862785821364862	0.530680862986831	0.46931913701316896	0.0	0.0	0.647180195800893	0.647180195800893	0.0	0.0	0.29098360655737704	0.20541611738605203	0.794583882613948	20.541611738605205	79.4583882613948	routine
405.25	6	3.1667423236228376	1.6860085097979107	2.432396115982037	5.397892015181035	0.18525750370470537	0.5189128607453068	0.48108713925469315	0.0	0.0	0.49678399328481265	0.49678399328481265	0.0	0.0	0.25665983606557374	0.19389317420272015	0.8061068257972799	19.389317420272015	80.61068257972799	routine
405.5	5	2.8943357644769905	1.5543260256817006	2.2424184491756414	4.731896273641099	0.2113317668374248	0.4970579994396189	0.5029420005603811	0.0	0.0	0.35823380343838396	0.35823380343838396	0.0	0.0	0.22438524590163936	0.18036081133531456	0.8196391886646854	18.036081133531457	81.96391886646855	routine
405.75	4	2.6190677486902327	1.4104288572558745	2.034818717889738	4.097712360980882	0.24403860298301341	0.47128047072008966	0.5287195292799103	0.0	0.0	0.24267337429368582	0.24267337429368582	0.0	0.0	0.19569672131147542	0.16674429800789126	0.8332557019921087	16.674429800789127	83.32557019921087	routine
406.0	3	2.3277891828934782	1.2833017196580456	1.8514130269149414	3.6085344473667833	0.2771208130574226	0.44522275147100027	0.5547772485289997	0.0	0.0	0.15443093063397467	0.15443093063397467	0.0	0.0	0.16905737704918034	0.15357003213004516	0.8464299678699548	15.357003213004516	84.64299678699548	routine
406.25	2	2.020447920423726	1.200507791735088	1.731966637684772	3.321803278792036	0.30104130680599694	0.4359764639955169	0.5640235360044831	0.0	0.0	0.0923215406221904	0.0923215406221904	0.0	0.0	0.1444672131147541	0.14511091927756775	0.8548890807224323	14.511091927756775	85.48890807224323	routine
406.5	2	1.7132688443957493	1.181085394071888	1.7039460408939	3.2579083990079862	0.3069454010138818	0.4328943681703558	0.5671056318296441	0.0	0.0	0.05184756833324091	0.05184756833324091	0.0	0.0	0.12192622950819672	0.13870514941963813	0.8612948505803619	13.870514941963814	86.1294850580362	routine
406.75	2	1.4377049367733403	1.239980487790419	1.7889137005343154	3.4555460387663373	0.289389864519649	0.44017932193891846	0.5598206780610815	0.0	0.0	0.02735333831508252	0.02735333831508252	0.0	0.0	0.10245901639344263	0.13565958458309027	0.8643404154169098	13.565958458309026	86.43404154169097	routine
407.0	3	1.2294520849920816	1.356417793445606	1.9568972239775262	3.8822613011625156	0.25758183760082226	0.45979265900812555	0.5402073409918744	0.0	0.0	0.013556540511923393	0.013556540511923393	0.0	0.0	0.08196721311475409	0.13543996803071992	0.8645600319692801	13.543996803071993	86.45600319692801	routine
407.25	4	1.1198966632252445	1.4570391674820078	2.1020631813072765	4.29322915889853	0.2329249064022848	0.4819277108433735	0.5180722891566265	0.0	0.0	0.006311666021542759	0.006311666021542759	0.0	0.0	0.0630122950819672	0.13623500148133516	0.8637649985186648	13.623500148133516	86.37649985186648	routine
407.5	4	1.1266429103180449	1.4506719825453986	2.0928772751748075	4.265980216454832	0.2344127139040116	0.480526758195573	0.519473241804427	0.0	0.0	0.0027605507736080588	0.0027605507736080588	0.0	0.0	0.0430327868852459	0.13088988627020473	0.8691101137297953	13.088988627020473	86.91101137297953	routine
407.75	3	1.2490556765644598	1.3383613987446394	1.9308473528861079	3.8127907401776735	0.2622750809433094	0.45727094424208464	0.5427290557579154	0.0	0.0	0.00113423766046485	0.00113423766046485	0.0	0.0	0.0235655737704918	0.12020912950314411	0.8797908704968559	12.020912950314411	87.97908704968559	routine
408.0	2	1.4668153302538327	1.2039766831952852	1.7369711901917806	3.3333462629229067	0.2999988363414521	0.43653684505463713	0.5634631549453628	0.0	0.0	0.00043779317009811015	0.00043779317009811015	0.0	0.0	0.005122950819672131	0.11041494896857731	0.8895850510314227	11.041494896857731	88.95850510314227	routine
408.25	3	1.7429937716244057	1.1097127168956675	1.6009770334767979	3.0334867997396744	0.32965365139740094	0.4228075091061922	0.5771924908938078	0.0	0.0	0.0	0.0	0.0	0.0	0.0	0.10570187727654805	0.894298122723452	10.570187727654805	89.4298122723452	routine
408.5	3	2.0313090772336206	1.0671212682418985	1.5395305617197281	2.9069989728558006	0.34399736956825	0.41272065004202857	0.5872793499579714	0.0	0.0	0.0	0.0	0.0	0.0	0.0	0.10318016251050714	0.8968198374894929	10.318016251050715	89.68198374894929	routine
408.75	3	2.2843577058301237	1.0610577059058204	1.5307826904073474	2.8894255360310006	0.3460895557023522	0.41159988792378815	0.5884001120762119	0.0	0.0	0.0	0.0	0.0	0.0	0.0	0.10289997198094704	0.897100028019053	10.289997198094705	89.7100028019053	routine
409.0	3	2.462967142793828	1.074060774663419	1.549542153220273	2.927242268899184	0.34161846138415425	0.41468198374894927	0.5853180162510507	0.0	0.0	0.0	0.0	0.0	0.0	0.0	0.10367049593723732	0.8963295040627627	10.367049593723731	89.63295040627627	routine
409.25	3	2.54226280280693	1.0912213119481808	1.574299575259989	2.9779088081462506	0.33580611913448766	0.4183244606332306	0.5816755393667694	0.0	0.0	0.0	0.0	0.0	0.0	0.0	0.10458111515830765	0.8954188848416924	10.458111515830765	89.54188848416923	routine
409.5	3	2.5142430223809273	1.1009935872521162	1.5883979883791783	3.0071524083821357	0.33254051148608244	0.4205659848697114	0.5794340151302886	0.0	0.0	0.0	0.0	0.0	0.0	0.0	0.10514149621742785	0.8948585037825721	10.514149621742785	89.48585037825721	routine
409.75	3	2.386044364685626	1.0939866889033905	1.5782891708794586	2.9861552455377223	0.3348787714551419	0.4191650322219109	0.5808349677780891	0.0	0.0	0.0	0.0	0.0	0.0	0.0	0.10479125805547773	0.8952087419445223	10.479125805547774	89.52087419445223	routine
410.0	3	2.176559102557197	1.0664042890892231	1.5384961794517429	2.90491546220152	0.3442440969494306	0.41216026898290836	0.5878397310170916	0.0	0.0	0.0	0.0	0.0	0.0	0.0	0.10304006724572709	0.8969599327542729	10.304006724572709	89.69599327542728	routine
410.25	3	1.910136612928875	1.0165955922143235	1.4666374194771834	2.763769730550232	0.3618246444145376	0.40515550574390585	0.5948444942560942	0.0	0.0	0.0	0.0	0.0	0.0	0.0	0.10128887643597646	0.8987111235640235	10.128887643597647	89.87111235640235	routine
410.5	3	1.6123884527066772	0.9451017989138564	1.363493678428259	2.5730753015273304	0.3886400057574756	0.39674978985710285	0.6032502101428971	0.0	0.0	0.0	0.0	0.0	0.0	0.0	0.09918744746427571	0.9008125525357242	9.91874474642757	90.08125525357242	routine
410.75	3	1.30824567495813	0.859848329430969	1.2404989207867188	2.3628022989583233	0.42322626841901456	0.38414121602689827	0.6158587839731018	0.0	0.0	0.0	0.0	0.0	0.0	0.0	0.09603530400672457	0.9039646959932754	9.603530400672456	90.39646959932755	routine
411.0	2	1.0184567146766612	0.7670616902307601	1.1066360965518238	2.15342950572562	0.4643755448419194	0.37321378537405436	0.6267862146259456	0.0	0.0	0.0	0.0	0.0	0.0	0.0	0.09330344634351359	0.9066965536564864	9.33034463435136	90.66965536564864	routine
411.25	1	0.7598999058871219	0.6802672917308951	0.981418248259128	1.974405403944072	0.5064815959287794	0.35864387783692914	0.6413561221630708	0.0	0.0	0.0	0.0	0.0	0.0	0.0	0.08966096945923228	0.9103390305407677	8.966096945923228	91.03390305407677	routine
411.5	1	0.5441027448762237	0.6185053385809532	0.8923145847340905	1.856151649221755	0.5387490835779926	0.34603530400672455	0.6539646959932754	0.0	0.0	0.0	0.0	0.0	0.0	0.0	0.08650882600168114	0.9134911739983189	8.650882600168114	91.3491173998319	routine
411.75	1	0.37738312969231963	0.6115169861963565	0.8822325234048483	1.8432254265238766	0.5425272381826306	0.34547492294760435	0.6545250770523956	0.0	0.0	0.0	0.0	0.0	0.0	0.0	0.08636873073690109	0.9136312692630989	8.636873073690108	91.36312692630989	routine
412.0	1	0.26164932448662415	0.6905308939791616	0.996225496324359	1.994774265828353	0.5013098560226004	0.3628467357803306	0.6371532642196693	0.0	0.0	0.0	0.0	0.0	0.0	0.0	0.09071168394508265	0.9092883160549173	9.071168394508264	90.92883160549174	routine
412.25	0	0.1965310421136581	0.8373084396944411	1.207980733641646	2.3101407183072022	0.43287406350413504	0.380498739142617	0.619501260857383	0.0	0.0	0.0	0.0	0.0	0.0	0.0	0.09512468478565425	0.9048753152143457	9.512468478565426	90.48753152143458	routine
412.5	0	0.17945055671548799	0.8485173412633278	1.2241517603488912	2.3361805244056417	0.4280491124522214	0.3827402633790978	0.6172597366209023	0.0	0.0	0.0	0.0	0.0	0.0	0.0	0.09568506584477444	0.9043149341552256	9.568506584477445	90.43149341552255	routine
412.75	1	0.20874226729855921	0.6438523604228067	0.9288826074466368	1.903800897808949	0.5252650112471753	0.3513589240683665	0.6486410759316334	0.0	0.0	0.0	0.0	0.0	0.0	0.0	0.08783973101709162	0.9121602689829084	8.783973101709162	91.21602689829083	routine
413.0	1	0.28238898441862836	0.41703896909001564	0.6016600525636113	1.5174616458823724	0.658995238998954	0.3247408237601569	0.6752591762398431	0.0	0.0	0.0	0.0	0.0	0.0	0.0	0.08118520594003922	0.9188147940599608	8.118520594003922	91.88147940599607	routine
413.25	1	0.3981835443692693	0.31070477416266196	0.44825223686499777	1.3643863596160448	0.7329302238710539	0.31605491734379376	0.6839450826562062	0.0	0.0	0.0	0.0	0.0	0.0	0.0	0.07901372933594844	0.9209862706640516	7.901372933594844	92.09862706640516	routine
413.5	1	0.5504373033202203	0.2989852903996061	0.4313445957582583	1.3484897875811115	0.7415703175578184	0.31409358363687306	0.685906416363127	0.0	0.0	0.0	0.0	0.0	0.0	0.0	0.07852339590921827	0.9214766040907817	7.852339590921827	92.14766040907817	routine
413.75	1	0.7296072066278675	0.34034830885105005	0.4910188173543552	1.4054370314780016	0.7115224500299161	0.31857663210983467	0.6814233678901653	0.0	0.0	0.0	0.0	0.0	0.0	0.0	0.07964415802745867	0.9203558419725413	7.964415802745867	92.03558419725412	routine
414.0	1	0.9231897352342034	0.41692003377002196	0.6014884651672698	1.5172811768282264	0.6590736214697083	0.3244606332305968	0.6755393667694032	0.0	0.0	0.0	0.0	0.0	0.0	0.0	0.0811151583076492	0.9188848416923507	8.11151583076492	91.88848416923507	routine
414.25	2	1.1165416526458778	0.5145507976850768	0.7423398841057207	1.6728868683385614	0.5977690535601828	0.33510787335388065	0.6648921266461194	0.0	0.0	0.0	0.0	0.0	0.0	0.0	0.08377696833847016	0.9162230316615299	8.377696833847017	91.62230316615299	routine
414.5	2	1.2976156788620685	0.6313508865212271	0.910846793045025	1.8801487320802102	0.5318728156647441	0.3488372093023256	0.6511627906976745	0.0	0.0	0.0	0.0	0.0	0.0	0.0	0.0872093023255814	0.9127906976744186	8.720930232558139	91.27906976744185	routine
414.75	2	1.4583206542709173	0.7584380412243509	1.0941948008959101	2.134938928224431	0.4683974734732445	0.37209302325581395	0.627906976744186	0.0	0.0	0.0	0.0	0.0	0.0	0.0	0.09302325581395349	0.9069767441860466	9.30232558139535	90.69767441860466	routine
415.0	2	1.5979234665630753	0.8899607676653827	1.2839419860965826	2.435034117342581	0.41067186405228984	0.3875035023816195	0.6124964976183804	0.0	0.0	0.0	0.0	0.0	0.0	0.0	0.09687587559540488	0.9031241244045951	9.687587559540487	90.31241244045951	routine
415.25	3	1.7221731510500375	1.0187972298056889	1.469813711112081	2.7698612530848163	0.36102891395238373	0.405435696273466	0.594564303726534	0.0	0.0	0.0	0.0	0.0	0.0	0.0	0.1013589240683665	0.8986410759316334	10.13589240683665	89.86410759316334	routine
415.5	3	1.8411945445399072	1.1380471425213166	1.6418549688133588	3.1206681905246074	0.3204441930213326	0.42616979546091344	0.5738302045390866	0.0	0.0	0.0	0.0	0.0	0.0	0.0	0.10654244886522836	0.8934575511347717	10.654244886522836	89.34575511347717	routine
415.75	3	1.966421723811047	1.2422702784120891	1.792217170108873	3.4634675815547	0.28872798039908737	0.44073970299803866	0.5592602970019613	0.0	0.0	0.0	0.0	0.0	0.0	0.0	0.11018492574950967	0.8898150742504903	11.018492574950967	88.98150742504903	routine
416.0	4	2.107510204535769	1.3276171799844256	1.9153467217625213	3.7720445672475305	0.26510821443705856	0.45474922947604374	0.5452507705239562	0.0	0.0	0.0	0.0	0.0	0.0	0.0	0.11368730736901093	0.8863126926309891	11.368730736901094	88.63126926309891	routine
416.25	5	2.2696659268068555	1.3911039704878054	2.006938799583704	4.01928477641716	0.24880048457064352	0.4665172317175679	0.5334827682824321	0.0	0.0	0.0	0.0	0.0	0.0	0.0	0.11662930792939198	0.883370692070608	11.662930792939198	88.33706920706081	routine
416.5	5	2.4513773551173377	1.4303100709659877	2.063501246316172	4.179995086117457	0.239234730997935	0.47520313813393106	0.524796861866069	0.0	0.0	0.0	0.0	0.0	0.0	0.0	0.11880078453348276	0.8811992154665172	11.880078453348277	88.11992154665172	routine
416.75	4	2.6434716556702305	1.4466840649080968	2.0871239261759986	4.249001715642115	0.2353493989702658	0.47968618660689266	0.5203138133931073	0.0	0.0	0.0	0.0	0.0	0.0	0.0	0.11992154665172317	0.8800784533482768	11.992154665172317	88.00784533482768	routine
417.0	4	2.8261817760683647	1.4393700513260426	2.0765720350521746	4.218037832548245	0.23707705803005316	0.47716447184085176	0.5228355281591482	0.0	0.0	0.0	0.0	0.0	0.0	0.0	0.11929111796021294	0.880708882039787	11.929111796021294	88.0708882039787	routine
417.25	4	2.973446537378393	1.41459839429054	2.0408340882924527	4.114833593429351	0.24302319335508976	0.47156066124964974	0.5284393387503503	0.0	0.0	0.0	0.0	0.0	0.0	0.0	0.11789016531241243	0.8821098346875875	11.789016531241243	88.21098346875876	routine
417.5	4	3.0559742551922158	1.3796010683525644	1.9903436197173605	3.9733162296938014	0.2516789357279684	0.46427570748108715	0.5357242925189128	0.0	0.0	0.0	0.0	0.0	0.0	0.0	0.11606892687027179	0.8839310731297282	11.606892687027178	88.39310731297282	routine
417.75	4	3.048836341035046	1.3424547641907645	1.9367528309157787	3.8284298725518884	0.26120368748806083	0.4578313253012048	0.5421686746987953	0.0	0.0	0.0	0.0	0.0	0.0	0.0	0.1144578313253012	0.8855421686746988	11.44578313253012	88.55421686746988	routine
418.0	4	2.9394993495153003	1.3110883018862216	1.8915005912987841	3.7102093436461967	0.26952657043800476	0.4513869431213225	0.5486130568786776	0.0	0.0	0.0	0.0	0.0	0.0	0.0	0.11284673578033062	0.8871532642196693	11.284673578033063	88.71532642196694	routine
418.25	3	2.733671249436738	1.2925092137773682	1.8646966330199022	3.6419134396915154	0.2745809356975557	0.44662370411880076	0.5533762958811992	0.0	0.0	0.0	0.0	0.0	0.0	0.0	0.11165592602970019	0.8883440739702998	11.165592602970019	88.83440739702998	routine
418.5	3	2.4562468324607654	1.2913142501043862	1.8629726648548486	3.637564084609152	0.27490924606141964	0.4463435135892407	0.5536564864107594	0.0	0.0	0.0	0.0	0.0	0.0	0.0	0.11158587839731017	0.8884141216026898	11.158587839731018	88.84141216026899	routine
418.75	4	2.146013358084384	1.3050666764360115	1.8828132221236753	3.687934983868352	0.2711544548301877	0.4494256094144018	0.5505743905855982	0.0	0.0	0.0	0.0	0.0	0.0	0.0	0.11235640235360045	0.8876435976463996	11.235640235360044	88.76435976463995	routine
419.0	4	1.8468925627030308	1.322255439550285	1.9076113654276527	3.7518739664573086	0.2665334733896314	0.452787895769123	0.5472121042308771	0.0	0.0	0.0	0.0	0.0	0.0	0.0	0.11319697394228075	0.8868030260577192	11.319697394228074	88.68030260577193	routine
419.25	3	1.5945352930093843	1.3097763980804618	1.8896079141840911	3.705345097297401	0.26988039541293424	0.4511067525917624	0.5488932474082375	0.0	0.0	0.0	0.0	0.0	0.0	0.0	0.1127766881479406	0.8872233118520594	11.27766881479406	88.72233118520595	routine
419.5	3	1.4096804027340455	1.2327729590972962	1.7785154346316823	3.4307296314565012	0.2914831850434843	0.43905855982067804	0.560941440179322	0.0	0.0	0.0	0.0	0.0	0.0	0.0	0.10976463995516951	0.8902353600448305	10.976463995516951	89.02353600448305	routine
419.75	3	1.2924157921993296	1.0759279072924093	1.5522358562047993	2.932712924082493	0.34098120951025324	0.4152423648080695	0.5847576351919306	0.0	0.0	0.0	0.0	0.0	0.0	0.0	0.10381059120201737	0.8961894087979826	10.381059120201737	89.61894087979826	routine
420.0	2	1.225700438197198	0.8687972133365219	1.253409431218751	2.384041634857627	0.41945576175296917	0.3852619781451387	0.6147380218548613	0.0	0.0	0.0	0.0	0.0	0.0	0.0	0.09631549453628467	0.9036845054637154	9.631549453628468	90.36845054637153	routine
420.25	1	1.1842816790633954	0.6728328130278171	0.9706925627026028	1.9597811581975555	0.510261054310634	0.3564023536004483	0.6435976463995516	0.0	0.0	0.0	0.0	0.0	0.0	0.0	0.08910058840011208	0.910899411599888	8.910058840011208	91.0899411599888	routine
420.5	1	1.1448021155697252	0.5440855369028261	0.7849495059091164	1.723032012529554	0.5803722697710747	0.33875035023816197	0.6612496497618381	0.0	0.0	0.0	0.0	0.0	0.0	0.0	0.08468758755954049	0.9153124124404595	8.468758755954049	91.53124124404594	routine
420.75	1	1.094999237209304	0.5196006985391893	0.7496253510249298	1.681356147676029	0.5947579882954603	0.33622863547212106	0.6637713645278789	0.0	0.0	0.0	0.0	0.0	0.0	0.0	0.08405715886803027	0.9159428411319698	8.405715886803026	91.59428411319698	routine
421.0	1	1.0370972479691163	0.6082072619411512	0.8774576006351535	1.837134943092004	0.54432582851913	0.34463435135892406	0.6553656486410759	0.0	0.0	0.0	0.0	0.0	0.0	0.0	0.08615858783973102	0.9138414121602689	8.615858783973101	91.38414121602689	routine
421.25	1	0.989306257832327	0.8027946894404564	1.158187917307742	2.231769323385552	0.44807498226699294	0.3762958811992155	0.6237041188007846	0.0	0.0	0.0	0.0	0.0	0.0	0.0	0.09407397029980387	0.9059260297001961	9.407397029980388	90.59260297001961	routine
421.5	2	0.9817345407538722	1.0668538338196536	1.5391447354049925	2.906221645211746	0.3440893786086781	0.4124404595124685	0.5875595404875316	0.0	0.0	0.0	0.0	0.0	0.0	0.0	0.10311011487811712	0.8968898851218828	10.311011487811712	89.68898851218829	routine
421.75	3	1.0453419291800916	1.3068720188963283	1.8854177807382806	3.6945989830760038	0.2706653697954067	0.449985990473522	0.550014009526478	0.0	0.0	0.0	0.0	0.0	0.0	0.0	0.1124964976183805	0.8875035023816195	11.24964976183805	88.75035023816194	routine
422.0	3	1.2073913746908425	1.460611200669474	2.107216535872725	4.308592138136137	0.2320943751321498	0.4830484729616139	0.5169515270383861	0.0	0.0	0.0	0.0	0.0	0.0	0.0	0.12076211824040348	0.8792378817595965	12.076211824040348	87.92378817595964	routine
422.25	3	1.4854069294290233	1.5460611651337628	2.2304947758494924	4.692948979490056	0.2130856321622874	0.49565704679181843	0.5043429532081816	0.0	0.0	0.0	0.0	0.0	0.0	0.0	0.12391426169795461	0.8760857383020454	12.39142616979546	87.60857383020453	routine
422.5	3	1.8844922733037548	1.6169464902668544	2.3327606828908056	5.037684189449781	0.19850390822319902	0.5107873353880639	0.48921266461193613	0.0	0.0	0.0	0.0	0.0	0.0	0.0	0.12769683384701597	0.8723031661529841	12.769683384701597	87.2303166152984	routine
422.75	5	2.39774483340136	1.7030658348154954	2.4570046341957377	5.490755362284282	0.1821243042203171	0.5211543849817876	0.47884561501821243	0.0	0.0	0.0007548546055260867	0.0007548546055260867	0.0	0.0	0.015881147540983607	0.13425888313069279	0.8657411168693072	13.42588831306928	86.57411168693072	routine
423.0	6	3.008418434650936	1.8034130847716057	2.6017751140742633	6.070330700788365	0.16473567080457877	0.5340431493415523	0.4659568506584477	0.0	0.0	0.0018879229306527619	0.0018879229306527619	0.0	0.0	0.03381147540983607	0.1419636561878471	0.8580363438121529	14.196365618784709	85.80363438121529	routine
423.25	7	3.694526694087682	1.908651727626515	2.7536023822309255	6.743989930722939	0.14828017394337992	0.547212104230877	0.45278789576912304	0.0	0.0	0.0044356963518857335	0.0044356963518857335	0.0	0.0	0.05430327868852459	0.15037884572985039	0.8496211542701496	15.037884572985039	84.96211542701496	routine
423.5	8	4.426960120384825	2.0054639355600328	2.893272874514123	7.4295399250944065	0.1345978364854528	0.5631829644158027	0.43681703558419727	0.0	0.0	0.009790298890541088	0.009790298890541088	0.0	0.0	0.07377049180327869	0.15923836405477035	0.8407616359452297	15.923836405477035	84.07616359452297	routine
423.75	8	5.168389697823289	2.0851372720052357	3.0082172018946953	8.0456958546997	0.12429005744927259	0.5755113477164472	0.4244886522835528	0.0	0.0	0.020299562950135755	0.020299562950135755	0.0	0.0	0.0932377049180328	0.16718726315861998	0.83281273684138	16.718726315862	83.281273684138	routine
424.0	8	5.872059018941081	2.1453277114748803	3.095053650426479	8.544841020962016	0.11702967879060851	0.58335668254413	0.41664331745587	0.0	0.0	0.03953975914381678	0.03953975914381678	0.0	0.0	0.11321721311475409	0.17414347391472101	0.825856526085279	17.414347391472102	82.58565260852791	routine
424.25	8	6.484045097959112	2.1888879698107764	3.1578978191075184	8.925282410612798	0.11204127264487772	0.5900812552535725	0.40991874474642753	0.0	0.0	0.07234990183498403	0.07234990183498403	0.0	0.0	0.13473360655737704	0.1812037154527374	0.8187962845472626	18.120371545273738	81.87962845472626	routine
424.5	9	6.950744175259886	2.2210887499037635	3.2043537248604266	9.217360805533541	0.10849092501615658	0.5931633510787335	0.4068366489212665	0.0	0.0	0.1243650840750525	0.1243650840750525	0.0	0.0	0.1572745901639344	0.18760948531066698	0.812390514689333	18.7609485310667	81.2390514689333	routine
424.75	11	7.23064204696412	2.2470209826943677	3.2417660285066097	9.45951376500173	0.10571367882562799	0.5962454469038947	0.4037545530961053	0.0	0.0	0.20082398668226936	0.20082398668226936	0.0	0.0	0.18084016393442623	0.19427140270958024	0.8057285972904198	19.427140270958024	80.57285972904198	routine
425.0	11	7.303938804080883	2.268008037978854	3.2720439490884003	9.660139006027896	0.10351817912516613	0.5993275427290558	0.40067245727094425	0.0	0.0	0.3046416617154716	0.3046416617154716	0.0	0.0	0.20901639344262296	0.20208598404291966	0.7979140159570803	20.208598404291966	79.79140159570804	routine
425.25	11	7.177982759270469	2.2814664180597934	3.2914602872895706	9.791027627184807	0.10213432522889611	0.6004483048472962	0.39955169515270383	0.0	0.0	0.4341298037114004	0.4341298037114004	0.0	0.0	0.24231557377049182	0.210690969654447	0.789309030345553	21.0690969654447	78.9309030345553	routine
425.5	10	6.882938241141732	2.2812577720933898	3.2911592747885385	9.788984981865712	0.102155637367155	0.6001681143177361	0.3998318856822639	0.0	0.0	0.581174436236646	0.581174436236646	0.0	0.0	0.2761270491803279	0.219073790874516	0.780926209125484	21.907379087451602	78.0926209125484	routine
425.75	9	6.460625424834832	2.2600354455817087	3.26054192957401	9.583428850954576	0.10434678605668295	0.5979265900812553	0.40207340991874474	0.0	0.0	0.7308865989195247	0.7308865989195247	0.0	0.0	0.3084016393442623	0.22658205735637937	0.7734179426436206	22.65820573563794	77.34179426436206	routine
426.0	9	5.952169925069845	2.213059121203631	3.192769419354566	9.143645171323154	0.10936557371410909	0.5920425889604931	0.4079574110395069	0.0	0.0	0.8634756398804156	0.8634756398804156	0.0	0.0	0.3391393442622951	0.23279548330569705	0.7672045166943029	23.279548330569703	76.72045166943029	routine
426.25	9	5.390327564055034	2.1415903873813695	3.089661831490576	8.512965781890324	0.11746787495931267	0.5830764920145699	0.4169235079854301	0.0	0.0	0.9583116673084049	0.9583116673084049	0.0	0.0	0.36526639344262296	0.23708572136429823	0.7629142786357017	23.708572136429822	76.29142786357018	routine
426.5	9	4.799205669854898	2.053605482527432	2.962726445584713	7.795958688186447	0.12827158788249393	0.5701877276548053	0.4298122723451947	0.0	0.0	0.9991255298732508	0.9991255298732508	0.0	0.0	0.38883196721311475	0.23975492371698	0.76024507628302	23.975492371698	76.02450762830199	routine
426.75	7	4.19974027025213	1.9614604497039017	2.829789263687655	7.109702850078629	0.14065285442821857	0.5553376295881199	0.44466237041188006	0.0	0.0	0.9785655709425454	0.9785655709425454	0.0	0.0	0.3755122950819672	0.2327124811675218	0.7672875188324781	23.27124811675218	76.72875188324781	routine
427.0	6	3.6149683296069397	1.875806051249036	2.706216087806493	6.52607735364486	0.15323140468776286	0.5424488652283553	0.45755113477164466	0.0	0.0	0.9009405145276442	0.9009405145276442	0.0	0.0	0.3478483606557377	0.22257430647102328	0.7774256935289767	22.25743064710233	77.74256935289768	routine
427.25	5	3.070981177260794	1.7985700453356752	2.5947880850972167	6.0410029249264765	0.1655354272175213	0.533482768282432	0.466517231717568	0.0	0.0	0.7796907513171506	0.7796907513171506	0.0	0.0	0.31813524590163933	0.21290450354601784	0.7870954964539821	21.290450354601784	78.70954964539821	routine
427.5	4	2.5940297059568604	1.721763961633142	2.4839803290294693	5.594388051636579	0.17875056052063829	0.5236760997478285	0.47632390025217153	0.0	0.0	0.6354146046981977	0.6354146046981977	0.0	0.0	0.2889344262295082	0.20315263149433416	0.7968473685056658	20.315263149433417	79.68473685056658	routine
427.75	4	2.2032655097298774	1.629812357209267	2.3513222053253613	5.102917103088616	0.19596634234852361	0.5130288596245447	0.4869711403754553	0.0	0.0	0.48990915152900705	0.48990915152900705	0.0	0.0	0.2551229508196721	0.19203795261105422	0.8079620473889457	19.203795261105423	80.79620473889457	routine
428.0	4	1.905983931151148	1.5137242659044712	2.1838424916936674	4.543620975711135	0.22008878058836923	0.4894928551414962	0.5105071448585038	0.0	0.0	0.36208391948767016	0.36208391948767016	0.0	0.0	0.22540983606557377	0.1787256728017675	0.8212743271982326	17.87256728017675	82.12743271982326	routine
428.25	4	1.6956995006561955	1.379783830098162	1.9906072891813984	3.9740424662658618	0.2516329426493603	0.46455589801064723	0.5354441019893528	0.0	0.0	0.265601400266041	0.265601400266041	0.0	0.0	0.19979508196721313	0.1660877449944651	0.8339122550055349	16.60877449944651	83.39122550055349	routine
428.5	3	1.560040163432888	1.2631540655282747	1.8223461062163746	3.5365584518765854	0.2827607725441029	0.4435416082936397	0.5564583917063604	0.0	0.0	0.20866113419693533	0.20866113419693533	0.0	0.0	0.18545081967213115	0.1572481069914427	0.8427518930085574	15.724810699144271	84.27518930085573	routine
428.75	2	1.4863637819280797	1.1976313625548745	1.7278168275710095	3.312262075785896	0.3019084773848191	0.4354160829363968	0.5645839170636032	0.0	0.0	0.19513851889686656	0.19513851889686656	0.0	0.0	0.17827868852459017	0.15342369286524674	0.8465763071347533	15.342369286524674	84.65763071347533	routine
429.0	3	1.4711247775262548	1.2052375460583173	1.7387902307915182	3.3375518061849565	0.29962081731491275	0.43709722611375734	0.5629027738862427	0.0	0.0	0.2258402865836416	0.2258402865836416	0.0	0.0	0.19006147540983606	0.15678967538089836	0.8432103246191016	15.678967538089836	84.32103246191016	routine
429.25	3	1.5156195590876425	1.2563995398067571	1.8126013854543843	3.5127511708083574	0.28467715228741325	0.4424208461753993	0.5575791538246007	0.0	0.0	0.29887071371486873	0.29887071371486873	0.0	0.0	0.2069672131147541	0.16234701482253835	0.8376529851774617	16.234701482253836	83.76529851774617	routine
429.5	3	1.6242915305272885	1.3046287105795942	1.8821813709545432	3.686320147912049	0.2712732372326384	0.4488652283552816	0.5511347716447184	0.0	0.0	0.4088384760774124	0.4088384760774124	0.0	0.0	0.2351434426229508	0.1710021677445581	0.8289978322554419	17.10021677445581	82.89978322554418	routine
429.75	3	1.7972924576904068	1.3229798825434638	1.9086565157413184	3.7545929700262253	0.26634045500623604	0.4530680862986831	0.5469319137013169	0.0	0.0	0.5454999277412886	0.5454999277412886	0.0	0.0	0.26639344262295084	0.1798653822304085	0.8201346177695915	17.98653822304085	82.01346177695915	routine
430.0	4	2.02268911093825	1.3128210414295738	1.8940004060451305	3.7166437430493096	0.2690599554692732	0.4516671336508826	0.5483328663491174	0.0	0.0	0.6930109035373334	0.6930109035373334	0.0	0.0	0.29815573770491804	0.18745571783895015	0.8125442821610498	18.745571783895016	81.25442821610498	routine
430.25	4	2.2748315166780904	1.2933024075718544	1.8658409697736715	3.644803328801473	0.2743632261576187	0.4469038946483609	0.5530961053516391	0.0	0.0	0.8309311068811359	0.8309311068811359	0.0	0.0	0.32889344262295084	0.19394933431782793	0.8060506656821721	19.394933431782793	80.60506656821721	routine
430.5	4	2.518504549365511	1.2823595891352788	1.8500538198818754	3.6051363379041352	0.27738202006012214	0.4449425609414402	0.5550574390585599	0.0	0.0	0.937428483204729	0.937428483204729	0.0	0.0	0.35604508196721313	0.20024691072716333	0.7997530892728366	20.024691072716333	79.97530892728366	routine
430.75	3	2.718641818686581	1.2913090768175464	1.8629652013795797	3.63754526649542	0.27491066824948307	0.4460633230596806	0.5539366769403193	0.0	0.0	0.993895967638999	0.993895967638999	0.0	0.0	0.382172131147541	0.20705886355180542	0.7929411364481946	20.705886355180542	79.29411364481946	routine
431.0	3	2.8509390728784076	1.3263541685134588	1.9135245813767716	3.7672834390028047	0.265443260692033	0.45418884841692353	0.5458111515830765	0.0	0.0	0.9911098003450513	0.9911098003450513	0.0	0.0	0.38165983606557374	0.20896217112062432	0.7910378288793757	20.89621711206243	79.10378288793757	routine
431.25	4	2.9057435447097992	1.3810209596846121	1.992392089900707	3.978961914148521	0.25132183257250285	0.46511627906976744	0.5348837209302326	0.0	0.0	0.928933012861827	0.928933012861827	0.0	0.0	0.35450819672131145	0.20490611894776972	0.7950938810522303	20.490611894776972	79.50938810522304	routine
431.5	4	2.8944533996089796	1.4519393224002948	2.094705660098587	4.2713900905537825	0.23411582150071214	0.4810871392546932	0.5189128607453068	0.0	0.0	0.8196706155581659	0.8196706155581659	0.0	0.0	0.32786885245901637	0.2022389979284274	0.7977610020715726	20.22389979284274	79.77610020715727	routine
431.75	4	2.843727774696818	1.5316906356987774	2.20976248429869	4.625991080569564	0.21616989366889947	0.49229476043709725	0.5077052395629027	0.0	0.0	0.6833231863699993	0.6833231863699993	0.0	0.0	0.29661885245901637	0.1972284032240284	0.8027715967759717	19.722840322402842	80.27715967759717	routine
432.0	5	2.788500422344744	1.610279869386234	2.3231427820068475	5.004211557486926	0.1998316794788332	0.5096665732698235	0.49033342673017655	0.0	0.0	0.5431559849445737	0.5431559849445737	0.0	0.0	0.26588114754098363	0.19388693020270176	0.8061130697972982	19.388693020270175	80.61130697972982	routine
432.25	6	2.761882000452121	1.6730937112456767	2.4137640001566494	5.328627558179983	0.1876655835075016	0.5175119080975064	0.48248809190249364	0.0	0.0	0.4210279524254237	0.4210279524254237	0.0	0.0	0.2382172131147541	0.1889322803030651	0.8110677196969349	18.89322803030651	81.1067719696935	routine
432.5	6	2.78827321265164	1.7093358623422492	2.466050371814823	5.525290705182491	0.18098595229786588	0.5214345755113478	0.47856542448865225	0.0	0.0	0.33414009697472924	0.33414009697472924	0.0	0.0	0.2177254098360656	0.18478999633685333	0.8152100036631467	18.478999633685333	81.52100036631467	routine
432.75	5	2.877167667329722	1.7151839376947606	2.474487361124636	5.557697688451171	0.17993062164536008	0.5225553376295882	0.47744466237041183	0.0	0.0	0.2935974242742647	0.2935974242742647	0.0	0.0	0.20543032786885246	0.18199641637461017	0.8180035836253898	18.199641637461017	81.80035836253899	routine
433.0	5	3.0222315816747036	1.69846579874203	2.450368184964639	5.465555693675617	0.18296401245295782	0.5205940039226674	0.4794059960773326	0.0	0.0	0.30423928006365764	0.30423928006365764	0.0	0.0	0.20850409836065573	0.1822745255708308	0.8177254744291692	18.22745255708308	81.77254744291692	routine
433.25	5	3.2013378348271955	1.6693818650595251	2.4084089380713456	5.308885175312223	0.18836346369860762	0.516671336508826	0.483328663491174	0.0	0.0	0.36481712172080794	0.36481712172080794	0.0	0.0	0.22592213114754098	0.18564836691409176	0.8143516330859082	18.564836691409177	81.43516330859082	routine
433.5	5	3.3833328888736873	1.6404484628837273	2.366666862236276	5.1574819328989046	0.19389306894535693	0.5144298122723452	0.4855701877276548	0.0	0.0	0.46793159322431627	0.46793159322431627	0.0	0.0	0.2494877049180328	0.1909793792975945	0.8090206207024055	19.09793792975945	80.90206207024056	routine
433.75	5	3.5326485358300417	1.6170902357588086	2.332968063799198	5.0384083858906425	0.19847537623197833	0.5110675259176239	0.48893247408237606	0.0	0.0	0.5998932410534847	0.5998932410534847	0.0	0.0	0.28125	0.19807938147940599	0.801920618520594	19.8079381479406	80.19206185205941	routine
434.0	5	3.6194578490427536	1.6041091455302128	2.3142403093010704	4.973427028944849	0.2010685980069879	0.5088260016811432	0.4911739983188568	0.0	0.0	0.7413080153866649	0.7413080153866649	0.0	0.0	0.3119877049180328	0.20520342664979402	0.794796573350206	20.520342664979403	79.4796573350206	routine
434.25	5	3.625029138348614	1.6024372116898602	2.3118282186408994	4.965118735386601	0.20140505258675082	0.508545811151583	0.49145418884841696	0.0	0.0	0.8692417913060001	0.8692417913060001	0.0	0.0	0.3417008196721312	0.21256165770592855	0.7874383422940714	21.256165770592855	78.74383422940714	routine
434.5	5	3.5488625074357767	1.6160000218013257	2.3313952175292294	5.032918435898663	0.19869187485082757	0.5105071448585038	0.4894928551414962	0.0	0.0	0.9611665761051342	0.9611665761051342	0.0	0.0	0.3673155737704918	0.21945567965724888	0.7805443203427511	21.945567965724887	78.05443203427511	routine
434.75	5	3.4069751840290134	1.6454126578503823	2.373828681696675	5.183148332548226	0.19293293107595924	0.5155505743905856	0.4844494256094144	0.0	0.0	0.9998593395557379	0.9998593395557379	0.0	0.0	0.39088114754098363	0.2266079304828923	0.7733920695171077	22.66079304828923	77.33920695171076	routine
435.0	5	3.2322064271600537	1.6944219280327697	2.444534112746393	5.443498321734762	0.1837053932775559	0.5200336228635473	0.47996637713645274	0.0	0.0	0.9774311777569316	0.9774311777569316	0.0	0.0	0.3739754098360656	0.2235022581749032	0.7764977418250968	22.350225817490323	77.64977418250967	routine
435.25	4	3.066787310713339	1.7635318244905585	2.5442386176423946	5.833002197402679	0.17143830332264925	0.52787895769123	0.47212104230876994	0.0	0.0	0.8980811466709223	0.8980811466709223	0.0	0.0	0.3463114754098361	0.21854760827526654	0.7814523917247335	21.854760827526654	78.14523917247335	routine
435.5	6	2.955811396011266	1.846127350385804	2.6633987732510813	6.33523779890452	0.1578472713641339	0.5393667694031942	0.46063323059680583	0.0	0.0	0.7751782268143713	0.7751782268143713	0.0	0.0	0.3165983606557377	0.21399128251473298	0.786008717485267	21.3991282514733	78.6008717485267	routine
435.75	7	2.9408699344842435	1.9277170737323317	2.7811078625106194	6.873799937235833	0.14547993964487288	0.5505743905855982	0.4494256094144018	0.0	0.0	0.6285562469620327	0.6285562469620327	0.0	0.0	0.28688524590163933	0.20936490912180938	0.7906350908781906	20.93649091218094	79.06350908781906	routine
436.0	7	3.05303867575066	1.989522752764711	2.870274609149408	7.312043277025318	0.13676067852908272	0.5598206780610815	0.4401793219389185	0.0	0.0	0.47878807291342085	0.47878807291342085	0.0	0.0	0.2515368852459016	0.2028393908267458	0.7971606091732542	20.28393908267458	79.71606091732542	routine
436.25	6	3.3060812236798305	2.0192719222986253	2.913193588506551	7.53283844490943	0.13275208373488798	0.5654244886522836	0.43457551134771644	0.0	0.0	0.34260925790071495	0.34260925790071495	0.0	0.0	0.22079918032786885	0.1965559172450381	0.8034440827549619	19.65559172450381	80.34440827549619	routine
436.5	7	3.6905731010583587	2.0186856281474923	2.9123477448422093	7.528423280206844	0.13282993832574794	0.5651442981227235	0.4348557018772765	0.0	0.0	0.23030929191204857	0.23030929191204857	0.0	0.0	0.1910860655737705	0.1890575909241235	0.8109424090758766	18.90575909241235	81.09424090758766	routine
436.75	8	4.171157665254985	2.0003251414446344	2.8858591617276885	7.391458977921745	0.13529128727995318	0.5617820117680022	0.43821798823199776	0.0	0.0	0.14543884631286755	0.14543884631286755	0.0	0.0	0.16495901639344263	0.1816852570403612	0.8183147429596388	18.16852570403612	81.83147429596389	routine
437.0	7	4.688489723080756	1.9782262678120655	2.8539772263287495	7.229907685356619	0.1383143524813449	0.5572989632950406	0.4427010367049594	0.0	0.0	0.08627917356977827	0.08627917356977827	0.0	0.0	0.1413934426229508	0.17467310147949786	0.8253268985205021	17.467310147949785	82.53268985205021	routine
437.25	7	5.166754735323611	1.9605255675207636	2.8284405137982263	7.103059221545538	0.1407844097606175	0.5547772485289997	0.4452227514710003	0.0	0.0	0.04808262032474524	0.04808262032474524	0.0	0.0	0.11936475409836066	0.1685355006568401	0.8314644993431599	16.853550065684008	83.146449934316	routine
437.5	7	5.52926071923062	1.9512959421199825	2.8151249790032566	7.03780225764448	0.14208981204520166	0.552535724292519	0.44746427570748104	0.0	0.0	0.02517253031280957	0.02517253031280957	0.0	0.0	0.09938524590163934	0.16298024254853957	0.8370197574514604	16.298024254853956	83.70197574514604	routine
437.75	7	5.716250155314477	1.952333001364232	2.8166211392320433	7.045104661393154	0.14194253287391934	0.552815914822079	0.44718408517792096	0.0	0.0	0.012380044701233241	0.012380044701233241	0.0	0.0	0.07940573770491803	0.15805541313174926	0.8419445868682507	15.805541313174926	84.19445868682507	routine
438.0	7	5.698182292757891	1.9622776586725976	2.830968247014163	7.115515337697503	0.14053795860744897	0.55561782011768	0.44438217988232	0.0	0.0	0.005719711820056452	0.005719711820056452	0.0	0.0	0.05993852459016393	0.15388908617696098	0.846110913823039	15.388908617696098	84.61109138230391	routine
438.25	7	5.485617149387894	1.981591410823182	2.8588321014627693	7.254278341047701	0.13784968717585416	0.5578593443541608	0.44214065564583915	0.0	0.0	0.0024824623930858676	0.0024824623930858676	0.0	0.0	0.04047131147540984	0.14958266395739267	0.8504173360426073	14.958266395739267	85.04173360426073	routine
438.5	7	5.124707424523994	2.009705321476985	2.899391900943006	7.461118391994859	0.1340281640716108	0.5640235360044831	0.4359764639955169	0.0	0.0	0.0010121568136055095	0.0010121568136055095	0.0	0.0	0.021004098360655737	0.1462569085912847	0.8537430914087153	14.62569085912847	85.37430914087153	routine
438.75	7	4.685086371497223	2.0431645319469185	2.9476633379600394	7.71498492592152	0.12961788125341728	0.569347156066125	0.43065284393387504	0.0	0.0	0.0003876765418835775	0.0003876765418835775	0.0	0.0	0.0030737704918032786	0.14310523163948205	0.8568947683605179	14.310523163948204	85.6894768360518	routine
439.0	8	4.243634716108066	2.073702009579594	2.991719605501958	7.954215260376993	0.12571950434650478	0.5732698234799664	0.42673017652003364	0.0	0.0	0.0	0.0	0.0	0.0	0.0	0.1433174558699916	0.8566825441300084	14.331745586999158	85.66825441300084	routine
439.25	9	3.870202921428169	2.092126673299613	3.018300776480876	8.102127433464029	0.12342437319236961	0.5760717287755673	0.42392827122443266	0.0	0.0	0.0	0.0	0.0	0.0	0.0	0.14401793219389183	0.8559820678061082	14.401793219389184	85.59820678061082	routine
439.5	7	3.609329309886567	2.0804430879710356	3.0014449258675344	8.008016384049355	0.12487486938611098	0.574950966657327	0.42504903334267297	0.0	0.0	0.0	0.0	0.0	0.0	0.0	0.14373774166433176	0.8562622583356683	14.373774166433176	85.62622583356682	routine
439.75	7	3.48008352469784	2.0336656373461612	2.9339593298256	7.642048055503638	0.13085497405107543	0.566825441300084	0.43317455869991595	0.0	0.0	0.0	0.0	0.0	0.0	0.0	0.141706360325021	0.858293639674979	14.1706360325021	85.8293639674979	routine
440.0	6	3.4734405636473986	1.9613296618282998	2.829600576668116	7.1087730479514555	0.14067125131926547	0.5550574390585599	0.44494256094144014	0.0	0.0	0.0	0.0	0.0	0.0	0.0	0.13876435976463997	0.86123564023536	13.876435976463997	86.123564023536	routine
440.25	6	3.5604773991455243	1.8875140658760228	2.723107182447502	6.602933803035499	0.1514478305901356	0.544410198935276	0.455589801064724	0.0	0.0	0.0	0.0	0.0	0.0	0.0	0.136102549733819	0.863897450266181	13.610254973381899	86.3897450266181	routine
440.5	5	3.699875900605121	1.8319093747804367	2.6428865703537374	6.245800855208299	0.1601075703792432	0.5385261978145138	0.46147380218548617	0.0	0.0	0.0	0.0	0.0	0.0	0.0	0.13463154945362846	0.8653684505463716	13.463154945362845	86.53684505463715	routine
440.75	5	3.8510357117665	1.805489401774645	2.6047706063178615	6.082947725575267	0.16439398217998488	0.5348837209302325	0.4651162790697675	0.0	0.0	0.0	0.0	0.0	0.0	0.0	0.13372093023255813	0.8662790697674418	13.372093023255813	86.62790697674419	routine
441.0	5	3.982869892368228	1.8079564042414713	2.6083297385426127	6.097972898568863	0.16398892166849258	0.5351639114597927	0.4648360885402073	0.0	0.0	0.0	0.0	0.0	0.0	0.0	0.13379097786494817	0.8662090221350518	13.379097786494818	86.62090221350518	routine
441.25	7	4.0790796100038085	1.8302972295788882	2.6405607364662704	6.235739829426027	0.16036589520317523	0.5382460072849538	0.46175399271504625	0.0	0.0	0.0	0.0	0.0	0.0	0.0	0.13456150182123844	0.8654384981787615	13.456150182123844	86.54384981787615	routine
441.5	7	4.136897076472565	1.856448752851224	2.6782894094029617	6.400964952645327	0.1562264451372648	0.5402073409918745	0.4597926590081255	0.0	0.0	0.0	0.0	0.0	0.0	0.0	0.13505183524796863	0.8649481647520314	13.505183524796863	86.49481647520314	routine
441.75	7	4.162824121804531	1.8714486225866986	2.6999296470843115	6.497702303157448	0.153900556434244	0.5421686746987951	0.45783132530120485	0.0	0.0	0.0	0.0	0.0	0.0	0.0	0.1355421686746988	0.8644578313253012	13.55421686746988	86.44578313253012	routine
442.0	6	4.159919652783735	1.8597735710118073	2.6830861080750927	6.422282415871906	0.15570788315515666	0.5410479125805547	0.45895208741944526	0.0	0.0	0.0	0.0	0.0	0.0	0.0	0.13526197814513868	0.8647380218548613	13.526197814513868	86.47380218548612	routine
442.25	6	4.122225354605943	1.8153737714134506	2.61903073737808	6.143371965191078	0.16277705560823824	0.5368450546371533	0.46315494536284674	0.0	0.0	0.0	0.0	0.0	0.0	0.0	0.13421126365928832	0.8657887363407117	13.421126365928831	86.57887363407117	routine
442.5	6	4.032476448012115	1.7428143231653015	2.5143495812208356	5.71340017209001	0.1750271239331362	0.5256374334547492	0.4743625665452508	0.0	0.0	0.0	0.0	0.0	0.0	0.0	0.1314093583636873	0.8685906416363127	13.140935836368731	86.85906416363127	routine
442.75	6	3.866891294361452	1.653377054177917	2.3853188767820837	5.224593805098542	0.1914024395588661	0.5158307649201457	0.4841692350798543	0.0	0.0	0.0	0.0	0.0	0.0	0.0	0.12895769123003642	0.8710423087699636	12.895769123003642	87.10423087699635	routine
443.0	5	3.607056819829302	1.5620708827410232	2.2535919160475197	4.768686417203698	0.20970135431685363	0.4990193331465396	0.5009806668534604	0.0	0.0	0.0	0.0	0.0	0.0	0.0	0.1247548332866349	0.875245166713365	12.47548332866349	87.5245166713365	routine
443.25	4	3.2495851974653718	1.4810641293821125	2.136723874698104	4.3976228315972214	0.22739558127061998	0.48472961613897453	0.5152703838610255	0.0	0.0	0.0	0.0	0.0	0.0	0.0	0.12118240403474363	0.8788175959652563	12.118240403474363	87.88175959652563	routine
443.5	4	2.813708978504757	1.4219658552502579	2.0514630876829805	4.145261419561477	0.24123930888435718	0.4735219949565705	0.5264780050434295	0.0	0.0	0.0	0.0	0.0	0.0	0.0	0.11838049873914262	0.8816195012608574	11.838049873914262	88.16195012608574	routine
443.75	3	2.3393160536801507	1.3965078854254616	2.014735000865646	4.041063441486987	0.24745961415345433	0.46819837489492855	0.5318016251050715	0.0	0.0	0.0	0.0	0.0	0.0	0.0	0.11704959372373214	0.8829504062762679	11.704959372373214	88.29504062762679	routine
444.0	3	1.8783392689013199	1.4159137525138275	2.042731749078182	4.120249634870363	0.24270374094249836	0.47212104230876994	0.52787895769123	0.0	0.0	0.0	0.0	0.0	0.0	0.0	0.11803026057719249	0.8819697394228075	11.803026057719249	88.19697394228075	routine
444.25	3	1.4841510715267707	1.4877591742595344	2.1463827827412896	4.427163892829371	0.2258782426419065	0.486130568786775	0.513869431213225	0.0	0.0	0.0	0.0	0.0	0.0	0.0	0.12153264219669375	0.8784673578033062	12.153264219669376	87.84673578033062	routine
444.5	4	1.198409438442699	1.5793805676979427	2.2785645126942176	4.851949426005083	0.20610272535824087	0.5035023816195012	0.4964976183804988	0.0	0.0	0.0	0.0	0.0	0.0	0.0	0.1258755954048753	0.8741244045951246	12.587559540487531	87.41244045951247	routine
444.75	4	1.04545653384883	1.5993435829749714	2.307365055835578	4.949782236442281	0.20202908981280007	0.5077052395629028	0.4922947604370972	0.0	0.0	0.0	0.0	0.0	0.0	0.0	0.1269263098907257	0.8730736901092743	12.69263098907257	87.30736901092743	routine
445.0	4	1.028878639712868	1.4667825354162303	2.116119889907536	4.335264118717107	0.23066645367293573	0.4836088540207341	0.5163911459792658	0.0	0.0	0.0	0.0	0.0	0.0	0.0	0.12090221350518353	0.8790977864948165	12.090221350518354	87.90977864948165	routine
445.25	2	1.1317256587955282	1.2333525831843137	1.779351655427602	3.432718741399266	0.29131428332295406	0.43961894087979825	0.5603810591202018	0.0	0.0	0.0	0.0	0.0	0.0	0.0	0.10990473521994956	0.8900952647800504	10.990473521994955	89.00952647800504	routine
445.5	2	1.3202702374414872	1.0215166240304852	1.4737369676744168	2.777403848777335	0.36004846772291277	0.40655645839170634	0.5934435416082937	0.0	0.0	0.0	0.0	0.0	0.0	0.0	0.10163911459792659	0.8983608854020734	10.163911459792658	89.83608854020734	routine
445.75	2	1.5484925367244737	0.8841760202951656	1.2755963597527749	2.4209887238295704	0.4130543815248256	0.3872233118520594	0.6127766881479406	0.0	0.0	0.0	0.0	0.0	0.0	0.0	0.09680582796301485	0.9031941720369852	9.680582796301485	90.31941720369852	routine
446.0	2	1.7673165732454474	0.8184661984517344	1.1807971256415595	2.267020010730335	0.44110770759268403	0.3779770243765761	0.6220229756234239	0.0	0.0	0.0	0.0	0.0	0.0	0.0	0.09449425609414402	0.905505743905856	9.449425609414403	90.55057439058561	routine
446.25	2	1.93189661629924	0.8011492722817436	1.1558140821326734	2.228100151333716	0.4488128594225942	0.37601569066965534	0.6239843093303447	0.0	0.0	0.0	0.0	0.0	0.0	0.0	0.09400392266741384	0.9059960773325861	9.400392266741383	90.59960773325861	routine
446.5	2	2.0119576038039817	0.8170247669868252	1.1787175796153537	2.263754610745815	0.4417439925922628	0.37769683384701597	0.6223031661529841	0.0	0.0	0.0	0.0	0.0	0.0	0.0	0.09442420846175399	0.905575791538246	9.442420846175398	90.55757915382459	routine
446.75	2	1.997525992389289	0.8568301389242343	1.2361445923101946	2.355681662614261	0.424505575549725	0.38358083496777806	0.6164191650322219	0.0	0.0	0.0	0.0	0.0	0.0	0.0	0.09589520874194452	0.9041047912580555	9.589520874194452	90.41047912580555	routine
447.0	3	1.9017069052461606	0.9190158400974913	1.3258595950070553	2.506822061764807	0.3989114406054007	0.3922667413841412	0.6077332586158588	0.0	0.0	0.0	0.0	0.0	0.0	0.0	0.0980666853460353	0.9019333146539648	9.80666853460353	90.19333146539648	routine
447.25	3	1.753045338288808	0.9903071191940074	1.42871116981823	2.6920611290458667	0.37146259021035855	0.40123283833006446	0.5987671616699355	0.0	0.0	0.0	0.0	0.0	0.0	0.0	0.10030820958251611	0.8996917904174839	10.030820958251612	89.96917904174839	routine
447.5	3	1.5892098159247208	1.0544891756379824	1.5213063043640083	2.870508453670623	0.34837033791740407	0.4113196973942281	0.5886803026057719	0.0	0.0	0.0	0.0	0.0	0.0	0.0	0.10282992434855702	0.897170075651443	10.282992434855702	89.7170075651443	routine
447.75	3	1.442795416914012	1.0781799918120285	1.5554849273729168	2.9393250842363927	0.34021415506675406	0.4158027458671897	0.5841972541328103	0.0	0.0	0.0004924706654540231	0.0004924706654540231	0.0	0.0	0.007172131147540984	0.10574371925368267	0.8942562807463174	10.574371925368267	89.42562807463173	routine
448.0	3	1.3328448529180963	1.0282720507957988	1.483482988367823	2.7962299145345564	0.35762438374687583	0.4079574110395069	0.5920425889604931	0.0	0.0	0.0012663507478045631	0.0012663507478045631	0.0	0.0	0.025614754098360656	0.10839304128446689	0.8916069587155331	10.839304128446688	89.16069587155332	routine
448.25	3	1.2617482641311053	0.9031011474101746	1.3028995467897917	2.4672425423538673	0.4053107802875157	0.3897450266181003	0.6102549733818997	0.0	0.0	0.00305903362520851	0.00305903362520851	0.0	0.0	0.04559426229508197	0.10883482222829556	0.8911651777717045	10.883482222829556	89.11651777717044	routine
448.5	2	1.216929837226559	0.7371971638082464	1.063550692383566	2.090069175612666	0.47845306350057437	0.36901092743065284	0.6309890725693472	0.0	0.0	0.006941783828746725	0.006941783828746725	0.0	0.0	0.06608606557377049	0.10877424825110583	0.8912257517488942	10.877424825110584	89.12257517488942	routine
448.75	1	1.1789672518346117	0.5838867398008102	0.8423705039514534	1.7929938055145216	0.5577264109471018	0.34295320818156344	0.6570467918184366	0.0	0.0	0.014798391572573805	0.014798391572573805	0.0	0.0	0.0860655737704918	0.10725469548801381	0.8927453045119862	10.725469548801382	89.27453045119861	routine
449.0	1	1.1298106420603902	0.48057385728301855	0.6933215206830913	1.6170020644058927	0.6184284003171096	0.3317455869991594	0.6682544130008405	0.0	0.0	0.029635655595624425	0.029635655595624425	0.0	0.0	0.10450819672131148	0.10906344593011771	0.8909365540698823	10.906344593011772	89.09365540698822	routine
449.25	1	1.062356772987784	0.4553338951133887	0.6569079524287412	1.57669974749481	0.6342361642341112	0.32950406276267863	0.6704959372373214	0.0	0.0	0.05575337448236379	0.05575337448236379	0.0	0.0	0.1255122950819672	0.11375408946116146	0.8862459105388385	11.375408946116146	88.62459105388385	routine
449.5	1	0.9817718771728003	0.5138026449207848	0.7412605278228491	1.6716357614715533	0.5982164434671418	0.3348276828243205	0.6651723171756795	0.0	0.0	0.09853360498384567	0.09853360498384567	0.0	0.0	0.14702868852459017	0.12046409283722767	0.8795359071627723	12.046409283722767	87.95359071627723	routine
449.75	2	0.9056761365312462	0.6503341271805599	0.9382338202042463	1.9161809702086727	0.5218713762151075	0.3533202577752872	0.6466797422247128	0.0	0.0	0.16358903150730733	0.16358903150730733	0.0	0.0	0.1716188524590164	0.1312347775585759	0.8687652224414241	13.123477755857591	86.87652224414241	routine
450.0	2	0.857727079181584	0.8269071938987783	1.192974907913176	2.286236907085754	0.4373999898701185	0.37909778649481646	0.6209022135051836	0.0	0.0	0.25514119488385234	0.25514119488385234	0.0	0.0	0.19774590163934427	0.1442109220335402	0.8557890779664599	14.42109220335402	85.57890779664599	routine
450.25	2	0.8606426738042572	0.9749444048874417	1.406547458073554	2.651019823140161	0.37721332419743636	0.39871112356402355	0.6012888764359765	0.0	0.0	0.3738209043506598	0.3738209043506598	0.0	0.0	0.22899590163934427	0.15692675630084196	0.843073243699158	15.692675630084196	84.3073243699158	routine
450.5	2	0.92968728392208	1.041500708192233	1.5025679067912778	2.833466030972185	0.35292464743503277	0.4093583636873074	0.5906416363126926	0.0	0.0	0.514521085710957	0.514521085710957	0.0	0.0	0.25973360655737704	0.16727299256117112	0.8327270074388289	16.727299256117114	83.2727007438829	routine
450.75	3	1.0691933861258756	1.0411044104615979	1.501996170020575	2.832343357285489	0.3530645383892995	0.40907817315774725	0.5909218268422527	0.0	0.0	0.6652721847917186	0.6652721847917186	0.0	0.0	0.29508196721311475	0.17604003509271549	0.8239599649072845	17.60400350927155	82.39599649072845	routine
451.0	2	1.2720123868498212	1.0268330685872658	1.4814069758716453	2.7922090830828523	0.3581393693110937	0.40767722050994676	0.5923227794900532	0.0	0.0	0.8080758899825126	0.8080758899825126	0.0	0.0	0.32735655737704916	0.183758444471749	0.816241555528251	18.3758444471749	81.6241555528251	routine
451.25	3	1.5197496595757567	1.0266113869546338	1.481087156879591	2.7915901702180066	0.35821877103181876	0.4073970299803867	0.5926029700196134	0.0	0.0	0.9220649791350689	0.9220649791350689	0.0	0.0	0.35348360655737704	0.19022015913444093	0.8097798408655591	19.022015913444093	80.9779840865559	routine
451.5	3	1.787716753864149	1.0448041498142953	1.5073337656372934	2.842841698051858	0.3517607050316167	0.4099187447464276	0.5900812552535724	0.0	0.0	0.9883880831766207	0.9883880831766207	0.0	0.0	0.38063524590163933	0.19763849766201674	0.8023615023379833	19.763849766201673	80.23615023379833	routine
451.75	3	2.0475584166716447	1.0708912120693135	1.5449694409839698	2.9179788795011596	0.34270296026644104	0.4135612216307089	0.586438778369291	0.0	0.0	0.9952909807429345	0.9952909807429345	0.0	0.0	0.3831967213114754	0.19918948573554607	0.8008105142644539	19.91894857355461	80.0810514264454	routine
452.0	3	2.2702612641633184	1.092531046553635	1.5761891228801586	2.98181163363906	0.33536659013553477	0.4186046511627907	0.5813953488372092	0.0	0.0	0.9415193096741324	0.9415193096741324	0.0	0.0	0.35758196721311475	0.19404665459397635	0.8059533454060237	19.404665459397634	80.59533454060237	routine
452.25	3	2.4288444759671313	1.1012529054416216	1.58877210544519	3.007932318818355	0.3324542888627371	0.4208461753992715	0.5791538246007285	0.0	0.0	0.8366907913859347	0.8366907913859347	0.0	0.0	0.33043032786885246	0.18781912581703097	0.812180874182969	18.781912581703097	81.2180874182969	routine
452.5	3	2.501957223572915	1.0959220724427432	1.581081339113901	2.9919401974905515	0.3342312793680623	0.4197254132810311	0.5802745867189689	0.0	0.0	0.6992134139820502	0.6992134139820502	0.0	0.0	0.29969262295081966	0.17985450905796269	0.8201454909420374	17.98545090579627	82.01454909420374	routine
452.75	3	2.475350823038895	1.0753830909396431	1.5514498523544684	2.9311155692955	0.3411670322642215	0.4149621742785094	0.5850378257214905	0.0	0.0	0.5496052537425427	0.5496052537425427	0.0	0.0	0.26895491803278687	0.17097927307782407	0.8290207269221759	17.097927307782406	82.90207269221759	routine
453.0	3	2.3472600665298833	1.0444705359391389	1.5068524625540336	2.8418934448005304	0.35187807686089684	0.40963855421686746	0.5903614457831325	0.0	0.0	0.407861801820884	0.407861801820884	0.0	0.0	0.2336065573770492	0.16081127789847915	0.8391887221015208	16.081127789847915	83.91887221015209	routine
453.25	3	2.1303702696436932	1.012933318629991	1.4613538755386881	2.753666561250064	0.363152174657645	0.40459512468478565	0.5954048753152144	0.0	0.0	0.28881175369984374	0.28881175369984374	0.0	0.0	0.20491803278688525	0.15237828936791772	0.8476217106320822	15.237828936791772	84.76217106320823	routine
453.5	3	1.8495011174621034	0.9884987049192694	1.4261021795121929	2.6871971666267447	0.37213495623594534	0.4009526478005043	0.5990473521994957	0.0	0.0	0.20135538583814058	0.20135538583814058	0.0	0.0	0.18135245901639344	0.14557627670422443	0.8544237232957755	14.557627670422443	85.44237232957755	routine
453.75	2	1.539707251315299	0.9831656841177255	1.4184082568488479	2.672904433835003	0.37412486108425136	0.39927150462314376	0.6007284953768562	0.0	0.0	0.14949991137965174	0.14949991137965174	0.0	0.0	0.1675204918032787	0.1416979991066056	0.8583020008933944	14.16979991066056	85.83020008933944	routine
454.0	2	1.239540956829298	1.0087338621448945	1.4552953404932105	2.7421269054517174	0.36468042307300413	0.40375455309610536	0.5962454469038947	0.0	0.0	0.1344173299200324	0.1344173299200324	0.0	0.0	0.16188524590163936	0.1414099497494362	0.8585900502505638	14.140994974943618	85.85900502505638	routine
454.25	2	0.9847190943789995	1.0702301920512363	1.5440157906819616	2.916050674410775	0.34292956867152613	0.4130008405715887	0.5869991594284113	0.0	0.0006036052286806461	0.1562596648994724	0.1562596648994724	0.0	0.006902502157031924	0.16956967213114754	0.14736825371494205	0.8526317462850579	14.736825371494206	85.2631746285058	routine
454.5	3	0.8012230584398726	1.134892018613926	1.6373030871987762	3.1108376122111046	0.3214568308145231	0.4253292238722331	0.574670776127767	0.0	0.001531889790430053	0.2147781348027843	0.2147781348027843	0.0	0.01725625539257981	0.1869877049180328	0.15739329604571142	0.8426067039542886	15.739329604571143	84.26067039542886	routine
454.75	2	0.7036525228596724	1.13522730871307	1.6377868085620704	3.111880820141396	0.32134906758882964	0.42560941440179323	0.5743905855982068	0.0	0.0036522344207799407	0.3099497158701257	0.3099497158701257	0.0	0.027610008628127698	0.21209016393442623	0.1663273967410868	0.8336726032589132	16.63273967410868	83.36726032589132	routine
455.0	2	0.6913549706874772	1.010361868922027	1.4576440577971133	2.746594742485237	0.3640872038862046	0.40431493415522557	0.5956850658447744	0.0	0.008179869282673705	0.4362585805793483	0.4362585805793483	0.0	0.03796376186367558	0.24282786885245902	0.17127664121784003	0.82872335878216	17.127664121784004	82.87233587821599	routine
455.25	1	0.7544790251255044	0.8367503610528044	1.2071755963529307	2.3088518377949345	0.43311570869573357	0.3799383580834968	0.6200616419165033	0.0	0.017210388608813455	0.5858181938843546	0.5858181938843546	0.0	0.05349439171699741	0.2786885245901639	0.17803031859766452	0.8219696814023355	17.803031859766453	82.19696814023355	routine
455.5	1	0.8758511313997345	0.7301969404310746	1.0534515048322053	2.0754893151877085	0.4818140920708905	0.36704959372373214	0.6329504062762679	0.0	0.034016653393046006	0.7455375770938187	0.7455375770938187	0.0	0.06988783433994823	0.3130122950819672	0.1874874307864119	0.8125125692135882	18.74874307864119	81.25125692135882	routine
455.75	1	1.0371717300518426	0.7395481913687129	1.0669425081860442	2.0949887666288283	0.4773295284103885	0.36957130848977304	0.630428691510227	0.0	0.06316101315725658	0.8995679161918326	0.8995679161918326	0.0	0.08628127696289906	0.3473360655737705	0.20079716275661064	0.7992028372433894	20.079716275661063	79.92028372433893	routine
456.0	1	1.226292369317283	0.8581588003619877	1.2380614455774617	2.358813646211162	0.42394192589408125	0.3838610254973382	0.6161389745026618	0.0	0.11016995846933	1.0346507057785748	1.0346507057785748	0.0	0.10440034512510785	0.39702868852459017	0.22132251478675904	0.778677485213241	22.132251478675904	77.8677485213241	routine
456.25	2	1.440793487110086	1.047685433055667	1.511490578681017	2.851044541877693	0.35074864152820345	0.4104791258055478	0.5895208741944522	0.0	0.18052355545339538	1.1441039045820824	1.1441039045820824	0.0	0.12942191544434858	0.4144467213114754	0.23858694064034294	0.7614130593596571	23.858694064034296	76.1413059359657	routine
456.5	3	1.6884811910135442	1.2556387886128517	1.8115038534795866	3.5100798573925407	0.28489380316915325	0.44214065564583915	0.5578593443541608	0.0	0.277882479968597	1.2310453903439031	1.2310453903439031	0.0	0.15271786022433131	0.4262295081967213	0.25527200601672295	0.744727993983277	25.527200601672295	74.47279939832771	routine
456.75	5	1.9846454703569814	1.4362061123966257	2.072007436049029	4.204713308549628	0.2378283432467693	0.47576351919305127	0.5242364808069487	0.0	0.40183249006154753	1.3103245245968318	1.3103245245968318	0.0	0.17687661777394306	0.4349385245901639	0.2718946653892895	0.7281053346107105	27.189466538928954	72.81053346107105	routine
457.0	5	2.3424629165624666	1.5613084583130288	2.2524919701061994	4.765052039834872	0.20986129671621676	0.49845895208741947	0.5015410479125806	0.0	0.5458653482436974	1.40258133806018	1.40258133806018	0.0	0.2001725625539258	0.4456967213114754	0.28608205898820516	0.7139179410117948	28.608205898820515	71.39179410117949	routine
457.25	5	2.76000434573748	1.6243414848878222	2.343429404957876	5.07507592236475	0.1970413872220549	0.5116279069767442	0.4883720930232558	0.0	0.6965986015508226	1.5264640887059309	1.5264640887059309	0.0	0.22260569456427956	0.45645491803278687	0.29767212989345265	0.7023278701065474	29.767212989345264	70.23278701065475	routine
457.5	5	3.214277200537603	1.6441048708385524	2.371941943860169	5.176374308934054	0.19318541131657946	0.5149901933314655	0.48500980666853455	0.0	0.8350957345184964	1.6900658817460785	1.6900658817460785	0.0	0.24762726488352027	0.4713114754098361	0.30848223340620545	0.6915177665937946	30.848223340620546	69.15177665937946	routine
457.75	5	3.657611496688608	1.6412364880871926	2.367803742289411	5.161547760425327	0.19374033650665998	0.5147100028019053	0.48528999719809474	0.0	0.9404734234048385	1.8855812123814029	1.8855812123814029	0.0	0.26919758412424505	0.48770491803278687	0.31790312623973427	0.6820968737602657	31.790312623973428	68.20968737602658	routine
458.0	5	4.030842621008588	1.6378335786511629	2.362894381721457	5.14401333180358	0.19440074033583085	0.513869431213225	0.48613056878677496	0.0	0.9949777851245569	2.0898052916738625	2.0898052916738625	0.0	0.2924935289042278	0.5030737704918032	0.327359182652314	0.672640817347686	32.7359182652314	67.2640817347686	routine
458.25	6	4.2766185000883405	1.6447666774062952	2.3728967289134797	5.179801201293659	0.19305760223968618	0.5152703838610255	0.4847296161389745	0.0	0.9888646139618381	2.2706021226605233	2.2706021226605233	0.0	0.28559102674719583	0.5122950819672131	0.3282891231438586	0.6717108768561414	32.82891231438586	67.17108768561414	routine
458.5	5	4.360530361034554	1.6693272020088992	2.4083300759592876	5.308594983384578	0.1883737605015846	0.5163911459792659	0.48360885402073406	0.0	0.9232448267431206	2.3967354749025906	2.3967354749025906	0.0	0.26488352027610007	0.5204918032786885	0.3254416173835136	0.6745583826164864	32.54416173835136	67.45583826164864	routine
458.75	5	4.282266362339322	1.713719794436249	2.4723750489064305	5.549566377002801	0.1801942588062309	0.5219949565704679	0.4780050434295321	0.0	0.8097547875451039	2.4469249286398713	2.4469249286398713	0.0	0.23986194995685936	0.524077868852459	0.32148369384494657	0.6785163061550534	32.14836938449466	67.85163061550534	routine
459.0	5	4.077784613744573	1.776695695792502	2.563230069488609	5.910294705800865	0.16919630065460442	0.5295601008685906	0.4704398991314094	0.0	0.6676121214957597	2.4145235224637283	2.4145235224637283	0.0	0.21311475409836064	0.5220286885245902	0.31617588587288536	0.6838241141271146	31.617588587288537	68.38241141271146	routine
459.25	6	3.8081732470487566	1.8493116433356127	2.667992736898508	6.355443204855695	0.15734543882572635	0.5396469599327542	0.46035304006724576	0.0	0.5175188236225089	2.306534407349334	2.306534407349334	0.0	0.19240724762726488	0.5148565573770492	0.3117276912342671	0.688272308765733	31.172769123426708	68.8272308765733	routine
459.5	7	3.5434436341458757	1.9155438963839193	2.7635456799182028	6.790631192518142	0.1472617156858395	0.5488932474082376	0.45110675259176236	0.0	0.3781915968658166	2.138465727939508	2.138465727939508	0.0	0.17083692838654013	0.5066598360655737	0.3065975029650879	0.6934024970349121	30.659750296508793	69.34024970349121	routine
459.75	7	3.343255036966629	1.952840766279645	2.8173536891574473	7.0486828267221515	0.14187047773080605	0.5530961053516391	0.4469038946483609	0.0	0.262665462033841	1.9281944245097686	1.9281944245097686	0.0	0.15012942191544434	0.49026639344262296	0.2983729801774266	0.7016270198225734	29.837298017742658	70.16270198225733	routine
460.0	8	3.243232500008754	1.9433692159584721	2.803689130479561	6.982236046388453	0.14322059485760982	0.5516951527038386	0.4483048472961614	0.0	0.17787512614009915	1.6917506878055755	1.6917506878055755	0.0	0.1276962899050906	0.4718237704918033	0.2878038032751831	0.7121961967248169	28.780380327518312	71.2196196724817	routine
460.25	7	3.248965169111159	1.8876460110550968	2.7232975391030214	6.60380508579807	0.15142784909726784	0.5449705799943962	0.45502942000560376	0.0	0.12607582895157263	1.4421655548279533	1.4421655548279533	0.0	0.10871440897325281	0.45030737704918034	0.27599809150420734	0.7240019084957927	27.599809150420736	72.40019084957927	routine
460.5	6	3.337861357686775	1.804932619509279	2.6039673393047633	6.07956179086219	0.16448553932012627	0.5343233398711124	0.46567666012888764	0.0	0.10718795612989948	1.1903830553278463	1.1903830553278463	0.0	0.10181190681622088	0.42161885245901637	0.2644385247865874	0.7355614752134125	26.44385247865874	73.55614752134126	routine
460.75	4	3.4686995790525317	1.7223961806822925	2.4848924283164346	5.597926048607859	0.17863758672708593	0.5239562902773887	0.47604370972261134	0.0	0.12153254505116654	0.9473811812430808	0.9473811812430808	0.0	0.10698878343399482	0.36168032786885246	0.248156350395059	0.751843649604941	24.8156350395059	75.1843649604941	routine
461.0	5	3.590410280297513	1.6540765189675748	2.3863279911653996	5.228249502872364	0.19126860710274193	0.5161109554497058	0.48388904455029425	0.0	0.16905915200191657	0.7232475765054209	0.7232475765054209	0.0	0.12424503882657463	0.30584016393442626	0.23654903955267667	0.7634509604473233	23.654903955267667	76.34509604473233	routine
461.25	5	3.657662257242207	1.6062981420651115	2.317398363746492	4.984325767776587	0.20062894092215022	0.5091061922107033	0.4908938077892967	0.0	0.2509485557364264	0.5271751848700186	0.5271751848700186	0.0	0.1449525452976704	0.26383196721311475	0.22947267618037212	0.7705273238196279	22.947267618037213	77.05273238196278	routine
461.5	5	3.6395687726511907	1.5772943993728685	2.2755548079971737	4.841837993539916	0.2065331391372907	0.502661810030821	0.497338189969179	0.0	0.36677679158000176	0.36541205046566927	0.36541205046566927	0.0	0.16566005176876616	0.22643442622950818	0.22368907200727384	0.7763109279927262	22.368907200727385	77.63109279927262	routine
461.75	5	3.525605430636717	1.5616818948361741	2.2530307251262283	4.766831816597374	0.2097829414744934	0.49873914261697955	0.5012608573830204	0.0	0.5127004576260047	0.24008197150724894	0.24008197150724894	0.0	0.1906816220880069	0.19415983606557377	0.22089515019264006	0.77910484980736	22.089515019264006	77.910484980736	routine
462.0	5	3.3255054447824697	1.5525920797331327	2.2399168939544727	4.723698530544013	0.21169852257375818	0.4964976183804987	0.5035023816195012	0.0	0.6800937727597676	0.14914118369188356	0.14914118369188356	0.0	0.21656600517687663	0.16700819672131148	0.2200179550696717	0.7799820449303283	22.00179550696717	77.99820449303283	routine
462.25	4	3.0649062181887317	1.5449603392012834	2.2289066197358225	4.687785702009916	0.21332033150987342	0.49537685626225836	0.5046231437377416	0.0	0.8556482467881592	0.087435301407985	0.087435301407985	0.0	0.24935289042277825	0.14190573770491804	0.22165887109748866	0.7783411289025113	22.165887109748866	77.83411289025113	routine
462.5	4	2.7753981192458834	1.5310832061942288	2.208886148764788	4.623181970354034	0.2163012415285531	0.49173437937797704	0.508265620622023	0.0	1.024438769978357	0.048310081513580176	0.048310081513580176	0.0	0.3002588438308887	0.11987704918032786	0.2279675680972984	0.7720324319027017	22.79675680972984	77.20324319027017	routine
462.75	5	2.4891757355002264	1.50803317687387	2.1756319857719615	4.5178362653521535	0.22134489637641894	0.4878117119641356	0.5121882880358644	0.0	1.1718657821466325	0.024845705865418538	0.024845705865418538	0.0	0.3330457290767903	0.09887295081967214	0.22993259796514953	0.7700674020348505	22.993259796514952	77.00674020348505	routine
463.0	5	2.2334407339790654	1.4785600200496503	2.1331112085823167	4.3866244795091776	0.22796571821253564	0.4844494256094144	0.5155505743905856	0.0	1.2881920368786044	0.012204620449584284	0.012204620449584284	0.0	0.3425366695427092	0.07889344262295082	0.22646988444376862	0.7735301155562314	22.646988444376863	77.35301155562314	routine
463.25	4	2.0257089902251866	1.4416019947438081	2.0797920487525294	4.227462768373645	0.23654850551994616	0.47772485289997196	0.522275147100028	0.0	1.3695284107642636	0.005631885426930005	0.005631885426930005	0.0	0.34943917169974115	0.05942622950819672	0.22164756352697748	0.7783524364730225	22.164756352697747	77.83524364730225	routine
463.5	3	1.8776124204903273	1.4051592316778214	2.027216255200939	4.076175745898221	0.24532798935528757	0.4704398991314094	0.5295601008685906	0.0	1.416758539426136	0.00292901438527579	0.00292901438527579	0.0	0.3528904227782571	0.043545081967213115	0.2167188509692199	0.78328114903078	21.67188509692199	78.328114903078	routine
463.75	3	1.793576618985846	1.3750488672712955	1.9837761817922845	3.9552700014502493	0.25282724052551087	0.46259456430372653	0.5374054356962734	0.0	1.4325653638951956	0.0022488659902231293	0.0022488659902231293	0.0	0.3546160483175151	0.03739754098360656	0.21365203840121205	0.786347961598788	21.365203840121204	78.63479615987879	routine
464.0	2	1.774579351752276	1.3612148156535417	1.9638178641279493	3.900929334528366	0.25634917073444063	0.4609134211263659	0.5390865788736341	0.0	1.4183345285908397	0.0034130332168559874	0.0034130332168559874	0.0	0.3537532355478861	0.0466188524590164	0.2153213772833171	0.7846786227166829	21.53213772833171	78.46786227166828	routine
464.25	4	1.8192151462056227	1.369926740917464	1.9763865155028053	3.935062405849111	0.25412557587742224	0.4620341832446063	0.5379658167553937	0.0	1.3728062099183351	0.006886364099082724	0.006886364099082724	0.0	0.35030198446937016	0.06506147540983606	0.21934941078095313	0.7806505892190468	21.934941078095314	78.06505892190468	routine
464.5	4	1.925942897774834	1.4026945017379553	2.023660401539564	4.066141444498468	0.24593340237905653	0.46931913701316896	0.530680862986831	0.0	1.2932967865790446	0.014689578309053609	0.014689578309053609	0.0	0.3442622950819672	0.08504098360655737	0.22465560392542339	0.7753443960745766	22.46556039254234	77.53443960745766	routine
464.75	4	2.092559597060908	1.4507282398290715	2.0929584372789765	4.2662202156648	0.2343995268524063	0.4808069487251331	0.5191930512748669	0.0	1.1787458572617762	0.029974557820966252	0.029974557820966252	0.0	0.3339085418464193	0.10553278688524591	0.23006206936419957	0.7699379306358004	23.006206936419957	76.99379306358004	routine
465.0	4	2.314076799973688	1.4981410869395673	2.1613607166797153	4.473365738564298	0.22354532547587858	0.48725133090501543	0.5127486690949845	0.0	1.0327459144953994	0.05678965790332233	0.05678965790332233	0.0	0.3011216566005177	0.1260245901639344	0.2285993944173669	0.7714006055826331	22.85993944173669	77.14006055826331	routine
465.25	4	2.580621646022392	1.5340528522008652	2.213170442331758	4.636931589877013	0.2156598562254233	0.49313533202577753	0.5068646679742225	0.0	0.8647451696682613	0.10130040932304614	0.10130040932304614	0.0	0.25366695427092323	0.14754098360655737	0.22358581747581452	0.7764141825241855	22.358581747581454	77.64141825241855	routine
465.5	5	2.8747040586714254	1.5568920074949544	2.2461203784126336	4.744053824778312	0.21079018850439152	0.49733818996917906	0.5026618100308209	0.0	0.6886893916469438	0.17025609397396516	0.17025609397396516	0.0	0.2191544434857636	0.1721311475409836	0.22215594524898155	0.7778440547510185	22.215594524898155	77.78440547510185	routine
465.75	5	3.1689641407640607	1.5688884336055335	2.263427562870757	4.801308253571821	0.2082765669661125	0.5007004763239002	0.49929952367609975	0.0	0.5197580888444869	0.2698768436182451	0.2698768436182451	0.0	0.19327006039689387	0.20133196721311475	0.22382562598347722	0.7761743740165228	22.38256259834772	77.61743740165228	routine
466.0	5	3.429571876951688	1.574317322437924	2.2712597938667844	4.827444904623607	0.20714892034132276	0.5021014289717007	0.49789857102829926	0.0	0.370724028162841	0.40396297356925986	0.40396297356925986	0.0	0.16738567730802417	0.23309426229508196	0.22564534214370174	0.7743546578562983	22.564534214370173	77.43546578562983	routine
466.25	5	3.623398089811342	1.5789432395700278	2.277933581572834	4.849827995960196	0.20619287958933363	0.5029420005603811	0.4970579994396189	0.0	0.24942540927681567	0.5718890567381328	0.5718890567381328	0.0	0.14408973252804141	0.274077868852459	0.23027740048522038	0.7697225995147796	23.027740048522038	76.97225995147797	routine
466.5	5	3.7239551469988035	1.5839748021672737	2.285192591979803	4.874291702832477	0.2051580128901384	0.5049033342673017	0.4950966657326983	0.0	0.15808615898083303	0.7672047086240876	0.7672047086240876	0.0	0.11993097497842968	0.3150614754098361	0.23497394616389186	0.7650260538361081	23.497394616389187	76.50260538361081	routine
466.75	5	3.718427742830573	1.588650440453734	2.2919381121486695	4.897135490765565	0.20420100727980287	0.5068646679742225	0.49313533202577753	0.0	0.09430072594920431	0.9775252082307706	0.9775252082307706	0.0	0.09749784296807593	0.3744877049180328	0.2447125539650828	0.7552874460349173	24.47125539650828	75.52874460349173	routine
467.0	5	3.6093924463081724	1.589039386230232	2.292499242291598	4.899040581396098	0.2041215996041058	0.5071448585037825	0.49285514149621745	0.0	0.05264685933589497	1.1859803331154581	1.1859803331154581	0.0	0.08024158757549611	0.42110655737704916	0.25212325086408194	0.7478767491359181	25.212325086408192	74.7876749135918	routine
467.25	5	3.4139816019400997	1.5814870558283078	2.281603532673587	4.862180772201466	0.20566902936174186	0.5043429532081816	0.49565704679181843	0.0	0.027818777158936967	1.3738604690140188	1.3738604690140188	0.0	0.06471095772217429	0.4421106557377049	0.2527911416670152	0.7472088583329848	25.279114166701522	74.72088583329848	routine
467.5	5	3.156184795658509	1.5578741242998708	2.2475372734566603	4.748715328458917	0.21058326954387607	0.49761838049873913	0.5023816195012609	0.0	0.013808935395607071	1.5236083552747215	1.5236083552747215	0.0	0.04745470232959448	0.45594262295081966	0.25025392644478833	0.7497460735552117	25.025392644478835	74.97460735552117	routine
467.75	5	2.861884209204547	1.5110277548277624	2.1799522485355975	4.531385555308904	0.22068305329446417	0.4886522835528159	0.511347716447184	0.0	0.006439304388460337	1.6212669718870631	1.6212669718870631	0.0	0.03451251078515962	0.46260245901639346	0.24644181333859227	0.7535581866614077	24.644181333859226	75.35581866614078	routine
468.0	5	2.552861964540409	1.4366279462056621	2.0726160135934055	4.206487372934341	0.2377280403679008	0.4766040907817316	0.5233959092182684	0.0	0.002820813067129598	1.6579287724046943	1.6579287724046943	0.0	0.024158757549611734	0.4682377049180328	0.24225013831234404	0.7577498616876559	24.225013831234403	75.7749861687656	routine
468.25	3	2.2429115551689978	1.3325879970230576	1.922518094853322	3.7908413897313786	0.2637936798698034	0.4558699915942841	0.5441300084057159	0.0	0.0011608236660338794	1.6303122801852932	1.6303122801852932	0.0	0.013805004314063849	0.4641393442622951	0.23345358504266076	0.7665464149573392	23.345358504266077	76.65464149573393	routine
468.5	3	1.9396023967487597	1.205201890511485	1.7387387907109229	3.337432806071745	0.29963150064945543	0.43681703558419727	0.5631829644158027	0.0	0.0004487606777989361	1.5408857539278666	1.5408857539278666	0.0	0.004314063848144953	0.45850409836065575	0.22490879944824949	0.7750912005517505	22.490879944824947	77.50912005517505	routine
468.75	3	1.6465196520890168	1.0662777174043618	1.5383135751096764	2.9045478054250493	0.3442876712623639	0.4118800784533483	0.5881199215466517	0.0	0.0	1.3977790856551573	1.3977790856551573	0.0	0.0	0.4451844262295082	0.2142661261707141	0.7857338738292858	21.42661261707141	78.57338738292859	routine
469.0	2	1.3680749108998207	0.9363954511449322	1.3509330736777774	2.5507704509028812	0.39203841319630933	0.3959092182684225	0.6040907817315775	0.0	0.0	1.2142977336921845	1.2142977336921845	0.0	0.0	0.42366803278688525	0.20489431276382694	0.795105687236173	20.489431276382692	79.5105687236173	routine
469.25	2	1.111746546396425	0.8409565890232638	1.2132439005867608	2.318583848153293	0.4312977513392412	0.38105912020173716	0.6189408797982628	0.0	0.0	1.0076164604403808	1.0076164604403808	0.0	0.0	0.39344262295081966	0.1936254357881392	0.8063745642118608	19.36254357881392	80.63745642118609	routine
469.5	1	0.8880194273094653	0.8011099546702707	1.1557573588095817	2.2280125494798027	0.4488305060191337	0.37573550014009527	0.6242644998599047	0.0	0.0	0.7964593458127123	0.7964593458127123	0.0	0.0	0.32223360655737704	0.17449227667436806	0.8255077233256319	17.449227667436805	82.5507723325632	routine
469.75	1	0.710871715612077	0.8363590377183954	1.2066110361189946	2.307948506953858	0.43328523014573156	0.37965816755393667	0.6203418324460633	0.0	0.0	0.5981368626234491	0.5981368626234491	0.0	0.0	0.2807377049180328	0.16509896811799235	0.8349010318820076	16.509896811799234	83.49010318820076	routine
470.0	2	0.593639082115103	0.9256185589631126	1.3353853047708713	2.523428667126425	0.3962862168554018	0.39422807509106195	0.605771924908938	0.0	0.0	0.42579228639898514	0.42579228639898514	0.0	0.0	0.24026639344262296	0.1586236171334212	0.8413763828665788	15.862361713342121	84.13763828665788	routine
470.25	2	0.5457484537578119	0.9761718827505346	1.408318334299439	2.6542758892533964	0.3767505872501006	0.3989913140935836	0.6010086859064163	0.0	0.0	0.28674650262333934	0.28674650262333934	0.0	0.0	0.20440573770491804	0.15084926294962542	0.8491507370503746	15.084926294962543	84.91507370503746	routine
470.5	2	0.5721281490603329	0.9246944701730916	1.3340521264561667	2.5210978720793666	0.39665258976051326	0.3939478845615018	0.6060521154384981	0.0	0.0	0.18238919521025423	0.18238919521025423	0.0	0.0	0.17520491803278687	0.14228820064857217	0.8577117993514278	14.228820064857217	85.77117993514278	routine
470.75	1	0.6681247151113267	0.7983621452522345	1.151793107788873	2.2218987991699795	0.4500655027013668	0.37545530961053514	0.6245446903894649	0.0	0.0	0.10943104957965487	0.10943104957965487	0.0	0.0	0.15061475409836064	0.13151751592722394	0.8684824840727761	13.151751592722395	86.84824840727761	routine
471.0	1	0.8218918144374113	0.6871310103785624	0.9913205011141748	1.9880037814662266	0.5030171518398536	0.3620061641916503	0.6379938358083497	0.0	0.0	0.061870682845896925	0.061870682845896925	0.0	0.0	0.1290983606557377	0.12277613121184701	0.877223868788153	12.2776131211847	87.7223868788153	routine
471.25	2	1.0151626623684213	0.6353638352756718	0.9166362543124039	1.8877088315932462	0.5297427141642334	0.349957971420566	0.6500420285794339	0.0	0.0	0.03293786863546455	0.03293786863546455	0.0	0.0	0.10758196721311475	0.11438498465842019	0.8856150153415798	11.438498465842018	88.56150153415798	routine
471.5	2	1.2236294847878877	0.6297779933463908	0.9085775878618407	1.877193783490289	0.5327100530562636	0.34799663771364525	0.6520033622863548	0.0	0.0	0.016272495205625882	0.016272495205625882	0.0	0.0	0.08709016393442623	0.10877170041201786	0.8912282995879821	10.877170041201786	89.1228299587982	routine
471.75	2	1.4221118298590367	0.6541311889663353	0.9437118224125334	1.923470658685692	0.5198935556850658	0.3541608293639675	0.6458391706360325	0.0	0.0	0.007696311336224106	0.007696311336224106	0.0	0.0	0.06711065573770492	0.1053178712754181	0.8946821287245819	10.53178712754181	89.46821287245818	routine
472.0	2	1.5856725817612058	0.6867312761595042	0.990743806538666	1.9872092671350199	0.5032182652014855	0.3617259736620902	0.6382740263379099	0.0	0.0	0.0034195400777409886	0.0034195400777409886	0.0	0.0	0.0471311475409836	0.10221428030076846	0.8977857196992316	10.221428030076845	89.77857196992316	routine
472.25	2	1.6955610185963328	0.7200366861277906	1.0387933563346865	2.0545085812257096	0.48673439923205625	0.36564864107593165	0.6343513589240684	0.0	0.0	0.0014272806019648295	0.0014272806019648295	0.0	0.0	0.027151639344262294	0.09820007010504848	0.9017999298949515	9.820007010504849	90.17999298949515	routine
472.5	2	1.7410448162825332	0.7521068000450005	1.0850607506437895	2.121464813909056	0.4713724184552365	0.37125245166713366	0.6287475483328664	0.0	0.0	0.0005596385510716668	0.0005596385510716668	0.0	0.0	0.00819672131147541	0.09486229324465227	0.9051377067553478	9.486229324465228	90.51377067553477	routine
472.75	2	1.7214657496134147	0.7865641350443933	1.134772176969663	2.195838844541611	0.45540682663747734	0.37349397590361444	0.6265060240963856	0.0	0.0	0.0	0.0	0.0	0.0	0.0	0.09337349397590361	0.9066265060240963	9.33734939759036	90.66265060240963	routine
473.0	2	1.6481194858072497	0.8367983107296812	1.207244773113973	2.308962549148779	0.433094941435347	0.3802185486130569	0.6197814513869431	0.0	0.0	0.0	0.0	0.0	0.0	0.0	0.09505463715326422	0.9049453628467358	9.505463715326421	90.49453628467357	routine
473.25	2	1.541908420421594	0.9132036231930805	1.3174743385024907	2.492294128848077	0.4012367514833387	0.39114597926590083	0.6088540207340991	0.0	0.0	0.0	0.0	0.0	0.0	0.0	0.09778649481647521	0.9022135051835248	9.778649481647522	90.22135051835248	routine
473.5	3	1.4321404540402818	1.0208519862408885	1.472778098031378	2.7755584945364795	0.3602878490827846	0.40599607733258614	0.5940039226674139	0.0	0.0	0.0	0.0	0.0	0.0	0.0	0.10149901933314653	0.8985009806668535	10.149901933314654	89.85009806668535	routine
473.75	4	1.3509742541317398	1.1416552268311337	1.6470603341542414	3.1319481617654676	0.3192900866648775	0.4264499859904735	0.5735500140095264	0.0	0.0	0.0	0.0	0.0	0.0	0.0	0.10661249649761838	0.8933875035023816	10.661249649761837	89.33875035023816	routine
474.0	3	1.3268039866901185	1.2317652580943106	1.777061629391976	3.4272742230675624	0.2917770609860788	0.43877836929111796	0.561221630708882	0.0	0.0	0.0	0.0	0.0	0.0	0.0	0.10969459232277949	0.8903054076772206	10.969459232277949	89.03054076772206	routine
474.25	3	1.3753978724358598	1.2433135618935487	1.793722310013816	3.467082845615828	0.28842691234347434	0.4410198935275988	0.5589801064724012	0.0	0.0	0.0	0.0	0.0	0.0	0.0	0.1102549733818997	0.8897450266181003	11.02549733818997	88.97450266181004	routine
474.5	3	1.4952798514662986	1.1771069845065072	1.6982064091432998	3.2449728535807716	0.3081689878842953	0.43261417764079574	0.5673858223592043	0.0	0.0	0.0	0.0	0.0	0.0	0.0	0.10815354441019893	0.891846455589801	10.815354441019894	89.18464555898011	routine
474.75	3	1.6655177796360296	1.0770544717923674	1.5538611452221303	2.9360186760731284	0.3405972884809717	0.4155225553376296	0.5844774446623704	0.0	0.0	0.0	0.0	0.0	0.0	0.0	0.1038806388344074	0.8961193611655927	10.38806388344074	89.61193611655926	routine
475.0	3	1.849026061363195	0.985540942426168	1.421835030231268	2.679260818338212	0.373237272443017	0.39983188568226397	0.600168114317736	0.0	0.0	0.0	0.0	0.0	0.0	0.0	0.09995797142056599	0.900042028579434	9.995797142056599	90.00420285794341	routine
475.25	2	2.0032535668618756	0.9274736459914799	1.338061629627114	2.5281141915979455	0.3955517528929063	0.3947884561501821	0.6052115438498179	0.0	0.0	0.0	0.0	0.0	0.0	0.0	0.09869711403754552	0.9013028859624544	9.869711403754552	90.13028859624545	routine
475.5	2	2.092880673769495	0.9135362494453083	1.3179542167470495	2.493123269192883	0.4011033118004379	0.3914261697954609	0.6085738302045391	0.0	0.0	0.0	0.0	0.0	0.0	0.0	0.09785654244886523	0.9021434575511348	9.785654244886523	90.21434575511348	routine
475.75	2	2.0992954517103737	0.9422937580323287	1.3594425317738656	2.565860135870479	0.3897328564484462	0.3964695993275427	0.6035304006724573	0.0	0.0	0.0	0.0	0.0	0.0	0.0	0.09911739983188568	0.9008826001681143	9.911739983188568	90.08826001681143	routine
476.0	3	2.028861138373921	1.013904837585082	1.4627554811173278	2.756343100454084	0.3627995367613192	0.4048753152143458	0.5951246847856542	0.0	0.0	0.0	0.0	0.0	0.0	0.0	0.10121882880358644	0.8987811711964135	10.121882880358644	89.87811711964136	routine
476.25	3	1.9112572732028321	1.1267999897744272	1.6256287573213009	3.0857662006389703	0.3240686218524689	0.4247688428131129	0.5752311571868871	0.0	0.0	0.0	0.0	0.0	0.0	0.0	0.10619221070327822	0.8938077892967218	10.619221070327821	89.38077892967218	routine
476.5	3	1.789208658153337	1.2626539718332566	1.8216246235225921	3.5347902834545293	0.28290221478789007	0.44326141776407957	0.5567385822359204	0.0	0.0	0.0	0.0	0.0	0.0	0.0	0.11081535444101989	0.8891846455589801	11.08153544410199	88.91846455589801	routine
476.75	4	1.7064601310242689	1.382504515454683	1.9945324084530704	3.984869306944999	0.2509492590527769	0.46567666012888764	0.5343233398711124	0.0	0.0	0.0	0.0	0.0	0.0	0.0	0.11641916503222191	0.8835808349677781	11.641916503222191	88.35808349677781	routine
477.0	4	1.6962922633898818	1.4451423052005719	2.08489963709171	4.242455823392839	0.2357125310500618	0.4788456150182124	0.5211543849817877	0.0	0.0	0.0	0.0	0.0	0.0	0.0	0.1197114037545531	0.8802885962454469	11.97114037545531	88.02885962454468	routine
477.25	4	1.772509155449476	1.4366005543558384	2.072576495507504	4.2063721510420145	0.2377345522678675	0.4763239002521715	0.5236760997478285	0.0	0.0	0.0	0.0	0.0	0.0	0.0	0.11908097506304287	0.8809190249369572	11.908097506304287	88.09190249369571	routine
477.5	4	1.9283152674119768	1.3870229096474553	2.0010510733477647	4.00291525593402	0.24981792919986884	0.4659568506584477	0.5340431493415523	0.0	0.0	0.0	0.0	0.0	0.0	0.0	0.11648921266461193	0.883510787335388	11.648921266461192	88.3510787335388	routine
477.75	3	2.1392945473053278	1.3372434326924125	1.929234468806678	3.8085305513828493	0.2625684595432502	0.4569907537125245	0.5430092462874755	0.0	0.0	0.0	0.0	0.0	0.0	0.0	0.11424768842813113	0.8857523115718688	11.424768842813112	88.57523115718689	routine
478.0	3	2.370501212171865	1.3086846532034362	1.8880328592640903	3.7013020131795833	0.2701751968467322	0.4508265620622023	0.5491734379377977	0.0	0.0	0.0	0.0	0.0	0.0	0.0	0.11270664051555057	0.8872933594844494	11.270664051555057	88.72933594844494	routine
478.25	3	2.5869133462461233	1.3082050768999658	1.8873409769093457	3.6995273820116155	0.27030479754315284	0.4502661810030821	0.5497338189969179	0.0	0.0	0.0	0.0	0.0	0.0	0.0	0.11256654525077052	0.8874334547492295	11.256654525077051	88.74334547492295	routine
478.5	4	2.7580015389863815	1.3269537650955339	1.9143896163922653	3.76954296661136	0.26528414952620966	0.4544690389464836	0.5455309610535164	0.0	0.0	0.0	0.0	0.0	0.0	0.0	0.1136172597366209	0.886382740263379	11.36172597366209	88.63827402633791	routine
478.75	4	2.866135208720681	1.360616254187182	1.962954322468765	3.8985950872106656	0.2565026574009951	0.46063323059680583	0.5393667694031942	0.0	0.0	0.0	0.0	0.0	0.0	0.0	0.11515830764920146	0.8848416923507986	11.515830764920146	88.48416923507986	routine
479.0	4	2.9067493456304874	1.4044746760814577	2.0262286502368525	4.073386331843036	0.24549598749881946	0.47015970860184925	0.5298402913981508	0.0	0.0	0.0	0.0	0.0	0.0	0.0	0.11753992715046231	0.8824600728495376	11.75399271504623	88.24600728495376	routine
479.25	4	2.8899114272517488	1.4590376299585182	2.104946353211541	4.301817595251128	0.23245987954113215	0.4824880919024937	0.5175119080975064	0.0	0.0	0.0	0.0	0.0	0.0	0.0	0.12062202297562342	0.8793779770243766	12.062202297562342	87.93779770243766	routine
479.5	4	2.836259323453203	1.523273202148762	2.1976186946590706	4.587215532293724	0.2179971690800355	0.4908938077892967	0.5091061922107033	0.0	0.0	0.0	0.0	0.0	0.0	0.0	0.12272345194732417	0.8772765480526759	12.272345194732418	87.72765480526759	routine
479.75	5	2.7767345034061255	1.6016048110648577	2.3106273183871755	4.960987487113418	0.20157277207362123	0.5079854300924629	0.4920145699075371	0.0	0.0	0.0	0.0	0.0	0.0	0.0	0.12699635752311572	0.8730036424768843	12.699635752311572	87.30036424768844	routine
480.0	4	2.7464123897247226	1.6946172630436782	2.4448159215979426	5.444561731396006	0.18366951268703793	0.5203138133931073	0.47968618660689266	0.0	0.0	0.0	0.0	0.0	0.0	0.0	0.13007845334827683	0.8699215466517232	13.007845334827683	86.99215466517232	routine
480.25	6	2.7795204001821143	1.7934620915040766	2.58741886543528	6.010224435361846	0.1663831377271679	0.5326421966937518	0.4673578033062482	0.0	0.0	0.0	0.0	0.0	0.0	0.0	0.13316054917343795	0.866839450826562	13.316054917343795	86.6839450826562	routine
480.5	6	2.9057376439726985	1.8837313573054308	2.7176498875515813	6.578004009545906	0.1520217984891487	0.5432894368170356	0.45671056318296444	0.0	0.0	0.0	0.0	0.0	0.0	0.0	0.1358223592042589	0.8641776407957411	13.58223592042589	86.41776407957411	routine
480.75	6	3.1458545363359143	1.9539314427500643	2.818927202692535	7.0563748532223425	0.1417158272910265	0.5536564864107593	0.44634351358924074	0.0	0.0	0.0	0.0	0.0	0.0	0.0	0.13841412160268982	0.8615858783973102	13.841412160268982	86.15858783973101	routine
481.0	7	3.505390287365529	1.9995448873176882	2.88473349296811	7.385694010912193	0.13539689005833752	0.5612216307088821	0.4387783692911179	0.0	0.0	0.0	0.0	0.0	0.0	0.0	0.14030540767722052	0.8596945923227794	14.030540767722051	85.96945923227794	routine
481.25	8	3.9705966756372657	2.025259213915192	2.921831424430128	7.578075032565197	0.13195963298102864	0.5659848697114037	0.4340151302885963	0.0	0.0	0.0	0.0	0.0	0.0	0.0	0.14149621742785093	0.8585037825721491	14.149621742785094	85.85037825721491	routine
481.5	7	4.507671666750451	2.041216661395481	2.944853154775187	7.699971760577774	0.12987060616504964	0.5690669655365649	0.4309330344634351	0.0	0.0	0.0	0.0	0.0	0.0	0.0	0.14226674138414122	0.8577332586158588	14.226674138414122	85.77332586158587	routine
481.75	7	5.063525179229494	2.053427954699203	2.962470327067307	7.794574811413524	0.12829436168034583	0.5699075371252451	0.4300924628747549	0.0	0.0	0.0	0.0	0.0	0.0	0.0	0.14247688428131128	0.8575231157186887	14.247688428131127	85.75231157186887	routine
482.0	8	5.57576827487914	2.066144482625955	2.9808163988445586	7.894327650311136	0.12667323226197577	0.5715886803026058	0.4284113196973942	0.0	0.0	0.0	0.0	0.0	0.0	0.0	0.14289717007565145	0.8571028299243486	14.289717007565145	85.71028299243486	routine
482.25	9	5.983600503649127	2.080961939406012	3.002193470259733	8.01217243293426	0.12481009468661357	0.5752311571868871	0.4247688428131129	0.0	0.0	0.0	0.0	0.0	0.0	0.0	0.14380778929672178	0.8561922107032782	14.380778929672179	85.61922107032782	routine
482.5	8	6.23763786797689	2.0952578079540647	3.022818048919209	8.127536043576717	0.12303851925582185	0.5763519193051275	0.4236480806948725	0.0	0.0	0.0	0.0	0.0	0.0	0.0	0.14408797982628188	0.8559120201737181	14.408797982628188	85.59120201737181	routine
482.75	8	6.309981199182153	2.1055413962748943	3.037654130792214	8.211547507601649	0.12177972532878525	0.5780330624824881	0.4219669375175119	0.0	0.0	0.0	0.0	0.0	0.0	0.0	0.14450826562062202	0.855491734379378	14.450826562062202	85.5491734379378	routine
483.0	8	6.199247687153971	2.1103289890474617	3.0445611671429926	8.2509553120883	0.12119808703059162	0.5788736340711684	0.42112636592883157	0.0	0.0	0.0	0.0	0.0	0.0	0.0	0.1447184085177921	0.8552815914822078	14.471840851779211	85.52815914822078	routine
483.25	8	5.923659289771422	2.1044375308009786	3.036061589547187	8.202488064943497	0.12191422798576039	0.5771924908938078	0.42280750910619225	0.0	0.0	0.0	0.0	0.0	0.0	0.0	0.14429812272345194	0.8557018772765481	14.429812272345194	85.57018772765481	routine
483.5	9	5.520204296426432	2.0868866253376175	3.010740985272085	8.059782937604675	0.12407282029076513	0.5757915382460073	0.42420846175399274	0.0	0.0	0.0	0.0	0.0	0.0	0.0	0.14394788456150182	0.8560521154384981	14.39478845615018	85.60521154384982	routine
483.75	8	5.03376054944811	2.057449639783739	2.9682723921947844	7.825985255794816	0.127779438283447	0.5707481087139255	0.42925189128607455	0.0	0.0	0.0	0.0	0.0	0.0	0.0	0.14268702717848136	0.8573129728215186	14.268702717848136	85.73129728215186	routine
484.0	8	4.5097461702672135	2.0161991642954225	2.9087605357734785	7.5097273808288065	0.1331606261171142	0.5645839170636032	0.4354160829363968	0.0	0.0	0.0	0.0	0.0	0.0	0.0	0.1411459792659008	0.8588540207340992	14.114597926590081	85.88540207340992	routine
484.25	6	3.990759251719194	1.966646708074621	2.8372714529198606	7.146671387328351	0.13992528070803478	0.5564583917063604	0.44354160829363964	0.0	0.0	0.0	0.0	0.0	0.0	0.0	0.1391145979265901	0.8608854020734099	13.91145979265901	86.088540207341	routine
484.5	6	3.512119667402544	1.9128710974692587	2.7596896461787286	6.772505434880236	0.14765584311674812	0.5483328663491174	0.4516671336508826	0.0	0.0	0.0	0.0	0.0	0.0	0.0	0.13708321658727934	0.8629167834127207	13.708321658727934	86.29167834127207	routine
484.75	5	3.102982786772946	1.8636755985747568	2.6887155438895722	6.447391294785886	0.15510149055304226	0.5413281031101149	0.4586718968898851	0.0	0.0	0.0	0.0	0.0	0.0	0.0	0.13533202577752873	0.8646679742224712	13.533202577752872	86.46679742224713	routine
485.0	5	2.782722275320284	1.8214432571202208	2.627787154307984	6.180772459593017	0.16179207478313262	0.5371252451667133	0.46287475483328666	0.0	0.0	0.0	0.0	0.0	0.0	0.0	0.13428131129167833	0.8657186887083217	13.428131129167834	86.57186887083216	routine
485.25	4	2.565580704209184	1.788379486321781	2.5800862161439855	5.979754336834417	0.16723095024826445	0.5320818156346315	0.4679181843653685	0.0	0.0	0.0	0.0	0.0	0.0	0.0	0.13302045390865788	0.8669795460913421	13.302045390865787	86.69795460913421	routine
485.5	5	2.4588209946947246	1.759584886270481	2.538544389445594	5.810025072566801	0.1721162968335026	0.5270383861025497	0.4729616138974503	0.0	0.0	0.0	0.0	0.0	0.0	0.0	0.13175959652563743	0.8682404034743626	13.175959652563742	86.82404034743627	routine
485.75	6	2.4616132448484023	1.725361978363026	2.4891711699227086	5.614553008611948	0.17810856865473318	0.5245166713365088	0.4754833286634912	0.0	0.0	0.0	0.0	0.0	0.0	0.0	0.1311291678341272	0.8688708321658728	13.11291678341272	86.88708321658729	routine
486.0	5	2.563814309928795	1.682121096292374	2.4267877637957147	5.376948910488122	0.18597907784643977	0.5183524796861866	0.4816475203138134	0.0	0.0	0.0	0.0	0.0	0.0	0.0	0.12958811992154665	0.8704118800784534	12.958811992154665	87.04118800784534	routine
486.25	4	2.7415214285152976	1.6291282861072702	2.3503352993388953	5.099427538653681	0.19610044312229089	0.5124684785654244	0.48753152143457557	0.0	0.0	0.0	0.0	0.0	0.0	0.0	0.1281171196413561	0.8718828803586439	12.811711964135611	87.18828803586439	routine
486.5	4	2.9612450447516743	1.5789627487126334	2.277961727316123	4.849922612869127	0.20618885698228037	0.5032221910899412	0.49677780891005885	0.0	0.0	0.0	0.0	0.0	0.0	0.0	0.1258055477724853	0.8741944522275147	12.580554777248528	87.41944522275146	routine
486.75	5	3.1781415969262024	1.5347897135846185	2.2142335085959215	4.640349624859036	0.21550100333881153	0.4939759036144578	0.5060240963855422	0.0	0.0	0.0	0.0	0.0	0.0	0.0	0.12349397590361445	0.8765060240963856	12.349397590361445	87.65060240963855	routine
487.0	5	3.3476571463807305	1.5007531504287002	2.165129127721974	4.485065727788581	0.2229621728404553	0.4875315214345755	0.5124684785654245	0.0	0.0	0.0	0.0	0.0	0.0	0.0	0.12188288035864388	0.8781171196413561	12.188288035864387	87.81171196413561	routine
487.25	5	3.4321381860048024	1.4756327857655427	2.1288881021971147	4.373802577452482	0.22863400491716965	0.4841692350798543	0.5158307649201457	0.0	0.0	0.0	0.0	0.0	0.0	0.0	0.12104230876996358	0.8789576912300364	12.104230876996358	87.89576912300365	routine
487.5	4	3.4092073621548544	1.4571928103429395	2.102284841100811	4.293888833584994	0.23288912190236977	0.48220790137293357	0.5177920986270664	0.0	0.0	0.0	0.0	0.0	0.0	0.0	0.12055197534323339	0.8794480246567666	12.055197534323339	87.94480246567666	routine
487.75	4	3.2725663994291527	1.436544064712657	2.0724949981794247	4.206134541291422	0.2377479821872191	0.4760437097226114	0.5239562902773887	0.0	0.0	0.0	0.0	0.0	0.0	0.0	0.11901092743065285	0.8809890725693471	11.901092743065284	88.09890725693471	routine
488.0	4	3.0350011409394133	1.4102175047974002	2.034513800746017	4.096846390914943	0.24409018659268583	0.4710002801905296	0.5289997198094705	0.0	0.0	0.0	0.0	0.0	0.0	0.0	0.1177500700476324	0.8822499299523676	11.77500700476324	88.22499299523676	routine
488.25	4	2.7225137971363167	1.3781271781530757	1.9882172456357434	3.967464311445233	0.2520501563467697	0.463995516951527	0.5360044830484729	0.0	0.0	0.0	0.0	0.0	0.0	0.0	0.11599887923788176	0.8840011207621182	11.599887923788176	88.40011207621183	routine
488.5	4	2.368613739912569	1.3451543261795897	1.9406474756096292	3.8387789189738784	0.2604995028646516	0.4581115158307649	0.5418884841692351	0.0	0.0	0.0	0.0	0.0	0.0	0.0	0.11452787895769123	0.8854721210423088	11.452787895769124	88.54721210423088	routine
488.75	4	2.0101344055911934	1.324344270945046	1.9106249121221275	3.7597191894090973	0.26597731096964367	0.4536284673578033	0.5463715326421967	0.0	0.0	0.0	0.0	0.0	0.0	0.0	0.11340711683945083	0.8865928831605492	11.340711683945083	88.65928831605491	routine
489.0	3	1.6829030512497898	1.3310920637230008	1.9203599192998295	3.785174783350573	0.26418859292801716	0.4553096105351639	0.5446903894648361	0.0	0.0	0.0	0.0	0.0	0.0	0.0	0.11382740263379097	0.886172597366209	11.382740263379096	88.6172597366209	routine
489.25	3	1.4205401540249263	1.3767350227520359	1.9862087899425165	3.9619448274567852	0.2524012936954275	0.46371532642196694	0.5362846735780331	0.0	0.0	0.0	0.0	0.0	0.0	0.0	0.11592883160549174	0.8840711683945083	11.592883160549174	88.40711683945082	routine
489.5	4	1.2510862467647235	1.4429283713185477	2.0817056056592578	4.233073696239244	0.23623496110838374	0.4785654244886523	0.5214345755113476	0.0	0.0	0.0	0.0	0.0	0.0	0.0	0.11964135612216308	0.8803586438778369	11.964135612216307	88.03586438778369	routine
489.75	3	1.1931672999615337	1.471366490082944	2.1227331385728636	4.355182390254476	0.22961150886302362	0.4838890445502942	0.5161109554497059	0.0	0.0	0.0	0.0	0.0	0.0	0.0	0.12097226113757355	0.8790277388624265	12.097226113757355	87.90277388624264	routine
490.0	3	1.2524299970886956	1.4184354229803553	2.046369750554998	4.130652657674442	0.2420924930935733	0.4729616138974503	0.5270383861025497	0.0	0.0	0.0	0.0	0.0	0.0	0.0	0.11824040347436257	0.8817595965256374	11.824040347436258	88.17595965256373	routine
490.25	3	1.4188622538657636	1.3135708951619736	1.8950822163062557	3.719431727391632	0.2688582754821208	0.4519473241804427	0.5480526758195573	0.0	0.0	0.0	0.0	0.0	0.0	0.0	0.11298683104511067	0.8870131689548894	11.298683104511067	88.70131689548893	routine
490.5	3	1.6664747616562254	1.2189629087674865	1.7585917435064387	3.3836767318491865	0.2955365063652218	0.4379377977024377	0.5620622022975623	0.0	0.0	0.0	0.0	0.0	0.0	0.0	0.10948444942560942	0.8905155505743906	10.948444942560942	89.05155505743906	routine
490.75	3	1.95704007434794	1.169297889149671	1.6869402659981634	3.219731236507655	0.3105849297796265	0.4309330344634351	0.5690669655365649	0.0	0.0	0.0	0.0	0.0	0.0	0.0	0.10773325861585878	0.8922667413841412	10.773325861585878	89.22667413841413	routine
491.0	3	2.247314087521274	1.1662466721212463	1.682538290322579	3.2099221102286255	0.31153403903896454	0.4303726534043149	0.5696273465956851	0.0	0.0	0.0	0.0	0.0	0.0	0.0	0.10759316335107873	0.8924068366489213	10.759316335107872	89.24068366489213	routine
491.25	3	2.4986647585018353	1.1989932192069148	1.7297815714093099	3.3167759748712107	0.3014976011573497	0.43569627346595685	0.5643037265340431	0.0	0.0	0.0	0.0	0.0	0.0	0.0	0.10892406836648921	0.8910759316335108	10.892406836648922	89.10759316335108	routine
491.5	4	2.683518646942904	1.2501557687533922	1.8035935279192488	3.4908866861801093	0.28646017184082434	0.44158027458671895	0.558419725413281	0.0	0.0	0.0	0.0	0.0	0.0	0.0	0.11039506864667974	0.8896049313533203	11.039506864667974	88.96049313533203	routine
491.75	4	2.790270691368049	1.3046439600015283	1.882203371219944	3.6863763625919885	0.27126910050412584	0.4491454188848417	0.5508545811151583	0.0	0.0	0.0	0.0	0.0	0.0	0.0	0.11228635472121043	0.8877136452787896	11.228635472121043	88.77136452787896	routine
492.0	4	2.820836507647932	1.3475562422270815	1.9441127079799772	3.8480104258762196	0.259874555764046	0.458391706360325	0.541608293639675	0.0	0.0	0.0	0.0	0.0	0.0	0.0	0.11459792659008125	0.8854020734099187	11.459792659008125	88.54020734099187	routine
492.25	4	2.784662315372877	1.3649725508123012	1.9692391300064656	3.915615570050844	0.2553876860763977	0.46119361165592604	0.5388063883440739	0.0	0.0	0.0	0.0	0.0	0.0	0.0	0.11529840291398151	0.8847015970860185	11.52984029139815	88.47015970860184	routine
492.5	4	2.6927660265607063	1.349004706741765	1.9462024005522147	3.853588171038004	0.25949840917501044	0.45867189688988513	0.5413281031101149	0.0	0.0	0.0	0.0	0.0	0.0	0.0	0.11466797422247128	0.8853320257775287	11.466797422247128	88.53320257775287	routine
492.75	4	2.552706500335699	1.298265368885601	1.8730010094491374	3.6629373086172077	0.27300494541565307	0.4483048472961614	0.5516951527038386	0.0	0.0	0.0	0.0	0.0	0.0	0.0	0.11207621182404034	0.8879237881759596	11.207621182404035	88.79237881759596	routine
493.0	4	2.368595497162715	1.2201207604916418	1.7602621704469623	3.387596796776166	0.29519451693650733	0.43821798823199776	0.5617820117680022	0.0	0.0	0.0	0.0	0.0	0.0	0.0	0.10955449705799944	0.8904455029420005	10.955449705799944	89.04455029420005	routine
493.25	4	2.142628926199612	1.1236048032564692	1.6210190775771276	3.075922336942246	0.32510573755060845	0.4244886522835528	0.5755113477164472	0.0	0.0	0.0	0.0	0.0	0.0	0.0	0.1061221630708882	0.8938778369291118	10.61221630708882	89.38778369291119	routine
493.5	2	1.880076980903043	1.019258585077234	1.4704793060744272	2.7711394380013785	0.3608623897761086	0.40571588680302606	0.5942841131969739	0.0	0.0	0.0	0.0	0.0	0.0	0.0	0.10142897170075652	0.8985710282992435	10.142897170075651	89.85710282992436	routine
493.75	2	1.5916828318964074	0.9153190532682338	1.3205262589812619	2.4975719833021732	0.40038886033540727	0.39170636032502104	0.608293639674979	0.0	0.0	0.0	0.0	0.0	0.0	0.0	0.09792659008125526	0.9020734099187447	9.792659008125526	90.20734099187447	routine
494.0	2	1.2936979283390948	0.8168837280159935	1.1785141033915627	2.2634353556395346	0.4418063001041395	0.3774166433174559	0.622583356682544	0.0	0.0	0.0	0.0	0.0	0.0	0.0	0.09435416082936397	0.905645839170636	9.435416082936397	90.5645839170636	routine
494.25	2	1.0052083384586137	0.7263475797876799	1.0478980513213865	2.067515365452396	0.4836723425178456	0.36676940319417206	0.6332305968058279	0.0	0.0	0.0	0.0	0.0	0.0	0.0	0.09169235079854302	0.908307649201457	9.169235079854301	90.8307649201457	routine
494.5	2	0.7444268059039544	0.6480805881243837	0.9349826505834513	1.9118676435041149	0.5230487598854788	0.352759876716167	0.647240123283833	0.0	0.0	0.0	0.0	0.0	0.0	0.0	0.08818996917904175	0.9118100308209582	8.818996917904174	91.18100308209583	routine
494.75	1	0.5241829876645693	0.5823259351132184	0.8401187387688684	1.7901974752084573	0.5585975926390782	0.34267301765200336	0.6573269823479966	0.0	0.0	0.0	0.0	0.0	0.0	0.0	0.08566825441300084	0.9143317455869991	8.566825441300084	91.43317455869992	routine
495.0	1	0.35110584765091135	0.5398052468122827	0.7787743526219232	1.7156726969192346	0.5828617555059659	0.33790977864948163	0.6620902213505184	0.0	0.0	0.0	0.0	0.0	0.0	0.0	0.08447744466237041	0.9155225553376296	8.44774446623704	91.55225553376296	routine
495.25	1	0.22534098351103737	0.5447562249408188	0.7859171042155119	1.7241880171053232	0.5799831515352158	0.33903054076772204	0.6609694592322779	0.0	0.0	0.0	0.0	0.0	0.0	0.0	0.08475763519193051	0.9152423648080695	8.475763519193052	91.52423648080695	routine
495.5	0	0.14229626012534585	0.6200605330600601	0.8945582560967159	1.8590405718550052	0.5379118751572864	0.34659568506584476	0.6534043149341553	0.0	0.0	0.0	0.0	0.0	0.0	0.0	0.08664892126646119	0.9133510787335388	8.66489212664612	91.33510787335388	routine
495.75	0	0.09751707305648996	0.8225435430845854	1.1866794905233689	2.2762823025496424	0.43931282112060943	0.3782572149061362	0.6217427850938638	0.0	0.0	0.0	0.0	0.0	0.0	0.0	0.09456430372653404	0.905435696273466	9.456430372653404	90.5435696273466	routine
496.0	0	0.08514045980479672	0.8757462827361441	1.263434819180379	2.4006662013636655	0.4165510388041302	0.3866629307929392	0.6133370692070608	0.0	0.0	0.0	0.0	0.0	0.0	0.0	0.0966657326982348	0.9033342673017652	9.666573269823479	90.33342673017653	routine
496.25	0	0.10322834643921952	0.6342027833529178	0.9149612104612321	1.8855183754874307	0.5303581301569056	0.3496777808910059	0.6503222191089941	0.0	0.0	0.0	0.0	0.0	0.0	0.0	0.08741944522275147	0.9125805547772485	8.741944522275148	91.25805547772485	routine
496.5	1	0.1525095579106853	0.38810002228102375	0.5599099775137292	1.4741772274831426	0.6783444903075164	0.3219389184645559	0.6780610815354441	0.0	0.0	0.0	0.0	0.0	0.0	0.0	0.08048472961613898	0.919515270383861	8.048472961613898	91.9515270383861	routine
496.75	1	0.23529046918961002	0.2759612277001263	0.3981278946806023	1.3177967690252732	0.7588423522541067	0.31241244045951244	0.6875875595404876	0.0	0.0	0.0	0.0	0.0	0.0	0.0	0.07810311011487811	0.9218968898851219	7.810311011487811	92.18968898851219	routine
497.0	1	0.35433624625824095	0.2702560983546684	0.3898971328662801	1.3102999734353264	0.763184019135873	0.31157186887083216	0.6884281311291678	0.0	0.0	0.0	0.0	0.0	0.0	0.0	0.07789296721770804	0.922107032782292	7.789296721770804	92.2107032782292	routine
497.25	1	0.5087427619295002	0.3061534728693245	0.44168609705950823	1.3581907359826928	0.7362736127606327	0.3157747268142337	0.6842252731857663	0.0	0.0	0.0	0.0	0.0	0.0	0.0	0.07894368170355842	0.9210563182964415	7.894368170355842	92.10563182964415	routine
497.5	1	0.6930699165509375	0.35890891839861094	0.5177961167044977	1.4317663880571738	0.6984379633027589	0.3199775847576352	0.6800224152423648	0.0	0.0	0.0	0.0	0.0	0.0	0.0	0.0799943961894088	0.9200056038105912	7.9994396189408805	92.00056038105912	routine
497.75	2	0.8974980860871987	0.4298040822094927	0.6200762179574675	1.5369563769517784	0.6506365535131741	0.3267021574670776	0.6732978425329224	0.0	0.0	0.0	0.0	0.0	0.0	0.0	0.0816755393667694	0.9183244606332306	8.16755393667694	91.83244606332306	routine
498.0	2	1.1058632156291106	0.5028007401952271	0.7253881344349543	1.6533453830797245	0.6048343015524542	0.33454749229476044	0.6654525077052396	0.0	0.0	0.0	0.0	0.0	0.0	0.0	0.08363687307369011	0.91636312692631	8.36368730736901	91.636312692631	routine
498.25	2	1.3007793614490202	0.5757676666329914	0.8306571573556266	1.778495294498266	0.562273064816914	0.3418324460633231	0.6581675539366769	0.0	0.0	0.0	0.0	0.0	0.0	0.0	0.08545811151583077	0.9145418884841692	8.545811151583077	91.45418884841692	routine
498.5	2	1.4655757550824717	0.6442835241438745	0.9295046452088325	1.9046219246740004	0.5250385848473116	0.35163911459792657	0.6483608854020735	0.0	0.0	0.0	0.0	0.0	0.0	0.0	0.08790977864948164	0.9120902213505183	8.790977864948164	91.20902213505182	routine
498.75	2	1.5872510060082297	0.7042997263411948	1.0160897224918957	2.0224299345138284	0.49445470665483887	0.3648080694872513	0.6351919305127487	0.0	0.0	0.0	0.0	0.0	0.0	0.0	0.09120201737181283	0.9087979826281871	9.120201737181283	90.87979826281871	routine
499.0	2	1.6583311221876367	0.75358783900964	1.0871974382134382	2.12460911380115	0.47067481425366503	0.37153264219669374	0.6284673578033062	0.0	0.0	0.0	0.0	0.0	0.0	0.0	0.09288316054917344	0.9071168394508266	9.288316054917344	90.71168394508265	routine
499.25	2	1.6776605879071564	0.7929772461758766	1.144024340595724	2.2099662549857686	0.45249559704541265	0.374894928551415	0.6251050714485851	0.0	0.0	0.0	0.0	0.0	0.0	0.0	0.09372373213785375	0.9062762678621462	9.372373213785375	90.62762678621462	routine
499.5	2	1.651221688718684	0.8302213069218891	1.1977561623365636	2.2938263237392977	0.43595279627353944	0.3793779770243766	0.6206220229756234	0.0	0.0	0.0	0.0	0.0	0.0	0.0	0.09484449425609415	0.9051555057439058	9.484449425609414	90.51555057439057	routine
499.75	3	1.5895335384050084	0.8674630251906423	1.2514846045970778	2.380862995691978	0.42001576815190006	0.3849817876155786	0.6150182123844214	0.0	0.0	0.0	0.0	0.0	0.0	0.0	0.09624544690389465	0.9037545530961053	9.624544690389465	90.37545530961053	routine
500.0	3	1.50899190073064	0.9100784359316056	1.3129656463385118	2.48451740117935	0.40249265290930153	0.3905855982067806	0.6094144017932194	0.0	0.0	0.0	0.0	0.0	0.0	0.0	0.09764639955169516	0.9023536004483048	9.764639955169516	90.23536004483049	routine
500.25	3	1.42810427185145	0.9541527815060542	1.376551486129195	2.5964698735144887	0.38513830266262084	0.39702998038666293	0.6029700196133371	0.0	0.0	0.0	0.0	0.0	0.0	0.0	0.09925749509666573	0.9007425049033343	9.925749509666574	90.07425049033343	routine
500.5	2	1.3642370230867626	0.9862810886253303	1.4229028354823323	2.6812445971020633	0.37296112450196367	0.40011207621182404	0.599887923788176	0.0	0.0	0.0	0.0	0.0	0.0	0.0	0.10002801905295601	0.899971980947044	10.002801905295602	89.9971980947044	routine
500.75	2	1.3296270965909076	0.990453419942837	1.4289222371830448	2.692455008416662	0.37140824893043056	0.40151302885962453	0.5984869711403755	0.0	0.0	0.0	0.0	0.0	0.0	0.0	0.10037825721490613	0.8996217427850939	10.037825721490613	89.9621742785094	routine
501.0	2	1.3284278951163262	0.9615469861791451	1.3872190685423813	2.615739858495663	0.38230101389941334	0.397310170916223	0.602689829083777	0.0	0.0	0.0	0.0	0.0	0.0	0.0	0.09932754272905575	0.9006724572709442	9.932754272905575	90.06724572709443	routine
501.25	2	1.3569376763940406	0.9162983309978991	1.321939058105503	2.5000189978815435	0.39999696036205173	0.3919865508545811	0.6080134491454189	0.0	0.0	0.0	0.0	0.0	0.0	0.0	0.09799663771364528	0.9020033622863547	9.799663771364528	90.20033622863546	routine
501.5	3	1.4038077656884966	0.8717178125567443	1.25762296523019	2.3910146427214474	0.41823248679974717	0.386102549733819	0.6138974502661809	0.0	0.0	0.0	0.0	0.0	0.0	0.0	0.09652563743345476	0.9034743625665452	9.652563743345475	90.34743625665452	routine
501.75	2	1.456549795652697	0.845550479401209	1.21987148345341	2.329259671189089	0.42932096080532706	0.38217988231997757	0.6178201176800224	0.0	0.0	0.0	0.0	0.0	0.0	0.0	0.09554497057999439	0.9044550294200056	9.55449705799944	90.44550294200056	routine
502.0	2	1.5046563765916907	0.8436628211038738	1.2171481681889516	2.3248669721059154	0.4301321374505046	0.3818996917904175	0.6181003082095825	0.0	0.0	0.0	0.0	0.0	0.0	0.0	0.09547492294760437	0.9045250770523956	9.547492294760437	90.45250770523955	routine
502.25	2	1.5407231470999139	0.8563766947899034	1.2354904107062752	2.354613734723115	0.4246981087611776	0.383300644438218	0.616699355561782	0.0	0.0	0.0	0.0	0.0	0.0	0.0	0.0958251611095545	0.9041748388904455	9.58251611095545	90.41748388904455	routine
502.5	2	1.5621371210955	0.8747483587642652	1.2619951192149652	2.3982717139697436	0.41696693255192013	0.3863827402633791	0.613617259736621	0.0	0.0	0.0	0.0	0.0	0.0	0.0	0.09659568506584477	0.9034043149341552	9.659568506584478	90.34043149341552	routine
502.75	2	1.5706642057668267	0.8992489268908617	1.2973419673501683	2.4577564629717132	0.4068751379829081	0.38890445502942	0.6110955449705799	0.0	0.0	0.0	0.0	0.0	0.0	0.0	0.097226113757355	0.902773886242645	9.7226113757355	90.2773886242645	routine
503.0	2	1.569122795917279	0.928594505221773	1.3396786876801925	2.530949440385387	0.3951086434376699	0.39506864667974223	0.6049313533202578	0.0	0.0	0.0	0.0	0.0	0.0	0.0	0.09876716166993556	0.9012328383300644	9.876716166993555	90.12328383300644	routine
503.25	3	1.564051125017503	0.9710620381224409	1.400946386794775	2.6407475451633906	0.3786806511783114	0.3978705519753432	0.6021294480246568	0.0	0.0	0.0	0.0	0.0	0.0	0.0	0.0994676379938358	0.9005323620061642	9.94676379938358	90.05323620061641	routine
503.5	3	1.5635961728462722	1.0255621039415277	1.4795733614800937	2.7886625382986727	0.35859484117073814	0.4068366489212665	0.5931633510787335	0.0	0.0	0.0	0.0	0.0	0.0	0.0	0.10170916223031662	0.8982908377696834	10.170916223031663	89.82908377696835	routine
503.75	2	1.578130132385983	1.0840457512494286	1.5639474294243014	2.9566171239807346	0.33822438214577427	0.4160829363967498	0.5839170636032502	0.0	0.0	0.0	0.0	0.0	0.0	0.0	0.10402073409918745	0.8959792659008126	10.402073409918746	89.59792659008126	routine
504.0	3	1.6183603998478444	1.1355784616047473	1.638293415097487	3.112973757972853	0.3212362447447013	0.4258896049313533	0.5741103950686467	0.0	0.0	0.0	0.0	0.0	0.0	0.0	0.10647240123283833	0.8935275987671617	10.647240123283833	89.35275987671616	routine
504.25	3	1.6891074015557355	1.1626962142556052	1.6774160623669334	3.1985456248410418	0.3126420934044663	0.43009246287475483	0.5699075371252451	0.0	0.0	0.0	0.0	0.0	0.0	0.0	0.10752311571868871	0.8924768842813113	10.752311571868871	89.24768842813113	routine
504.5	3	1.7890956627415326	1.16648587138412	1.6828833819129112	3.210690013068509	0.31145952923816633	0.43065284393387504	0.569347156066125	0.0	0.0	0.0	0.0	0.0	0.0	0.0	0.10766321098346876	0.8923367890165312	10.766321098346875	89.23367890165312	routine
504.75	3	1.9072101479349253	1.1539680171098299	1.6648239356288221	3.170749569235974	0.31538283871499845	0.42813112916783413	0.5718688708321659	0.0	0.0	0.0	0.0	0.0	0.0	0.0	0.10703278229195853	0.8929672177080414	10.703278229195853	89.29672177080414	routine
505.0	3	2.0277613419793363	1.1441376486937942	1.650641711864896	3.13973263653253	0.31849845695918355	0.42673017652003364	0.5732698234799664	0.0	0.0	0.0	0.0	0.0	0.0	0.0	0.10668254413000841	0.8933174558699916	10.668254413000842	89.33174558699916	routine
505.25	4	2.132912590222995	1.147878988569492	1.6560393243498452	3.1515014452733916	0.31730907231529143	0.4275707481087139	0.5724292518912861	0.0	0.0	0.0	0.0	0.0	0.0	0.0	0.10689268702717848	0.8931073129728215	10.689268702717849	89.31073129728216	routine
505.5	3	2.2094649913307283	1.1702294572673382	1.688284234701772	3.2227320329811917	0.3102957334851539	0.4314934155225553	0.5685065844774446	0.0	0.0	0.0	0.0	0.0	0.0	0.0	0.10787335388063883	0.8921266461193612	10.787335388063884	89.21266461193612	routine
505.75	3	2.252693313463666	1.2100520266216004	1.7457360580246228	3.3536591275647183	0.29818176563643684	0.43765760717287755	0.5623423928271225	0.0	0.0	0.0	0.0	0.0	0.0	0.0	0.10941440179321939	0.8905855982067806	10.941440179321939	89.05855982067806	routine
506.0	3	2.2687285444624012	1.2662493631035123	1.8268116766782456	3.5475221118189366	0.28188689696066915	0.4438217988231998	0.5561782011768002	0.0	0.0	0.0	0.0	0.0	0.0	0.0	0.11095544970579994	0.8890445502942	11.095544970579994	88.90445502942	routine
506.25	3	2.2706711841700615	1.331793203248987	1.921371449816941	3.7878296496110218	0.2640034247851383	0.455589801064724	0.544410198935276	0.0	0.0	0.0	0.0	0.0	0.0	0.0	0.113897450266181	0.886102549733819	11.389745026618101	88.6102549733819	routine
506.5	4	2.27572848104269	1.3980530407566107	2.016964188799298	4.0473123387222785	0.24707754586484332	0.46875875595404876	0.5312412440459513	0.0	0.0	0.0	0.0	0.0	0.0	0.0	0.11718968898851219	0.8828103110114878	11.71896889885122	88.28103110114878	routine
506.75	4	2.3020401691387207	1.4598972254324585	2.106186487338965	4.305517007957139	0.23226014393901448	0.4827682824320538	0.5172317175679462	0.0	0.0	0.0	0.0	0.0	0.0	0.0	0.12069207060801344	0.8793079293919865	12.069207060801345	87.93079293919865	routine
507.0	5	2.3641250610272837	1.5123533490195014	2.1818646767022503	4.537396316716581	0.2203907109272824	0.48921266461193613	0.5107873353880639	0.0	0.0	0.0	0.0	0.0	0.0	0.0	0.12230316615298403	0.8776968338470159	12.230316615298403	87.7696833847016	routine
507.25	5	2.4704417060113273	1.5517381688791105	2.2386849610000135	4.719666634782422	0.21187937144338168	0.49621742785093864	0.5037825721490614	0.0	0.0	0.0	0.0	0.0	0.0	0.0	0.12405435696273466	0.8759456430372653	12.405435696273466	87.59456430372653	routine
507.5	5	2.62178967511835	1.576946268875688	2.275052561855309	4.8401526954408105	0.206605052138531	0.5023816195012608	0.4976183804987392	0.0	0.0	0.0	0.0	0.0	0.0	0.0	0.1255954048753152	0.8744045951246848	12.559540487531521	87.44045951246848	routine
507.75	5	2.809616049848565	1.5882352757099127	2.2913391560316065	4.895102794745141	0.2042858019393368	0.5065844774446624	0.4934155225553376	0.0	0.0	0.0	0.0	0.0	0.0	0.0	0.1266461193611656	0.8733538806388343	12.66461193611656	87.33538806388343	routine
508.0	4	3.0161751966491317	1.5881577066139396	2.29122724748152	4.894723100773106	0.20430164881891952	0.5063042869151023	0.4936957130848977	0.0	0.0	0.0	0.0	0.0	0.0	0.0	0.12657607172877558	0.8734239282712244	12.657607172877558	87.34239282712244	routine
508.25	5	3.2164516452133287	1.5812561043013367	2.28127034005094	4.861057973788711	0.20571653442359578	0.5040627626786215	0.4959372373213785	0.0	0.0	0.0	0.0	0.0	0.0	0.0	0.12601569066965537	0.8739843093303447	12.601569066965537	87.39843093303446	routine
508.5	5	3.3819158258488935	1.5720614310926915	2.2680052306102327	4.816566987756121	0.20761675328964269	0.5015410479125806	0.4984589520874194	0.0	0.0	0.0	0.0	0.0	0.0	0.0	0.12538526197814515	0.8746147380218549	12.538526197814514	87.46147380218548	routine
508.75	5	3.4861892942858574	1.5638980434530931	2.25622795174573	4.777407538692368	0.20931854607357017	0.49985990473521996	0.5001400952647801	0.0	0.0	0.0	0.0	0.0	0.0	0.0	0.12496497618380499	0.875035023816195	12.496497618380499	87.5035023816195	routine
509.0	5	3.5109429783831216	1.5582556253356377	2.248087663109055	4.750527313890468	0.21050294713094597	0.49789857102829926	0.5021014289717007	0.0	0.0	0.0	0.0	0.0	0.0	0.0	0.12447464275707482	0.8755253572429251	12.447464275707482	87.55253572429251	routine
509.25	4	3.449978820323165	1.5542518171575392	2.2423113889058417	4.731545139630876	0.21134745003785663	0.49677780891005885	0.5032221910899412	0.0	0.0	0.0	0.0	0.0	0.0	0.0	0.12419445222751471	0.8758055477724853	12.419445222751472	87.58055477724854	routine
509.5	5	3.310918875956905	1.5503685960042108	2.23670908500526	4.7132071317706	0.2121697544882421	0.4959372373213785	0.5040627626786215	0.0	0.0	0.0	0.0	0.0	0.0	0.0	0.12398430933034463	0.8760156906696553	12.398430933034463	87.60156906696554	routine
509.75	5	3.1115551280202594	1.5412529031613647	2.2235579201466185	4.670438213573002	0.21411267086112998	0.494536284673578	0.505463715326422	0.0	0.0	0.0	0.0	0.0	0.0	0.0	0.1236340711683945	0.8763659288316055	12.36340711683945	87.63659288316055	routine
510.0	5	2.8759632944906444	1.5211538852857536	2.194561166730736	4.577504063536555	0.2184596640701626	0.49033342673017655	0.5096665732698235	0.0	0.0	0.0	0.0	0.0	0.0	0.0	0.12258335668254414	0.8774166433174558	12.258335668254414	87.74166433174558	routine
510.25	5	2.628156813737708	1.4845237536407647	2.1417150574594004	4.412863302175585	0.22661023728221769	0.4852899971980947	0.5147100028019054	0.0	0.0	0.0	0.0	0.0	0.0	0.0	0.12132249929952367	0.8786775007004763	12.132249929952367	87.86775007004763	routine
510.5	4	2.385402146530767	1.4234081636854232	2.053543898909826	4.151244478744049	0.24089161819314195	0.47408237601569064	0.5259176239843093	0.0	0.0	0.0	0.0	0.0	0.0	0.0	0.11852059400392266	0.8814794059960773	11.852059400392266	88.14794059960774	routine
510.75	4	2.158126553564309	1.3388424806290233	1.9315414073349702	3.814625446018206	0.2621489354987193	0.4575511347716447	0.5424488652283552	0.0	0.0	0.0	0.0	0.0	0.0	0.0	0.11438778369291118	0.8856122163070889	11.438778369291118	88.56122163070889	routine
511.0	3	1.9493161238286647	1.240454460223898	1.7895974982136136	3.457184260536641	0.2892527342019008	0.4404595124684786	0.5595404875315214	0.0	0.0	0.0	0.0	0.0	0.0	0.0	0.11011487811711965	0.8898851218828804	11.011487811711964	88.98851218828804	routine
511.25	2	1.7589915760888193	1.150162975531075	1.659334421012776	3.1587076598011583	0.31658516953827576	0.427850938638274	0.5721490613617259	0.0	0.0	0.0	0.0	0.0	0.0	0.0	0.1069627346595685	0.8930372653404315	10.69627346595685	89.30372653404315	routine
511.5	2	1.5890624680651126	1.0979294946892098	1.5839774372338484	2.997952317215592	0.3335610090452572	0.4202857943401513	0.5797142056598488	0.0	0.0	0.0	0.0	0.0	0.0	0.0	0.10507144858503782	0.8949285514149622	10.507144858503782	89.49285514149622	routine
511.75	2	1.4471117687484718	1.1084704713714233	1.599184852019404	3.0297208039698376	0.33006341663221966	0.422247128047072	0.577752871952928	0.0	0.0	0.0	0.0	0.0	0.0	0.0	0.105561782011768	0.894438217988232	10.556178201176799	89.4438217988232	routine
512.0	3	1.3491333405490658	1.190172808112743	1.7170564080651463	3.287649290766294	0.30416869670636837	0.43429532081815636	0.5657046791818436	0.0	0.0	0.0	0.0	0.0	0.0	0.0	0.10857383020453909	0.8914261697954609	10.85738302045391	89.14261697954609	routine
512.25	3	1.3179888232725154	1.3214311364884093	1.9064221474880951	3.748782559562115	0.2667532683242122	0.4525077052395629	0.547492294760437	0.0	0.0	0.0	0.0	0.0	0.0	0.0	0.11312692630989073	0.8868730736901093	11.312692630989073	88.68730736901092	routine
512.5	3	1.3756289769710195	1.442199336881077	2.0806538312916816	4.229988764385748	0.23640724732402774	0.47828523395909217	0.5217147660409078	0.0	0.0	0.0	0.0	0.0	0.0	0.0	0.11957130848977304	0.880428691510227	11.957130848977304	88.0428691510227	routine
512.75	3	1.540676126481908	1.5235500068593937	2.1980180394423936	4.588485470916133	0.21793683478752324	0.49117399831885683	0.5088260016811432	0.0	0.0	0.0	0.0	0.0	0.0	0.0	0.12279349957971421	0.8772065004202858	12.279349957971421	87.72065004202858	routine
513.0	3	1.8179896580578954	1.568604751561086	2.263018296192043	4.799946401806004	0.20833565966981318	0.5004202857943402	0.49957971420565983	0.0	0.0	0.0	0.0	0.0	0.0	0.0	0.12510507144858504	0.8748949285514149	12.510507144858504	87.48949285514149	routine
513.25	4	2.2016082034160713	1.6147871576501727	2.329645424433089	5.026817889866722	0.19893300730385388	0.5102269543289437	0.4897730456710563	0.0	0.0	0.0	0.0	0.0	0.0	0.0	0.12755673858223593	0.8724432614177641	12.755673858223593	87.24432614177641	routine
513.5	4	2.6752211974182343	1.6852668818680205	2.4313261730453997	5.393890271785798	0.18539494680319518	0.5186326702157467	0.48136732978425334	0.0	0.0	0.0	0.0	0.0	0.0	0.0	0.12965816755393667	0.8703418324460633	12.965816755393666	87.03418324460634	routine
513.75	5	3.2166058267896993	1.7798825971117074	2.567827796217629	5.929160277185749	0.16865794703641337	0.530400672457271	0.46959932754272904	0.0	0.0	0.0	0.0	0.0	0.0	0.0	0.13260016811431774	0.8673998318856823	13.260016811431774	86.73998318856823	routine
514.0	6	3.8027992098415444	1.8856032994171097	2.7203505291529315	6.59032918467022	0.15173748867144637	0.5435696273465956	0.45643037265340436	0.0	0.0	0.0	0.0	0.0	0.0	0.0	0.1358924068366489	0.8641075931633511	13.58924068366489	86.4107593163351	routine
514.25	8	4.414481617258087	1.9907639835594344	2.872065326661554	7.321124845308257	0.13659103227024602	0.5601008685906417	0.4398991314093583	0.0	0.0	0.0	0.0	0.0	0.0	0.0	0.14002521714766042	0.8599747828523396	14.002521714766042	85.99747828523397	routine
514.5	8	5.029384034158435	2.0804401521710325	3.001440690403429	8.00799287414934	0.12487523599429107	0.5746707761277668	0.42532922387223315	0.0	0.0	0.0	0.0	0.0	0.0	0.0	0.1436676940319417	0.8563323059680583	14.366769403194171	85.63323059680583	routine
514.75	9	5.621455446195405	2.1480337819825635	3.098957684928209	8.56799527763771	0.1167134163355551	0.5839170636032502	0.41608293639674976	0.0	0.0	0.0	0.0	0.0	0.0	0.0	0.14597926590081256	0.8540207340991874	14.597926590081256	85.40207340991874	routine
515.0	9	6.1583172841854985	2.1954633053620425	3.167384023099511	8.984162503395961	0.11130698043607358	0.5906416363126926	0.4093583636873074	0.0	0.0	0.0005323017470999464	0.0005323017470999464	0.0	0.0	0.007684426229508197	0.1495815156355502	0.8504184843644498	14.958151563555019	85.04184843644498	routine
515.25	9	6.6018437266704755	2.2292821830699268	3.2161743502571056	9.293192873520963	0.1076056435726513	0.5940039226674139	0.40599607733258614	0.0	0.0	0.001361953666417895	0.001361953666417895	0.0	0.0	0.02612704918032787	0.15503274296193542	0.8449672570380646	15.503274296193542	84.49672570380646	routine
515.5	9	6.9159689457909375	2.2581794032380724	3.257864226489166	9.565658097946539	0.1045406379530406	0.5976463995516952	0.4023536004483048	0.0	0.0	0.0032735830971173403	0.0032735830971173403	0.0	0.0	0.04610655737704918	0.1609382392321861	0.8390617607678139	16.093823923218608	83.90617607678139	routine
515.75	10	7.08106330366375	2.2925847974505587	3.30750071809935	9.900495411464311	0.10100504655979606	0.6038105912020174	0.3961894087979826	0.0	0.0	0.007391643300496847	0.007391643300496847	0.0	0.0	0.06659836065573771	0.1676022379644388	0.8323977620355612	16.760223796443878	83.23977620355612	routine
516.0	9	7.10383650977861	2.339798556663798	3.375615774378016	10.379145542422872	0.09634704474589759	0.6133370692070608	0.38666293079293923	0.0	0.0	0.01567888689205459	0.01567888689205459	0.0	0.0	0.08657786885245902	0.17497873451487994	0.8250212654851201	17.497873451487994	82.50212654851201	routine
516.25	11	7.021207005777393	2.4001198557464023	3.4626410134244687	11.024497650853759	0.09070708087298272	0.6242644998599047	0.37573550014009527	0.0	0.0	0.031242519401617673	0.031242519401617673	0.0	0.0	0.10706967213114754	0.18283354299776305	0.817166457002237	18.283354299776306	81.7166457002237	routine
516.5	12	6.896532960029058	2.466845158516785	3.558905276833115	11.785207678616487	0.08485213220420686	0.6315494536284674	0.36845054637153263	0.0	0.0	0.05848351463314214	0.05848351463314214	0.0	0.0	0.12653688524590165	0.18952158471859226	0.8104784152814077	18.952158471859228	81.04784152814078	routine
516.75	12	6.802016874740507	2.5249440889735184	3.6427243156839966	12.490196904354118	0.08006278905430203	0.6365928831605492	0.3634071168394508	0.0	0.0	0.10324276932428877	0.10324276932428877	0.0	0.0	0.14959016393442623	0.19654576177374386	0.8034542382262562	19.654576177374388	80.34542382262562	routine
517.0	13	6.796128053535154	2.5562330505291517	3.6878647453548745	12.887180409248273	0.07759649265733616	0.6385542168674698	0.3614457831325302	0.0	0.0	0.17093413928228104	0.17093413928228104	0.0	0.0	0.1726434426229508	0.20279941487260517	0.7972005851273949	20.279941487260515	79.72005851273948	routine
517.25	13	6.905422630183247	2.5516952291602664	3.6813180529695435	12.82883317139684	0.07794941181631386	0.6379938358083497	0.3620061641916503	0.0	0.0	0.2662009312503	0.2662009312503	0.0	0.0	0.20030737704918034	0.2095753032143825	0.7904246967856174	20.95753032143825	79.04246967856174	routine
517.5	13	7.11450832517485	2.5169809324478387	3.631235909254576	12.391130475605806	0.08070288679218429	0.6360325021014289	0.3639674978985711	0.0	0.0	0.3902258428106884	0.3902258428106884	0.0	0.0	0.2305327868852459	0.2166413222466687	0.7833586777533312	21.664132224666872	78.33586777533313	routine
517.75	12	7.370532166028181	2.4679090048310455	3.5604400826349663	11.797751999799996	0.084761910575587	0.6318296441580274	0.36817035584197255	0.0	0.0	0.5390565610128821	0.5390565610128821	0.0	0.0	0.26434426229508196	0.22404347661327734	0.7759565233867227	22.404347661327733	77.59565233867227	routine
518.0	12	7.600613902414713	2.42112383314717	3.4929433474595006	11.258504888774926	0.08882174053119883	0.627906976744186	0.37209302325581395	0.0	0.0	0.7029247345893532	0.7029247345893532	0.0	0.0	0.3012295081967213	0.23228412123522685	0.7677158787647731	23.228412123522684	76.77158787647731	routine
518.25	10	7.731064749375034	2.384414172234789	3.439982501708493	10.852702987526921	0.09214294366567538	0.6225833566825442	0.37741664331745584	0.0	0.0	0.8674809044856915	0.8674809044856915	0.0	0.0	0.3411885245901639	0.24094297031817702	0.759057029681823	24.094297031817703	75.9057029681823	routine
518.5	10	7.709090053005793	2.3589711128460578	3.4032759261033267	10.580060162451323	0.09451742094520446	0.6186606892687028	0.38133931073129723	0.0	0.0	1.0170219957924291	1.0170219957924291	0.0	0.0	0.3944672131147541	0.2532819755958642	0.7467180244041358	25.328197559586417	74.67180244041359	routine
518.75	10	7.5131820623299985	2.341401663319778	3.3779285684006144	10.395797763802497	0.09619271389464078	0.6144578313253012	0.3855421686746988	0.0	0.0	1.1387612291062266	1.1387612291062266	0.0	0.0	0.41239754098360654	0.25671384307722694	0.7432861569227731	25.671384307722693	74.32861569227731	routine
519.0	10	7.154943438767211	2.3275120272372254	3.3578900593045633	10.25240207835978	0.09753811763886498	0.6105351639114598	0.3894648360885402	0.0	0.0	1.2263834619240008	1.2263834619240008	0.0	0.0	0.42520491803278687	0.25893502048606165	0.7410649795139383	25.893502048606166	74.10649795139383	routine
519.25	10	6.672469919983398	2.3140788347705414	3.3385100591495713	10.115600486209173	0.0988572058933449	0.6074530680862987	0.39254693191370127	0.0	0.0	1.2811289026294745	1.2811289026294745	0.0	0.0	0.43186475409836067	0.2598294555461649	0.7401705444538351	25.98294555461649	74.01705444538351	routine
519.5	10	6.120720283185445	2.300150725806858	3.318416045418704	9.975685934816743	0.10024373326648543	0.605491734379378	0.394508265620622	0.0	0.0	1.3096660177291997	1.3096660177291997	0.0	0.0	0.4344262295081967	0.25997949097189366	0.7400205090281063	25.997949097189366	74.00205090281064	routine
519.75	9	5.56000579516906	2.284893513580614	3.296404541002111	9.824639977579865	0.10178490023879054	0.6012888764359765	0.3987111235640235	0.0	0.0	1.319630648742379	1.319630648742379	0.0	0.0	0.4359631147540984	0.2593129977975187	0.7406870022024813	25.93129977975187	74.06870022024813	routine
520.0	11	5.047271760859092	2.2663558153063956	3.2696602956324003	9.644191483400114	0.10368935557959746	0.5990473521994957	0.4009526478005043	0.0	0.0	1.3150285931832124	1.3150285931832124	0.0	0.0	0.4354508196721312	0.2586245429679067	0.7413754570320933	25.86245429679067	74.13754570320933	routine
520.25	9	4.625824431105411	2.2361067500778904	3.2260201192357094	9.35683179805978	0.10687378180800029	0.5954048753152144	0.40459512468478565	0.0	0.0	1.2938893158375435	1.2938893158375435	0.0	0.0	0.4334016393442623	0.2572016286648692	0.7427983713351308	25.720162866486916	74.27983713351308	routine
520.5	8	4.32166029595079	2.1857751022929306	3.1534069005765777	8.897542386818644	0.1123905856836895	0.5895208741944522	0.4104791258055478	0.0	0.0	1.2494164914785604	1.2494164914785604	0.0	0.0	0.4287909836065574	0.2545779644502524	0.7454220355497476	25.457796445025238	74.54220355497476	routine
520.75	8	4.135273290370521	2.1068200992865314	3.0394989092858724	8.222054354266428	0.12162410474471012	0.5783132530120482	0.42168674698795183	0.0	0.0	1.1740226455193543	1.1740226455193543	0.0	0.0	0.4180327868852459	0.24908650997432352	0.7509134900256764	24.908650997432353	75.09134900256764	routine
521.0	7	4.044343609270918	2.0037187091090933	2.8907550449681243	7.416585003422998	0.13483294528930323	0.5626225833566826	0.4373774166433174	0.0	0.0	1.064130577048994	1.064130577048994	0.0	0.0	0.40010245901639346	0.240681260593269	0.759318739406731	24.0681260593269	75.9318739406731	routine
521.25	6	4.00637532606644	1.889935577831025	2.7266006857364373	6.618942260691009	0.1510815415234641	0.5455309610535164	0.4544690389464836	0.0	0.0	0.9233184687626694	0.9233184687626694	0.0	0.0	0.35399590163934425	0.22488171567321516	0.7751182843267849	22.488171567321515	77.51182843267848	routine
521.5	5	3.96977205405041	1.7825782523163798	2.5717168046133567	5.945164810606702	0.1682039155947218	0.5312412440459513	0.4687587559540487	0.0	0.0	0.7623756261578052	0.7623756261578052	0.0	0.0	0.3140368852459016	0.21131953232296324	0.7886804676770367	21.131953232296325	78.86804676770367	routine
521.75	5	3.88669655748341	1.6937964500995135	2.443631738833899	5.440094598242736	0.1838203328896194	0.5197534323339871	0.4802465676660129	0.0	0.0	0.5964596557625401	0.5964596557625401	0.0	0.0	0.2797131147540984	0.19986663677202138	0.8001333632279786	19.986663677202138	80.01333632279785	routine
522.0	5	3.7267305910671364	1.6301619179069073	2.351826514810337	5.104701194157064	0.1958978521886097	0.5133090501541048	0.4866909498458952	0.0	0.0	0.44085802956394826	0.44085802956394826	0.0	0.0	0.24487704918032788	0.18954652483360818	0.8104534751663919	18.954652483360817	81.04534751663918	routine
522.25	5	3.4819560493837822	1.5873744302304913	2.2900972185274737	4.890890680882688	0.20446173616367236	0.5060240963855421	0.49397590361445787	0.0	0.0	0.30722657309455803	0.30722657309455803	0.0	0.0	0.21004098360655737	0.1790162699980249	0.8209837300019751	17.901626999802488	82.09837300019751	routine
522.5	5	3.1702170977066446	1.5606293787010337	2.2515122653176056	4.761817288595641	0.2100038576437948	0.49817876155785934	0.5018212384421407	0.0	0.0	0.20160177332428417	0.20160177332428417	0.0	0.0	0.18186475409836064	0.170010878914055	0.829989121085945	17.0010878914055	82.9989121085945	routine
522.75	4	2.822088338895588	1.5332368386066466	2.211993183566081	4.63314933406017	0.21583590942096173	0.49285514149621745	0.5071448585037825	0.0	0.0	0.12446236555849462	0.12446236555849462	0.0	0.0	0.15778688524590165	0.16266050668552978	0.8373394933144702	16.266050668552978	83.73394933144702	routine
523.0	4	2.4719647002943947	1.4871079783858017	2.145443305683608	4.4242818804491515	0.22602538152439788	0.4855701877276548	0.5144298122723452	0.0	0.0	0.07204409573687177	0.07204409573687177	0.0	0.0	0.13422131147540983	0.15494787480076616	0.8450521251992338	15.494787480076615	84.50521251992338	routine
523.25	4	2.1470286575700652	1.409604186686242	2.033628969748562	4.094334491200296	0.2442399374426391	0.47072008966096945	0.5292799103390305	0.0	0.0	0.039354453392336494	0.039354453392336494	0.0	0.0	0.11270491803278689	0.1458562519234391	0.8541437480765609	14.58562519234391	85.41437480765609	routine
523.5	4	1.8599059714475783	1.2961785914882415	1.8699904260465277	3.655301543675404	0.273575240797918	0.4474642757074811	0.5525357242925188	0.0	0.0	0.02019509821521897	0.02019509821521897	0.0	0.0	0.09272540983606557	0.13504742138588666	0.8649525786141133	13.504742138588666	86.49525786141133	routine
523.75	4	1.6140568487659528	1.1709469209251666	1.6893193159629392	3.225045055749443	0.3100731874171035	0.43177360605211546	0.5682263939478845	0.0	0.0	0.009735419037742799	0.009735419037742799	0.0	0.0	0.07325819672131148	0.12625795069335674	0.8737420493066432	12.625795069335673	87.37420493066432	routine
524.0	2	1.4071900449864212	1.0708719031046972	1.544941584036473	2.9179225368941846	0.34270957756966114	0.4132810311011488	0.5867189688988512	0.0	0.0	0.004408795188971468	0.004408795188971468	0.0	0.0	0.053790983606557374	0.11676800367692654	0.8832319963230735	11.676800367692653	88.32319963230735	routine
524.25	1	1.2423776451506292	1.0474948007156912	1.5112155543495007	2.850501092386469	0.35081551193611005	0.41019893527598766	0.5898010647240124	0.0	0.0	0.001875606778661407	0.001875606778661407	0.0	0.0	0.033299180327868855	0.11087452890096414	0.8891254710990358	11.087452890096413	88.91254710990358	routine
524.5	2	1.129368036822862	1.120862598114915	1.617062911818307	3.067499081320653	0.3259984676407691	0.4239282712244326	0.5760717287755674	0.0	0.0	0.0007495839140694761	0.0007495839140694761	0.0	0.0	0.01485655737704918	0.10969620715037044	0.8903037928496296	10.969620715037044	89.03037928496296	routine
524.75	2	1.0868010631954759	1.261995394253495	1.8206744969142294	3.532463116218882	0.28308858920808533	0.44270103670495936	0.5572989632950407	0.0	0.0	0.0	0.0	0.0	0.0	0.0	0.11067525917623984	0.8893247408237601	11.067525917623984	88.93247408237602	routine
525.0	3	1.1371236669233709	1.395616430292397	2.0134489029659988	4.037462619962912	0.24768031165306145	0.46763799383580834	0.5323620061641916	0.0	0.0	0.0	0.0	0.0	0.0	0.0	0.11690949845895209	0.883090501541048	11.690949845895208	88.3090501541048	routine
525.25	4	1.295138997884977	1.4477074461948096	2.0886003532832778	4.253352290253736	0.23510866999929236	0.48024656766601287	0.5197534323339872	0.0	0.0	0.0	0.0	0.0	0.0	0.0	0.12006164191650322	0.8799383580834967	12.006164191650322	87.99383580834967	routine
525.5	4	1.5630619078896062	1.4304940809926805	2.0637667166691553	4.1807643178958385	0.23919071345865675	0.4754833286634912	0.5245166713365088	0.0	0.0	0.0	0.0	0.0	0.0	0.0	0.1188708321658728	0.8811291678341272	11.88708321658728	88.11291678341271	routine
525.75	4	1.923844728446381	1.3943118216236012	2.0115667505092265	4.032198745623611	0.2480036484028374	0.46735780330624827	0.5326421966937518	0.0	0.0	0.0	0.0	0.0	0.0	0.0	0.11683945082656207	0.8831605491734379	11.683945082656207	88.31605491734379	routine
526.0	3	2.340833885104806	1.3723545814751397	1.979889149035433	3.9446277167814423	0.25350934785195256	0.46231437377416645	0.5376856262258336	0.0	0.0	0.0	0.0	0.0	0.0	0.0	0.11557859344354161	0.8844214065564584	11.557859344354162	88.44214065564584	routine
526.25	4	2.764499691155037	1.3766556336759044	1.9860942557160808	3.9616303048022465	0.25242133239636483	0.4634351358924068	0.5365648641075932	0.0	0.0	0.0	0.0	0.0	0.0	0.0	0.1158587839731017	0.8841412160268983	11.58587839731017	88.41412160268983	routine
526.5	4	3.1413291803691576	1.404166326445302	2.0257837957459106	4.072130498277552	0.24557169776925972	0.46987951807228917	0.5301204819277108	0.0	0.0	0.0	0.0	0.0	0.0	0.0	0.11746987951807229	0.8825301204819277	11.74698795180723	88.25301204819277	routine
526.75	4	3.4251488266962147	1.4456999978529181	2.08570421751559	4.244822469702737	0.2355811125524007	0.4791258055477725	0.5208741944522275	0.0	0.0	0.0	0.0	0.0	0.0	0.0	0.11978145138694313	0.8802185486130569	11.978145138694313	88.0218548613057	routine
527.0	5	3.5886957695336443	1.4944719098569417	2.156067213098468	4.456982242868348	0.22436705948292882	0.4869711403754553	0.5130288596245447	0.0	0.0	0.0	0.0	0.0	0.0	0.0	0.12174278509386383	0.8782572149061362	12.174278509386383	87.82572149061362	routine
527.25	5	3.6276531902360745	1.544360893292877	2.228041802096483	4.68497647012676	0.21344824384420935	0.49481647520313815	0.5051835247968619	0.0	0.0	0.0	0.0	0.0	0.0	0.0	0.12370411880078454	0.8762958811992154	12.370411880078453	87.62958811992154	routine
527.5	5	3.556692029512143	1.5857457373972685	2.2877475114538517	4.882931405649347	0.2047950128570395	0.5051835247968619	0.4948164752031381	0.0	0.0	0.0	0.0	0.0	0.0	0.0	0.12629588119921548	0.8737041188007846	12.629588119921548	87.37041188007846	routine
527.75	5	3.4046573199012586	1.612226728928213	2.325951506613368	5.013963544301777	0.19944301372842463	0.5099467637993835	0.49005323620061647	0.0	0.0	0.0	0.0	0.0	0.0	0.0	0.12748669094984588	0.8725133090501541	12.748669094984589	87.25133090501541	routine
528.0	5	3.2041251047093375	1.6190199866056378	2.33575210577607	5.04814064613852	0.19809273752404882	0.5113477164471841	0.48865228355281587	0.0	0.0	0.0	0.0	0.0	0.0	0.0	0.12783692911179603	0.872163070888204	12.783692911179603	87.2163070888204	routine
528.25	5	2.9855721634014434	1.608940457013352	2.3212104184187856	4.997513341448426	0.20009951583444313	0.5093863827402634	0.4906136172597366	0.0	0.0	0.0	0.0	0.0	0.0	0.0	0.12734659568506584	0.8726534043149341	12.734659568506585	87.26534043149341	routine
528.5	5	2.772044787444454	1.5870054114962302	2.2895648370295603	4.889086183561354	0.20453720029773959	0.5057439058559821	0.49425609414401794	0.0	0.0	0.0	0.0	0.0	0.0	0.0	0.12643597646399551	0.8735640235360045	12.643597646399552	87.35640235360044	routine
528.75	5	2.5815533375480237	1.5633606333409045	2.255452632841952	4.774840801328111	0.20943106620891996	0.49929952367609975	0.5007004763239002	0.0	0.0	0.0	0.0	0.0	0.0	0.0	0.12482488091902494	0.8751751190809751	12.482488091902495	87.51751190809752	routine
529.0	4	2.427921645466171	1.5446253448225717	2.2284233250069296	4.686215583156316	0.21339180459266624	0.4950966657326982	0.5049033342673017	0.0	0.0	0.0	0.0	0.0	0.0	0.0	0.12377416643317456	0.8762258335668255	12.377416643317456	87.62258335668255	routine
529.25	4	2.322380811975581	1.5310862856575718	2.2088905914912815	4.6231962072953605	0.2163005754378344	0.4920145699075371	0.5079854300924629	0.0	0.0	0.0	0.0	0.0	0.0	0.0	0.12300364247688428	0.8769963575231157	12.300364247688428	87.69963575231156	routine
529.5	4	2.270745701875011	1.5118320598934594	2.1811126154652403	4.535031637750398	0.22050562815831862	0.488932474082376	0.511067525917624	0.0	0.0	0.0	0.0	0.0	0.0	0.0	0.122233118520594	0.877766881479406	12.2233118520594	87.77668814794059	routine
529.75	4	2.273435529600043	1.4818946925677197	2.1379221240871242	4.401276852462881	0.22720679328327567	0.4850098066685346	0.5149901933314653	0.0	0.0	0.0	0.0	0.0	0.0	0.0	0.12125245166713365	0.8787475483328664	12.125245166713364	87.87475483328664	routine
530.0	4	2.320833255062652	1.4406103312708027	2.078361380777794	4.223272625911752	0.23678319838140033	0.4774446623704119	0.5225553376295882	0.0	0.0	0.0	0.0	0.0	0.0	0.0	0.11936116559260297	0.880638834407397	11.936116559260297	88.0638834407397	routine
530.25	4	2.3971975190656334	1.402920058264055	2.023985810821208	4.067058692679087	0.24587793675071645	0.46959932754272904	0.530400672457271	0.0	0.0	0.0	0.0	0.0	0.0	0.0	0.11739983188568226	0.8826001681143177	11.739983188568226	88.26001681143177	routine
530.5	4	2.4818490567412756	1.380580714901032	1.9917569509346589	3.97721058245736	0.2514325000568966	0.46483608854020736	0.5351639114597926	0.0	0.0	0.0	0.0	0.0	0.0	0.0	0.11620902213505184	0.8837909778649482	11.620902213505184	88.37909778649482	routine
530.75	4	2.5596506172745905	1.3889430691656437	2.0038212779623708	4.010608875888123	0.2493386991715956	0.46623704118800785	0.5337629588119921	0.0	0.0	0.0	0.0	0.0	0.0	0.0	0.11655926029700196	0.8834407397029981	11.655926029700197	88.3440739702998	routine
531.0	3	2.621776062937323	1.425741498942053	2.056910190113297	4.160942033268306	0.2403301925392427	0.47464275707481085	0.5253572429251891	0.0	0.0	0.0	0.0	0.0	0.0	0.0	0.11866068926870271	0.8813393107312972	11.866068926870271	88.13393107312973	routine
531.25	4	2.6735653099406567	1.4890647394893135	2.148266315223849	4.432947618768594	0.2255835362831977	0.4864107593163351	0.5135892406836648	0.0	0.0	0.0	0.0	0.0	0.0	0.0	0.12160268982908377	0.8783973101709163	12.160268982908377	87.83973101709162	routine
531.5	4	2.7284449190072757	1.5654494550258655	2.2584661655281466	4.7848250163283215	0.20899405863066628	0.5001400952647801	0.4998599047352199	0.0	0.0	0.0007745506611606578	0.0007745506611606578	0.0	0.0	0.01639344262295082	0.12913338447193273	0.8708666155280673	12.913338447193274	87.08666155280673	routine
531.75	5	2.8046201127081942	1.6403167503630312	2.366476841235845	5.156802672687597	0.1939186087721338	0.5141496217427851	0.4858503782572149	0.0	0.0	0.0019338936100043902	0.0019338936100043902	0.0	0.0	0.03432377049180328	0.1371183480586471	0.8628816519413529	13.711834805864708	86.28816519413529	routine
532.0	5	2.9181343573858936	1.7023591530857038	2.4559851079686807	5.4868765165031474	0.18225305362572877	0.5208741944522275	0.4791258055477725	0.0	0.0	0.004535988268814578	0.004535988268814578	0.0	0.0	0.0548155737704918	0.14392244205567983	0.8560775579443202	14.392244205567984	85.60775579443202	routine
532.25	6	3.0786327594910907	1.7498631380437382	2.5245188714901006	5.753815143718817	0.17379772811986416	0.5267581955729896	0.47324180442701036	0.0	0.0	0.009994656250200308	0.009994656250200308	0.0	0.0	0.07479508196721311	0.15038831938505068	0.8496116806149493	15.038831938505067	84.96116806149493	routine
532.5	5	3.287154629608114	1.789294350314436	2.5814060858892764	5.985227501981226	0.16707802663624408	0.5323620061641916	0.4676379938358084	0.0	0.0	0.02068808995489506	0.02068808995489506	0.0	0.0	0.0942622950819672	0.1566560753115397	0.8433439246884603	15.665607531153968	84.33439246884603	routine
532.75	6	3.536050031691729	1.8271072739315128	2.6359586032731466	6.215879789106482	0.16087827209151156	0.5376856262258336	0.4623143737741664	0.0	0.0	0.04022810035323764	0.04022810035323764	0.0	0.0	0.11372950819672131	0.16285378360563874	0.8371462163943613	16.285378360563875	83.71462163943613	routine
533.0	6	3.812871911201455	1.8674385646813418	2.694144356430576	6.471698314267185	0.15451894563679672	0.5418884841692351	0.4581115158307649	0.0	0.0	0.07348441626945006	0.07348441626945006	0.0	0.0	0.13575819672131148	0.16941167022263665	0.8305883297773633	16.941167022263663	83.05883297773633	routine
533.25	6	4.104233166790805	1.9113088828709641	2.7574358469249645	6.761933587919725	0.1478866935023603	0.5477724852899972	0.4522275147100028	0.0	0.0	0.12610072031373046	0.12610072031373046	0.0	0.0	0.15829918032786885	0.1765179164044665	0.8234820835955334	17.65179164044665	82.34820835955334	routine
533.5	7	4.395582607703871	1.9530457159622119	2.817649369048118	7.050127600077866	0.14184140440081613	0.5533762958811992	0.4466237041188008	0.0	0.0	0.20328085605204035	0.20328085605204035	0.0	0.0	0.18288934426229508	0.18406641003587357	0.8159335899641265	18.406641003587357	81.59335899641265	routine
533.75	8	4.672181343506466	1.985917097629424	2.8650727483665737	7.285726044578202	0.13725468043698502	0.5592602970019613	0.44073970299803866	0.0	0.0	0.30784491862222746	0.30784491862222746	0.0	0.0	0.21055327868852458	0.19245339392262148	0.8075466060773785	19.24533939226215	80.75466060773785	routine
534.0	8	4.915519126089153	2.0026228443707654	2.8891740463446536	7.40846188117349	0.13498078495095145	0.5623423928271224	0.4376576071728776	0.0	0.0	0.4379495583698732	0.4379495583698732	0.0	0.0	0.24334016393442623	0.20142063919038716	0.7985793608096128	20.142063919038716	79.85793608096128	routine
534.25	7	5.10330969038028	2.0010294337644843	2.886875240764872	7.396666559326917	0.13519603621161452	0.5620622022975623	0.4379377977024377	0.0	0.0	0.5852922734537755	0.5852922734537755	0.0	0.0	0.2771516393442623	0.20980346041045617	0.7901965395895438	20.980346041045618	79.01965395895438	routine
534.5	7	5.208601053783267	1.9824452209979475	2.860063889167764	7.26047476261333	0.13773203994170496	0.558419725413281	0.441580274586719	0.0	0.0	0.7348151200399595	0.7348151200399595	0.0	0.0	0.3099385245901639	0.21708956250086123	0.7829104374991388	21.70895625008612	78.29104374991388	routine
534.75	7	5.206088321628267	1.9540969941614401	2.8191660428927396	7.057543142741811	0.14169236797771897	0.5539366769403195	0.44606332305968055	0.0	0.0	0.8666424782273935	0.8666424782273935	0.0	0.0	0.3401639344262295	0.22352515284163724	0.7764748471583628	22.352515284163722	77.64748471583628	routine
535.0	7	5.0776815100631305	1.9233916568412166	2.7748676050120302	6.844132096027105	0.14611056390633986	0.5497338189969179	0.45026618100308213	0.0	0.0	0.9601928216873021	0.9601928216873021	0.0	0.0	0.36577868852459017	0.228878126880377	0.771121873119623	22.8878126880377	77.1121873119623	routine
535.25	6	4.8232333430786065	1.898869531777446	2.7394896567904694	6.678340521611024	0.14973779740101795	0.5466517231717568	0.4533482768282432	0.0	0.0	0.9993866244298687	0.9993866244298687	0.0	0.0	0.38934426229508196	0.23399899636670968	0.7660010036332903	23.399899636670966	76.60010036332903	routine
535.5	7	4.465756681968834	1.8876399715668322	2.7232888259632526	6.6037652023151905	0.1514287636467471	0.5446903894648361	0.45530961053516394	0.0	0.0	0.9771589299675464	0.9771589299675464	0.0	0.0	0.3734631147540984	0.2295383760547336	0.7704616239452664	22.95383760547336	77.04616239452665	routine
535.75	7	4.048547167622956	1.8894500323783598	2.7259001917197514	6.615729243470951	0.15115491629088326	0.5452507705239563	0.4547492294760437	0.0	0.0	0.8975392977754999	0.8975392977754999	0.0	0.0	0.3457991803278688	0.2227624877129563	0.7772375122870437	22.276248771295627	77.72375122870437	routine
536.0	7	3.6265161496807865	1.8940519872853807	2.732539409242505	6.646244692632333	0.15046090630827147	0.5458111515830765	0.45418884841692353	0.0	0.0	0.7744588289625746	0.7744588289625746	0.0	0.0	0.3160860655737705	0.21547430428921174	0.7845256957107882	21.547430428921174	78.45256957107883	routine
536.25	6	3.2504730640817616	1.8777513408901778	2.709022547524861	6.538784820162438	0.15293361496106822	0.5427290557579154	0.4572709442420846	0.0	0.0	0.6277688937980753	0.6277688937980753	0.0	0.0	0.2858606557377049	0.20714742787390508	0.792852572126095	20.71474278739051	79.2852572126095	routine
536.5	6	2.953690647106557	1.8148323171361807	2.6182495839773945	6.140046510535734	0.1628652158064431	0.5365648641075932	0.4634351358924068	0.0	0.0	0.47803296293792075	0.47803296293792075	0.0	0.0	0.2505122950819672	0.1967692897973901	0.8032307102026099	19.67692897973901	80.323071020261	routine
536.75	5	2.740446208375288	1.6906008933963215	2.439021525025324	5.422738213908151	0.1844086807353555	0.519473241804427	0.480526758195573	0.0	0.0	0.3423079975535434	0.3423079975535434	0.0	0.0	0.2197745901639344	0.18481195799209035	0.8151880420079096	18.481195799209036	81.51880420079097	routine
537.0	5	2.5881060037616863	1.518434647681368	2.19063813612389	4.565073650635325	0.21905451620935604	0.4900532362006164	0.5099467637993835	0.0	0.0	0.23071688426508796	0.23071688426508796	0.0	0.0	0.1915983606557377	0.17041289921408853	0.8295871007859115	17.041289921408854	82.95871007859115	routine
537.25	4	2.45731613054741	1.3326377904169098	1.9225899315357016	3.7910301532892787	0.26378054501422316	0.45615018212384423	0.5438498178761557	0.0	0.0	0.14733940474078838	0.14733940474078838	0.0	0.0	0.16547131147540983	0.15540537339981353	0.8445946266001865	15.540537339981352	84.45946266001864	routine
537.5	3	2.308312088210506	1.1701778721500038	1.68820981310881	3.2225657922589432	0.31031174053983346	0.43121322499299525	0.5687867750070048	0.0	0.0	0.09183019964545595	0.09183019964545595	0.0	0.0	0.14395491803278687	0.14379203575644553	0.8562079642435545	14.379203575644553	85.62079642435545	routine
537.75	2	2.1133416473096744	1.049636092938455	1.514304786020376	2.8566113878359287	0.35006511710280824	0.41075931633510787	0.5892406836648921	0.0	0.0	0.061186789000666555	0.061186789000666555	0.0	0.0	0.12807377049180327	0.13470827170672778	0.8652917282932722	13.470827170672777	86.52917282932722	routine
538.0	2	1.869036498490508	0.9867687238613553	1.4236063444191083	2.6825523852798954	0.37277929985164515	0.4003922667413841	0.5996077332586158	0.0	0.0	0.053777116543945805	0.053777116543945805	0.0	0.0	0.12295081967213115	0.1308357716033788	0.8691642283966212	13.083577160337882	86.91642283966212	routine
538.25	2	1.5940511345208759	0.9916701082523074	1.4306775473734255	2.695732880619211	0.370956635647928	0.40179321938918466	0.5982067806108153	0.0	0.0	0.07002846398600182	0.07002846398600182	0.0	0.0	0.13268442622950818	0.1336194114046732	0.8663805885953269	13.361941140467321	86.63805885953269	routine
538.5	2	1.3256571808897144	1.0859661070053352	1.5667179171500907	2.9623003358405575	0.33757549425394384	0.41664331745586997	0.5833566825441301	0.0	0.0	0.11494128653489696	0.11494128653489696	0.0	0.0	0.15420081967213115	0.14271103428200027	0.8572889657179997	14.271103428200027	85.72889657179998	routine
538.75	3	1.1068799471096495	1.2744522775100324	1.8386459806133688	3.5767418115614737	0.2795840607693841	0.44410198935275985	0.5558980106472402	0.0	0.0	0.19844391642191211	0.19844391642191211	0.0	0.0	0.17981557377049182	0.1559793907808129	0.8440206092191871	15.597939078081291	84.4020609219187	routine
539.0	3	0.9812821623243347	1.5244745342433637	2.199351850514413	4.592729612995424	0.21773543932794034	0.4914541888484169	0.508545811151583	0.0	0.0	0.3344499652948047	0.3344499652948047	0.0	0.0	0.2182377049180328	0.17742297344161242	0.8225770265583876	17.742297344161244	82.25770265583876	routine
539.25	3	0.9825920547554258	1.7155687566090625	2.4750425374639398	5.559836807201938	0.17986139425974687	0.5228355281591482	0.47716447184085176	0.0	0.0	0.5391300865047379	0.5391300865047379	0.0	0.0	0.26485655737704916	0.19692302138404935	0.8030769786159506	19.692302138404933	80.30769786159506	routine
539.5	3	1.1353619569379856	1.7793204710344248	2.5670168197135794	5.925828278167062	0.1687527807183291	0.5301204819277109	0.4698795180722891	0.0	0.0	0.8274889072991637	0.8274889072991637	0.0	0.0	0.32838114754098363	0.21462540736717362	0.7853745926328264	21.46254073671736	78.53745926328264	routine
539.75	3	1.4511743064064964	1.772774306694945	2.5575727008841675	5.8871635234026645	0.16986108777593792	0.5284393387503502	0.4715606612496498	0.0	0.0	1.209469982253593	1.209469982253593	0.0	0.0	0.42264344262295084	0.23777069534332526	0.7622293046566747	23.777069534332526	76.22293046566747	routine
540.0	4	1.929320250279948	1.7756138612219416	2.5616693121185996	5.903904202023155	0.16937944210837957	0.5287195292799104	0.4712804707200896	0.0	0.0	1.6836196948269304	1.6836196948269304	0.0	0.0	0.4702868852459016	0.249751603631453	0.750248396368547	24.9751603631453	75.02483963685471	routine
540.25	6	2.5552595830010603	1.8099194095396571	2.611161756551544	6.109955008301748	0.16366732629639255	0.5354441019893528	0.46455589801064723	0.0	0.0	2.2334423815889326	2.2334423815889326	0.0	0.0	0.5097336065573771	0.2612944271366825	0.7387055728633175	26.12944271366825	73.87055728633175	routine
540.5	7	3.2984604335084606	1.8648873039055915	2.6904636651613862	6.455208368226097	0.15491366706645937	0.541608293639675	0.458391706360325	0.0	0.0	2.8244914758655084	2.8244914758655084	0.0	0.0	0.5563524590163934	0.2744901881640171	0.7255098118359828	27.44901881640171	72.55098118359828	routine
540.75	7	4.110960616669751	1.925819892796962	2.7783708089834924	6.860771457640696	0.14575620339113923	0.550014009526478	0.44998599047352195	0.0	0.0	3.405446618700322	3.405446618700322	0.0	0.0	0.5758196721311475	0.2814584204144064	0.7185415795855936	28.145842041440638	71.85415795855936	routine
541.0	7	4.928798696569317	1.9832827266647235	2.861272154439938	7.266557998387146	0.1376167368679856	0.5586999159428412	0.4413000840571588	0.0	0.0	3.913765891066157	3.913765891066157	0.0	0.0	0.5952868852459017	0.2884967002971857	0.7115032997028143	28.84967002971857	71.15032997028143	routine
541.25	7	5.678289639212015	2.033815023914135	2.934174849086391	7.643189760110483	0.13083542753562943	0.5673858223592042	0.4326141776407958	0.0	0.0	4.28568950490125	4.28568950490125	0.0	0.0	0.6055327868852459	0.29322965231111253	0.7067703476888875	29.322965231111255	70.67703476888875	routine
541.5	8	6.284400891805093	2.0749644049920244	2.9935408571031124	7.96426296598554	0.12556089675477644	0.5738302045390866	0.4261697954609134	0.0	0.0	4.468796440192287	4.468796440192287	0.0	0.0	0.6096311475409836	0.2958653380200176	0.7041346619799824	29.586533802001757	70.41346619799825	routine
541.75	9	6.686504413206166	2.1081592076538342	3.041430834286593	8.233071951280413	0.12146134588857556	0.5785934435416082	0.42140655645839176	0.0	0.0	4.4339284769695695	4.4339284769695695	0.0	0.0	0.6086065573770492	0.29680000022966435	0.7031999997703356	29.680000022966436	70.31999997703356	routine
542.0	9	6.847698100228874	2.133301518782863	3.07770352186893	8.442694563920204	0.1184455972472927	0.5811151583076491	0.41888484169235085	0.0	0.0	4.182815149351749	4.182815149351749	0.0	0.0	0.6019467213114754	0.29576546990478114	0.7042345300952189	29.576546990478114	70.4234530095219	routine
542.25	9	6.762835008422043	2.149352064797814	3.1008595650082604	8.579297766875179	0.11655965641628827	0.5841972541328103	0.4158027458671897	0.0	0.0	3.7486459069630937	3.7486459069630937	0.0	0.0	0.5876024590163934	0.29294992828730093	0.7070500717126991	29.294992828730095	70.70500717126991	routine
542.5	9	6.45843851363574	2.1544472545187214	3.108210369951002	8.623122469445695	0.11596727328682846	0.5853180162510507	0.41468198374894927	0.0	0.0	3.189011298483937	3.189011298483937	0.0	0.0	0.5691598360655737	0.2886194630791561	0.7113805369208439	28.86194630791561	71.13805369208438	routine
542.75	8	5.9847224988628085	2.145718857410222	3.09561795472766	8.548183954540326	0.1169839120587543	0.58363687307369	0.41636312692630995	0.0	0.0	2.573242644408131	2.573242644408131	0.0	0.0	0.5343237704918032	0.27949016089137335	0.7205098391086266	27.949016089137334	72.05098391086267	routine
543.0	8	5.403576729516042	2.1200887317533472	3.058641499545126	8.331876756922194	0.12002097836711177	0.580554777248529	0.419445222751471	0.0	0.0	1.968061289399369	1.968061289399369	0.0	0.0	0.4923155737704918	0.2682175877547552	0.7317824122452448	26.82175877547552	73.17824122452447	routine
543.25	9	4.776341776358306	2.0751999671245285	2.9938807014234974	7.96613926573754	0.1255313228455611	0.5741103950686467	0.4258896049313533	0.0	0.0	1.4257553470649191	1.4257553470649191	0.0	0.0	0.44825819672131145	0.2555921479474895	0.7444078520525105	25.559214794748954	74.44078520525105	routine
543.5	8	4.154759657830556	2.009843618889043	2.8995914219335504	7.462150316714147	0.1340096296050407	0.5643037265340431	0.43569627346595685	0.0	0.0	0.9777770610402945	0.9777770610402945	0.0	0.0	0.375	0.2348259316335108	0.7651740683664892	23.48259316335108	76.51740683664892	routine
543.75	7	3.5763354923408794	1.9233399370091062	2.774792989066729	6.843778127817824	0.1461181209155966	0.5494536284673578	0.4505463715326422	0.0	0.0	0.6344326172491743	0.6344326172491743	0.0	0.0	0.288422131147541	0.2094689399037247	0.7905310600962753	20.94689399037247	79.05310600962753	routine
544.0	6	3.0633325641951243	1.8141958119774322	2.617331301141368	6.136139582778562	0.16296891335499586	0.5362846735780331	0.4637153264219669	0.0	0.0	0.3892815825788505	0.3892815825788505	0.0	0.0	0.2300204918032787	0.19157629134532794	0.8084237086546721	19.157629134532794	80.8423708654672	routine
544.25	4	2.6238771090054698	1.6795949586989634	2.423143317617098	5.363383139423641	0.186449480487322	0.5180722891566265	0.4819277108433735	0.0	0.0	0.2257736187695471	0.2257736187695471	0.0	0.0	0.18954918032786885	0.17690536737112383	0.8230946326288762	17.69053673711238	82.30946326288762	routine
544.5	3	2.2541816028105637	1.5174076960856386	2.1891565581494983	4.560387947372212	0.21927959014456658	0.48977304567105634	0.5102269543289437	0.0	0.0	0.12371586705044442	0.12371586705044442	0.0	0.0	0.15625	0.16150576141776407	0.8384942385822359	16.15057614177641	83.84942385822359	routine
544.75	3	1.9414520887915934	1.3287767620787851	1.9170196450995574	3.776421099570694	0.2648009778659696	0.4550294200056038	0.5449705799943962	0.0	0.0	0.06370283230871387	0.06370283230871387	0.0	0.0	0.13012295081967212	0.14628809270631898	0.853711907293681	14.628809270631898	85.3711907293681	routine
545.0	3	1.6697441747500548	1.1268486154196007	1.6256989092984526	3.085916251659465	0.3240528641897672	0.425049033342673	0.5749509666573269	0.0	0.0	0.03116531030113597	0.03116531030113597	0.0	0.0	0.10655737704918032	0.13290160259796333	0.8670983974020366	13.290160259796332	86.70983974020366	routine
545.25	3	1.4223090440779727	0.9238340266003671	1.3328107687808324	2.518929542615481	0.3969940338075791	0.39366769403194174	0.6063323059680583	0.0	0.0	0.014383567702225954	0.014383567702225954	0.0	0.0	0.08350409836065574	0.11929294809814937	0.8807070519018506	11.929294809814937	88.07070519018507	routine
545.5	2	1.1880331848213743	0.7329435815990976	1.0574140704244135	2.081197775541966	0.48049253739932973	0.36817035584197255	0.6318296441580274	0.0	0.0	0.006052179173606016	0.006052179173606016	0.0	0.0	0.06147540983606557	0.10741144141950953	0.8925885585804905	10.741144141950954	89.25885585804905	routine
545.75	1	0.9636486077737461	0.5659598624924221	0.8165074869600171	1.7611374214365119	0.5678148609120617	0.34071168394508267	0.6592883160549173	0.0	0.0	0.002232460041941166	0.002232460041941166	0.0	0.0	0.036885245901639344	0.0943992324616805	0.9056007675383195	9.43992324616805	90.56007675383195	routine
546.0	1	0.7525702761220563	0.42879909473694244	0.6186263275146637	1.5354125309499715	0.6512907637801368	0.3264219669375175	0.6735780330624825	0.0	0.0	0.0007514486788220949	0.0007514486788220949	0.0	0.0	0.015368852459016393	0.08544770484913347	0.9145522951508666	8.544770484913347	91.45522951508666	routine
546.25	1	0.5612812974056254	0.31232627738124547	0.45059157151723367	1.366600511131324	0.7317427381701781	0.3163351078733539	0.6836648921266462	0.0	0.0	0.0	0.0	0.0	0.0	0.0	0.07908377696833847	0.9209162230316615	7.908377696833847	92.09162230316615	routine
546.5	1	0.3991561799832274	0.2413859324116715	0.348246287630677	1.2730122371995567	0.7855384031498831	0.3087699635752312	0.6912300364247688	0.0	0.0	0.0	0.0	0.0	0.0	0.0	0.0771924908938078	0.9228075091061922	7.71924908938078	92.28075091061922	routine
546.75	1	0.27016187132852404	0.21785421532815244	0.3142971960906819	1.243405784900937	0.8042426793757202	0.3068086298683105	0.6931913701316895	0.0	0.0	0.0	0.0	0.0	0.0	0.0	0.07670215746707762	0.9232978425329224	7.670215746707762	92.32978425329223	routine
547.0	1	0.17540924455346404	0.26744671216983623	0.38584404534948075	1.3066240008230712	0.7653311123705657	0.3112916783412721	0.688708321658728	0.0	0.0	0.0	0.0	0.0	0.0	0.0	0.07782291958531802	0.9221770804146819	7.782291958531802	92.2177080414682	routine
547.25	0	0.1141403852086761	0.49287694289232487	0.71107112127927	1.6370190621629308	0.6108664358976603	0.33342673017652	0.66657326982348	0.0	0.0	0.0	0.0	0.0	0.0	0.0	0.08335668254413	0.91664331745587	8.335668254413001	91.664331745587	routine
547.5	0	0.08355384276129289	0.8840053075523271	1.2753500733252652	2.420575465479381	0.41312490119036865	0.3869431213224993	0.6130568786775007	0.0	0.0	0.0	0.0	0.0	0.0	0.0	0.09673578033062483	0.9032642196693752	9.673578033062483	90.32642196693752	routine
547.75	0	0.08338825162728473	1.1462238169961165	1.653651416529116	3.146289484202514	0.31783470816051396	0.42729055757915385	0.5727094424208461	0.0	0.0	0.0	0.0	0.0	0.0	0.0	0.10682263939478846	0.8931773606052116	10.682263939478846	89.31773606052116	routine
548.0	0	0.11829694507436087	1.1576230155835965	1.670096983801382	3.182359858942641	0.3142322189584984	0.4295320818156346	0.5704679181843654	0.0	0.0	0.0	0.0	0.0	0.0	0.0	0.10738302045390866	0.8926169795460913	10.738302045390865	89.26169795460913	routine
548.25	0	0.1942550120861349	1.071520072028222	1.545876694128101	2.919814456679421	0.34248751584621473	0.41412160268982906	0.5858783973101709	0.0	0.0	0.0	0.0	0.0	0.0	0.0	0.10353040067245727	0.8964695993275428	10.353040067245727	89.64695993275427	routine
548.5	1	0.32475083755717443	1.0711201198818638	1.545299685149957	2.9186469041186442	0.34262452185937653	0.413841412160269	0.5861585878397311	0.0	0.0	0.0	0.0	0.0	0.0	0.0	0.10346035304006725	0.8965396469599327	10.346035304006724	89.65396469599327	routine
548.75	2	0.5237397317972645	1.1149094211660353	1.6084742929566238	3.0492919653626687	0.3279449824284257	0.4233678901653124	0.5766321098346876	0.0	0.0	0.0	0.0	0.0	0.0	0.0	0.1058419725413281	0.8941580274586719	10.58419725413281	89.4158027458672	routine
549.0	2	0.8048485227273798	1.183641640421336	1.707633924825539	3.2662470687661704	0.3061617749504025	0.43317455869991595	0.566825441300084	0.0	0.0	0.0	0.0	0.0	0.0	0.0	0.10829363967497899	0.891706360325021	10.8293639674979	89.1706360325021	routine
549.25	3	1.175536516113686	1.262488490099072	1.8213858838453265	3.5342053886244846	0.2829490338107375	0.4429812272345195	0.5570187727654805	0.0	0.0	0.0	0.0	0.0	0.0	0.0	0.11074530680862987	0.8892546931913701	11.074530680862987	88.92546931913701	routine
549.5	3	1.63389666399252	1.3490928629778638	1.9463295831168579	3.8539279038412	0.2594755337803031	0.4589520874194452	0.5410479125805547	0.0	0.0	0.0	0.0	0.0	0.0	0.0	0.1147380218548613	0.8852619781451387	11.47380218548613	88.52619781451388	routine
549.75	3	2.164265322508062	1.4367572362062517	2.0728025396360925	4.207031264848403	0.2376973064962554	0.4768842813112917	0.5231157186887083	0.0	0.0	0.0	0.0	0.0	0.0	0.0	0.11922107032782292	0.8807789296721771	11.922107032782293	88.07789296721771	routine
550.0	5	2.7382744998052937	1.5223796377669605	2.1963295537567307	4.58311839068494	0.2181920506423033	0.4906136172597366	0.5093863827402634	0.0	0.0	0.0	0.0	0.0	0.0	0.0	0.12265340431493416	0.8773465956850659	12.265340431493415	87.73465956850659	routine
550.25	5	3.31693240238638	1.6019763051809777	2.311163271106221	4.962830807145099	0.20149790288241898	0.508265620622023	0.49173437937797704	0.0	0.0	0.0	0.0	0.0	0.0	0.0	0.12706640515550574	0.8729335948444943	12.706640515550575	87.29335948444943	routine
550.5	6	3.8553182434505944	1.6710057223230128	2.410751668892491	5.317513050388068	0.18805783653450944	0.5172317175679462	0.48276828243205383	0.0	0.0	0.0	0.0	0.0	0.0	0.0	0.12930792939198654	0.8706920706080135	12.930792939198653	87.06920706080135	routine
550.75	6	4.3081206545151405	1.7249640985326626	2.4885971506645737	5.612319535569718	0.1781794485617234	0.5242364808069487	0.47576351919305127	0.0	0.0	0.0	0.0	0.0	0.0	0.0	0.13105912020173718	0.8689408797982628	13.105912020173719	86.89408797982628	routine
551.0	6	4.635197938086676	1.7607972480265597	2.540293457738852	5.817073196341207	0.17190775605659817	0.5273185766321098	0.4726814233678902	0.0	0.0	0.0	0.0	0.0	0.0	0.0	0.13182964415802745	0.8681703558419726	13.182964415802745	86.81703558419726	routine
551.25	6	4.805133344995896	1.775863234375408	2.562029081530436	5.905376660819993	0.16933720868892801	0.5289997198094705	0.47100028019052953	0.0	0.0	0.0	0.0	0.0	0.0	0.0	0.13224992995236762	0.8677500700476324	13.22499299523676	86.77500700476324	routine
551.5	6	4.799933459209015	1.770691202362678	2.5545674165943515	5.874912711851627	0.17021529494092258	0.5281591482207901	0.47184085177920987	0.0	0.0	0.0	0.0	0.0	0.0	0.0	0.13203978705519753	0.8679602129448025	13.203978705519754	86.79602129448025	routine
551.75	6	4.6175183146031	1.747867389674172	2.5216396152144656	5.7423434276639265	0.1741449310019438	0.5261978145138694	0.4738021854861306	0.0	0.0	0.0	0.0	0.0	0.0	0.0	0.13154945362846734	0.8684505463715326	13.154945362846734	86.84505463715327	routine
552.0	6	4.273884463631012	1.712128493306666	2.47007928665822	5.5407423684478125	0.18048123040236946	0.5217147660409078	0.47828523395909217	0.0	0.0	0.0	0.0	0.0	0.0	0.0	0.13042869151022696	0.869571308489773	13.042869151022696	86.9571308489773	routine
552.25	6	3.8031118344266086	1.6700277894914888	2.4093408100461287	5.312315421674149	0.1882418344212052	0.5169515270383861	0.4830484729616139	0.0	0.0	0.0	0.0	0.0	0.0	0.0	0.12923788175959652	0.8707621182404035	12.923788175959652	87.07621182404036	routine
552.5	5	3.254257369945957	1.6294863624767748	2.350851894341439	5.101253850113248	0.1960302367579296	0.5127486690949846	0.4872513309050154	0.0	0.0	0.0	0.0	0.0	0.0	0.0	0.12818716727374616	0.8718128327262539	12.818716727374616	87.1812832726254	routine
552.75	4	2.684831001646943	1.5986486456109916	2.3063624731468355	4.946343642764613	0.20216953617098055	0.5074250490333426	0.4925749509666574	0.0	0.0	0.0	0.0	0.0	0.0	0.0	0.12685626225833566	0.8731437377416643	12.685626225833566	87.31437377416643	routine
553.0	5	2.1518167933141727	1.5821601762703643	2.282574640197263	4.865454707224887	0.20553063591673443	0.5046231437377416	0.49537685626225836	0.0	0.0	0.0	0.0	0.0	0.0	0.0	0.1261557859344354	0.8738442140655646	12.61557859344354	87.38442140655646	routine
553.25	4	1.7026675479692213	1.573599238532885	2.2702238177780423	4.823979638459967	0.20729772406735225	0.5018212384421407	0.49817876155785934	0.0	0.0	0.0	0.0	0.0	0.0	0.0	0.12545530961053517	0.8745446903894648	12.545530961053517	87.45446903894648	routine
553.5	4	1.3667881423746697	1.537341139051807	2.2179144374646325	4.652204247731003	0.2149518694257083	0.49425609414401794	0.5057439058559821	0.0	0.0	0.0	0.0	0.0	0.0	0.0	0.12356402353600449	0.8764359764639955	12.356402353600448	87.64359764639956	routine
553.75	4	1.153002486441566	1.417184183449709	2.04456459348917	4.125487453909244	0.24239559838011784	0.47268142336789015	0.5273185766321098	0.0	0.0	0.0	0.0	0.0	0.0	0.0	0.11817035584197254	0.8818296441580274	11.817035584197253	88.18296441580274	routine
554.0	2	1.0495536472733558	1.185959209990028	1.7109774709492063	3.273825602073551	0.30545304532001566	0.43373493975903615	0.5662650602409638	0.0	0.0	0.0	0.0	0.0	0.0	0.0	0.10843373493975904	0.891566265060241	10.843373493975903	89.1566265060241	routine
554.25	2	1.029091732005565	0.8998575844357974	1.2982200745718466	2.4592528503340483	0.40662756571133657	0.3891846455589801	0.61081535444102	0.0	0.0	0.0	0.0	0.0	0.0	0.0	0.09729616138974502	0.9027038386102549	9.729616138974501	90.2703838610255	routine
554.5	1	1.0563246528474628	0.6528203350411986	0.9418206599554089	1.9209509214873806	0.5205755070648583	0.3538806388344074	0.6461193611655927	0.0	0.0	0.0	0.0	0.0	0.0	0.0	0.08847015970860185	0.9115298402913982	8.847015970860186	91.15298402913982	routine
554.75	1	1.0974682715257738	0.5017875494105151	0.7239264091143758	1.651671077112561	0.6054474246459486	0.3342673017652003	0.6657326982347997	0.0	0.0	0.0	0.0	0.0	0.0	0.0	0.08356682544130008	0.9164331745586999	8.356682544130008	91.64331745586999	routine
555.0	1	1.1279720394660113	0.45366023869787486	0.6544933766179275	1.5740631008827999	0.6352985464427433	0.3292238722331185	0.6707761277668816	0.0	0.0	0.0	0.0	0.0	0.0	0.0	0.08230596805827962	0.9176940319417204	8.230596805827963	91.76940319417204	routine
555.25	2	1.1365015866715942	0.48588414762877313	0.700982650230592	1.625611654336777	0.6151530701273077	0.33258615858783974	0.6674138414121602	0.0	0.0	0.0	0.0	0.0	0.0	0.0	0.08314653964695994	0.91685346035304	8.314653964695994	91.68534603530401	routine
555.5	2	1.1260473480148712	0.5693317807483486	0.8213721367061251	1.767085856040609	0.5659034599714544	0.34099187447464274	0.6590081255253573	0.0	0.0	0.0	0.0	0.0	0.0	0.0	0.08524796861866069	0.9147520313813393	8.524796861866069	91.47520313813393	routine
555.75	2	1.1088339660921402	0.6652206474835266	0.9597105292214292	1.9449196156146509	0.514160067064762	0.3558419725413281	0.6441580274586719	0.0	0.0	0.0	0.0	0.0	0.0	0.0	0.08896049313533202	0.911039506864668	8.896049313533203	91.10395068646679	routine
556.0	2	1.0995045410569777	0.7319476366898598	1.0559772256428575	2.0791260490462733	0.4809713198767892	0.3678901653124124	0.6321098346875875	0.0	0.0	0.0	0.0	0.0	0.0	0.0	0.0919725413281031	0.9080274586718969	9.197254132810311	90.8027458671897	routine
556.25	2	1.1089500791130258	0.7496609758329367	1.081532172182159	2.1162824240928457	0.4725267235674627	0.37097226113757353	0.6290277388624265	0.0	0.0	0.0	0.0	0.0	0.0	0.0	0.09274306528439338	0.9072569347156066	9.274306528439338	90.72569347156066	routine
556.5	2	1.138227229726555	0.7202245575436	1.0390643974945997	2.054894600921555	0.48664296434061954	0.3659288316054917	0.6340711683945083	0.0	0.0	0.0	0.0	0.0	0.0	0.0	0.09148220790137293	0.908517792098627	9.148220790137293	90.8517792098627	routine
556.75	2	1.1803012542547762	0.6748039381487405	0.9735362951395308	1.963647941775136	0.5092562565446436	0.3569627346595685	0.6430372653404315	0.0	0.0	0.0	0.0	0.0	0.0	0.0	0.08924068366489213	0.9107593163351079	8.924068366489212	91.07593163351079	routine
557.0	1	1.2238771374346802	0.6477791659921854	0.9345477903681146	1.911291451125459	0.5232064421211912	0.3521994956570468	0.6478005043429532	0.0	0.0	0.0	0.0	0.0	0.0	0.0	0.0880498739142617	0.9119501260857383	8.80498739142617	91.19501260857383	routine
557.25	2	1.2597415802272653	0.660503543027986	0.9529051860160654	1.935766830922494	0.516591143119984	0.3550014009526478	0.6449985990473521	0.0	0.0	0.0	0.0	0.0	0.0	0.0	0.08875035023816195	0.9112496497618381	8.875035023816196	91.1249649761838	routine
557.5	2	1.2852017244107654	0.7141296024607218	1.0302712360220903	2.0424082013054967	0.4896180887644327	0.3653684505463715	0.6346315494536285	0.0	0.0	0.0	0.0	0.0	0.0	0.0	0.09134211263659288	0.9086578873634071	9.134211263659289	90.86578873634072	routine
557.75	2	1.3051779065966287	0.7923845812257007	1.1431693058111965	2.2086568734959515	0.45276385481152603	0.37461473802185485	0.6253852619781451	0.0	0.0	0.0	0.0	0.0	0.0	0.0	0.09365368450546371	0.9063463154945363	9.365368450546372	90.63463154945363	routine
558.0	2	1.3293689666594204	0.8690525294926835	1.253777774571104	2.3846503969140556	0.419348681590428	0.3855421686746988	0.6144578313253012	0.0	0.0	0.0	0.0	0.0	0.0	0.0	0.0963855421686747	0.9036144578313253	9.63855421686747	90.36144578313254	routine
558.25	2	1.3671118554840547	0.9200798729838637	1.3273946699755677	2.5094908224515873	0.3984872114507571	0.3928271224432614	0.6071728775567387	0.0	0.0	0.0	0.0	0.0	0.0	0.0	0.09820678061081535	0.9017932193891847	9.820678061081535	90.17932193891846	routine
558.5	3	1.4225319913961092	0.9355841693069076	1.349762641393296	2.5487018963669135	0.39235659589121247	0.39562902773886244	0.6043709722611376	0.0	0.0	0.0	0.0	0.0	0.0	0.0	0.09890725693471561	0.9010927430652844	9.89072569347156	90.10927430652845	routine
558.75	3	1.4921341684313085	0.9222296181728253	1.3304960966988575	2.5148913911172985	0.39763148561088635	0.3933875035023816	0.6066124964976184	0.0	0.0	0.0	0.0	0.0	0.0	0.0	0.0983468758755954	0.9016531241244046	9.83468758755954	90.16531241244046	routine
559.0	3	1.5651757792390542	0.8922613402741977	1.287261010790525	2.440642538951425	0.4097281695457258	0.3877836929111796	0.6122163070888205	0.0	0.0	0.0	0.0	0.0	0.0	0.0	0.0969459232277949	0.9030540767722051	9.69459232277949	90.3054076772205	routine
559.25	2	1.628141042364765	0.8608171693419076	1.2418966613216451	2.3650925854085236	0.422816428485513	0.3844214065564584	0.6155785934435416	0.0	0.0	0.0	0.0	0.0	0.0	0.0	0.0961053516391146	0.9038946483608854	9.610535163911461	90.38946483608854	routine
559.5	2	1.6655473461686754	0.8268139655691072	1.1928404078642891	2.2860237749728043	0.437440769841467	0.3788175959652564	0.6211824040347436	0.0	0.0	0.0	0.0	0.0	0.0	0.0	0.0947043989913141	0.9052956010086859	9.47043989913141	90.5295601008686	routine
559.75	2	1.6651450164844928	0.7875947737511785	1.1362590743208905	2.1981031276771494	0.45493770852178	0.37405435696273465	0.6259456430372654	0.0	0.0	0.0	0.0	0.0	0.0	0.0	0.09351358924068366	0.9064864107593164	9.351358924068366	90.64864107593164	routine
560.0	2	1.6189118613137496	0.7392248591710902	1.0664760384279741	2.0943114988040668	0.47748388936938885	0.36929111796021297	0.630708882039787	0.0	0.0	0.0	0.0	0.0	0.0	0.0	0.09232277949005324	0.9076772205099468	9.232277949005324	90.76772205099468	routine
560.25	2	1.5240904927886478	0.6798641127938327	0.9808365840060373	1.9736095257234283	0.5066858398109165	0.358363687307369	0.641636312692631	0.0	0.0	0.0	0.0	0.0	0.0	0.0	0.08959092182684225	0.9104090781731577	8.959092182684225	91.04090781731577	routine
560.5	2	1.3837531414626523	0.610816570894454	0.8812220377222307	1.8419348552509782	0.5429073656699667	0.34519473241804427	0.6548052675819558	0.0	0.0	0.0	0.0	0.0	0.0	0.0	0.08629868310451107	0.913701316895489	8.629868310451107	91.3701316895489	routine
560.75	2	1.2074977771424187	0.5401948014608937	0.7793363611816295	1.7163411753898088	0.5826347432193275	0.33818996917904176	0.6618100308209582	0.0	0.0	0.0	0.0	0.0	0.0	0.0	0.08454749229476044	0.9154525077052396	8.454749229476043	91.54525077052395	routine
561.0	2	1.0088752900049696	0.4709964929777242	0.6795043046950562	1.6015893708549571	0.6243797681213269	0.3309050154104791	0.6690949845895209	0.0	0.0	0.0	0.0	0.0	0.0	0.0	0.08272625385261978	0.9172737461473802	8.272625385261978	91.72737461473803	routine
561.25	1	0.8057345324040498	0.41725961804041534	0.6019783817101303	1.517796509144063	0.6588498484318783	0.325021014289717	0.674978985710283	0.0	0.0	0.0	0.0	0.0	0.0	0.0	0.08125525357242926	0.9187447464275708	8.125525357242926	91.87447464275708	routine
561.5	1	0.6163704555814985	0.401985759556318	0.5799428618198832	1.4947900460510104	0.6689902723408118	0.3233398711123564	0.6766601288876436	0.0	0.0	0.0	0.0	0.0	0.0	0.0	0.0808349677780891	0.9191650322219109	8.08349677780891	91.9165032221911	routine
561.75	1	0.45641500460350815	0.4560995494322872	0.6580125581176514	1.5779074167356733	0.6337507444313618	0.3297842532922387	0.6702157467077613	0.0	0.0	0.0	0.0	0.0	0.0	0.0	0.08244606332305968	0.9175539366769403	8.244606332305967	91.75539366769402	routine
562.0	1	0.3393012451299151	0.6394472214211315	0.9225273352544934	1.8954328349945473	0.5275839805755379	0.3507985430092463	0.6492014569907537	0.0	0.0	0.0	0.0	0.0	0.0	0.0	0.08769963575231157	0.9123003642476885	8.769963575231158	91.23003642476884	routine
562.25	1	0.2734194678158036	0.9196901148464413	1.326832367843562	2.5085129185681274	0.39864255535538773	0.3925469319137013	0.6074530680862986	0.0	0.0	0.0	0.0	0.0	0.0	0.0	0.09813673297842533	0.9018632670215747	9.813673297842533	90.18632670215747	routine
562.5	0	0.26613853184174546	1.1231946136811846	1.62042729911104	3.074660884400276	0.3252391198891691	0.42420846175399274	0.5757915382460073	0.0	0.0	0.0	0.0	0.0	0.0	0.0	0.10605211543849818	0.8939478845615019	10.60521154384982	89.39478845615018	routine
562.75	1	0.32361148274169677	1.117267556405089	1.611876362971752	3.0564910931227076	0.32717255491110747	0.42364808069487253	0.5763519193051274	0.0	0.0	0.0	0.0	0.0	0.0	0.0	0.10591202017371813	0.8940879798262819	10.591202017371813	89.40879798262819	routine
563.0	1	0.45158913082161384	1.0361240963392357	1.494811095534174	2.8182724654783806	0.3548272965971931	0.4087979826281872	0.5912020173718129	0.0	0.0	0.0	0.0	0.0	0.0	0.0	0.1021994956570468	0.8978005043429532	10.21994956570468	89.78005043429532	routine
563.25	2	0.654198433948286	1.0013028196290956	1.4445746123070324	2.7218255673075977	0.3674004726868628	0.40319417203698515	0.5968058279630148	0.0	0.0	0.0	0.0	0.0	0.0	0.0	0.10079854300924629	0.8992014569907537	10.079854300924628	89.92014569907538	routine
563.5	2	0.9324490052359572	1.0283084956911914	1.483535567237672	2.7963318246983264	0.35761135040112124	0.40823760156906697	0.591762398430933	0.0	0.0	0.0	0.0	0.0	0.0	0.0	0.10205940039226674	0.8979405996077332	10.205940039226673	89.79405996077332	routine
563.75	2	1.2796434116786417	1.0867979818215203	1.5679180588220412	2.9647656241513816	0.33729479047310346	0.4172036985149902	0.5827963014850098	0.0	0.0	0.0	0.0	0.0	0.0	0.0	0.10430092462874754	0.8956990753712525	10.430092462874754	89.56990753712525	routine
564.0	4	1.6804072566467387	1.1571889704031366	1.6694707889720106	3.1809788707107023	0.31436863954288935	0.42925189128607455	0.5707481087139255	0.0	0.0	0.0	0.0	0.0	0.0	0.0	0.10731297282151864	0.8926870271784814	10.731297282151864	89.26870271784814	routine
564.25	4	2.109455568929998	1.2271112395500208	1.770347299917924	3.411360684951566	0.29313816167585866	0.43849817876155783	0.5615018212384422	0.0	0.0	0.0	0.0	0.0	0.0	0.0	0.10962454469038946	0.8903754553096106	10.962454469038946	89.03754553096105	routine
564.5	4	2.5327334586069057	1.2879299899711225	1.8580902095435108	3.625274428920988	0.27584118653815565	0.4457831325301205	0.5542168674698795	0.0	0.0	0.0	0.0	0.0	0.0	0.0	0.11144578313253012	0.8885542168674698	11.144578313253012	88.85542168674698	routine
564.75	4	2.9118108797271747	1.3365667722403687	1.9282582541281486	3.805954341086437	0.2627461893603649	0.45671056318296444	0.5432894368170356	0.0	0.0	0.0	0.0	0.0	0.0	0.0	0.11417764079574111	0.8858223592042589	11.41776407957411	88.58223592042589	routine
565.0	4	3.2067972476243445	1.3680259727037645	1.9736442866270214	3.9275898683398425	0.25460906905299946	0.4614738021854861	0.5385261978145139	0.0	0.0	0.0	0.0	0.0	0.0	0.0	0.11536845054637153	0.8846315494536284	11.536845054637153	88.46315494536285	routine
565.25	4	3.3835433275036015	1.381060085034123	1.9924485358484194	3.9791175954696256	0.2513119997103221	0.46539646959932757	0.5346035304006724	0.0	0.0	0.0	0.0	0.0	0.0	0.0	0.11634911739983189	0.8836508826001681	11.634911739983188	88.3650882600168	routine
565.5	4	3.418711121156832	1.3760898382704687	1.985277985490501	3.959389466565523	0.2525641916372086	0.46315494536284674	0.5368450546371533	0.0	0.0	0.0	0.0	0.0	0.0	0.0	0.11578873634071168	0.8842112636592883	11.578873634071169	88.42112636592883	routine
565.75	4	3.3045032794967515	1.3550680795713808	1.9549499984645624	3.8770248938417167	0.25792973410833764	0.4595124684785654	0.5404875315214346	0.0	0.0	0.0	0.0	0.0	0.0	0.0	0.11487811711964135	0.8851218828803586	11.487811711964135	88.51218828803586	routine
566.0	4	3.0512649800276765	1.3210507533786768	1.905873370662046	3.747356857168144	0.26685475606283576	0.4522275147100028	0.5477724852899972	0.0	0.0	0.0	0.0	0.0	0.0	0.0	0.1130568786775007	0.8869431213224993	11.30568786775007	88.69431213224993	routine
566.25	4	2.687444194582074	1.2794902748624264	1.8459142744096793	3.594806895049941	0.2781790591803423	0.44438217988232	0.55561782011768	0.0	0.0	0.0	0.0	0.0	0.0	0.0	0.11109554497058	0.8889044550294201	11.109554497058	88.890445502942	routine
566.5	4	2.2536601700485264	1.2332724299716886	1.7792360187852367	3.432443608990625	0.29133763403445073	0.43933875035023817	0.5606612496497618	0.0	0.0	0.0	0.0	0.0	0.0	0.0	0.10983468758755954	0.8901653124124405	10.983468758755954	89.01653124124405	routine
566.75	3	1.797325326447665	1.1889209140491621	1.7152503067078997	3.2835360773269904	0.3045497221440808	0.43401513028859623	0.5659848697114038	0.0	0.0	0.0	0.0	0.0	0.0	0.0	0.10850378257214906	0.8914962174278509	10.850378257214906	89.14962174278509	routine
567.0	3	1.363829781265554	1.1582005040126138	1.6709301234940959	3.1841981656874982	0.31405080587504536	0.42981227234519476	0.5701877276548053	0.0	0.0	0.0	0.0	0.0	0.0	0.0	0.10745306808629869	0.8925469319137013	10.745306808629868	89.25469319137012	routine
567.25	2	0.9883129832145583	1.154079346416699	1.6649845498677478	3.171102586237977	0.31534772931655464	0.4284113196973942	0.5715886803026058	0.0	0.0	0.0	0.0	0.0	0.0	0.0	0.10710282992434855	0.8928971700756514	10.710282992434855	89.28971700756514	routine
567.5	2	0.693980990952216	1.2009036164247422	1.7325376920015976	3.323118390803688	0.3009221708041983	0.43625665452507706	0.563743345474923	0.0	0.0	0.0	0.0	0.0	0.0	0.0	0.10906416363126926	0.8909358363687307	10.906416363126926	89.09358363687308	routine
567.75	2	0.49135023401209743	1.308226837884646	1.8873723713740287	3.6996078882462435	0.2702989155085942	0.4505463715326422	0.5494536284673578	0.0	0.0	0.0	0.0	0.0	0.0	0.0	0.11263659288316055	0.8873634071168395	11.263659288316056	88.73634071168395	routine
568.0	0	0.38156523817856114	1.3972695843662057	2.015833900150108	4.044142687810301	0.24727119619546595	0.4684785654244887	0.5315214345755113	0.0	0.0	0.0	0.0	0.0	0.0	0.0	0.11711964135612217	0.8828803586438778	11.711964135612217	88.28803586438778	routine
568.25	1	0.3603412943003512	1.296066972163817	1.8698293934007129	3.6548935641561533	0.27360577878575826	0.44718408517792096	0.552815914822079	0.0	0.0	0.0	0.0	0.0	0.0	0.0	0.11179602129448024	0.8882039787055198	11.179602129448025	88.82039787055199	routine
568.5	1	0.42081578406709746	1.0259635166729715	1.4801524776370973	2.7897821676469494	0.3584509255227813	0.40711683945082655	0.5928831605491734	0.0	0.0	0.0	0.0	0.0	0.0	0.0	0.10177920986270664	0.8982207901372934	10.177920986270664	89.82207901372934	routine
568.75	1	0.5540632325085121	0.7934599140293477	1.144720683114323	2.2110331921217212	0.4522772446669576	0.37517511908097506	0.6248248809190249	0.0	0.0	0.0	0.0	0.0	0.0	0.0	0.09379377977024377	0.9062062202297563	9.379377977024376	90.62062202297562	routine
569.0	2	0.7485067089022803	0.6807133594912997	0.9820617880049644	1.9752863190000365	0.50625572119906	0.3592042588960493	0.6407957411039507	0.0	0.0	0.0	0.0	0.0	0.0	0.0	0.08980106472401232	0.9101989352759877	8.980106472401232	91.01989352759877	routine
569.25	2	0.9861404518767571	0.644616722651059	0.9299853490427791	1.9052566475945452	0.5248636719166081	0.3519193051274867	0.6480806948725133	0.0	0.0	0.0	0.0	0.0	0.0	0.0	0.08797982628187168	0.9120201737181284	8.797982628187167	91.20201737181284	routine
569.5	2	1.2433881093199946	0.6488081684858455	0.9360323271627804	1.9132591870237239	0.5226683382901223	0.3530400672457271	0.6469599327542729	0.0	0.0	0.0	0.0	0.0	0.0	0.0	0.08826001681143178	0.9117399831885682	8.826001681143177	91.17399831885682	routine
569.75	2	1.4896816442969358	0.6644466613139764	0.9585939032129025	1.9434148571375225	0.5145581738903197	0.355561782011768	0.644438217988232	0.0	0.0	0.0	0.0	0.0	0.0	0.0	0.088890445502942	0.911109554497058	8.889044550294201	91.1109554497058	routine
570.0	2	1.6921453593484255	0.677452354402061	0.9773571521344059	1.9688553916035132	0.5079093184114252	0.35808349677780893	0.6419165032221911	0.0	0.0	0.0	0.0	0.0	0.0	0.0	0.08952087419445223	0.9104791258055478	8.952087419445224	91.04791258055478	routine
570.25	2	1.8237470917176868	0.6929687880161478	0.9997426339617318	1.9996432467344125	0.5000892042283468	0.36368730736901095	0.636312692630989	0.0	0.0	0.0	0.0	0.0	0.0	0.0	0.09092182684225274	0.9090781731577473	9.092182684225273	90.90781731577474	routine
570.5	2	1.863274426342246	0.7003655554023347	1.010413913588393	2.0144889802176995	0.4964038075263798	0.36424768842813116	0.6357523115718688	0.0	0.0	0.0	0.0	0.0	0.0	0.0	0.09106192210703279	0.9089380778929672	9.106192210703279	90.89380778929672	routine
570.75	2	1.8058710480419837	0.7031427496427173	1.0144205579465781	2.0200913832907936	0.49502711029387586	0.36452787895769123	0.6354721210423088	0.0	0.0	0.0	0.0	0.0	0.0	0.0	0.09113196973942281	0.9088680302605772	9.11319697394228	90.88680302605772	routine
571.0	2	1.662528029891856	0.7079547740302352	1.021362841667087	2.0298355380447384	0.4926507499042317	0.36508826001681144	0.6349117399831885	0.0	0.0	0.0	0.0	0.0	0.0	0.0	0.09127206500420286	0.9087279349957972	9.127206500420286	90.87279349957971	routine
571.25	2	1.457375590748637	0.7217080091742417	1.0412045658055251	2.057945199816605	0.4859215882371967	0.36620902213505185	0.6337909778649482	0.0	0.0	0.0	0.0	0.0	0.0	0.0	0.09155225553376296	0.908447744466237	9.155225553376296	90.8447744466237	routine
571.5	2	1.2242337663262794	0.759855288031433	1.0962394558362034	2.137966808723944	0.4677341088362616	0.3723732137853741	0.6276267862146259	0.0	0.0	0.0	0.0	0.0	0.0	0.0	0.09309330344634352	0.9069066965536565	9.309330344634352	90.69066965536565	routine
571.75	2	0.9996133937200306	0.8398079541968979	1.2115867708189705	2.315922170937671	0.43179343958485433	0.3807789296721771	0.6192210703278229	0.0	0.0	0.0	0.0	0.0	0.0	0.0	0.09519473241804427	0.9048052675819558	9.519473241804427	90.48052675819558	routine
572.0	2	0.8173103106544899	0.9702224221386965	1.399735076978776	2.6385312618590793	0.37899873101954884	0.39759036144578314	0.6024096385542168	0.0	0.0	0.0	0.0	0.0	0.0	0.0	0.09939759036144578	0.9006024096385542	9.939759036144578	90.06024096385542	routine
572.25	2	0.7026020073309021	1.105295414582862	1.5946042133360059	3.020116523500083	0.3311130521682908	0.4214065564583917	0.5785934435416082	0.0	0.0	0.0	0.0	0.0	0.0	0.0	0.10535163911459793	0.8946483608854021	10.535163911459792	89.46483608854021	routine
572.5	2	0.6711069681991871	1.1546926999632736	1.6658694319877025	3.173048189866246	0.315154368973562	0.42869151022695434	0.5713084897730456	0.0	0.0	0.0	0.0	0.0	0.0	0.0	0.10717287755673859	0.8928271224432615	10.717287755673858	89.28271224432615	routine
572.75	2	0.7276049762008079	1.085948533592836	1.5666925640750264	2.9622482785722224	0.33758142665948015	0.4163631269263099	0.58363687307369	0.0	0.0	0.0	0.0	0.0	0.0	0.0	0.10409078173157747	0.8959092182684225	10.409078173157747	89.59092182684225	routine
573.0	2	0.8653598423776051	0.9721458711085739	1.402510027269021	2.6436112260564664	0.3782704469339549	0.39815074250490334	0.6018492574950967	0.0	0.0	0.0	0.0	0.0	0.0	0.0	0.09953768562622584	0.9004623143737742	9.953768562622583	90.04623143737743	routine
573.25	2	1.069273072705982	0.9005898258664915	1.2992764756526425	2.4610542766186048	0.406329925146536	0.3894648360885402	0.6105351639114598	0.0	0.0	0.0	0.0	0.0	0.0	0.0	0.09736620902213505	0.902633790977865	9.736620902213506	90.2633790977865	routine
573.5	2	1.3175090913165592	0.8928643476099573	1.288130966483445	2.4421147081261765	0.40948117493108893	0.3880638834407397	0.6119361165592603	0.0	0.0	0.0	0.0	0.0	0.0	0.0	0.09701597086018493	0.902984029139815	9.701597086018493	90.2984029139815	routine
573.75	2	1.585103165095434	0.9344436347907334	1.3481171979028488	2.5457966709525306	0.39280434742097525	0.3953488372093023	0.6046511627906976	0.0	0.0	0.0	0.0	0.0	0.0	0.0	0.09883720930232558	0.9011627906976745	9.883720930232558	90.11627906976744	routine
574.0	3	1.8478874607352374	1.0051505086460495	1.4501256541706748	2.7323184794349915	0.3659895460674069	0.40347436256654523	0.5965256374334548	0.0	0.0	0.0	0.0	0.0	0.0	0.0	0.10086859064163631	0.8991314093583637	10.086859064163631	89.91314093583637	routine
574.25	3	2.0859214533513932	1.0877584079209548	1.5693036607928357	2.9676144302504053	0.33697099926678165	0.4177640795741104	0.5822359204258896	0.0	0.0	0.0	0.0	0.0	0.0	0.0	0.1044410198935276	0.8955589801064724	10.44410198935276	89.55589801064724	routine
574.5	3	2.2865774293506407	1.1715690705649453	1.6902168881629387	3.227052140657984	0.3098803354928451	0.43205379658167553	0.5679462034183245	0.0	0.0	0.0	0.0	0.0	0.0	0.0	0.10801344914541888	0.8919865508545811	10.801344914541888	89.19865508545811	routine
574.75	4	2.4432069041004443	1.244241182400697	1.7950605835193056	3.4703004749021327	0.2881594856791764	0.44130008405715887	0.5586999159428412	0.0	0.0	0.0	0.0	0.0	0.0	0.0	0.11032502101428972	0.8896749789857102	11.032502101428971	88.96749789857103	routine
575.0	4	2.5542611608971386	1.2962363300086535	1.8700737251235942	3.655512601471219	0.2735594454242981	0.44774446623704117	0.5522555337629589	0.0	0.0	0.0	0.0	0.0	0.0	0.0	0.11193611655926029	0.8880638834407397	11.193611655926029	88.80638834407397	routine
575.25	4	2.621114717475898	1.3246387471921177	1.9110497515434377	3.7608265004364343	0.26589899850044996	0.4539086578873634	0.5460913421126365	0.0	0.0	0.0	0.0	0.0	0.0	0.0	0.11347716447184085	0.8865228355281591	11.347716447184085	88.65228355281592	routine
575.5	4	2.641965851807555	1.3236743195944163	1.9096583766309372	3.7572012040182012	0.2661555625316348	0.4533482768282432	0.5466517231717568	0.0	0.0	0.0	0.0	0.0	0.0	0.0	0.1133370692070608	0.8866629307929392	11.33370692070608	88.66629307929392	routine
575.75	4	2.613859649140987	1.2968476019580564	1.8709556041336324	3.6577477968717127	0.2733922773066119	0.4480246567666013	0.5519753432333987	0.0	0.0	0.0	0.0	0.0	0.0	0.0	0.11200616419165033	0.8879938358083497	11.200616419165033	88.79938358083497	routine
576.0	4	2.532338836982826	1.2511890991172072	1.8050843085107247	3.4944957897665962	0.28616431673159687	0.4418604651162791	0.5581395348837209	0.0	0.0	0.0	0.0	0.0	0.0	0.0	0.11046511627906977	0.8895348837209303	11.046511627906977	88.95348837209302	routine
576.25	3	2.395011055844779	1.1967954638009017	1.726610880583968	3.309494516904573	0.3021609478100351	0.43485570187727657	0.5651442981227235	0.0	0.0	0.0	0.0	0.0	0.0	0.0	0.10871392546931914	0.8912860745306809	10.871392546931915	89.12860745306808	routine
576.5	3	2.205597028803076	1.1452582394904303	1.6522583826500685	3.143252964083874	0.318141750417933	0.4270103670495937	0.5729896329504063	0.0	0.0	0.0	0.0	0.0	0.0	0.0	0.10675259176239843	0.8932474082376016	10.675259176239843	89.32474082376017	routine
576.75	3	1.9767965351183183	1.1080191413609688	1.598533720451517	3.028353708576503	0.3302124177793143	0.4219669375175119	0.5780330624824881	0.0	0.0	0.0	0.0	0.0	0.0	0.0	0.10549173437937798	0.894508265620622	10.549173437937798	89.4508265620622	routine
577.0	2	1.730349890185538	1.0936044751847802	1.5777377530430599	2.9850141141289095	0.33500679117955234	0.4188848416923508	0.5811151583076493	0.0	0.0	0.0	0.0	0.0	0.0	0.0	0.1047212104230877	0.8952787895769123	10.47212104230877	89.52787895769123	routine
577.25	3	1.4936745261574966	1.1016482119048578	1.5893424121193325	3.009121608956513	0.33232289350604693	0.4211263659288316	0.5788736340711684	0.0	0.0	0.0	0.0	0.0	0.0	0.0	0.1052815914822079	0.894718408517792	10.52815914822079	89.4718408517792	routine
577.5	3	1.2937880574078462	1.1135321087466432	1.6064872511594122	3.0450950285784626	0.32839697632255127	0.4230876996357523	0.5769123003642477	0.0	0.0	0.0	0.0	0.0	0.0	0.0	0.10577192490893808	0.894228075091062	10.577192490893808	89.42280750910619	routine
577.75	3	1.1503570418729556	1.0890640482505145	1.5711873016214761	2.9714915978755485	0.33653132343195735	0.4180442701036705	0.5819557298963295	0.0	0.0	0.0	0.0	0.0	0.0	0.0	0.10451106752591763	0.8954889324740823	10.451106752591762	89.54889324740823	routine
578.0	2	1.0701926961613264	0.9882387420384336	1.425727132353196	2.686498685903399	0.37223171008688816	0.40067245727094425	0.5993275427290558	0.0	0.0	0.0	0.0	0.0	0.0	0.0	0.10016811431773606	0.8998318856822639	10.016811431773606	89.9831885682264	routine
578.25	2	1.045018758501042	0.8097421109821297	1.1682109279128792	2.2473283506376216	0.44497280502703385	0.3768562622583357	0.6231437377416643	0.0	0.0	0.0	0.0	0.0	0.0	0.0	0.09421406556458392	0.9057859344354161	9.421406556458392	90.5785934435416	routine
578.5	2	1.0543548565115604	0.6021248310493131	0.868682507750949	1.8259946112565069	0.5476467421291447	0.344354160829364	0.655645839170636	0.0	0.0	0.0	0.0	0.0	0.0	0.0	0.086088540207341	0.913911459792659	8.6088540207341	91.3911459792659	routine
578.75	1	1.0702651953576456	0.413221032418735	0.5961519342615266	1.5116791191019694	0.661516050174763	0.3241804427010367	0.6758195572989634	0.0	0.0	0.0	0.0	0.0	0.0	0.0	0.08104511067525917	0.9189548893247408	8.104511067525918	91.89548893247408	routine
579.0	1	1.0659409123505479	0.26577594492294565	0.383433637727912	1.3044427589196645	0.7666108713181075	0.3107312972821519	0.6892687027178481	0.0	0.0	0.0	0.0	0.0	0.0	0.0	0.07768282432053797	0.922317175679462	7.768282432053796	92.2317175679462	routine
579.25	1	1.02363979103209	0.16641698758545354	0.240088962709214	1.181065488702909	0.8466931000568292	0.30260577192490895	0.6973942280750911	0.0	0.0	0.0	0.0	0.0	0.0	0.0	0.07565144298122724	0.9243485570187727	7.565144298122724	92.43485570187727	routine
579.5	1	0.9367342992147335	0.10155945965510917	0.14651932879978874	1.106895732073758	0.9034274602599741	0.297282151863267	0.702717848136733	0.0	0.0	0.0	0.0	0.0	0.0	0.0	0.07432053796581675	0.9256794620341833	7.432053796581675	92.56794620341833	routine
579.75	1	0.8115830134366507	0.06092380860567603	0.08789447654747717	1.0628179335219519	0.9408949251413301	0.2922387223311852	0.7077612776688148	0.0	0.0	0.0	0.0	0.0	0.0	0.0	0.0730596805827963	0.9269403194172037	7.30596805827963	92.69403194172037	routine
580.0	1	0.6631104599892075	0.03300968048086183	0.04762290233106858	1.0335605445559484	0.9675291933958575	0.2869151022695433	0.7130848977304567	0.0	0.0	0.0	0.0	0.0	0.0	0.0	0.07172877556738583	0.9282712244326141	7.172877556738583	92.82712244326142	routine
580.25	1	0.5104015968842386	0.019691435418175685	0.028408736225787354	1.0198865905896555	0.9805011745686765	0.28299243485570186	0.7170075651442982	0.0	0.0	0.0	0.0	0.0	0.0	0.0	0.07074810871392546	0.9292518912860745	7.074810871392547	92.92518912860746	routine
580.5	1	0.3694675411606239	0.011641050380684824	0.016794485654952576	1.01170907109561	0.9884264444887008	0.2793499579714206	0.7206500420285794	0.0	0.0	0.0	0.0	0.0	0.0	0.0	0.06983748949285515	0.9301625105071448	6.9837489492855145	93.01625105071449	routine
580.75	1	0.2511835977412527	-0.0	-0.0	1.0	1.0	0.22289156626506024	0.7771084337349398	0.0	0.0	0.0	0.0	0.0	0.0	0.0	0.05572289156626506	0.9442771084337349	5.572289156626506	94.42771084337349	routine
581.0	1	0.1606722509691992	-0.0	-0.0	1.0	1.0	0.22289156626506024	0.7771084337349398	0.0	0.0	0.0	0.0	0.0	0.0	0.0	0.05572289156626506	0.9442771084337349	5.572289156626506	94.42771084337349	routine
581.25	0	0.09654884314248281	-0.0	-0.0	1.0	1.0	0.22289156626506024	0.7771084337349398	0.0	0.0	0.0	0.0	0.0	0.0	0.0	0.05572289156626506	0.9442771084337349	5.572289156626506	94.42771084337349	routine
581.5	0	0.05450167700077576	-0.0	-0.0	1.0	1.0	0.22289156626506024	0.7771084337349398	0.0	0.0	0.0	0.0	0.0	0.0	0.0	0.05572289156626506	0.9442771084337349	5.572289156626506	94.42771084337349	routine
581.75	0	0.028902090173748035	-0.0	-0.0	1.0	1.0	0.22289156626506024	0.7771084337349398	0.0	0.0	0.0	0.0	0.0	0.0	0.0	0.05572289156626506	0.9442771084337349	5.572289156626506	94.42771084337349	routine
582.0	0	0.014398101561102496	-0.0	-0.0	1.0	1.0	0.22289156626506024	0.7771084337349398	0.0	0.0	0.0	0.0	0.0	0.0	0.0	0.05572289156626506	0.9442771084337349	5.572289156626506	94.42771084337349	routine
582.25	0	0.006738105530532964	-0.0	-0.0	1.0	1.0	0.22289156626506024	0.7771084337349398	0.0	0.0	0.0	0.0	0.0	0.0	0.0	0.05572289156626506	0.9442771084337349	5.572289156626506	94.42771084337349	routine
582.5	0	0.0029622859534777536	-0.0	-0.0	1.0	1.0	0.22289156626506024	0.7771084337349398	0.0	0.0	0.0	0.0	0.0	0.0	0.0	0.05572289156626506	0.9442771084337349	5.572289156626506	94.42771084337349	routine
582.75	0	0.0012234120249017535	-0.0	-0.0	1.0	1.0	0.22289156626506024	0.7771084337349398	0.0	0.0	0.0	0.0	0.0	0.0	0.0	0.05572289156626506	0.9442771084337349	5.572289156626506	94.42771084337349	routine
583.0	0	0.0004746517706939997	-0.0	-0.0	1.0	1.0	0.22289156626506024	0.7771084337349398	0.0	0.0	0.0	0.0	0.0	0.0	0.0	0.05572289156626506	0.9442771084337349	5.572289156626506	94.42771084337349	routine
583.25	0	0.0			0.0		0.08615858783973102	0.9138414121602689	0.0	0.0	0.0	0.0	0.0	0.0	0.0	0.021539646959932754	0.9784603530400673	2.1539646959932752	97.84603530400673	routine
583.5	0	0.0			0.0		0.08615858783973102	0.9138414121602689	0.0	0.0	0.0	0.0	0.0	0.0	0.0	0.021539646959932754	0.9784603530400673	2.1539646959932752	97.84603530400673	routine
583.75	0	0.0			0.0		0.08615858783973102	0.9138414121602689	0.0	0.0	0.0	0.0	0.0	0.0	0.0	0.021539646959932754	0.9784603530400673	2.1539646959932752	97.84603530400673	routine
584.0	0	0.0			0.0		0.08615858783973102	0.9138414121602689	0.0	0.0	0.0	0.0	0.0	0.0	0.0	0.021539646959932754	0.9784603530400673	2.1539646959932752	97.84603530400673	routine
584.25	0	0.0			0.0		0.08615858783973102	0.9138414121602689	0.0	0.0	0.0	0.0	0.0	0.0	0.0	0.021539646959932754	0.9784603530400673	2.1539646959932752	97.84603530400673	routine
584.5	0	0.0			0.0		0.08615858783973102	0.9138414121602689	0.0	0.0	0.0	0.0	0.0	0.0	0.0	0.021539646959932754	0.9784603530400673	2.1539646959932752	97.84603530400673	routine
584.75	0	0.0			0.0		0.08615858783973102	0.9138414121602689	0.0	0.0	0.0	0.0	0.0	0.0	0.0	0.021539646959932754	0.9784603530400673	2.1539646959932752	97.84603530400673	routine
585.0	0	0.00046026580703940374	-0.0	-0.0	1.0	1.0	0.22289156626506024	0.7771084337349398	0.0	0.0	0.0	0.0	0.0	0.0	0.0	0.05572289156626506	0.9442771084337349	5.572289156626506	94.42771084337349	routine
585.25	0	0.0011886654176571077	-0.0	-0.0	1.0	1.0	0.22289156626506024	0.7771084337349398	0.0	0.0	0.0	0.0	0.0	0.0	0.0	0.05572289156626506	0.9442771084337349	5.572289156626506	94.42771084337349	routine
585.5	0	0.0028838132831560375	-0.0	-0.0	1.0	1.0	0.22289156626506024	0.7771084337349398	0.0	0.0	0.0	0.0	0.0	0.0	0.0	0.05572289156626506	0.9442771084337349	5.572289156626506	94.42771084337349	routine
585.75	0	0.006572509808737046	-0.0	-0.0	1.0	1.0	0.22289156626506024	0.7771084337349398	0.0	0.0	0.0	0.0	0.0	0.0	0.0	0.05572289156626506	0.9442771084337349	5.572289156626506	94.42771084337349	routine
586.0	0	0.014071874162803566	-0.0	-0.0	1.0	1.0	0.22289156626506024	0.7771084337349398	0.0	0.0	0.0	0.0	0.0	0.0	0.0	0.05572289156626506	0.9442771084337349	5.572289156626506	94.42771084337349	routine
586.25	0	0.02830278925431577	-0.0	-0.0	1.0	1.0	0.22289156626506024	0.7771084337349398	0.0	0.0	0.0	0.0	0.0	0.0	0.0	0.05572289156626506	0.9442771084337349	5.572289156626506	94.42771084337349	routine
586.5	0	0.05347651871420133	-0.0	-0.0	1.0	1.0	0.22289156626506024	0.7771084337349398	0.0	0.0	0.0	0.0	0.0	0.0	0.0	0.05572289156626506	0.9442771084337349	5.572289156626506	94.42771084337349	routine
586.75	0	0.09491910001576147	-0.0	-0.0	1.0	1.0	0.22289156626506024	0.7771084337349398	0.0	0.0	0.0	0.0	0.0	0.0	0.0	0.05572289156626506	0.9442771084337349	5.572289156626506	94.42771084337349	routine
587.0	1	0.15827076122938258	-0.0	-0.0	1.0	1.0	0.22289156626506024	0.7771084337349398	0.0	0.0	0.0	0.0	0.0	0.0	0.0	0.05572289156626506	0.9442771084337349	5.572289156626506	94.42771084337349	routine
587.25	1	0.24791589114300167	-0.0	-0.0	1.0	1.0	0.22289156626506024	0.7771084337349398	0.0	0.0	0.0	0.0	0.0	0.0	0.0	0.05572289156626506	0.9442771084337349	5.572289156626506	94.42771084337349	routine
587.5	1	0.36480823611913765	-0.0	-0.0	1.0	1.0	0.22289156626506024	0.7771084337349398	0.0	0.0	0.0	0.0	0.0	0.0	0.0	0.05572289156626506	0.9442771084337349	5.572289156626506	94.42771084337349	routine
587.75	1	0.5042913265915241	-0.0	-0.0	1.0	1.0	0.22289156626506024	0.7771084337349398	0.0	0.0	0.0	0.0	0.0	0.0	0.0	0.05572289156626506	0.9442771084337349	5.572289156626506	94.42771084337349	routine
588.0	1	0.6548697919977163	-0.0	-0.0	1.0	1.0	0.22289156626506024	0.7771084337349398	0.0	0.0	0.0	0.0	0.0	0.0	0.0	0.05572289156626506	0.9442771084337349	5.572289156626506	94.42771084337349	routine
588.25	1	0.798886369719628	-0.0	-0.0	1.0	1.0	0.22289156626506024	0.7771084337349398	0.0	0.0	0.0	0.0	0.0	0.0	0.0	0.05572289156626506	0.9442771084337349	5.572289156626506	94.42771084337349	routine
588.5	1	0.9155280613475414	-0.0	-0.0	1.0	1.0	0.22289156626506024	0.7771084337349398	0.0	0.0	0.0	0.0	0.0	0.0	0.0	0.05572289156626506	0.9442771084337349	5.572289156626506	94.42771084337349	routine
588.75	1	0.9856322466566918	-0.0	-0.0	1.0	1.0	0.22289156626506024	0.7771084337349398	0.0	0.0	0.0	0.0	0.0	0.0	0.0	0.05572289156626506	0.9442771084337349	5.572289156626506	94.42771084337349	routine
589.0	1	0.9968154076625526	-0.0	-0.0	1.0	1.0	0.22289156626506024	0.7771084337349398	0.0	0.0	0.0	0.0	0.0	0.0	0.0	0.05572289156626506	0.9442771084337349	5.572289156626506	94.42771084337349	routine
589.25	1	0.947877549081717	0.007050112896408849	0.010171162913356372	1.0070750234486607	0.9929746808490665	0.27654805267581956	0.7234519473241805	0.0	0.0	0.0	0.0	0.0	0.0	0.0	0.06913701316895489	0.9308629868310451	6.913701316895489	93.0862986831045	routine
589.5	1	0.8473140560232604	0.01710488358355267	0.024677130720974477	1.0172520097664228	0.9830405744094974	0.2821518632670216	0.7178481367329784	0.0	0.0	0.0	0.0	0.0	0.0	0.0	0.0705379658167554	0.9294620341832446	7.053796581675539	92.94620341832446	routine
589.75	1	0.7135090530478437	0.04051343796280103	0.05844853603829572	1.0413453031679425	0.9602962599992881	0.2883160549173438	0.7116839450826562	0.0	0.0	0.0	0.0	0.0	0.0	0.0	0.07207901372933595	0.9279209862706641	7.207901372933595	92.79209862706641	routine
590.0	1	0.568765032463879	0.09252949518812499	0.13349184384386714	1.0969454956969145	0.9116223220960283	0.2958811992154665	0.7041188007845335	0.0	0.0	0.0	0.0	0.0	0.0	0.0	0.07397029980386663	0.9260297001961334	7.397029980386663	92.60297001961334	routine
590.25	1	0.4348046213214729	0.1988686637641377	0.28690683500073616	1.220021722316529	0.8196575369996195	0.3048472961613897	0.6951527038386103	0.0	0.0	0.0	0.0	0.0	0.0	0.0	0.07621182404034743	0.9237881759596526	7.621182404034743	92.37881759596526	routine
590.5	1	0.32996727551478544	0.3973014458869527	0.5731848257191215	1.4878043549633824	0.6721313838502724	0.3224992995236761	0.6775007004763238	0.0	0.0	0.0	0.0	0.0	0.0	0.0	0.08062482488091903	0.919375175119081	8.062482488091902	91.9375175119081	routine
590.75	1	0.2659242969825621	0.6386455959570551	0.92137083417282	1.8939140166116477	0.5280070748877365	0.3505183524796862	0.6494816475203138	0.0	0.0	0.0	0.0	0.0	0.0	0.0	0.08762958811992155	0.9123704118800784	8.762958811992155	91.23704118800784	routine
591.0	0	0.2501731985089239	0.7647878900883913	1.1033556963624558	2.1485385999872353	0.46543264338185086	0.37293359484449423	0.6270664051555057	0.0	0.0	0.0	0.0	0.0	0.0	0.0	0.09323339871112356	0.9067666012888764	9.323339871112356	90.67666012888765	routine
591.25	1	0.28574178975841574	0.6765387507132793	0.9760391006232627	1.9670574594788341	0.5083735582716261	0.3575231157186887	0.6424768842813113	0.0	0.0	0.0	0.0	0.0	0.0	0.0	0.08938077892967218	0.9106192210703278	8.938077892967218	91.06192210703277	routine
591.5	1	0.37204930889583515	0.5165275999119004	0.7451918068751774	1.6761971055893372	0.5965885495598731	0.33566825441300085	0.6643317455869991	0.0	0.0	0.0	0.0	0.0	0.0	0.0	0.08391706360325021	0.9160829363967498	8.39170636032502	91.60829363967497	routine
591.75	1	0.5047393497092822	0.4194761742771528	0.6051761964007228	1.521164521778255	0.6573910880007844	0.32558139534883723	0.6744186046511628	0.0	0.0	0.0	0.0	0.0	0.0	0.0	0.08139534883720931	0.9186046511627907	8.13953488372093	91.86046511627907	routine
592.0	1	0.6750924613105079	0.39980705121137583	0.5767996500950917	1.4915368796409811	0.6704493959550661	0.3227794900532362	0.6772205099467639	0.0	0.0	0.0	0.0	0.0	0.0	0.0	0.08069487251330905	0.9193051274866909	8.069487251330905	91.93051274866909	routine
592.25	1	0.8698255824451423	0.430075792556753	0.6204682131280181	1.5373740406418874	0.6504597928442177	0.3269823479966377	0.6730176520033623	0.0	0.0	0.0	0.0	0.0	0.0	0.0	0.08174558699915943	0.9182544130008405	8.174558699915943	91.82544130008405	routine
592.5	2	1.0719783293710918	0.48561578180209797	0.7005954801833036	1.6251754542545238	0.6153181783432147	0.3323059680582796	0.6676940319417204	0.0	0.0	0.0	0.0	0.0	0.0	0.0	0.0830764920145699	0.9169235079854301	8.30764920145699	91.692350798543	routine
592.75	2	1.2629800475142903	0.549876274438911	0.7933037742355156	1.7330385834310342	0.5770211982356565	0.3398711123564023	0.6601288876435977	0.0	0.0	0.0	0.0	0.0	0.0	0.0	0.08496777808910058	0.9150322219108994	8.496777808910059	91.50322219108993	routine
593.0	2	1.4250398415402552	0.6094669413338921	0.879274933848171	1.839450602309394	0.5436405841747094	0.3449145418884842	0.6550854581115158	0.0	0.0	0.0	0.0	0.0	0.0	0.0	0.08622863547212105	0.913771364527879	8.622863547212106	91.3771364527879	routine
593.25	2	1.5445305278020014	0.6589535752658247	0.9506690552120576	1.9327687787817966	0.51739246358806	0.3547212104230877	0.6452787895769123	0.0	0.0	0.0	0.0	0.0	0.0	0.0	0.08868030260577192	0.9113196973942281	8.868030260577193	91.13196973942281	routine
593.5	2	1.61116803906096	0.6876991272650923	0.9921401205290168	1.9891335208665923	0.5027314604624111	0.3622863547212104	0.6377136452787896	0.0	0.0	0.0	0.0	0.0	0.0	0.0	0.0905715886803026	0.9094284113196974	9.05715886803026	90.94284113196974	routine
593.75	2	1.6199134990505868	0.6915379788773024	0.9976784127126609	1.996784184776303	0.5008052485712313	0.36312692630989074	0.6368730736901093	0.0	0.0	0.0	0.0	0.0	0.0	0.0	0.09078173157747269	0.9092182684225273	9.078173157747269	90.92182684225273	routine
594.0	2	1.5701266775921883	0.6698916290362757	0.9664493311436642	1.954025549529283	0.5117640351431925	0.35612216307088823	0.6438778369291118	0.0	0.0	0.0	0.0	0.0	0.0	0.0	0.08903054076772206	0.9109694592322779	8.903054076772206	91.09694592322779	routine
594.25	2	1.465519047032402	0.6259536206596183	0.9030601843521228	1.8700284051288736	0.5347512354664392	0.34715606612496497	0.652843933875035	0.0	0.0	0.0	0.0	0.0	0.0	0.0	0.08678901653124124	0.9132109834687587	8.678901653124123	91.32109834687587	routine
594.5	2	1.3143530893287203	0.5656973960874958	0.8161288279792299	1.7606752426847772	0.5679639127969696	0.34043149341552253	0.6595685065844774	0.0	0.0	0.0	0.0	0.0	0.0	0.0	0.08510787335388063	0.9148921266461194	8.510787335388063	91.48921266461194	routine
594.75	2	1.1293757684615695	0.49622049267873036	0.7158948439750825	1.6425016774895589	0.6088273842912753	0.33370692070608016	0.6662930792939199	0.0	0.0	0.0	0.0	0.0	0.0	0.0	0.08342673017652004	0.91657326982348	8.342673017652004	91.657326982348	routine
595.0	2	0.9268029668028069	0.42416487565549077	0.6119405626274603	1.5283135547115034	0.6543159922367946	0.3261417764079574	0.6738582235920426	0.0	0.0	0.0	0.0	0.0	0.0	0.0	0.08153544410198935	0.9184645558980107	8.153544410198935	91.84645558980107	routine
595.25	1	0.72447054021501	0.3588263370510292	0.5176769770038715	1.431648155741385	0.6984956436325976	0.3196973942280751	0.6803026057719249	0.0	0.0	0.0	0.0	0.0	0.0	0.0	0.07992434855701877	0.9200756514429812	7.992434855701877	92.00756514429813	routine
595.5	1	0.5380593222926647	0.30367694153309605	0.43811321758212535	1.3548312956610826	0.7380992771591207	0.31549453628467355	0.6845054637153265	0.0	0.0	0.0	0.0	0.0	0.0	0.0	0.07887363407116839	0.9211263659288316	7.887363407116839	92.11263659288316	routine
595.75	1	0.37966841693567754	0.2715620386952792	0.39178120651937604	1.312012264860804	0.7621879968523722	0.3118520594003923	0.6881479405996077	0.0	0.0	0.0	0.0	0.0	0.0	0.0	0.07796301485009807	0.922036985149902	7.796301485009807	92.2036985149902	routine
596.0	1	0.25597606723465977	0.2865087983252394	0.41334482251487903	1.3317698851872568	0.7508804720114185	0.31297282151863265	0.6870271784813673	0.0	0.0	0.0	0.0	0.0	0.0	0.0	0.07824320537965816	0.9217567946203419	7.824320537965816	92.17567946203418	routine
596.25	1	0.1687865807349371	0.39095898097891196	0.5640345830492789	1.4783978697359883	0.6764079010602062	0.322219108994116	0.677780891005884	0.0	0.0	0.0	0.0	0.0	0.0	0.0	0.080554777248529	0.919445222751471	8.0554777248529	91.9445222751471	routine
596.5	0	0.11676089449349508	0.6004688702558231	0.8662934613262744	1.8229733380165707	0.5485543749575728	0.34407397029980386	0.6559260297001961	0.0	0.0	0.0	0.0	0.0	0.0	0.0	0.08601849257495096	0.913981507425049	8.601849257495097	91.3981507425049	routine
596.75	0	0.09762911852461587	0.739568251156145	1.0669714483418937	2.095030792079669	0.4773199533775504	0.3698514990193332	0.6301485009806669	0.0	0.0	0.0	0.0	0.0	0.0	0.0	0.0924628747548333	0.9075371252451667	9.24628747548333	90.75371252451667	routine
597.0	0	0.11076276475921115	0.6143007696946283	0.8862486740527136	1.8483637156738586	0.54101906000434	0.3457551134771645	0.6542448865228355	0.0	0.0	0.0	0.0	0.0	0.0	0.0	0.08643877836929112	0.9135612216307089	8.643877836929112	91.35612216307088	routine
597.25	1	0.15560404759831473	0.35854259383257964	0.5172676220697285	1.4312419929116869	0.6986938651552713	0.3191370131689549	0.6808629868310452	0.0	0.0	0.0	0.0	0.0	0.0	0.0	0.07978425329223872	0.9202157467077613	7.978425329223872	92.02157467077613	routine
597.5	1	0.23416788769103578	0.2194645988575194	0.3166204884224289	1.245409758247015	0.8029485824870658	0.30764920145699076	0.6923507985430093	0.0	0.0	0.0	0.0	0.0	0.0	0.0	0.07691230036424769	0.9230876996357523	7.691230036424769	92.30876996357523	routine
597.75	1	0.3467521185964758	0.17960269549799093	0.2591119181252421	1.1967417977519452	0.835602133959455	0.30344634351358923	0.6965536564864108	0.0	0.0	0.0	0.0	0.0	0.0	0.0	0.07586158587839731	0.9241384141216027	7.586158587839731	92.41384141216027	routine
598.0	1	0.4909496227441085	0.19521007447941016	0.28162860638301024	1.215566319131036	0.8226618196486915	0.30400672457270944	0.6959932754272906	0.0	0.0	0.0	0.0	0.0	0.0	0.0	0.07600168114317736	0.9239983188568226	7.600168114317736	92.39983188568226	routine
598.25	1	0.6596769642193565	0.2404472242392999	0.3468920180055545	1.2718178109055382	0.7862761406745805	0.30848977304567105	0.691510226954329	0.0	0.0	0.0	0.0	0.0	0.0	0.0	0.07712244326141776	0.9228775567385823	7.712244326141776	92.28775567385823	routine
598.5	1	0.840876909375766	0.30252038352094834	0.4364446570734995	1.3532652604508266	0.7389534256327988	0.3149341552255534	0.6850658447744467	0.0	0.0	0.0	0.0	0.0	0.0	0.0	0.07873353880638835	0.9212664611936117	7.8733538806388355	92.12664611936117	routine
598.75	1	1.020645894136533	0.3858923755913492	0.5567250165825007	1.4709263547164626	0.6798436895182024	0.3216587279349958	0.6783412720650042	0.0	0.0	0.0007009978945392903	0.0007009978945392903	0.0	0.0	0.012295081967213115	0.08348845247555223	0.9165115475244477	8.348845247555223	91.65115475244477	routine
599.0	2	1.1832915586019674	0.4758146369254618	0.6864554170747463	1.609324678938539	0.6213786522304308	0.33118520594003925	0.6688147940599607	0.0	0.0	0.0017617801108797534	0.0017617801108797534	0.0	0.0	0.03125	0.09060880148500981	0.9093911985149902	9.060880148500981	90.93911985149902	routine
599.25	2	1.317954789411461	0.5694854043029396	0.8215937686464974	1.767357342903936	0.5658165305477527	0.3412720650042029	0.6587279349957971	0.0	0.0	0.004159520671928327	0.004159520671928327	0.0	0.0	0.051741803278688527	0.09825346707072286	0.9017465329292771	9.825346707072285	90.17465329292772	routine
599.5	2	1.4195197631066472	0.6615102096615253	0.954357498976101	1.9377164839621823	0.5160713697161884	0.3552815914822079	0.6447184085177922	0.0	0.0	0.009680390027964534	0.009680390027964534	0.0	0.0	0.07223360655737705	0.10687879950989623	0.8931212004901038	10.687879950989624	89.31212004901037	routine
599.75	2	1.4877568099101122	0.7408744563441415	1.0688559040889998	2.0977691201891493	0.4766968825958469	0.37013168954889325	0.6298683104511067	0.0	0.0	0.020397479239124185	0.020397479239124185	0.0	0.0	0.09375	0.11597042238722331	0.8840295776127767	11.59704223872233	88.40295776127766	routine
600.0	2	1.5270602071629442	0.8039130134473186	1.1598013178065492	2.2342665606976273	0.44757416934520117	0.37657607172877555	0.6234239282712244	0.0	0.0	0.04047758560741229	0.04047758560741229	0.0	0.0	0.11526639344262295	0.12296061629284963	0.8770393837071504	12.296061629284964	87.70393837071504	routine
600.25	2	1.5436170015475716	0.8521393470895795	1.2293772101924956	2.3446575264842453	0.42650152045850154	0.3830204539086579	0.6169795460913421	0.0	0.0	0.07568918017811617	0.07568918017811617	0.0	0.0	0.13780737704918034	0.13020695773945956	0.8697930422605404	13.020695773945956	86.97930422605404	routine
600.5	2	1.5444296519557108	0.8937248412420817	1.2893723963792274	2.444217036671877	0.40912897054413444	0.3883440739702998	0.6116559260297002	0.0	0.0	0.13344360098982855	0.13344360098982855	0.0	0.0	0.16137295081967212	0.13742925619749297	0.862570743802507	13.742925619749297	86.2570743802507	routine
600.75	3	1.5374885957909838	0.9391829326169074	1.3549545593739658	2.5578905952990016	0.39094713504863804	0.39618940879798265	0.6038105912020173	0.0	0.0	0.22197733063221717	0.22197733063221717	0.0	0.0	0.1885245901639344	0.14617849974047925	0.8538215002595207	14.617849974047925	85.38215002595207	routine
601.0	3	1.5324137468699695	0.9937847865769058	1.433728383305399	2.7014395202377077	0.3701730105406939	0.40235360044830487	0.5976463995516952	0.0	0.0	0.34866349429921273	0.34866349429921273	0.0	0.0	0.2223360655737705	0.15617241650551883	0.8438275834944812	15.617241650551883	84.38275834944811	routine
601.25	2	1.5400939289325537	1.0513442543046398	1.5167691419524092	2.861495110952926	0.34946765981612427	0.41103950686466795	0.588960493135332	0.0	0.0	0.5175657844417424	0.5175657844417424	0.0	0.0	0.26075819672131145	0.16794942589649486	0.8320505741035051	16.794942589649487	83.20505741035052	routine
601.5	3	1.5703684321473081	1.095273643162701	1.580145853407217	2.9900007647228146	0.33444807499663104	0.419445222751471	0.580554777248529	0.0	0.0	0.7267525172221868	0.7267525172221868	0.0	0.0	0.3073770491803279	0.18170556798294973	0.8182944320170502	18.170556798294974	81.82944320170502	routine
601.75	3	1.6281562082919125	1.108716002832248	1.5995390790403181	3.0304647870766193	0.3299823856276067	0.4225273185766321	0.5774726814233679	0.0	0.0	0.9662378402787932	0.9662378402787932	0.0	0.0	0.3698770491803279	0.19810109193924	0.80189890806076	19.810109193924	80.18989080607601	routine
602.0	3	1.7097384441725962	1.0862267754060948	1.567093982159183	2.9630726145816295	0.337487510457517	0.4169235079854301	0.5830764920145699	0.0	0.0	1.217500232809717	1.217500232809717	0.0	0.0	0.42418032786885246	0.21027595896357065	0.7897240410364293	21.027595896357067	78.97240410364293	routine
602.25	3	1.801264313341617	1.036091769262517	1.4947644574209054	2.818181360440762	0.3548387673118385	0.40851779209862704	0.591482207901373	0.0	0.0	1.4552146484646107	1.4552146484646107	0.0	0.0	0.45235655737704916	0.21521858736891905	0.7847814126310809	21.521858736891904	78.47814126310809	routine
602.5	3	1.8807245132744566	0.9726037618514651	1.4031706239730593	2.6448219883419477	0.3780972800467774	0.3984309330344634	0.6015690669655366	0.0	0.0	1.651175920119765	1.651175920119765	0.0	0.0	0.4672131147540984	0.21641101194714046	0.7835889880528595	21.641101194714047	78.35889880528595	routine
602.75	3	1.9231066106133738	0.9074090049042495	1.3091144714333498	2.477893997633223	0.40356851461570054	0.3900252171476604	0.6099747828523396	0.0	0.0	1.7796244456753803	1.7796244456753803	0.0	0.0	0.47899590163934425	0.21725527969675118	0.7827447203032488	21.725527969675117	78.27447203032489	routine
603.0	2	1.9070513307033372	0.8461787136096137	1.220777833830392	2.330723451545091	0.4290513313954415	0.3824600728495377	0.6175399271504622	0.0	0.0	1.8226215543613684	1.8226215543613684	0.0	0.0	0.48309426229508196	0.21638858378615491	0.7836114162138451	21.63885837861549	78.3611416213845	routine
603.25	2	1.8204201311444548	0.7882410949770648	1.137191518748298	2.199524267592229	0.45464376762465913	0.3743345474922948	0.6256654525077052	0.0	0.0	1.7739926242779716	1.7739926242779716	0.0	0.0	0.47797131147540983	0.21307646474192615	0.7869235352580739	21.307646474192616	78.69235352580739	routine
603.5	2	1.6649349549746655	0.736006114426624	1.0618323713472455	2.087581281909743	0.4790232642271964	0.36873073690109276	0.6312692630989072	0.0	0.0	1.6407149165650659	1.6407149165650659	0.0	0.0	0.4651639344262295	0.20847366783183058	0.7915263321681694	20.84736678318306	79.15263321681694	routine
603.75	2	1.453219868412955	0.684698591819046	0.9878112629209943	1.983174000577483	0.5042421893937742	0.3608854020734099	0.6391145979265901	0.0	0.0	1.4413504104397412	1.4413504104397412	0.0	0.0	0.44979508196721313	0.20267012101015575	0.7973298789898442	20.267012101015574	79.73298789898442	routine
604.0	2	1.2074392760417636	0.6332498750033718	0.9135864543109206	1.8837225050700568	0.5308637537155768	0.3493975903614458	0.6506024096385542	0.0	0.0	1.2019748627197333	1.2019748627197333	0.0	0.0	0.42213114754098363	0.19288218447560734	0.8071178155243927	19.288218447560734	80.71178155243926	routine
604.25	2	0.9531243673630333	0.5812854248364194	0.8386175997525366	1.7883357250910388	0.559179121665812	0.3423928271224433	0.6576071728775568	0.0	0.0	0.9507611003625146	0.9507611003625146	0.0	0.0	0.36219262295081966	0.17614636251831572	0.8238536374816843	17.614636251831573	82.38536374816843	routine
604.5	2	0.7136652449235378	0.5290792730079824	0.7633000434057542	1.6973687756883362	0.5891471637296195	0.3373493975903614	0.6626506024096386	0.0	0.0	0.7127050959213912	0.7127050959213912	0.0	0.0	0.3043032786885246	0.1604131690697215	0.8395868309302785	16.04131690697215	83.95868309302786	routine
604.75	1	0.5061898769975932	0.47732794077493695	0.6886386530337424	1.6117619198481326	0.6204390286713217	0.3314653964695993	0.6685346035304007	0.0	0.0	0.5058234216412936	0.5058234216412936	0.0	0.0	0.2576844262295082	0.14728745567477688	0.8527125443252231	14.728745567477688	85.27125443252231	routine
605.0	1	0.33956617314629267	0.42364077795934757	0.6111844494802933	1.5275127789591878	0.65465900761981	0.3258615858783973	0.6741384141216027	0.0	0.0	0.33956617314629267	0.33956617314629267	0.0	0.0	0.2192622950819672	0.13628097024009111	0.8637190297599089	13.628097024009111	86.37190297599089	routine
605.25	1	0.2154204705698385	0.3767829243522898	0.54358285645469	1.457587868196049	0.686064985734018	0.3210983468758756	0.6789016531241244	0.0	0.0	0.2154204705698385	0.2154204705698385	0.0	0.0	0.1875	0.1271495867189689	0.8728504132810311	12.71495867189689	87.2850413281031	routine
605.5	0	0.12903700918296987	0.33222846731275285	0.47930436223424966	1.394071311858305	0.7173234191778858	0.31801625105071446	0.6819837489492855	0.0	0.0	0.12903700918296987	0.12903700918296987	0.0	0.0	0.1603483606557377	0.11959115292661304	0.880408847073387	11.959115292661304	88.04088470733869	routine
605.75	0	0.07292368371992645	0.2907222127859463	0.4194234946625507	1.3373930216632155	0.7477233571597188	0.3132530120481928	0.6867469879518072	0.0	0.0	0.07292368371992645	0.07292368371992645	0.0	0.0	0.13524590163934427	0.11212472842188426	0.8878752715781157	11.212472842188426	88.78752715781158	routine
606.0	0	0.038855288430028855	0.25270675203487136	0.3645787779598659	1.2875056630543178	0.7766956128392669	0.31017091622303167	0.6898290837769683	0.0	0.0	0.038855288430028855	0.038855288430028855	0.0	0.0	0.11168032786885246	0.10546281102297103	0.8945371889770289	10.546281102297103	89.4537188977029	routine
606.25	0	0.019507320456083527	0.21837885322015943	0.31505408857574285	1.2440582938413276	0.8038208538542521	0.30736901092743063	0.6926309890725694	0.0	0.0	0.019507320456083527	0.019507320456083527	0.0	0.0	0.09118852459016394	0.09963938387939864	0.9003606161206014	9.963938387939864	90.03606161206014	routine
606.5	0	0.009223305969243306	0.18774765700980217	0.2708626137065636	1.2065290177921988	0.828823828729688	0.30372653404314937	0.6962734659568506	0.0	0.0	0.009223305969243306	0.009223305969243306	0.0	0.0	0.0706967213114754	0.0936058138386562	0.9063941861613438	9.36058138386562	90.63941861613438	routine
606.75	0	0.003950207569071745	-0.0	-0.0	1.0	1.0	0.22289156626506024	0.7771084337349398	0.0	0.0	0.003950207569071745	0.003950207569071745	0.0	0.0	0.0507172131147541	0.06840219484495358	0.9315978051550464	6.840219484495358	93.15978051550464	routine
607.0	0	0.0016666306218891744	-0.0	-0.0	1.0	1.0	0.22289156626506024	0.7771084337349398	0.0	0.0	0.0016666306218891744	0.0016666306218891744	0.0	0.0	0.030225409836065573	0.06327924402528146	0.9367207559747186	6.327924402528145	93.67207559747186	routine
607.25	0	0.0006605647464972008	-0.0	-0.0	1.0	1.0	0.22289156626506024	0.7771084337349398	0.0	0.0	0.0006605647464972008	0.0006605647464972008	0.0	0.0	0.011270491803278689	0.05854051451708473	0.9414594854829152	5.854051451708473	94.14594854829153	routine
607.5	0	0.0			0.0		0.08615858783973102	0.9138414121602689	0.0	0.0	0.0	0.0	0.0	0.0	0.0	0.021539646959932754	0.9784603530400673	2.1539646959932752	97.84603530400673	routine
607.75	0	0.0			0.0		0.08615858783973102	0.9138414121602689	0.0	0.0	0.0	0.0	0.0	0.0	0.0	0.021539646959932754	0.9784603530400673	2.1539646959932752	97.84603530400673	routine
608.0	0	0.0			0.0		0.08615858783973102	0.9138414121602689	0.0	0.0	0.0	0.0	0.0	0.0	0.0	0.021539646959932754	0.9784603530400673	2.1539646959932752	97.84603530400673	routine
608.25	0	0.0			0.0		0.08615858783973102	0.9138414121602689	0.0	0.0	0.0	0.0	0.0	0.0	0.0	0.021539646959932754	0.9784603530400673	2.1539646959932752	97.84603530400673	routine
608.5	0	0.0			0.0		0.08615858783973102	0.9138414121602689	0.0	0.0	0.0	0.0	0.0	0.0	0.0	0.021539646959932754	0.9784603530400673	2.1539646959932752	97.84603530400673	routine
608.75	0	0.000535148894639374	-0.0	-0.0	1.0	1.0	0.22289156626506024	0.7771084337349398	0.0	0.0	0.0	0.0	0.0	0.0	0.0	0.05572289156626506	0.9442771084337349	5.572289156626506	94.42771084337349	routine
609.0	0	0.001368768125586297	-0.0	-0.0	1.0	1.0	0.22289156626506024	0.7771084337349398	0.0	0.0	0.0	0.0	0.0	0.0	0.0	0.05572289156626506	0.9442771084337349	5.572289156626506	94.42771084337349	routine
609.25	0	0.0032888322972691214	-0.0	-0.0	1.0	1.0	0.22289156626506024	0.7771084337349398	0.0	0.0	0.0	0.0	0.0	0.0	0.0	0.05572289156626506	0.9442771084337349	5.572289156626506	94.42771084337349	routine
609.5	0	0.0074235248899852686	-0.0	-0.0	1.0	1.0	0.22289156626506024	0.7771084337349398	0.0	0.0	0.0	0.0	0.0	0.0	0.0	0.05572289156626506	0.9442771084337349	5.572289156626506	94.42771084337349	routine
609.75	0	0.015741104576710196	-0.0	-0.0	1.0	1.0	0.22289156626506024	0.7771084337349398	0.0	0.0	0.0	0.0	0.0	0.0	0.0	0.05572289156626506	0.9442771084337349	5.572289156626506	94.42771084337349	routine
610.0	0	0.03135572408764981	-0.0	-0.0	1.0	1.0	0.22289156626506024	0.7771084337349398	0.0	0.0	0.0	0.0	0.0	0.0	0.0	0.05572289156626506	0.9442771084337349	5.572289156626506	94.42771084337349	routine
610.25	0	0.05867526493023528	-0.0	-0.0	1.0	1.0	0.22289156626506024	0.7771084337349398	0.0	0.0	0.0	0.0	0.0	0.0	0.0	0.05572289156626506	0.9442771084337349	5.572289156626506	94.42771084337349	routine
610.5	0	0.10314540347295235	-0.0	-0.0	1.0	1.0	0.22289156626506024	0.7771084337349398	0.0	0.0	0.0	0.0	0.0	0.0	0.0	0.05572289156626506	0.9442771084337349	5.572289156626506	94.42771084337349	routine
610.75	1	0.1703339798193887	-0.0	-0.0	1.0	1.0	0.22289156626506024	0.7771084337349398	0.0	0.0	0.0	0.0	0.0	0.0	0.0	0.05572289156626506	0.9442771084337349	5.572289156626506	94.42771084337349	routine
611.0	1	0.2642465362857761	-0.0	-0.0	1.0	1.0	0.22289156626506024	0.7771084337349398	0.0	0.0	0.0	0.0	0.0	0.0	0.0	0.05572289156626506	0.9442771084337349	5.572289156626506	94.42771084337349	routine
611.25	1	0.38510034509920915	-0.0	-0.0	1.0	1.0	0.22289156626506024	0.7771084337349398	0.0	0.0	0.0	0.0	0.0	0.0	0.0	0.05572289156626506	0.9442771084337349	5.572289156626506	94.42771084337349	routine
611.5	1	0.5272239215904786	-0.0	-0.0	1.0	1.0	0.22289156626506024	0.7771084337349398	0.0	0.0	0.0	0.0	0.0	0.0	0.0	0.05572289156626506	0.9442771084337349	5.572289156626506	94.42771084337349	routine
611.75	1	0.6780674569061137	-0.0	-0.0	1.0	1.0	0.22289156626506024	0.7771084337349398	0.0	0.0	0.0	0.0	0.0	0.0	0.0	0.05572289156626506	0.9442771084337349	5.572289156626506	94.42771084337349	routine
612.0	1	0.8192327216884637	-0.0	-0.0	1.0	1.0	0.22289156626506024	0.7771084337349398	0.0	0.0	0.0	0.0	0.0	0.0	0.0	0.05572289156626506	0.9442771084337349	5.572289156626506	94.42771084337349	routine
612.25	1	0.9298186963276813	-0.0	-0.0	1.0	1.0	0.22289156626506024	0.7771084337349398	0.0	0.0	0.0	0.0	0.0	0.0	0.0	0.05572289156626506	0.9442771084337349	5.572289156626506	94.42771084337349	routine
612.5	1	0.9913930120149773	-0.0	-0.0	1.0	1.0	0.22289156626506024	0.7771084337349398	0.0	0.0	0.0	0.0	0.0	0.0	0.0	0.05572289156626506	0.9442771084337349	5.572289156626506	94.42771084337349	routine
612.75	1	0.9930017803665077	-0.0	-0.0	1.0	1.0	0.22289156626506024	0.7771084337349398	0.0	0.0	0.0	0.0	0.0	0.0	0.0	0.05572289156626506	0.9442771084337349	5.572289156626506	94.42771084337349	routine
613.0	1	0.9343525943142945	-0.0	-0.0	1.0	1.0	0.22289156626506024	0.7771084337349398	0.0	0.0	0.0	0.0	0.0	0.0	0.0	0.05572289156626506	0.9442771084337349	5.572289156626506	94.42771084337349	routine
613.25	1	0.8259013182593187	-0.0	-0.0	1.0	1.0	0.22289156626506024	0.7771084337349398	0.0	0.0	0.0	0.0	0.0	0.0	0.0	0.05572289156626506	0.9442771084337349	5.572289156626506	94.42771084337349	routine
613.5	1	0.6858073222826733	-0.0	-0.0	1.0	1.0	0.22289156626506024	0.7771084337349398	0.0	0.0	0.0	0.0	0.0	0.0	0.0	0.05572289156626506	0.9442771084337349	5.572289156626506	94.42771084337349	routine
613.75	1	0.5349739943205692	-0.0	-0.0	1.0	1.0	0.22289156626506024	0.7771084337349398	0.0	0.0	0.0	0.0	0.0	0.0	0.0	0.05572289156626506	0.9442771084337349	5.572289156626506	94.42771084337349	routine
614.0	1	0.3920304663181755	-0.0	-0.0	1.0	1.0	0.22289156626506024	0.7771084337349398	0.0	0.0	0.0	0.0	0.0	0.0	0.0	0.05572289156626506	0.9442771084337349	5.572289156626506	94.42771084337349	routine
614.25	1	0.26987556353648784	-0.0	-0.0	1.0	1.0	0.22289156626506024	0.7771084337349398	0.0	0.0	0.0	0.0	0.0	0.0	0.0	0.05572289156626506	0.9442771084337349	5.572289156626506	94.42771084337349	routine
614.5	1	0.17452751302400493	-0.0	-0.0	1.0	1.0	0.22289156626506024	0.7771084337349398	0.0	0.0	0.0	0.0	0.0	0.0	0.0	0.05572289156626506	0.9442771084337349	5.572289156626506	94.42771084337349	routine
614.75	0	0.10602806433798914	-0.0	-0.0	1.0	1.0	0.22289156626506024	0.7771084337349398	0.0	0.0	0.0	0.0	0.0	0.0	0.0	0.05572289156626506	0.9442771084337349	5.572289156626506	94.42771084337349	routine
615.0	0	0.06086931720748595	0.036097351330656835	0.05207746975396524	1.0367567712295118	0.9645463890378828	0.2877556738582236	0.7122443261417764	0.0	0.0	0.0003583129544331094	0.0003583129544331094	0.0	0.0	0.0010245901639344263	0.0721950660055395	0.9278049339944605	7.2195066005539505	92.78049339944604	routine
615.25	0	0.03338190657547771	0.12829807296433188	0.185094993621252	1.1368918289146535	0.8795911577222445	0.29952367609974784	0.7004763239002522	0.0	0.0	0.000940140891802289	0.000940140891802289	0.0	0.0	0.0194672131147541	0.07974772230362548	0.9202522776963745	7.974772230362548	92.02522776963745	routine
615.5	0	0.018656503271907578	0.3752262133682438	0.5413369972379094	1.4553205903574407	0.6871338223520842	0.3208181563463155	0.6791818436536845	0.0	0.0	0.0023172877765207807	0.0023172877765207807	0.0	0.0	0.038422131147540985	0.08981007187346413	0.9101899281265359	8.981007187346412	91.0189928126536	routine
615.75	0	0.013096288811881011	0.6767524045110752	0.97634733789781	1.9674777736747977	0.5082649539324803	0.3578033062482488	0.6421966937517511	0.0	0.0	0.005365665482965423	0.005365665482965423	0.0	0.0	0.05737704918032787	0.10379508885714417	0.8962049111428558	10.379508885714417	89.62049111428558	routine
616.0	0	0.015107433061092555	0.536162525333376	0.7735190164089648	1.7094343483168872	0.5849888303605237	0.33762958811992155	0.6623704118800784	0.0	0.0	0.01167142305248151	0.01167142305248151	0.0	0.0	0.07735655737704918	0.10374653637424268	0.8962534636257573	10.374653637424268	89.62534636257573	routine
616.25	0	0.025284240250492505	0.21790594882632217	0.3143718317519392	1.2434701122957608	0.8042010741647394	0.30708882039787055	0.6929111796021294	0.0	0.0	0.023849573866748863	0.023849573866748863	0.0	0.0	0.09733606557377049	0.10110622149291026	0.8988937785070897	10.110622149291027	89.88937785070897	routine
616.5	0	0.04634465816789375	0.06562911194613308	0.09468279434263283	1.0678305981002303	0.9364781284401222	0.2933594844494256	0.7066405155505744	0.0	0.0	0.04578192304895456	0.04578192304895456	0.0	0.0	0.11782786885245902	0.10279683832547115	0.8972031616745288	10.279683832547114	89.72031616745288	routine
616.75	0	0.08255892575461901	-0.0	-0.0	1.0	1.0	0.22289156626506024	0.7771084337349398	0.0	0.0	0.08255892575461901	0.08255892575461901	0.0	0.0	0.1398565573770492	0.09068703091052735	0.9093129690894727	9.068703091052734	90.93129690894727	routine
617.0	1	0.13985906821121388	-0.0	-0.0	1.0	1.0	0.22289156626506024	0.7771084337349398	0.0	0.0	0.13985906821121388	0.13985906821121388	0.0	0.0	0.16290983606557377	0.0964503505826585	0.9035496494173415	9.645035058265849	90.35496494173415	routine
617.25	1	0.2225736882578442	-0.0	-0.0	1.0	1.0	0.22289156626506024	0.7771084337349398	0.0	0.0	0.2225736882578442	0.2225736882578442	0.0	0.0	0.18903688524590165	0.10298211287774048	0.8970178871222595	10.298211287774048	89.70178871222595	routine
617.5	1	0.33274658689589853	-0.0	-0.0	1.0	1.0	0.22289156626506024	0.7771084337349398	0.0	0.0	0.33274658689589853	0.33274658689589853	0.0	0.0	0.21670081967213115	0.10989809648429785	0.8901019035157022	10.989809648429786	89.01019035157022	routine
617.75	1	0.4673152904254297	-0.0	-0.0	1.0	1.0	0.22289156626506024	0.7771084337349398	0.0	0.0	0.4673152904254297	0.4673152904254297	0.0	0.0	0.2489754098360656	0.11796674402528146	0.8820332559747186	11.796674402528145	88.20332559747186	routine
618.0	1	0.6165424273615274	-0.0	-0.0	1.0	1.0	0.22289156626506024	0.7771084337349398	0.0	0.0	0.6165424273615274	0.6165424273615274	0.0	0.0	0.2832991803278688	0.12654768664823227	0.8734523133517678	12.654768664823226	87.34523133517678	routine
618.25	1	0.7641393057885838	-0.0	-0.0	1.0	1.0	0.22289156626506024	0.7771084337349398	0.0	0.0	0.7641393057885838	0.7641393057885838	0.0	0.0	0.3145491803278688	0.13436018664823227	0.8656398133517678	13.436018664823226	86.56398133517678	routine
618.5	1	0.8896899933472476	-0.0	-0.0	1.0	1.0	0.22289156626506024	0.7771084337349398	0.0	0.0	0.8896899933472476	0.8896899933472476	0.0	0.0	0.3447745901639344	0.14191653910724866	0.8580834608927513	14.191653910724867	85.80834608927513	routine
618.75	1	0.9731089507510037	-0.0	-0.0	1.0	1.0	0.22289156626506024	0.7771084337349398	0.0	0.0	0.9731089507510037	0.9731089507510037	0.0	0.0	0.3719262295081967	0.14870444894331425	0.8512955510566858	14.870444894331424	85.12955510566857	routine
619.0	1	0.9998637502699714	-0.0	-0.0	1.0	1.0	0.22289156626506024	0.7771084337349398	0.0	0.0	0.9998637502699714	0.9998637502699714	0.0	0.0	0.39139344262295084	0.15357125222200277	0.8464287477779973	15.357125222200278	84.64287477779973	routine
619.25	1	0.9651099087882617	-0.0	-0.0	1.0	1.0	0.22289156626506024	0.7771084337349398	0.0	0.0	0.9651099087882617	0.9651099087882617	0.0	0.0	0.36834016393442626	0.14780793254987162	0.8521920674501284	14.780793254987163	85.21920674501284	routine
619.5	1	0.8751234481203054	-0.0	-0.0	1.0	1.0	0.22289156626506024	0.7771084337349398	0.0	0.0	0.8751234481203054	0.8751234481203054	0.0	0.0	0.3427254098360656	0.14140424402528146	0.8585957559747186	14.140424402528145	85.85957559747186	routine
619.75	1	0.7454499009292898	-0.0	-0.0	1.0	1.0	0.22289156626506024	0.7771084337349398	0.0	0.0	0.7454499009292898	0.7454499009292898	0.0	0.0	0.3125	0.13384789156626506	0.8661521084337349	13.384789156626505	86.61521084337349	routine
620.0	1	0.5965188845568431	-0.0	-0.0	1.0	1.0	0.22289156626506024	0.7771084337349398	0.0	0.0	0.5965188845568431	0.5965188845568431	0.0	0.0	0.2802254098360656	0.12577924402528146	0.8742207559747186	12.577924402528145	87.42207559747186	routine
620.25	1	0.44842160388488234	-0.0	-0.0	1.0	1.0	0.22289156626506024	0.7771084337349398	0.0	0.0	0.44842160388488234	0.44842160388488234	0.0	0.0	0.2464139344262295	0.11732637517282243	0.8826736248271776	11.732637517282244	88.26736248271776	routine
620.5	1	0.3166689289578695	-0.0	-0.0	1.0	1.0	0.22289156626506024	0.7771084337349398	0.0	0.0	0.3166689289578695	0.3166689289578695	0.0	0.0	0.21311475409836064	0.10900158009085523	0.8909984199091447	10.900158009085523	89.09984199091447	routine
620.75	1	0.21007819319907522	-0.0	-0.0	1.0	1.0	0.22289156626506024	0.7771084337349398	0.0	0.0	0.21007819319907522	0.21007819319907522	0.0	0.0	0.18596311475409835	0.10221367025478964	0.8977863297452103	10.221367025478964	89.77863297452103	routine
621.0	0	0.1309221379866849	-0.0	-0.0	1.0	1.0	0.22289156626506024	0.7771084337349398	0.0	0.0	0.1309221379866849	0.1309221379866849	0.0	0.0	0.16086065573770492	0.09593805550069129	0.9040619444993088	9.59380555006913	90.40619444993088	routine
621.25	0	0.07664817151039746	-0.0	-0.0	1.0	1.0	0.22289156626506024	0.7771084337349398	0.0	0.0	0.07664817151039746	0.07664817151039746	0.0	0.0	0.13831967213114754	0.09030280959905194	0.9096971904009481	9.030280959905195	90.96971904009482	routine
621.5	0	0.04215480687194336	-0.0	-0.0	1.0	1.0	0.22289156626506024	0.7771084337349398	0.0	0.0	0.04215480687194336	0.04215480687194336	0.0	0.0	0.1173155737704918	0.085051785008888	0.914948214991112	8.505178500888801	91.4948214991112	routine
621.75	0	0.021779555093186197	-0.0	-0.0	1.0	1.0	0.22289156626506024	0.7771084337349398	0.0	0.0	0.021779555093186197	0.021779555093186197	0.0	0.0	0.09682377049180328	0.07992883418921588	0.9200711658107841	7.992883418921588	92.0071165810784	routine
622.0	0	0.010570791300932818	-0.0	-0.0	1.0	1.0	0.22289156626506024	0.7771084337349398	0.0	0.0	0.010570791300932818	0.010570791300932818	0.0	0.0	0.07684426229508197	0.07493395714003555	0.9250660428599644	7.4933957140035545	92.50660428599645	routine
622.25	0	0.00481972865092464	-0.0	-0.0	1.0	1.0	0.22289156626506024	0.7771084337349398	0.0	0.0	0.00481972865092464	0.00481972865092464	0.0	0.0	0.056864754098360656	0.06993908009085523	0.9300609199091447	6.993908009085523	93.00609199091447	routine
622.5	0	0.002064402008039206	-0.0	-0.0	1.0	1.0	0.22289156626506024	0.7771084337349398	0.0	0.0	0.002064402008039206	0.002064402008039206	0.0	0.0	0.03637295081967213	0.06481612927118309	0.9351838707288169	6.481612927118309	93.5183870728817	routine
622.75	0	0.0008306585741313746	-0.0	-0.0	1.0	1.0	0.22289156626506024	0.7771084337349398	0.0	0.0	0.0008306585741313746	0.0008306585741313746	0.0	0.0	0.018442622950819672	0.060333547303969975	0.93966645269603	6.033354730396997	93.966645269603	routine
623.0	0	0.0004515084660410843	-0.0	-0.0	1.0	1.0	0.22289156626506024	0.7771084337349398	0.0	0.0	0.0	0.0	0.0	0.0	0.0	0.05572289156626506	0.9442771084337349	5.572289156626506	94.42771084337349	routine
623.25	0	0.0011674775305817915	-0.0	-0.0	1.0	1.0	0.22289156626506024	0.7771084337349398	0.0	0.0	0.0	0.0	0.0	0.0	0.0	0.05572289156626506	0.9442771084337349	5.572289156626506	94.42771084337349	routine
623.5	0	0.0028358794043644824	-0.0	-0.0	1.0	1.0	0.22289156626506024	0.7771084337349398	0.0	0.0	0.0	0.0	0.0	0.0	0.0	0.05572289156626506	0.9442771084337349	5.572289156626506	94.42771084337349	routine
623.75	0	0.0064711815046970805	-0.0	-0.0	1.0	1.0	0.22289156626506024	0.7771084337349398	0.0	0.0	0.0	0.0	0.0	0.0	0.0	0.05572289156626506	0.9442771084337349	5.572289156626506	94.42771084337349	routine
624.0	0	0.013871901572755798	-0.0	-0.0	1.0	1.0	0.22289156626506024	0.7771084337349398	0.0	0.0	0.0	0.0	0.0	0.0	0.0	0.05572289156626506	0.9442771084337349	5.572289156626506	94.42771084337349	routine
624.25	0	0.027934764277447705	-0.0	-0.0	1.0	1.0	0.22289156626506024	0.7771084337349398	0.0	0.0	0.0	0.0	0.0	0.0	0.0	0.05572289156626506	0.9442771084337349	5.572289156626506	94.42771084337349	routine
624.5	0	0.05284581721003952	-0.0	-0.0	1.0	1.0	0.22289156626506024	0.7771084337349398	0.0	0.0	0.0	0.0	0.0	0.0	0.0	0.05572289156626506	0.9442771084337349	5.572289156626506	94.42771084337349	routine
624.75	0	0.09391453669592059	-0.0	-0.0	1.0	1.0	0.22289156626506024	0.7771084337349398	0.0	0.0	0.0	0.0	0.0	0.0	0.0	0.05572289156626506	0.9442771084337349	5.572289156626506	94.42771084337349	routine
625.0	1	0.1567875657371579	-0.0	-0.0	1.0	1.0	0.22289156626506024	0.7771084337349398	0.0	0.0	0.0	0.0	0.0	0.0	0.0	0.05572289156626506	0.9442771084337349	5.572289156626506	94.42771084337349	routine
625.25	1	0.24589347768853023	-0.0	-0.0	1.0	1.0	0.22289156626506024	0.7771084337349398	0.0	0.0	0.0	0.0	0.0	0.0	0.0	0.05572289156626506	0.9442771084337349	5.572289156626506	94.42771084337349	routine
625.5	1	0.3622755262756828	-0.0	-0.0	1.0	1.0	0.22289156626506024	0.7771084337349398	0.0	0.0	0.0	0.0	0.0	0.0	0.0	0.05572289156626506	0.9442771084337349	5.572289156626506	94.42771084337349	routine
625.75	1	0.5014037499365349	-0.0	-0.0	1.0	1.0	0.22289156626506024	0.7771084337349398	0.0	0.0	0.0	0.0	0.0	0.0	0.0	0.05572289156626506	0.9442771084337349	5.572289156626506	94.42771084337349	routine
626.0	1	0.6519176724000793	-0.0	-0.0	1.0	1.0	0.22289156626506024	0.7771084337349398	0.0	0.0	0.0	0.0	0.0	0.0	0.0	0.05572289156626506	0.9442771084337349	5.572289156626506	94.42771084337349	routine
626.25	1	0.7962593143825798	-0.0	-0.0	1.0	1.0	0.22289156626506024	0.7771084337349398	0.0	0.0	0.0	0.0	0.0	0.0	0.0	0.05572289156626506	0.9442771084337349	5.572289156626506	94.42771084337349	routine
626.5	1	0.9141177145889284	0.0045100267397755744	0.006506593211750841	1.0045202122168737	0.9955001281587973	0.2743065284393387	0.7256934715606613	0.0	0.0	0.0	0.0	0.0	0.0	0.0	0.06857663210983468	0.9314233678901653	6.8576632109834685	93.14233678901654	routine
626.75	1	0.9860416019850453	0.00966915854584622	0.013949647083661481	1.009716055890086	0.9903774374653069	0.27794900532362005	0.72205099467638	0.0	0.0	0.0	0.0	0.0	0.0	0.0	0.06948725133090501	0.930512748669095	6.948725133090501	93.0512748669095	routine
627.0	1	1.0001976871720677	0.020444183948360093	0.029494722797320856	1.02065459774354	0.9797633814718485	0.283272625385262	0.716727374614738	0.0	0.0	0.0	0.0	0.0	0.0	0.0	0.0708181563463155	0.9291818436536845	7.08181563463155	92.91818436536845	routine
627.25	1	0.955392540405153	0.04242658262257418	0.06120862035145364	1.0433394543152508	0.9584608306184542	0.2891566265060241	0.7108433734939759	0.0	0.0	0.0	0.0	0.0	0.0	0.0	0.07228915662650602	0.927710843373494	7.228915662650602	92.7710843373494	routine
627.5	1	0.8622136898789997	0.0857186471203752	0.12366586711227634	1.0894997512866125	0.9178524353209623	0.29560100868590644	0.7043989913140936	0.0	0.0	0.0	0.0	0.0	0.0	0.0	0.07390025217147661	0.9260997478285233	7.390025217147661	92.60997478285233	routine
627.75	1	0.7407844974826698	0.1661796577704999	0.2397465681621253	1.1807852199084132	0.8468940694206558	0.3023255813953488	0.6976744186046512	0.0	0.0	0.0	0.0	0.0	0.0	0.0	0.0755813953488372	0.9244186046511628	7.55813953488372	92.44186046511628	routine
628.0	1	0.6161867572149987	0.30099374455920047	0.4342421826141579	1.3512008891544087	0.7400824022738819	0.31465396469599327	0.6853460353040067	0.0	0.0	0.0	0.0	0.0	0.0	0.0	0.07866349117399832	0.9213365088260017	7.866349117399832	92.13365088260016	routine
628.25	1	0.5131189406046943	0.48599827031398746	0.7011472944626036	1.625797184090261	0.6150828712128474	0.3328663491173998	0.6671336508826002	0.0	0.0	0.0	0.0	0.0	0.0	0.0	0.08321658727934995	0.91678341272065	8.321658727934995	91.678341272065	routine
628.5	2	0.4512492870903293	0.6527698779505869	0.9417478657610057	1.9208539983379251	0.520601774453071	0.35360044830484727	0.6463995516951527	0.0	0.0	0.0	0.0	0.0	0.0	0.0	0.08840011207621182	0.9115998879237882	8.840011207621181	91.15998879237883	routine
628.75	2	0.44205056615506566	0.6827056465262511	0.9849360506303161	1.9792255790891202	0.5052481185394847	0.3600448304847296	0.6399551695152703	0.0	0.0	0.0	0.0	0.0	0.0	0.0	0.0900112076211824	0.9099887923788176	9.00112076211824	90.99887923788175	routine
629.0	1	0.48720693035163776	0.5492602136316154	0.7924149863639441	1.7319712550855895	0.5773767879020502	0.33959092182684225	0.6604090781731577	0.0	0.0	0.0	0.0	0.0	0.0	0.0	0.08489773045671056	0.9151022695432894	8.489773045671056	91.51022695432894	routine
629.25	1	0.5783971350743713	0.35862175003398017	0.5173818203289446	1.4313552890751184	0.6986385613918107	0.319417203698515	0.680582796301485	0.0	0.0	0.0	0.0	0.0	0.0	0.0	0.07985430092462875	0.9201456990753712	7.985430092462876	92.01456990753712	routine
629.5	1	0.6984087570461521	0.20439544668799364	0.29488029731705295	1.2267831848952049	0.8151399630452407	0.30512748669094986	0.6948725133090501	0.0	0.0	0.0	0.0	0.0	0.0	0.0	0.07628187167273746	0.9237181283272625	7.6281871672737465	92.37181283272625	routine
629.75	1	0.823765622038993	0.10743487357962665	0.1549957593318601	1.1134183454340143	0.898135012864546	0.29812272345194735	0.7018772765480527	0.0	0.0	0.0	0.0	0.0	0.0	0.0	0.07453068086298684	0.9254693191370131	7.453068086298684	92.54693191370131	routine
630.0	1	0.9289298101130751	0.05379959445419871	0.07761640812090986	1.0552730983812726	0.9476219961770481	0.2911179602129448	0.7088820397870552	0.0	0.0	0.0	0.0	0.0	0.0	0.0	0.0727794900532362	0.9272205099467639	7.277949005323619	92.72205099467638	routine
630.25	1	0.9915479996303942	0.026126969421872273	0.03769324921839272	1.0264712706636052	0.9742113866991214	0.28495376856262256	0.7150462314373774	0.0	0.0	0.0	0.0	0.0	0.0	0.0	0.07123844214065564	0.9287615578593443	7.123844214065564	92.87615578593443	routine
630.5	1	0.9974680861142468	0.01242577277608898	0.017926600763276658	1.0125032934426075	0.9876511083730947	0.27991033903054074	0.7200896609694593	0.0	0.0	0.0	0.0	0.0	0.0	0.0	0.06997758475763519	0.9300224152423648	6.9977584757635185	93.00224152423648	routine
630.75	1	0.943907251885572	0.005820281698080684	0.008396891542397797	1.0058372524464732	0.9941966233282021	0.2757074810871393	0.7242925189128607	0.0	0.0	0.0	0.0	0.0	0.0	0.0	0.06892687027178482	0.9310731297282152	6.892687027178482	93.10731297282152	routine
631.0	1	0.8393342165866197	-0.0	-0.0	1.0	1.0	0.22289156626506024	0.7771084337349398	0.0	0.0	0.0	0.0	0.0	0.0	0.0	0.05572289156626506	0.9442771084337349	5.572289156626506	94.42771084337349	routine
631.25	1	0.7016222636685405	-0.0	-0.0	1.0	1.0	0.22289156626506024	0.7771084337349398	0.0	0.0	0.0	0.0	0.0	0.0	0.0	0.05572289156626506	0.9442771084337349	5.572289156626506	94.42771084337349	routine
631.5	1	0.5509705548569576	-0.0	-0.0	1.0	1.0	0.22289156626506024	0.7771084337349398	0.0	0.0	0.0	0.0	0.0	0.0	0.0	0.05572289156626506	0.9442771084337349	5.572289156626506	94.42771084337349	routine
631.75	1	0.40645270008553736	-0.0	-0.0	1.0	1.0	0.22289156626506024	0.7771084337349398	0.0	0.0	0.0	0.0	0.0	0.0	0.0	0.05572289156626506	0.9442771084337349	5.572289156626506	94.42771084337349	routine
632.0	1	0.281674953302455	-0.0	-0.0	1.0	1.0	0.22289156626506024	0.7771084337349398	0.0	0.0	0.0	0.0	0.0	0.0	0.0	0.05572289156626506	0.9442771084337349	5.572289156626506	94.42771084337349	routine
632.25	1	0.18381905667475262	0.01692901708605048	0.02442340899716956	1.0170731249487723	0.9832134735153558	0.2818716727374615	0.7181283272625385	0.0	0.0	0.0	0.0	0.0	0.0	0.0	0.07046791818436537	0.9295320818156346	7.046791818436537	92.95320818156347	routine
632.5	0	0.11329519438643623	0.056547908070433237	0.08158138654585903	1.0581773088189317	0.9450212092679766	0.2919585318016251	0.7080414681983749	0.0	0.0	0.0	0.0	0.0	0.0	0.0	0.07298963295040628	0.9270103670495937	7.298963295040628	92.70103670495938	routine
632.75	0	0.06722034889694017	0.1726159216541926	0.2490321341489815	1.1884095750342702	0.8414607396369749	0.30316615298402916	0.6968338470159708	0.0	0.0	0.0	0.0	0.0	0.0	0.0	0.07579153824600729	0.9242084617539927	7.579153824600729	92.42084617539928	routine
633.0	0	0.04114529941795598	0.4309874309832452	0.6217834293650023	1.5387762089313648	0.6498670789136198	0.3272625385261978	0.6727374614738022	0.0	0.0	0.0	0.0	0.0	0.0	0.0	0.08181563463154945	0.9181843653684505	8.181563463154944	91.81843653684506	routine
633.25	0	0.03130401054254632	0.68512884564359	0.9884319879799874	1.9840274523632493	0.50402528392884	0.36116559260297004	0.63883440739703	0.0	0.0	0.0	0.0	0.0	0.0	0.0	0.09029139815074251	0.9097086018492575	9.02913981507425	90.97086018492575	routine
633.5	0	0.035965185962460705	0.5434689460946553	0.7840599534079107	1.7219699342959311	0.5807302323248019	0.33847015970860184	0.6615298402913982	0.0	0.0	0.0	0.0	0.0	0.0	0.0	0.08461753992715046	0.9153824600728495	8.461753992715046	91.53824600728495	routine
633.75	0	0.05597282495081602	0.24615372918349004	0.355124764389346	1.2790961928416196	0.7818020298992651	0.30961053516391146	0.6903894648360885	0.0	0.0	0.0	0.0	0.0	0.0	0.0	0.07740263379097787	0.9225973662090221	7.740263379097787	92.25973662090222	routine
634.0	0	0.09448821358749997	0.08496424158100598	0.12257748998180919	1.0886781365934053	0.9185451295358158	0.29504062762678623	0.7049593723732137	0.0	0.0	0.0	0.0	0.0	0.0	0.0	0.07376015690669656	0.9262398430933034	7.3760156906696555	92.62398430933034	routine
634.25	1	0.1563082958673496	0.04323739772006508	0.06237837927168167	1.0441857527460252	0.9576840110776991	0.2894368170355842	0.7105631829644158	0.0	0.0	0.0	0.0	0.0	0.0	0.0	0.07235920425889605	0.9276407957411039	7.2359204258896055	92.7640795741104	routine
634.5	1	0.24486615203534032	0.02662441047612007	0.03841090496049059	1.0269820066346274	0.9737268944730141	0.2852339590921827	0.7147660409078174	0.0	0.0	0.0	0.0	0.0	0.0	0.0	0.07130848977304567	0.9286915102269543	7.130848977304567	92.86915102269543	routine
634.75	1	0.3621907776101461	0.04071983792338501	0.0587463082378699	1.0415602589801431	0.9600980753424315	0.2885962454469039	0.7114037545530961	0.0	0.0	0.0	0.0	0.0	0.0	0.0	0.07214906136172597	0.9278509386382741	7.214906136172597	92.7850938638274	routine
635.0	1	0.5041716925129106	0.061729712563804	0.08905715019130117	1.06367480793421	0.9401369596616898	0.29251891286074533	0.7074810871392547	0.0	0.0	0.0	0.0	0.0	0.0	0.0	0.07312972821518633	0.9268702717848136	7.312972821518633	92.68702717848136	routine
635.25	1	0.661232978263061	0.09253478210708918	0.13349947125563835	1.0969512951741889	0.9116175024354262	0.2961613897450266	0.7038386102549734	0.0	0.0	0.0	0.0	0.0	0.0	0.0	0.07404034743625665	0.9259596525637434	7.404034743625665	92.59596525637434	routine
635.5	1	0.8186164364737578	0.1366966203340213	0.19721153626217397	1.1464802769510134	0.8722348042998457	0.30092462874754833	0.6990753712524517	0.0	0.0	0.0	0.0	0.0	0.0	0.0	0.07523115718688708	0.9247688428131129	7.523115718688708	92.47688428131129	routine
635.75	1	0.9595242693538585	0.1980297583524405	0.2856965503235057	1.218998668673907	0.8203454406458495	0.30456710563182965	0.6954328943681704	0.0	0.0	0.0	0.0	0.0	0.0	0.0	0.07614177640795741	0.9238582235920426	7.6141776407957416	92.38582235920425	routine
636.0	1	1.0697881950462231	0.27938418261282427	0.40306617475833817	1.322315256827974	0.756249309562413	0.3126926309890726	0.6873073690109275	0.0	0.0	0.0	0.0	0.0	0.0	0.0	0.07817315774726814	0.9218268422527318	7.817315774726814	92.18268422527318	routine
636.25	2	1.1423516533980276	0.38017441547432496	0.5484757438776691	1.4625396567376847	0.6837421436014819	0.3213785374054357	0.6786214625945644	0.0	0.0	0.0	0.0	0.0	0.0	0.0	0.08034463435135893	0.919655365648641	8.034463435135892	91.96553656486411	routine
636.5	2	1.1795068759137788	0.4926982486488474	0.7108133199803697	1.6367265624148484	0.6109756039668511	0.33314653964695995	0.66685346035304	0.0	0.0	0.0	0.0	0.0	0.0	0.0	0.08328663491173999	0.91671336508826	8.328663491173998	91.671336508826	routine
636.75	2	1.191532406648165	0.5990751740698952	0.8642827827503303	1.820434436667853	0.5493194260983181	0.34351358924068365	0.6564864107593164	0.0	0.0	0.0	0.0	0.0	0.0	0.0	0.08587839731017091	0.9141216026898291	8.587839731017091	91.41216026898292	routine
637.0	2	1.1919512612990082	0.6732516242931323	0.9712967796381416	1.9606021085237841	0.5100473959772185	0.3566825441300084	0.6433174558699917	0.0	0.0	0.0	0.0	0.0	0.0	0.0	0.0891706360325021	0.9108293639674979	8.91706360325021	91.08293639674979	routine
637.25	2	1.1913245170948523	0.6917448637327029	0.9979768844675824	1.9971973319191065	0.5007016502666265	0.3634071168394508	0.6365928831605492	0.0	0.0	0.0	0.0	0.0	0.0	0.0	0.0908517792098627	0.9091482207901374	9.08517792098627	90.91482207901373	routine
637.5	2	1.1923721586668192	0.6480173086725995	0.934891357632172	1.9117466653955044	0.5230818591715021	0.3524796861866069	0.6475203138133931	0.0	0.0	0.0	0.0	0.0	0.0	0.0	0.08811992154665173	0.9118800784533483	8.811992154665173	91.18800784533482	routine
637.75	2	1.1887114367311065	0.5570871134636876	0.8037068159372094	1.7455804098817935	0.5728753567231644	0.34015130288596246	0.6598486971140376	0.0	0.0	0.0	0.0	0.0	0.0	0.0	0.08503782572149061	0.9149621742785093	8.503782572149062	91.49621742785094	routine
638.0	2	1.1678142105742146	0.44530978530446597	0.6424462189180821	1.5609736876485618	0.6406257888346548	0.32866349117399835	0.6713365088260017	0.0	0.0	0.0	0.0	0.0	0.0	0.0	0.08216587279349959	0.9178341272065004	8.216587279349959	91.78341272065003	routine
638.25	1	1.116778927157671	0.33612041400743226	0.4849192544300678	1.3995075349759527	0.7145370603647252	0.3182964415802746	0.6817035584197254	0.0	0.0	0.0	0.0	0.0	0.0	0.0	0.07957411039506865	0.9204258896049313	7.957411039506865	92.04258896049313	routine
638.5	1	1.0282442139546377	0.242988829901352	0.35055877989009243	1.2750543815556907	0.7842802742106595	0.30905015410479125	0.6909498458952088	0.0	0.0	0.0	0.0	0.0	0.0	0.0	0.07726253852619781	0.9227374614738022	7.726253852619782	92.27374614738022	routine
638.75	1	0.9038674748194668	0.1701721037014871	0.24550645010777788	1.185508864227853	0.8435196312524589	0.302885962454469	0.6971140375455309	0.0	0.0	0.0	0.0	0.0	0.0	0.0	0.07572149061361726	0.9242785093863828	7.572149061361726	92.42785093863827	routine
639.0	1	0.7541115356635487	0.11643262779592922	0.16797677471885758	1.123481816471188	0.890090062285975	0.2986831045110675	0.7013168954889325	0.0	0.0	0.0	0.0	0.0	0.0	0.0	0.07467077612776687	0.9253292238722332	7.467077612776688	92.53292238722331	routine
639.25	1	0.5948426883659074	0.07829935284770871	0.1129620880582045	1.0814463442623632	0.9246875772483041	0.294480246567666	0.705519753432334	0.0	0.0	0.0	0.0	0.0	0.0	0.0	0.0736200616419165	0.9263799383580835	7.3620061641916505	92.63799383580835	routine
639.5	1	0.4425186383006969	0.05197150615695314	0.07497903420016652	1.0533457282179015	0.9493559172560045	0.2908377696833847	0.7091622303166153	0.0	0.0	0.0	0.0	0.0	0.0	0.0	0.07270944242084618	0.9272905575791538	7.270944242084617	92.72905575791538	routine
639.75	1	0.3099963182850292	0.034148540791309044	0.04926593045321604	1.0347382961585696	0.9664279400042172	0.2871952927991034	0.7128047072008966	0.0	0.0	0.0	0.0	0.0	0.0	0.0	0.07179882319977585	0.9282011768002242	7.179882319977585	92.82011768002242	routine
640.0	1	0.20429958293411604	0.022257671373699207	0.03211103211257209	1.0225072213692545	0.977988203018151	0.28355281591482207	0.7164471840851779	0.0	0.0	0.0	0.0	0.0	0.0	0.0	0.07088820397870552	0.9291117960212945	7.088820397870552	92.91117960212945	routine
640.25	0	0.12634169557217922	-0.0	-0.0	1.0	1.0	0.22289156626506024	0.7771084337349398	0.0	0.0	0.0	0.0	0.0	0.0	0.0	0.05572289156626506	0.9442771084337349	5.572289156626506	94.42771084337349	routine
640.5	0	0.0736421167920079	-0.0	-0.0	1.0	1.0	0.22289156626506024	0.7771084337349398	0.0	0.0	0.0	0.0	0.0	0.0	0.0	0.05572289156626506	0.9442771084337349	5.572289156626506	94.42771084337349	routine
640.75	0	0.040323889951965425	-0.0	-0.0	1.0	1.0	0.22289156626506024	0.7771084337349398	0.0	0.0	0.0	0.0	0.0	0.0	0.0	0.05572289156626506	0.9442771084337349	5.572289156626506	94.42771084337349	routine
641.0	0	0.02074221698169624	-0.0	-0.0	1.0	1.0	0.22289156626506024	0.7771084337349398	0.0	0.0	0.0	0.0	0.0	0.0	0.0	0.05572289156626506	0.9442771084337349	5.572289156626506	94.42771084337349	routine
641.25	0	0.010023156701356986	-0.0	-0.0	1.0	1.0	0.22289156626506024	0.7771084337349398	0.0	0.0	0.0	0.0	0.0	0.0	0.0	0.05572289156626506	0.9442771084337349	5.572289156626506	94.42771084337349	routine
641.5	0	0.004549990209034631	-0.0	-0.0	1.0	1.0	0.22289156626506024	0.7771084337349398	0.0	0.0	0.0	0.0	0.0	0.0	0.0	0.05572289156626506	0.9442771084337349	5.572289156626506	94.42771084337349	routine
641.75	0	0.0019403183859961095	-0.0	-0.0	1.0	1.0	0.22289156626506024	0.7771084337349398	0.0	0.0	0.0	0.0	0.0	0.0	0.0	0.05572289156626506	0.9442771084337349	5.572289156626506	94.42771084337349	routine
642.0	0	0.000777306198098951	-0.0	-0.0	1.0	1.0	0.22289156626506024	0.7771084337349398	0.0	0.0	0.0	0.0	0.0	0.0	0.0	0.05572289156626506	0.9442771084337349	5.572289156626506	94.42771084337349	routine
642.25	0	0.0			0.0		0.08615858783973102	0.9138414121602689	0.0	0.0	0.0	0.0	0.0	0.0	0.0	0.021539646959932754	0.9784603530400673	2.1539646959932752	97.84603530400673	routine
642.5	0	0.0			0.0		0.08615858783973102	0.9138414121602689	0.0	0.0	0.0	0.0	0.0	0.0	0.0	0.021539646959932754	0.9784603530400673	2.1539646959932752	97.84603530400673	routine
642.75	0	0.0			0.0		0.08615858783973102	0.9138414121602689	0.0	0.0	0.0	0.0	0.0	0.0	0.0	0.021539646959932754	0.9784603530400673	2.1539646959932752	97.84603530400673	routine
643.0	0	0.0			0.0		0.08615858783973102	0.9138414121602689	0.0	0.0	0.0	0.0	0.0	0.0	0.0	0.021539646959932754	0.9784603530400673	2.1539646959932752	97.84603530400673	routine
643.25	0	0.0			0.0		0.08615858783973102	0.9138414121602689	0.0	0.0	0.0	0.0	0.0	0.0	0.0	0.021539646959932754	0.9784603530400673	2.1539646959932752	97.84603530400673	routine
643.5	0	0.0			0.0		0.08615858783973102	0.9138414121602689	0.0	0.0	0.0	0.0	0.0	0.0	0.0	0.021539646959932754	0.9784603530400673	2.1539646959932752	97.84603530400673	routine
643.75	0	0.0			0.0		0.08615858783973102	0.9138414121602689	0.0	0.0	0.0	0.0	0.0	0.0	0.0	0.021539646959932754	0.9784603530400673	2.1539646959932752	97.84603530400673	routine
644.0	0	0.0			0.0		0.08615858783973102	0.9138414121602689	0.0	0.0	0.0	0.0	0.0	0.0	0.0	0.021539646959932754	0.9784603530400673	2.1539646959932752	97.84603530400673	routine
644.25	0	0.0			0.0		0.08615858783973102	0.9138414121602689	0.0	0.0	0.0	0.0	0.0	0.0	0.0	0.021539646959932754	0.9784603530400673	2.1539646959932752	97.84603530400673	routine
644.5	0	0.0			0.0		0.08615858783973102	0.9138414121602689	0.0	0.0	0.0	0.0	0.0	0.0	0.0	0.021539646959932754	0.9784603530400673	2.1539646959932752	97.84603530400673	routine
644.75	0	0.0			0.0		0.08615858783973102	0.9138414121602689	0.0	0.0	0.0	0.0	0.0	0.0	0.0	0.021539646959932754	0.9784603530400673	2.1539646959932752	97.84603530400673	routine
645.0	0	0.0			0.0		0.08615858783973102	0.9138414121602689	0.0	0.0	0.0	0.0	0.0	0.0	0.0	0.021539646959932754	0.9784603530400673	2.1539646959932752	97.84603530400673	routine
645.25	0	0.0			0.0		0.08615858783973102	0.9138414121602689	0.0	0.0	0.0	0.0	0.0	0.0	0.0	0.021539646959932754	0.9784603530400673	2.1539646959932752	97.84603530400673	routine
645.5	0	0.0			0.0		0.08615858783973102	0.9138414121602689	0.0	0.0	0.0	0.0	0.0	0.0	0.0	0.021539646959932754	0.9784603530400673	2.1539646959932752	97.84603530400673	routine
645.75	0	0.0			0.0		0.08615858783973102	0.9138414121602689	0.0	0.0	0.0	0.0	0.0	0.0	0.0	0.021539646959932754	0.9784603530400673	2.1539646959932752	97.84603530400673	routine
646.0	0	0.0			0.0		0.08615858783973102	0.9138414121602689	0.0	0.0	0.0	0.0	0.0	0.0	0.0	0.021539646959932754	0.9784603530400673	2.1539646959932752	97.84603530400673	routine
646.25	0	0.0			0.0		0.08615858783973102	0.9138414121602689	0.0	0.0	0.0	0.0	0.0	0.0	0.0	0.021539646959932754	0.9784603530400673	2.1539646959932752	97.84603530400673	routine
646.5	0	0.0			0.0		0.08615858783973102	0.9138414121602689	0.0	0.0	0.0	0.0	0.0	0.0	0.0	0.021539646959932754	0.9784603530400673	2.1539646959932752	97.84603530400673	routine
646.75	0	0.0			0.0		0.08615858783973102	0.9138414121602689	0.0	0.0	0.0	0.0	0.0	0.0	0.0	0.021539646959932754	0.9784603530400673	2.1539646959932752	97.84603530400673	routine
647.0	0	0.0			0.0		0.08615858783973102	0.9138414121602689	0.0	0.0	0.0	0.0	0.0	0.0	0.0	0.021539646959932754	0.9784603530400673	2.1539646959932752	97.84603530400673	routine
647.25	0	0.0			0.0		0.08615858783973102	0.9138414121602689	0.0	0.0	0.0	0.0	0.0	0.0	0.0	0.021539646959932754	0.9784603530400673	2.1539646959932752	97.84603530400673	routine
647.5	0	0.0			0.0		0.08615858783973102	0.9138414121602689	0.0	0.0	0.0	0.0	0.0	0.0	0.0	0.021539646959932754	0.9784603530400673	2.1539646959932752	97.84603530400673	routine
647.75	0	0.0			0.0		0.08615858783973102	0.9138414121602689	0.0	0.0	0.0	0.0	0.0	0.0	0.0	0.021539646959932754	0.9784603530400673	2.1539646959932752	97.84603530400673	routine
648.0	0	0.0			0.0		0.08615858783973102	0.9138414121602689	0.0	0.0	0.0	0.0	0.0	0.0	0.0	0.021539646959932754	0.9784603530400673	2.1539646959932752	97.84603530400673	routine
648.25	0	0.0			0.0		0.08615858783973102	0.9138414121602689	0.0	0.0	0.0	0.0	0.0	0.0	0.0	0.021539646959932754	0.9784603530400673	2.1539646959932752	97.84603530400673	routine
648.5	0	0.0			0.0		0.08615858783973102	0.9138414121602689	0.0	0.0	0.0	0.0	0.0	0.0	0.0	0.021539646959932754	0.9784603530400673	2.1539646959932752	97.84603530400673	routine
648.75	0	0.0			0.0		0.08615858783973102	0.9138414121602689	0.0	0.0	0.0	0.0	0.0	0.0	0.0	0.021539646959932754	0.9784603530400673	2.1539646959932752	97.84603530400673	routine
649.0	0	0.0			0.0		0.08615858783973102	0.9138414121602689	0.0	0.0	0.0	0.0	0.0	0.0	0.0	0.021539646959932754	0.9784603530400673	2.1539646959932752	97.84603530400673	routine
649.25	0	0.0			0.0		0.08615858783973102	0.9138414121602689	0.0	0.0	0.0	0.0	0.0	0.0	0.0	0.021539646959932754	0.9784603530400673	2.1539646959932752	97.84603530400673	routine
649.5	0	0.0			0.0		0.08615858783973102	0.9138414121602689	0.0	0.0	0.0	0.0	0.0	0.0	0.0	0.021539646959932754	0.9784603530400673	2.1539646959932752	97.84603530400673	routine
649.75	0	0.0			0.0		0.08615858783973102	0.9138414121602689	0.0	0.0	0.0	0.0	0.0	0.0	0.0	0.021539646959932754	0.9784603530400673	2.1539646959932752	97.84603530400673	routine
650.0	0	0.0			0.0		0.08615858783973102	0.9138414121602689	0.0	0.0	0.0	0.0	0.0	0.0	0.0	0.021539646959932754	0.9784603530400673	2.1539646959932752	97.84603530400673	routine
650.25	0	0.0			0.0		0.08615858783973102	0.9138414121602689	0.0	0.0	0.0	0.0	0.0	0.0	0.0	0.021539646959932754	0.9784603530400673	2.1539646959932752	97.84603530400673	routine
650.5	0	0.0			0.0		0.08615858783973102	0.9138414121602689	0.0	0.0	0.0	0.0	0.0	0.0	0.0	0.021539646959932754	0.9784603530400673	2.1539646959932752	97.84603530400673	routine
650.75	0	0.0			0.0		0.08615858783973102	0.9138414121602689	0.0	0.0	0.0	0.0	0.0	0.0	0.0	0.021539646959932754	0.9784603530400673	2.1539646959932752	97.84603530400673	routine
651.0	0	0.0			0.0		0.08615858783973102	0.9138414121602689	0.0	0.0	0.0	0.0	0.0	0.0	0.0	0.021539646959932754	0.9784603530400673	2.1539646959932752	97.84603530400673	routine
651.25	0	0.0			0.0		0.08615858783973102	0.9138414121602689	0.0	0.0	0.0	0.0	0.0	0.0	0.0	0.021539646959932754	0.9784603530400673	2.1539646959932752	97.84603530400673	routine
651.5	0	0.0			0.0		0.08615858783973102	0.9138414121602689	0.0	0.0	0.0	0.0	0.0	0.0	0.0	0.021539646959932754	0.9784603530400673	2.1539646959932752	97.84603530400673	routine
651.75	0	0.0			0.0		0.08615858783973102	0.9138414121602689	0.0	0.0	0.0	0.0	0.0	0.0	0.0	0.021539646959932754	0.9784603530400673	2.1539646959932752	97.84603530400673	routine
652.0	0	0.0			0.0		0.08615858783973102	0.9138414121602689	0.0	0.0	0.0	0.0	0.0	0.0	0.0	0.021539646959932754	0.9784603530400673	2.1539646959932752	97.84603530400673	routine
652.25	0	0.0			0.0		0.08615858783973102	0.9138414121602689	0.0	0.0	0.0	0.0	0.0	0.0	0.0	0.021539646959932754	0.9784603530400673	2.1539646959932752	97.84603530400673	routine
652.5	0	0.0			0.0		0.08615858783973102	0.9138414121602689	0.0	0.0	0.0	0.0	0.0	0.0	0.0	0.021539646959932754	0.9784603530400673	2.1539646959932752	97.84603530400673	routine
652.75	0	0.0			0.0		0.08615858783973102	0.9138414121602689	0.0	0.0	0.0	0.0	0.0	0.0	0.0	0.021539646959932754	0.9784603530400673	2.1539646959932752	97.84603530400673	routine
653.0	0	0.0			0.0		0.08615858783973102	0.9138414121602689	0.0	0.0	0.0	0.0	0.0	0.0	0.0	0.021539646959932754	0.9784603530400673	2.1539646959932752	97.84603530400673	routine
653.25	0	0.0			0.0		0.08615858783973102	0.9138414121602689	0.0	0.0	0.0	0.0	0.0	0.0	0.0	0.021539646959932754	0.9784603530400673	2.1539646959932752	97.84603530400673	routine
653.5	0	0.0			0.0		0.08615858783973102	0.9138414121602689	0.0	0.0	0.0	0.0	0.0	0.0	0.0	0.021539646959932754	0.9784603530400673	2.1539646959932752	97.84603530400673	routine
653.75	0	0.0			0.0		0.08615858783973102	0.9138414121602689	0.0	0.0	0.0	0.0	0.0	0.0	0.0	0.021539646959932754	0.9784603530400673	2.1539646959932752	97.84603530400673	routine
654.0	0	0.0			0.0		0.08615858783973102	0.9138414121602689	0.0	0.0	0.0	0.0	0.0	0.0	0.0	0.021539646959932754	0.9784603530400673	2.1539646959932752	97.84603530400673	routine
654.25	0	0.0			0.0		0.08615858783973102	0.9138414121602689	0.0	0.0	0.0	0.0	0.0	0.0	0.0	0.021539646959932754	0.9784603530400673	2.1539646959932752	97.84603530400673	routine
654.5	0	0.0			0.0		0.08615858783973102	0.9138414121602689	0.0	0.0	0.0	0.0	0.0	0.0	0.0	0.021539646959932754	0.9784603530400673	2.1539646959932752	97.84603530400673	routine
654.75	0	0.0			0.0		0.08615858783973102	0.9138414121602689	0.0	0.0	0.0	0.0	0.0	0.0	0.0	0.021539646959932754	0.9784603530400673	2.1539646959932752	97.84603530400673	routine
655.0	0	0.0			0.0		0.08615858783973102	0.9138414121602689	0.0	0.0	0.0	0.0	0.0	0.0	0.0	0.021539646959932754	0.9784603530400673	2.1539646959932752	97.84603530400673	routine
655.25	0	0.0			0.0		0.08615858783973102	0.9138414121602689	0.0	0.0	0.0	0.0	0.0	0.0	0.0	0.021539646959932754	0.9784603530400673	2.1539646959932752	97.84603530400673	routine
655.5	0	0.0			0.0		0.08615858783973102	0.9138414121602689	0.0	0.0	0.0	0.0	0.0	0.0	0.0	0.021539646959932754	0.9784603530400673	2.1539646959932752	97.84603530400673	routine
655.75	0	0.0			0.0		0.08615858783973102	0.9138414121602689	0.0	0.0	0.0	0.0	0.0	0.0	0.0	0.021539646959932754	0.9784603530400673	2.1539646959932752	97.84603530400673	routine
656.0	0	0.0			0.0		0.08615858783973102	0.9138414121602689	0.0	0.0	0.0	0.0	0.0	0.0	0.0	0.021539646959932754	0.9784603530400673	2.1539646959932752	97.84603530400673	routine
656.25	0	0.0			0.0		0.08615858783973102	0.9138414121602689	0.0	0.0	0.0	0.0	0.0	0.0	0.0	0.021539646959932754	0.9784603530400673	2.1539646959932752	97.84603530400673	routine
656.5	0	0.0			0.0		0.08615858783973102	0.9138414121602689	0.0	0.0	0.0	0.0	0.0	0.0	0.0	0.021539646959932754	0.9784603530400673	2.1539646959932752	97.84603530400673	routine
656.75	0	0.0			0.0		0.08615858783973102	0.9138414121602689	0.0	0.0	0.0	0.0	0.0	0.0	0.0	0.021539646959932754	0.9784603530400673	2.1539646959932752	97.84603530400673	routine
657.0	0	0.0			0.0		0.08615858783973102	0.9138414121602689	0.0	0.0	0.0	0.0	0.0	0.0	0.0	0.021539646959932754	0.9784603530400673	2.1539646959932752	97.84603530400673	routine
657.25	0	0.0			0.0		0.08615858783973102	0.9138414121602689	0.0	0.0	0.0	0.0	0.0	0.0	0.0	0.021539646959932754	0.9784603530400673	2.1539646959932752	97.84603530400673	routine
657.5	0	0.0			0.0		0.08615858783973102	0.9138414121602689	0.0	0.0	0.0	0.0	0.0	0.0	0.0	0.021539646959932754	0.9784603530400673	2.1539646959932752	97.84603530400673	routine
657.75	0	0.0			0.0		0.08615858783973102	0.9138414121602689	0.0	0.0	0.0	0.0	0.0	0.0	0.0	0.021539646959932754	0.9784603530400673	2.1539646959932752	97.84603530400673	routine
658.0	0	0.0			0.0		0.08615858783973102	0.9138414121602689	0.0	0.0	0.0	0.0	0.0	0.0	0.0	0.021539646959932754	0.9784603530400673	2.1539646959932752	97.84603530400673	routine
658.25	0	0.0			0.0		0.08615858783973102	0.9138414121602689	0.0	0.0	0.0	0.0	0.0	0.0	0.0	0.021539646959932754	0.9784603530400673	2.1539646959932752	97.84603530400673	routine
658.5	0	0.0			0.0		0.08615858783973102	0.9138414121602689	0.0	0.0	0.0	0.0	0.0	0.0	0.0	0.021539646959932754	0.9784603530400673	2.1539646959932752	97.84603530400673	routine
658.75	0	0.0			0.0		0.08615858783973102	0.9138414121602689	0.0	0.0	0.0	0.0	0.0	0.0	0.0	0.021539646959932754	0.9784603530400673	2.1539646959932752	97.84603530400673	routine
659.0	0	0.0			0.0		0.08615858783973102	0.9138414121602689	0.0	0.0	0.0	0.0	0.0	0.0	0.0	0.021539646959932754	0.9784603530400673	2.1539646959932752	97.84603530400673	routine
659.25	0	0.0			0.0		0.08615858783973102	0.9138414121602689	0.0	0.0	0.0	0.0	0.0	0.0	0.0	0.021539646959932754	0.9784603530400673	2.1539646959932752	97.84603530400673	routine
659.5	0	0.0			0.0		0.08615858783973102	0.9138414121602689	0.0	0.0	0.0	0.0	0.0	0.0	0.0	0.021539646959932754	0.9784603530400673	2.1539646959932752	97.84603530400673	routine
659.75	0	0.0			0.0		0.08615858783973102	0.9138414121602689	0.0	0.0	0.0	0.0	0.0	0.0	0.0	0.021539646959932754	0.9784603530400673	2.1539646959932752	97.84603530400673	routine
660.0	0	0.0			0.0		0.08615858783973102	0.9138414121602689	0.0	0.0	0.0	0.0	0.0	0.0	0.0	0.021539646959932754	0.9784603530400673	2.1539646959932752	97.84603530400673	routine
660.25	0	0.0			0.0		0.08615858783973102	0.9138414121602689	0.0	0.0	0.0	0.0	0.0	0.0	0.0	0.021539646959932754	0.9784603530400673	2.1539646959932752	97.84603530400673	routine
660.5	0	0.0			0.0		0.08615858783973102	0.9138414121602689	0.0	0.0	0.0	0.0	0.0	0.0	0.0	0.021539646959932754	0.9784603530400673	2.1539646959932752	97.84603530400673	routine
660.75	0	0.0			0.0		0.08615858783973102	0.9138414121602689	0.0	0.0	0.0	0.0	0.0	0.0	0.0	0.021539646959932754	0.9784603530400673	2.1539646959932752	97.84603530400673	routine
661.0	0	0.0			0.0		0.08615858783973102	0.9138414121602689	0.0	0.0	0.0	0.0	0.0	0.0	0.0	0.021539646959932754	0.9784603530400673	2.1539646959932752	97.84603530400673	routine
661.25	0	0.0			0.0		0.08615858783973102	0.9138414121602689	0.0	0.0	0.0	0.0	0.0	0.0	0.0	0.021539646959932754	0.9784603530400673	2.1539646959932752	97.84603530400673	routine
661.5	0	0.0			0.0		0.08615858783973102	0.9138414121602689	0.0	0.0	0.0	0.0	0.0	0.0	0.0	0.021539646959932754	0.9784603530400673	2.1539646959932752	97.84603530400673	routine
661.75	0	0.0			0.0		0.08615858783973102	0.9138414121602689	0.0	0.0	0.0	0.0	0.0	0.0	0.0	0.021539646959932754	0.9784603530400673	2.1539646959932752	97.84603530400673	routine
662.0	0	0.0			0.0		0.08615858783973102	0.9138414121602689	0.0	0.0	0.0	0.0	0.0	0.0	0.0	0.021539646959932754	0.9784603530400673	2.1539646959932752	97.84603530400673	routine
662.25	0	0.0			0.0		0.08615858783973102	0.9138414121602689	0.0	0.0	0.0	0.0	0.0	0.0	0.0	0.021539646959932754	0.9784603530400673	2.1539646959932752	97.84603530400673	routine
662.5	0	0.0			0.0		0.08615858783973102	0.9138414121602689	0.0	0.0	0.0	0.0	0.0	0.0	0.0	0.021539646959932754	0.9784603530400673	2.1539646959932752	97.84603530400673	routine
662.75	0	0.0			0.0		0.08615858783973102	0.9138414121602689	0.0	0.0	0.0	0.0	0.0	0.0	0.0	0.021539646959932754	0.9784603530400673	2.1539646959932752	97.84603530400673	routine
663.0	0	0.0			0.0		0.08615858783973102	0.9138414121602689	0.0	0.0	0.0	0.0	0.0	0.0	0.0	0.021539646959932754	0.9784603530400673	2.1539646959932752	97.84603530400673	routine
663.25	0	0.0			0.0		0.08615858783973102	0.9138414121602689	0.0	0.0	0.0	0.0	0.0	0.0	0.0	0.021539646959932754	0.9784603530400673	2.1539646959932752	97.84603530400673	routine
663.5	0	0.0			0.0		0.08615858783973102	0.9138414121602689	0.0	0.0	0.0	0.0	0.0	0.0	0.0	0.021539646959932754	0.9784603530400673	2.1539646959932752	97.84603530400673	routine
663.75	0	0.0			0.0		0.08615858783973102	0.9138414121602689	0.0	0.0	0.0	0.0	0.0	0.0	0.0	0.021539646959932754	0.9784603530400673	2.1539646959932752	97.84603530400673	routine
664.0	0	0.0			0.0		0.08615858783973102	0.9138414121602689	0.0	0.0	0.0	0.0	0.0	0.0	0.0	0.021539646959932754	0.9784603530400673	2.1539646959932752	97.84603530400673	routine
664.25	0	0.0			0.0		0.08615858783973102	0.9138414121602689	0.0	0.0	0.0	0.0	0.0	0.0	0.0	0.021539646959932754	0.9784603530400673	2.1539646959932752	97.84603530400673	routine
664.5	0	0.00042559375610564065	-0.0	-0.0	1.0	1.0	0.22289156626506024	0.7771084337349398	0.0	0.0	0.00042559375610564065	0.00042559375610564065	0.0	0.0	0.004098360655737705	0.05674748173019949	0.9432525182698005	5.674748173019949	94.32525182698005	routine
664.75	0	0.0011046121558024012	-0.0	-0.0	1.0	1.0	0.22289156626506024	0.7771084337349398	0.0	0.0	0.0011046121558024012	0.0011046121558024012	0.0	0.0	0.022540983606557378	0.0613581374679044	0.9386418625320956	6.13581374679044	93.86418625320955	routine
665.0	0	0.0026932767584951617	-0.0	-0.0	1.0	1.0	0.22289156626506024	0.7771084337349398	0.0	0.0	0.0026932767584951617	0.0026932767584951617	0.0	0.0	0.042008196721311473	0.06622494074659292	0.9337750592534071	6.622494074659293	93.37750592534071	routine
665.25	0	0.0061689143928161955	-0.0	-0.0	1.0	1.0	0.22289156626506024	0.7771084337349398	0.0	0.0	0.0061689143928161955	0.0061689143928161955	0.0	0.0	0.061987704918032786	0.07121981779577326	0.9287801822042268	7.121981779577326	92.87801822042267	routine
665.5	0	0.013273733638798099	-0.0	-0.0	1.0	1.0	0.22289156626506024	0.7771084337349398	0.0	0.0	0.013273733638798099	0.013273733638798099	0.0	0.0	0.08094262295081968	0.07595854730396998	0.92404145269603	7.595854730396997	92.404145269603	routine
665.75	0	0.026830826341851535	-0.0	-0.0	1.0	1.0	0.22289156626506024	0.7771084337349398	0.0	0.0	0.026830826341851535	0.026830826341851535	0.0	0.0	0.1014344262295082	0.08108149812364211	0.9189185018763579	8.10814981236421	91.8918501876358	routine
666.0	0	0.050948522393467796	-0.0	-0.0	1.0	1.0	0.22289156626506024	0.7771084337349398	0.0	0.0	0.050948522393467796	0.050948522393467796	0.0	0.0	0.12090163934426229	0.08594830140233063	0.9140516985976693	8.594830140233062	91.40516985976693	routine
666.25	0	0.09088364419445055	-0.0	-0.0	1.0	1.0	0.22289156626506024	0.7771084337349398	0.0	0.0	0.09088364419445055	0.09088364419445055	0.0	0.0	0.14293032786885246	0.09145547353347817	0.9085445264665218	9.145547353347817	90.85445264665218	routine
666.5	1	0.15229879504361263	-0.0	-0.0	1.0	1.0	0.22289156626506024	0.7771084337349398	0.0	0.0	0.15229879504361263	0.15229879504361263	0.0	0.0	0.1680327868852459	0.09773108828757654	0.9022689117124234	9.773108828757653	90.22689117124234	routine
666.75	1	0.23975286008537905	-0.0	-0.0	1.0	1.0	0.22289156626506024	0.7771084337349398	0.0	0.0	0.23975286008537905	0.23975286008537905	0.0	0.0	0.19364754098360656	0.10413477681216671	0.8958652231878332	10.413477681216671	89.58652231878332	routine
667.0	1	0.3545583527263436	-0.0	-0.0	1.0	1.0	0.22289156626506024	0.7771084337349398	0.0	0.0	0.3545583527263436	0.3545583527263436	0.0	0.0	0.2228483606557377	0.11143498173019949	0.8885650182698005	11.143498173019948	88.85650182698005	routine
667.25	1	0.4925703204912954	-0.0	-0.0	1.0	1.0	0.22289156626506024	0.7771084337349398	0.0	0.0	0.4925703204912954	0.4925703204912954	0.0	0.0	0.25563524590163933	0.11963170304167489	0.8803682969583251	11.96317030416749	88.03682969583251	routine
667.5	1	0.6428436439251651	-0.0	-0.0	1.0	1.0	0.22289156626506024	0.7771084337349398	0.0	0.0	0.6428436439251651	0.6428436439251651	0.0	0.0	0.2899590163934426	0.1282126456646257	0.8717873543353742	12.82126456646257	87.17873543353743	routine
667.75	1	0.7881321849157614	-0.0	-0.0	1.0	1.0	0.22289156626506024	0.7771084337349398	0.0	0.0	0.7881321849157614	0.7881321849157614	0.0	0.0	0.3201844262295082	0.13576899812364213	0.8642310018763579	13.576899812364212	86.4231001876358	routine
668.0	1	0.9077146963385772	-0.0	-0.0	1.0	1.0	0.22289156626506024	0.7771084337349398	0.0	0.0	0.9077146963385772	0.9077146963385772	0.0	0.0	0.34938524590163933	0.1430692030416749	0.8569307969583251	14.30692030416749	85.69307969583251	routine
668.25	1	0.9821012541257583	-0.0	-0.0	1.0	1.0	0.22289156626506024	0.7771084337349398	0.0	0.0	0.9821012541257583	0.9821012541257583	0.0	0.0	0.3765368852459016	0.14985711287774045	0.8501428871222596	14.985711287774045	85.01428871222596	routine
668.5	1	0.9982050420327987	-0.0	-0.0	1.0	1.0	0.22289156626506024	0.7771084337349398	0.0	0.0	0.9982050420327987	0.9982050420327987	0.0	0.0	0.38780737704918034	0.15267473582856014	0.8473252641714398	15.267473582856015	84.73252641714399	routine
668.75	1	0.9531030243863787	-0.0	-0.0	1.0	1.0	0.22289156626506024	0.7771084337349398	0.0	0.0	0.9531030243863787	0.9531030243863787	0.0	0.0	0.3632172131147541	0.14652719484495358	0.8534728051550464	14.652719484495357	85.34728051550464	routine
669.0	1	0.8549023895490134	-0.0	-0.0	1.0	1.0	0.22289156626506024	0.7771084337349398	0.0	0.0	0.8549023895490134	0.8549023895490134	0.0	0.0	0.3360655737704918	0.139739285008888	0.860260714991112	13.9739285008888	86.0260714991112	routine
669.25	1	0.7203603645732125	-0.0	-0.0	1.0	1.0	0.22289156626506024	0.7771084337349398	0.0	0.0	0.7203603645732125	0.7203603645732125	0.0	0.0	0.305327868852459	0.1320548587793798	0.8679451412206202	13.205485877937981	86.79451412206201	routine
669.5	1	0.5702163716307332	-0.0	-0.0	1.0	1.0	0.22289156626506024	0.7771084337349398	0.0	0.0	0.5702163716307332	0.5702163716307332	0.0	0.0	0.2735655737704918	0.124114285008888	0.875885714991112	12.411428500888801	87.5885714991112	routine
669.75	1	0.42401981310102693	-0.0	-0.0	1.0	1.0	0.22289156626506024	0.7771084337349398	0.0	0.0	0.42401981310102693	0.42401981310102693	0.0	0.0	0.2387295081967213	0.1154052686154454	0.8845947313845546	11.540526861544539	88.45947313845545	routine
670.0	1	0.2962028365193416	-0.0	-0.0	1.0	1.0	0.22289156626506024	0.7771084337349398	0.0	0.0	0.2962028365193416	0.2962028365193416	0.0	0.0	0.20645491803278687	0.10733662107446178	0.8926633789255383	10.733662107446177	89.26633789255382	routine
670.25	1	0.19437878844849688	-0.0	-0.0	1.0	1.0	0.22289156626506024	0.7771084337349398	0.0	0.0	0.19437878844849688	0.19437878844849688	0.0	0.0	0.17776639344262296	0.1001644899269208	0.8998355100730792	10.01644899269208	89.98355100730791	routine
670.5	0	0.11982987974589879	-0.0	-0.0	1.0	1.0	0.22289156626506024	0.7771084337349398	0.0	0.0	0.11982987974589879	0.11982987974589879	0.0	0.0	0.1552254098360656	0.09452924402528146	0.9054707559747186	9.452924402528145	90.54707559747186	routine
670.75	0	0.06939656448265219	-0.0	-0.0	1.0	1.0	0.22289156626506024	0.7771084337349398	0.0	0.0	0.06939656448265219	0.06939656448265219	0.0	0.0	0.13217213114754098	0.08876592435315031	0.9112340756468497	8.87659243531503	91.12340756468497	routine
671.0	0	0.0377543861427126	-0.0	-0.0	1.0	1.0	0.22289156626506024	0.7771084337349398	0.0	0.0	0.0377543861427126	0.0377543861427126	0.0	0.0	0.11065573770491803	0.08338682599249457	0.9166131740075054	8.338682599249458	91.66131740075055	routine
671.25	0	0.019295385096691223	-0.0	-0.0	1.0	1.0	0.22289156626506024	0.7771084337349398	0.0	0.0	0.019295385096691223	0.019295385096691223	0.0	0.0	0.09067622950819672	0.07839194894331424	0.9216080510566858	7.839194894331423	92.16080510566857	routine
671.5	0	0.009263947448512583	-0.0	-0.0	1.0	1.0	0.22289156626506024	0.7771084337349398	0.0	0.0	0.009263947448512583	0.009263947448512583	0.0	0.0	0.07120901639344263	0.07352514566462572	0.9264748543353742	7.352514566462571	92.64748543353743	routine
671.75	0	0.004178258542742969	-0.0	-0.0	1.0	1.0	0.22289156626506024	0.7771084337349398	0.0	0.0	0.004178258542742969	0.004178258542742969	0.0	0.0	0.05225409836065574	0.068786416156429	0.931213583843571	6.8786416156429	93.1213583843571	routine
672.0	0	0.001770317374537057	-0.0	-0.0	1.0	1.0	0.22289156626506024	0.7771084337349398	0.0	0.0	0.001770317374537057	0.001770317374537057	0.0	0.0	0.031762295081967214	0.06366346533675686	0.9363365346632432	6.366346533675686	93.63365346632432	routine
672.25	0	0.0007046339246545456	-0.0	-0.0	1.0	1.0	0.22289156626506024	0.7771084337349398	0.0	0.0	0.0007046339246545456	0.0007046339246545456	0.0	0.0	0.012807377049180328	0.05892473582856014	0.9410752641714398	5.892473582856014	94.10752641714399	routine
672.5	0	0.0			0.0		0.08615858783973102	0.9138414121602689	0.0	0.0	0.0	0.0	0.0	0.0	0.0	0.021539646959932754	0.9784603530400673	2.1539646959932752	97.84603530400673	routine
672.75	0	0.0			0.0		0.08615858783973102	0.9138414121602689	0.0	0.0	0.0	0.0	0.0	0.0	0.0	0.021539646959932754	0.9784603530400673	2.1539646959932752	97.84603530400673	routine
673.0	0	0.0			0.0		0.08615858783973102	0.9138414121602689	0.0	0.0	0.0	0.0	0.0	0.0	0.0	0.021539646959932754	0.9784603530400673	2.1539646959932752	97.84603530400673	routine
673.25	0	0.0			0.0		0.08615858783973102	0.9138414121602689	0.0	0.0	0.0	0.0	0.0	0.0	0.0	0.021539646959932754	0.9784603530400673	2.1539646959932752	97.84603530400673	routine
673.5	0	0.0			0.0		0.08615858783973102	0.9138414121602689	0.0	0.0	0.0	0.0	0.0	0.0	0.0	0.021539646959932754	0.9784603530400673	2.1539646959932752	97.84603530400673	routine
673.75	0	0.0			0.0		0.08615858783973102	0.9138414121602689	0.0	0.0	0.0	0.0	0.0	0.0	0.0	0.021539646959932754	0.9784603530400673	2.1539646959932752	97.84603530400673	routine
674.0	0	0.0			0.0		0.08615858783973102	0.9138414121602689	0.0	0.0	0.0	0.0	0.0	0.0	0.0	0.021539646959932754	0.9784603530400673	2.1539646959932752	97.84603530400673	routine
674.25	0	0.0			0.0		0.08615858783973102	0.9138414121602689	0.0	0.0	0.0	0.0	0.0	0.0	0.0	0.021539646959932754	0.9784603530400673	2.1539646959932752	97.84603530400673	routine
674.5	0	0.0			0.0		0.08615858783973102	0.9138414121602689	0.0	0.0	0.0	0.0	0.0	0.0	0.0	0.021539646959932754	0.9784603530400673	2.1539646959932752	97.84603530400673	routine
674.75	0	0.0			0.0		0.08615858783973102	0.9138414121602689	0.0	0.0	0.0	0.0	0.0	0.0	0.0	0.021539646959932754	0.9784603530400673	2.1539646959932752	97.84603530400673	routine
675.0	0	0.0			0.0		0.08615858783973102	0.9138414121602689	0.0	0.0	0.0	0.0	0.0	0.0	0.0	0.021539646959932754	0.9784603530400673	2.1539646959932752	97.84603530400673	routine
675.25	0	0.0			0.0		0.08615858783973102	0.9138414121602689	0.0	0.0	0.0	0.0	0.0	0.0	0.0	0.021539646959932754	0.9784603530400673	2.1539646959932752	97.84603530400673	routine
675.5	0	0.0			0.0		0.08615858783973102	0.9138414121602689	0.0	0.0	0.0	0.0	0.0	0.0	0.0	0.021539646959932754	0.9784603530400673	2.1539646959932752	97.84603530400673	routine
675.75	0	0.0			0.0		0.08615858783973102	0.9138414121602689	0.0	0.0	0.0	0.0	0.0	0.0	0.0	0.021539646959932754	0.9784603530400673	2.1539646959932752	97.84603530400673	routine
676.0	0	0.0			0.0		0.08615858783973102	0.9138414121602689	0.0	0.0	0.0	0.0	0.0	0.0	0.0	0.021539646959932754	0.9784603530400673	2.1539646959932752	97.84603530400673	routine
676.25	0	0.0			0.0		0.08615858783973102	0.9138414121602689	0.0	0.0	0.0	0.0	0.0	0.0	0.0	0.021539646959932754	0.9784603530400673	2.1539646959932752	97.84603530400673	routine
676.5	0	0.0			0.0		0.08615858783973102	0.9138414121602689	0.0	0.0	0.0	0.0	0.0	0.0	0.0	0.021539646959932754	0.9784603530400673	2.1539646959932752	97.84603530400673	routine
676.75	0	0.0			0.0		0.08615858783973102	0.9138414121602689	0.0	0.0	0.0	0.0	0.0	0.0	0.0	0.021539646959932754	0.9784603530400673	2.1539646959932752	97.84603530400673	routine
677.0	0	0.0			0.0		0.08615858783973102	0.9138414121602689	0.0	0.0	0.0	0.0	0.0	0.0	0.0	0.021539646959932754	0.9784603530400673	2.1539646959932752	97.84603530400673	routine
677.25	0	0.0			0.0		0.08615858783973102	0.9138414121602689	0.0	0.0	0.0	0.0	0.0	0.0	0.0	0.021539646959932754	0.9784603530400673	2.1539646959932752	97.84603530400673	routine
677.5	0	0.0			0.0		0.08615858783973102	0.9138414121602689	0.0	0.0	0.0	0.0	0.0	0.0	0.0	0.021539646959932754	0.9784603530400673	2.1539646959932752	97.84603530400673	routine
677.75	0	0.0			0.0		0.08615858783973102	0.9138414121602689	0.0	0.0	0.0	0.0	0.0	0.0	0.0	0.021539646959932754	0.9784603530400673	2.1539646959932752	97.84603530400673	routine
678.0	0	0.0			0.0		0.08615858783973102	0.9138414121602689	0.0	0.0	0.0	0.0	0.0	0.0	0.0	0.021539646959932754	0.9784603530400673	2.1539646959932752	97.84603530400673	routine
678.25	0	0.0			0.0		0.08615858783973102	0.9138414121602689	0.0	0.0	0.0	0.0	0.0	0.0	0.0	0.021539646959932754	0.9784603530400673	2.1539646959932752	97.84603530400673	routine
678.5	0	0.0			0.0		0.08615858783973102	0.9138414121602689	0.0	0.0	0.0	0.0	0.0	0.0	0.0	0.021539646959932754	0.9784603530400673	2.1539646959932752	97.84603530400673	routine
678.75	0	0.0			0.0		0.08615858783973102	0.9138414121602689	0.0	0.0	0.0	0.0	0.0	0.0	0.0	0.021539646959932754	0.9784603530400673	2.1539646959932752	97.84603530400673	routine
679.0	0	0.0			0.0		0.08615858783973102	0.9138414121602689	0.0	0.0	0.0	0.0	0.0	0.0	0.0	0.021539646959932754	0.9784603530400673	2.1539646959932752	97.84603530400673	routine
679.25	0	0.0			0.0		0.08615858783973102	0.9138414121602689	0.0	0.0	0.0	0.0	0.0	0.0	0.0	0.021539646959932754	0.9784603530400673	2.1539646959932752	97.84603530400673	routine
679.5	0	0.0			0.0		0.08615858783973102	0.9138414121602689	0.0	0.0	0.0	0.0	0.0	0.0	0.0	0.021539646959932754	0.9784603530400673	2.1539646959932752	97.84603530400673	routine
679.75	0	0.0			0.0		0.08615858783973102	0.9138414121602689	0.0	0.0	0.0	0.0	0.0	0.0	0.0	0.021539646959932754	0.9784603530400673	2.1539646959932752	97.84603530400673	routine
680.0	0	0.0			0.0		0.08615858783973102	0.9138414121602689	0.0	0.0	0.0	0.0	0.0	0.0	0.0	0.021539646959932754	0.9784603530400673	2.1539646959932752	97.84603530400673	routine
680.25	0	0.0			0.0		0.08615858783973102	0.9138414121602689	0.0	0.0	0.0	0.0	0.0	0.0	0.0	0.021539646959932754	0.9784603530400673	2.1539646959932752	97.84603530400673	routine
680.5	0	0.0			0.0		0.08615858783973102	0.9138414121602689	0.0	0.0	0.0	0.0	0.0	0.0	0.0	0.021539646959932754	0.9784603530400673	2.1539646959932752	97.84603530400673	routine
680.75	0	0.0			0.0		0.08615858783973102	0.9138414121602689	0.0	0.0	0.0	0.0	0.0	0.0	0.0	0.021539646959932754	0.9784603530400673	2.1539646959932752	97.84603530400673	routine
681.0	0	0.0			0.0		0.08615858783973102	0.9138414121602689	0.0	0.0	0.0	0.0	0.0	0.0	0.0	0.021539646959932754	0.9784603530400673	2.1539646959932752	97.84603530400673	routine
681.25	0	0.0			0.0		0.08615858783973102	0.9138414121602689	0.0	0.0	0.0	0.0	0.0	0.0	0.0	0.021539646959932754	0.9784603530400673	2.1539646959932752	97.84603530400673	routine
681.5	0	0.0			0.0		0.08615858783973102	0.9138414121602689	0.0	0.0	0.0	0.0	0.0	0.0	0.0	0.021539646959932754	0.9784603530400673	2.1539646959932752	97.84603530400673	routine
681.75	0	0.0			0.0		0.08615858783973102	0.9138414121602689	0.0	0.0	0.0	0.0	0.0	0.0	0.0	0.021539646959932754	0.9784603530400673	2.1539646959932752	97.84603530400673	routine
682.0	0	0.0			0.0		0.08615858783973102	0.9138414121602689	0.0	0.0	0.0	0.0	0.0	0.0	0.0	0.021539646959932754	0.9784603530400673	2.1539646959932752	97.84603530400673	routine
682.25	0	0.0			0.0		0.08615858783973102	0.9138414121602689	0.0	0.0	0.0	0.0	0.0	0.0	0.0	0.021539646959932754	0.9784603530400673	2.1539646959932752	97.84603530400673	routine
682.5	0	0.0			0.0		0.08615858783973102	0.9138414121602689	0.0	0.0	0.0	0.0	0.0	0.0	0.0	0.021539646959932754	0.9784603530400673	2.1539646959932752	97.84603530400673	routine
682.75	0	0.0			0.0		0.08615858783973102	0.9138414121602689	0.0	0.0	0.0	0.0	0.0	0.0	0.0	0.021539646959932754	0.9784603530400673	2.1539646959932752	97.84603530400673	routine
683.0	0	0.0			0.0		0.08615858783973102	0.9138414121602689	0.0	0.0	0.0	0.0	0.0	0.0	0.0	0.021539646959932754	0.9784603530400673	2.1539646959932752	97.84603530400673	routine
683.25	0	0.0			0.0		0.08615858783973102	0.9138414121602689	0.0	0.0	0.0	0.0	0.0	0.0	0.0	0.021539646959932754	0.9784603530400673	2.1539646959932752	97.84603530400673	routine
683.5	0	0.0			0.0		0.08615858783973102	0.9138414121602689	0.0	0.0	0.0	0.0	0.0	0.0	0.0	0.021539646959932754	0.9784603530400673	2.1539646959932752	97.84603530400673	routine
683.75	0	0.0			0.0		0.08615858783973102	0.9138414121602689	0.0	0.0	0.0	0.0	0.0	0.0	0.0	0.021539646959932754	0.9784603530400673	2.1539646959932752	97.84603530400673	routine
684.0	0	0.0			0.0		0.08615858783973102	0.9138414121602689	0.0	0.0	0.0	0.0	0.0	0.0	0.0	0.021539646959932754	0.9784603530400673	2.1539646959932752	97.84603530400673	routine
684.25	0	0.0			0.0		0.08615858783973102	0.9138414121602689	0.0	0.0	0.0	0.0	0.0	0.0	0.0	0.021539646959932754	0.9784603530400673	2.1539646959932752	97.84603530400673	routine
684.5	0	0.0			0.0		0.08615858783973102	0.9138414121602689	0.0	0.0	0.0	0.0	0.0	0.0	0.0	0.021539646959932754	0.9784603530400673	2.1539646959932752	97.84603530400673	routine
684.75	0	0.0			0.0		0.08615858783973102	0.9138414121602689	0.0	0.0	0.0	0.0	0.0	0.0	0.0	0.021539646959932754	0.9784603530400673	2.1539646959932752	97.84603530400673	routine
685.0	0	0.0			0.0		0.08615858783973102	0.9138414121602689	0.0	0.0	0.0	0.0	0.0	0.0	0.0	0.021539646959932754	0.9784603530400673	2.1539646959932752	97.84603530400673	routine
685.25	0	0.0			0.0		0.08615858783973102	0.9138414121602689	0.0	0.0	0.0	0.0	0.0	0.0	0.0	0.021539646959932754	0.9784603530400673	2.1539646959932752	97.84603530400673	routine
685.5	0	0.0			0.0		0.08615858783973102	0.9138414121602689	0.0	0.0	0.0	0.0	0.0	0.0	0.0	0.021539646959932754	0.9784603530400673	2.1539646959932752	97.84603530400673	routine
685.75	0	0.0004144799395610001	-0.0	-0.0	1.0	1.0	0.22289156626506024	0.7771084337349398	0.0	0.0	0.0	0.0	0.0	0.0	0.0	0.05572289156626506	0.9442771084337349	5.572289156626506	94.42771084337349	routine
686.0	0	0.0010775728142124873	-0.0	-0.0	1.0	1.0	0.22289156626506024	0.7771084337349398	0.0	0.0	0.0	0.0	0.0	0.0	0.0	0.05572289156626506	0.9442771084337349	5.572289156626506	94.42771084337349	routine
686.25	0	0.002631760299534204	-0.0	-0.0	1.0	1.0	0.22289156626506024	0.7771084337349398	0.0	0.0	0.0	0.0	0.0	0.0	0.0	0.05572289156626506	0.9442771084337349	5.572289156626506	94.42771084337349	routine
686.5	0	0.006038132393223539	-0.0	-0.0	1.0	1.0	0.22289156626506024	0.7771084337349398	0.0	0.0	0.0	0.0	0.0	0.0	0.0	0.05572289156626506	0.9442771084337349	5.572289156626506	94.42771084337349	routine
686.75	0	0.013014141549391239	-0.0	-0.0	1.0	1.0	0.22289156626506024	0.7771084337349398	0.0	0.0	0.0	0.0	0.0	0.0	0.0	0.05572289156626506	0.9442771084337349	5.572289156626506	94.42771084337349	routine
687.0	0	0.02635026673528483	-0.0	-0.0	1.0	1.0	0.22289156626506024	0.7771084337349398	0.0	0.0	0.0	0.0	0.0	0.0	0.0	0.05572289156626506	0.9442771084337349	5.572289156626506	94.42771084337349	routine
687.25	0	0.050120004395115214	-0.0	-0.0	1.0	1.0	0.22289156626506024	0.7771084337349398	0.0	0.0	0.0	0.0	0.0	0.0	0.0	0.05572289156626506	0.9442771084337349	5.572289156626506	94.42771084337349	routine
687.5	0	0.089555812808885	-0.0	-0.0	1.0	1.0	0.22289156626506024	0.7771084337349398	0.0	0.0	0.0	0.0	0.0	0.0	0.0	0.05572289156626506	0.9442771084337349	5.572289156626506	94.42771084337349	routine
687.75	1	0.15032563749943167	-0.0	-0.0	1.0	1.0	0.22289156626506024	0.7771084337349398	0.0	0.0	0.0	0.0	0.0	0.0	0.0	0.05572289156626506	0.9442771084337349	5.572289156626506	94.42771084337349	routine
688.0	1	0.23704397625170076	-0.0	-0.0	1.0	1.0	0.22289156626506024	0.7771084337349398	0.0	0.0	0.0	0.0	0.0	0.0	0.0	0.05572289156626506	0.9442771084337349	5.572289156626506	94.42771084337349	routine
688.25	1	0.35114087552938844	-0.0	-0.0	1.0	1.0	0.22289156626506024	0.7771084337349398	0.0	0.0	0.0	0.0	0.0	0.0	0.0	0.05572289156626506	0.9442771084337349	5.572289156626506	94.42771084337349	routine
688.5	1	0.4886416104141159	-0.0	-0.0	1.0	1.0	0.22289156626506024	0.7771084337349398	0.0	0.0	0.0	0.0	0.0	0.0	0.0	0.05572289156626506	0.9442771084337349	5.572289156626506	94.42771084337349	routine
688.75	1	0.6387870461572112	-0.0	-0.0	1.0	1.0	0.22289156626506024	0.7771084337349398	0.0	0.0	0.0	0.0	0.0	0.0	0.0	0.05572289156626506	0.9442771084337349	5.572289156626506	94.42771084337349	routine
689.0	1	0.7844736299175122	-0.0	-0.0	1.0	1.0	0.22289156626506024	0.7771084337349398	0.0	0.0	0.0	0.0	0.0	0.0	0.0	0.05572289156626506	0.9442771084337349	5.572289156626506	94.42771084337349	routine
689.25	1	0.9050179499830227	-0.0	-0.0	1.0	1.0	0.22289156626506024	0.7771084337349398	0.0	0.0	0.0	0.0	0.0	0.0	0.0	0.05572289156626506	0.9442771084337349	5.572289156626506	94.42771084337349	routine
689.5	1	0.9808274947192693	-0.0	-0.0	1.0	1.0	0.22289156626506024	0.7771084337349398	0.0	0.0	0.0	0.0	0.0	0.0	0.0	0.05572289156626506	0.9442771084337349	5.572289156626506	94.42771084337349	routine
689.75	1	0.9985841420351999	-0.0	-0.0	1.0	1.0	0.22289156626506024	0.7771084337349398	0.0	0.0	0.0	0.0	0.0	0.0	0.0	0.05572289156626506	0.9442771084337349	5.572289156626506	94.42771084337349	routine
690.0	1	0.9550657991547152	-0.0	-0.0	1.0	1.0	0.22289156626506024	0.7771084337349398	0.0	0.0	0.0	0.0	0.0	0.0	0.0	0.05572289156626506	0.9442771084337349	5.572289156626506	94.42771084337349	routine
690.25	1	0.858101214156576	-0.0	-0.0	1.0	1.0	0.22289156626506024	0.7771084337349398	0.0	0.0	0.0	0.0	0.0	0.0	0.0	0.05572289156626506	0.9442771084337349	5.572289156626506	94.42771084337349	routine
690.5	1	0.7242697296361058	-0.0	-0.0	1.0	1.0	0.22289156626506024	0.7771084337349398	0.0	0.0	0.0	0.0	0.0	0.0	0.0	0.05572289156626506	0.9442771084337349	5.572289156626506	94.42771084337349	routine
690.75	1	0.5742734621427082	-0.0	-0.0	1.0	1.0	0.22289156626506024	0.7771084337349398	0.0	0.0	0.0	0.0	0.0	0.0	0.0	0.05572289156626506	0.9442771084337349	5.572289156626506	94.42771084337349	routine
691.0	1	0.42775368079725273	-0.0	-0.0	1.0	1.0	0.22289156626506024	0.7771084337349398	0.0	0.0	0.0	0.0	0.0	0.0	0.0	0.05572289156626506	0.9442771084337349	5.572289156626506	94.42771084337349	routine
691.25	1	0.2993128470993465	-0.0	-0.0	1.0	1.0	0.22289156626506024	0.7771084337349398	0.0	0.0	0.0	0.0	0.0	0.0	0.0	0.05572289156626506	0.9442771084337349	5.572289156626506	94.42771084337349	routine
691.5	1	0.1967494629642046	-0.0	-0.0	1.0	1.0	0.22289156626506024	0.7771084337349398	0.0	0.0	0.0	0.0	0.0	0.0	0.0	0.05572289156626506	0.9442771084337349	5.572289156626506	94.42771084337349	routine
691.75	0	0.12149498397381388	-0.0	-0.0	1.0	1.0	0.22289156626506024	0.7771084337349398	0.0	0.0	0.0	0.0	0.0	0.0	0.0	0.05572289156626506	0.9442771084337349	5.572289156626506	94.42771084337349	routine
692.0	0	0.0704790003284033	-0.0	-0.0	1.0	1.0	0.22289156626506024	0.7771084337349398	0.0	0.0	0.0	0.0	0.0	0.0	0.0	0.05572289156626506	0.9442771084337349	5.572289156626506	94.42771084337349	routine
692.25	0	0.038407648435453384	-0.0	-0.0	1.0	1.0	0.22289156626506024	0.7771084337349398	0.0	0.0	0.0	0.0	0.0	0.0	0.0	0.05572289156626506	0.9442771084337349	5.572289156626506	94.42771084337349	routine
692.5	0	0.019662208395193753	-0.0	-0.0	1.0	1.0	0.22289156626506024	0.7771084337349398	0.0	0.0	0.0	0.0	0.0	0.0	0.0	0.05572289156626506	0.9442771084337349	5.572289156626506	94.42771084337349	routine
692.75	0	0.009455912977853288	-0.0	-0.0	1.0	1.0	0.22289156626506024	0.7771084337349398	0.0	0.0	0.0	0.0	0.0	0.0	0.0	0.05572289156626506	0.9442771084337349	5.572289156626506	94.42771084337349	routine
693.0	0	0.004271999897968283	-0.0	-0.0	1.0	1.0	0.22289156626506024	0.7771084337349398	0.0	0.0	0.0	0.0	0.0	0.0	0.0	0.05572289156626506	0.9442771084337349	5.572289156626506	94.42771084337349	routine
693.25	0	0.0018130742728860547	-0.0	-0.0	1.0	1.0	0.22289156626506024	0.7771084337349398	0.0	0.0	0.0	0.0	0.0	0.0	0.0	0.05572289156626506	0.9442771084337349	5.572289156626506	94.42771084337349	routine
693.5	0	0.0007228639258440721	-0.0	-0.0	1.0	1.0	0.22289156626506024	0.7771084337349398	0.0	0.0	0.0	0.0	0.0	0.0	0.0	0.05572289156626506	0.9442771084337349	5.572289156626506	94.42771084337349	routine
693.75	0	0.0			0.0		0.08615858783973102	0.9138414121602689	0.0	0.0	0.0	0.0	0.0	0.0	0.0	0.021539646959932754	0.9784603530400673	2.1539646959932752	97.84603530400673	routine
694.0	0	0.0			0.0		0.08615858783973102	0.9138414121602689	0.0	0.0	0.0	0.0	0.0	0.0	0.0	0.021539646959932754	0.9784603530400673	2.1539646959932752	97.84603530400673	routine
694.25	0	0.0			0.0		0.08615858783973102	0.9138414121602689	0.0	0.0	0.0	0.0	0.0	0.0	0.0	0.021539646959932754	0.9784603530400673	2.1539646959932752	97.84603530400673	routine
694.5	0	0.0			0.0		0.08615858783973102	0.9138414121602689	0.0	0.0	0.0	0.0	0.0	0.0	0.0	0.021539646959932754	0.9784603530400673	2.1539646959932752	97.84603530400673	routine
694.75	0	0.0			0.0		0.08615858783973102	0.9138414121602689	0.0	0.0	0.0	0.0	0.0	0.0	0.0	0.021539646959932754	0.9784603530400673	2.1539646959932752	97.84603530400673	routine
695.0	0	0.0			0.0		0.08615858783973102	0.9138414121602689	0.0	0.0	0.0	0.0	0.0	0.0	0.0	0.021539646959932754	0.9784603530400673	2.1539646959932752	97.84603530400673	routine
695.25	0	0.0			0.0		0.08615858783973102	0.9138414121602689	0.0	0.0	0.0	0.0	0.0	0.0	0.0	0.021539646959932754	0.9784603530400673	2.1539646959932752	97.84603530400673	routine
695.5	0	0.0			0.0		0.08615858783973102	0.9138414121602689	0.0	0.0	0.0	0.0	0.0	0.0	0.0	0.021539646959932754	0.9784603530400673	2.1539646959932752	97.84603530400673	routine
695.75	0	0.0			0.0		0.08615858783973102	0.9138414121602689	0.0	0.0	0.0	0.0	0.0	0.0	0.0	0.021539646959932754	0.9784603530400673	2.1539646959932752	97.84603530400673	routine
696.0	0	0.0			0.0		0.08615858783973102	0.9138414121602689	0.0	0.0	0.0	0.0	0.0	0.0	0.0	0.021539646959932754	0.9784603530400673	2.1539646959932752	97.84603530400673	routine
696.25	0	0.0			0.0		0.08615858783973102	0.9138414121602689	0.0	0.0	0.0	0.0	0.0	0.0	0.0	0.021539646959932754	0.9784603530400673	2.1539646959932752	97.84603530400673	routine
696.5	0	0.0			0.0		0.08615858783973102	0.9138414121602689	0.0	0.0	0.0	0.0	0.0	0.0	0.0	0.021539646959932754	0.9784603530400673	2.1539646959932752	97.84603530400673	routine
696.75	0	0.0			0.0		0.08615858783973102	0.9138414121602689	0.0	0.0	0.0	0.0	0.0	0.0	0.0	0.021539646959932754	0.9784603530400673	2.1539646959932752	97.84603530400673	routine
697.0	0	0.0			0.0		0.08615858783973102	0.9138414121602689	0.0	0.0	0.0	0.0	0.0	0.0	0.0	0.021539646959932754	0.9784603530400673	2.1539646959932752	97.84603530400673	routine
697.25	0	0.0			0.0		0.08615858783973102	0.9138414121602689	0.0	0.0	0.0	0.0	0.0	0.0	0.0	0.021539646959932754	0.9784603530400673	2.1539646959932752	97.84603530400673	routine
697.5	0	0.0			0.0		0.08615858783973102	0.9138414121602689	0.0	0.0	0.0	0.0	0.0	0.0	0.0	0.021539646959932754	0.9784603530400673	2.1539646959932752	97.84603530400673	routine
697.75	0	0.0			0.0		0.08615858783973102	0.9138414121602689	0.0	0.0	0.0	0.0	0.0	0.0	0.0	0.021539646959932754	0.9784603530400673	2.1539646959932752	97.84603530400673	routine
698.0	0	0.0			0.0		0.08615858783973102	0.9138414121602689	0.0	0.0	0.0	0.0	0.0	0.0	0.0	0.021539646959932754	0.9784603530400673	2.1539646959932752	97.84603530400673	routine
698.25	0	0.0			0.0		0.08615858783973102	0.9138414121602689	0.0	0.0	0.0	0.0	0.0	0.0	0.0	0.021539646959932754	0.9784603530400673	2.1539646959932752	97.84603530400673	routine
698.5	0	0.0			0.0		0.08615858783973102	0.9138414121602689	0.0	0.0	0.0	0.0	0.0	0.0	0.0	0.021539646959932754	0.9784603530400673	2.1539646959932752	97.84603530400673	routine
698.75	0	0.0			0.0		0.08615858783973102	0.9138414121602689	0.0	0.0	0.0	0.0	0.0	0.0	0.0	0.021539646959932754	0.9784603530400673	2.1539646959932752	97.84603530400673	routine
699.0	0	0.0			0.0		0.08615858783973102	0.9138414121602689	0.0	0.0	0.0	0.0	0.0	0.0	0.0	0.021539646959932754	0.9784603530400673	2.1539646959932752	97.84603530400673	routine
699.25	0	0.0			0.0		0.08615858783973102	0.9138414121602689	0.0	0.0	0.0	0.0	0.0	0.0	0.0	0.021539646959932754	0.9784603530400673	2.1539646959932752	97.84603530400673	routine
699.5	0	0.0			0.0		0.08615858783973102	0.9138414121602689	0.0	0.0	0.0	0.0	0.0	0.0	0.0	0.021539646959932754	0.9784603530400673	2.1539646959932752	97.84603530400673	routine
699.75	0	0.0			0.0		0.08615858783973102	0.9138414121602689	0.0	0.0	0.0	0.0	0.0	0.0	0.0	0.021539646959932754	0.9784603530400673	2.1539646959932752	97.84603530400673	routine
700.0	0	0.0			0.0		0.08615858783973102	0.9138414121602689	0.0	0.0	0.0	0.0	0.0	0.0	0.0	0.021539646959932754	0.9784603530400673	2.1539646959932752	97.84603530400673	routine
700.25	0	0.0			0.0		0.08615858783973102	0.9138414121602689	0.0	0.0	0.0	0.0	0.0	0.0	0.0	0.021539646959932754	0.9784603530400673	2.1539646959932752	97.84603530400673	routine
700.5	0	0.0			0.0		0.08615858783973102	0.9138414121602689	0.0	0.0	0.0	0.0	0.0	0.0	0.0	0.021539646959932754	0.9784603530400673	2.1539646959932752	97.84603530400673	routine
700.75	0	0.0			0.0		0.08615858783973102	0.9138414121602689	0.0	0.0	0.0	0.0	0.0	0.0	0.0	0.021539646959932754	0.9784603530400673	2.1539646959932752	97.84603530400673	routine
701.0	0	0.0			0.0		0.08615858783973102	0.9138414121602689	0.0	0.0	0.0	0.0	0.0	0.0	0.0	0.021539646959932754	0.9784603530400673	2.1539646959932752	97.84603530400673	routine
701.25	0	0.0			0.0		0.08615858783973102	0.9138414121602689	0.0	0.0	0.0	0.0	0.0	0.0	0.0	0.021539646959932754	0.9784603530400673	2.1539646959932752	97.84603530400673	routine
701.5	0	0.0			0.0		0.08615858783973102	0.9138414121602689	0.0	0.0	0.0	0.0	0.0	0.0	0.0	0.021539646959932754	0.9784603530400673	2.1539646959932752	97.84603530400673	routine
701.75	0	0.0			0.0		0.08615858783973102	0.9138414121602689	0.0	0.0	0.0	0.0	0.0	0.0	0.0	0.021539646959932754	0.9784603530400673	2.1539646959932752	97.84603530400673	routine
702.0	0	0.0			0.0		0.08615858783973102	0.9138414121602689	0.0	0.0	0.0	0.0	0.0	0.0	0.0	0.021539646959932754	0.9784603530400673	2.1539646959932752	97.84603530400673	routine
702.25	0	0.0			0.0		0.08615858783973102	0.9138414121602689	0.0	0.0	0.0	0.0	0.0	0.0	0.0	0.021539646959932754	0.9784603530400673	2.1539646959932752	97.84603530400673	routine
702.5	0	0.0			0.0		0.08615858783973102	0.9138414121602689	0.0	0.0	0.0	0.0	0.0	0.0	0.0	0.021539646959932754	0.9784603530400673	2.1539646959932752	97.84603530400673	routine
702.75	0	0.0			0.0		0.08615858783973102	0.9138414121602689	0.0	0.0	0.0	0.0	0.0	0.0	0.0	0.021539646959932754	0.9784603530400673	2.1539646959932752	97.84603530400673	routine
703.0	0	0.0			0.0		0.08615858783973102	0.9138414121602689	0.0	0.0	0.0	0.0	0.0	0.0	0.0	0.021539646959932754	0.9784603530400673	2.1539646959932752	97.84603530400673	routine
703.25	0	0.0			0.0		0.08615858783973102	0.9138414121602689	0.0	0.0	0.0	0.0	0.0	0.0	0.0	0.021539646959932754	0.9784603530400673	2.1539646959932752	97.84603530400673	routine
703.5	0	0.0			0.0		0.08615858783973102	0.9138414121602689	0.0	0.0	0.0	0.0	0.0	0.0	0.0	0.021539646959932754	0.9784603530400673	2.1539646959932752	97.84603530400673	routine
703.75	0	0.0			0.0		0.08615858783973102	0.9138414121602689	0.0	0.0	0.0	0.0	0.0	0.0	0.0	0.021539646959932754	0.9784603530400673	2.1539646959932752	97.84603530400673	routine
704.0	0	0.0			0.0		0.08615858783973102	0.9138414121602689	0.0	0.0	0.0	0.0	0.0	0.0	0.0	0.021539646959932754	0.9784603530400673	2.1539646959932752	97.84603530400673	routine
704.25	0	0.0			0.0		0.08615858783973102	0.9138414121602689	0.0	0.0	0.0	0.0	0.0	0.0	0.0	0.021539646959932754	0.9784603530400673	2.1539646959932752	97.84603530400673	routine
704.5	0	0.0			0.0		0.08615858783973102	0.9138414121602689	0.0	0.0	0.0	0.0	0.0	0.0	0.0	0.021539646959932754	0.9784603530400673	2.1539646959932752	97.84603530400673	routine
704.75	0	0.0			0.0		0.08615858783973102	0.9138414121602689	0.0	0.0	0.0	0.0	0.0	0.0	0.0	0.021539646959932754	0.9784603530400673	2.1539646959932752	97.84603530400673	routine
705.0	0	0.0			0.0		0.08615858783973102	0.9138414121602689	0.0	0.0	0.0	0.0	0.0	0.0	0.0	0.021539646959932754	0.9784603530400673	2.1539646959932752	97.84603530400673	routine
705.25	0	0.0			0.0		0.08615858783973102	0.9138414121602689	0.0	0.0	0.0	0.0	0.0	0.0	0.0	0.021539646959932754	0.9784603530400673	2.1539646959932752	97.84603530400673	routine
705.5	0	0.0			0.0		0.08615858783973102	0.9138414121602689	0.0	0.0	0.0	0.0	0.0	0.0	0.0	0.021539646959932754	0.9784603530400673	2.1539646959932752	97.84603530400673	routine
705.75	0	0.0			0.0		0.08615858783973102	0.9138414121602689	0.0	0.0	0.0	0.0	0.0	0.0	0.0	0.021539646959932754	0.9784603530400673	2.1539646959932752	97.84603530400673	routine
706.0	0	0.0			0.0		0.08615858783973102	0.9138414121602689	0.0	0.0	0.0	0.0	0.0	0.0	0.0	0.021539646959932754	0.9784603530400673	2.1539646959932752	97.84603530400673	routine
706.25	0	0.0			0.0		0.08615858783973102	0.9138414121602689	0.0	0.0	0.0	0.0	0.0	0.0	0.0	0.021539646959932754	0.9784603530400673	2.1539646959932752	97.84603530400673	routine
706.5	0	0.0			0.0		0.08615858783973102	0.9138414121602689	0.0	0.0	0.0	0.0	0.0	0.0	0.0	0.021539646959932754	0.9784603530400673	2.1539646959932752	97.84603530400673	routine
706.75	0	0.0			0.0		0.08615858783973102	0.9138414121602689	0.0	0.0	0.0	0.0	0.0	0.0	0.0	0.021539646959932754	0.9784603530400673	2.1539646959932752	97.84603530400673	routine
707.0	0	0.0			0.0		0.08615858783973102	0.9138414121602689	0.0	0.0	0.0	0.0	0.0	0.0	0.0	0.021539646959932754	0.9784603530400673	2.1539646959932752	97.84603530400673	routine
707.25	0	0.0			0.0		0.08615858783973102	0.9138414121602689	0.0	0.0	0.0	0.0	0.0	0.0	0.0	0.021539646959932754	0.9784603530400673	2.1539646959932752	97.84603530400673	routine
707.5	0	0.0			0.0		0.08615858783973102	0.9138414121602689	0.0	0.0	0.0	0.0	0.0	0.0	0.0	0.021539646959932754	0.9784603530400673	2.1539646959932752	97.84603530400673	routine
707.75	0	0.0			0.0		0.08615858783973102	0.9138414121602689	0.0	0.0	0.0	0.0	0.0	0.0	0.0	0.021539646959932754	0.9784603530400673	2.1539646959932752	97.84603530400673	routine
708.0	0	0.0			0.0		0.08615858783973102	0.9138414121602689	0.0	0.0	0.0	0.0	0.0	0.0	0.0	0.021539646959932754	0.9784603530400673	2.1539646959932752	97.84603530400673	routine
708.25	0	0.0			0.0		0.08615858783973102	0.9138414121602689	0.0	0.0	0.0	0.0	0.0	0.0	0.0	0.021539646959932754	0.9784603530400673	2.1539646959932752	97.84603530400673	routine
708.5	0	0.0			0.0		0.08615858783973102	0.9138414121602689	0.0	0.0	0.0	0.0	0.0	0.0	0.0	0.021539646959932754	0.9784603530400673	2.1539646959932752	97.84603530400673	routine
708.75	0	0.0			0.0		0.08615858783973102	0.9138414121602689	0.0	0.0	0.0	0.0	0.0	0.0	0.0	0.021539646959932754	0.9784603530400673	2.1539646959932752	97.84603530400673	routine
709.0	0	0.0			0.0		0.08615858783973102	0.9138414121602689	0.0	0.0	0.0	0.0	0.0	0.0	0.0	0.021539646959932754	0.9784603530400673	2.1539646959932752	97.84603530400673	routine
709.25	0	0.0			0.0		0.08615858783973102	0.9138414121602689	0.0	0.0	0.0	0.0	0.0	0.0	0.0	0.021539646959932754	0.9784603530400673	2.1539646959932752	97.84603530400673	routine
709.5	0	0.0			0.0		0.08615858783973102	0.9138414121602689	0.0	0.0	0.0	0.0	0.0	0.0	0.0	0.021539646959932754	0.9784603530400673	2.1539646959932752	97.84603530400673	routine
709.75	0	0.0			0.0		0.08615858783973102	0.9138414121602689	0.0	0.0	0.0	0.0	0.0	0.0	0.0	0.021539646959932754	0.9784603530400673	2.1539646959932752	97.84603530400673	routine
710.0	0	0.0			0.0		0.08615858783973102	0.9138414121602689	0.0	0.0	0.0	0.0	0.0	0.0	0.0	0.021539646959932754	0.9784603530400673	2.1539646959932752	97.84603530400673	routine
710.25	0	0.0			0.0		0.08615858783973102	0.9138414121602689	0.0	0.0	0.0	0.0	0.0	0.0	0.0	0.021539646959932754	0.9784603530400673	2.1539646959932752	97.84603530400673	routine
710.5	0	0.0			0.0		0.08615858783973102	0.9138414121602689	0.0	0.0	0.0	0.0	0.0	0.0	0.0	0.021539646959932754	0.9784603530400673	2.1539646959932752	97.84603530400673	routine
710.75	0	0.0			0.0		0.08615858783973102	0.9138414121602689	0.0	0.0	0.0	0.0	0.0	0.0	0.0	0.021539646959932754	0.9784603530400673	2.1539646959932752	97.84603530400673	routine
711.0	0	0.0			0.0		0.08615858783973102	0.9138414121602689	0.0	0.0	0.0	0.0	0.0	0.0	0.0	0.021539646959932754	0.9784603530400673	2.1539646959932752	97.84603530400673	routine
711.25	0	0.0			0.0		0.08615858783973102	0.9138414121602689	0.0	0.0	0.0	0.0	0.0	0.0	0.0	0.021539646959932754	0.9784603530400673	2.1539646959932752	97.84603530400673	routine
711.5	0	0.0			0.0		0.08615858783973102	0.9138414121602689	0.0	0.0	0.0	0.0	0.0	0.0	0.0	0.021539646959932754	0.9784603530400673	2.1539646959932752	97.84603530400673	routine
711.75	0	0.0			0.0		0.08615858783973102	0.9138414121602689	0.0	0.0	0.0	0.0	0.0	0.0	0.0	0.021539646959932754	0.9784603530400673	2.1539646959932752	97.84603530400673	routine
712.0	0	0.0			0.0		0.08615858783973102	0.9138414121602689	0.0	0.0	0.0	0.0	0.0	0.0	0.0	0.021539646959932754	0.9784603530400673	2.1539646959932752	97.84603530400673	routine
712.25	0	0.0			0.0		0.08615858783973102	0.9138414121602689	0.0	0.0	0.0	0.0	0.0	0.0	0.0	0.021539646959932754	0.9784603530400673	2.1539646959932752	97.84603530400673	routine
712.5	0	0.0			0.0		0.08615858783973102	0.9138414121602689	0.0	0.0	0.0	0.0	0.0	0.0	0.0	0.021539646959932754	0.9784603530400673	2.1539646959932752	97.84603530400673	routine
712.75	0	0.0			0.0		0.08615858783973102	0.9138414121602689	0.0	0.0	0.0	0.0	0.0	0.0	0.0	0.021539646959932754	0.9784603530400673	2.1539646959932752	97.84603530400673	routine
713.0	0	0.0			0.0		0.08615858783973102	0.9138414121602689	0.0	0.0	0.0	0.0	0.0	0.0	0.0	0.021539646959932754	0.9784603530400673	2.1539646959932752	97.84603530400673	routine
713.25	0	0.0			0.0		0.08615858783973102	0.9138414121602689	0.0	0.0	0.0	0.0	0.0	0.0	0.0	0.021539646959932754	0.9784603530400673	2.1539646959932752	97.84603530400673	routine
713.5	0	0.0			0.0		0.08615858783973102	0.9138414121602689	0.0	0.0	0.0	0.0	0.0	0.0	0.0	0.021539646959932754	0.9784603530400673	2.1539646959932752	97.84603530400673	routine
713.75	0	0.0			0.0		0.08615858783973102	0.9138414121602689	0.0	0.0	0.0	0.0	0.0	0.0	0.0	0.021539646959932754	0.9784603530400673	2.1539646959932752	97.84603530400673	routine
714.0	0	0.0			0.0		0.08615858783973102	0.9138414121602689	0.0	0.0	0.0	0.0	0.0	0.0	0.0	0.021539646959932754	0.9784603530400673	2.1539646959932752	97.84603530400673	routine
714.25	0	0.0			0.0		0.08615858783973102	0.9138414121602689	0.0	0.0	0.0	0.0	0.0	0.0	0.0	0.021539646959932754	0.9784603530400673	2.1539646959932752	97.84603530400673	routine
714.5	0	0.0			0.0		0.08615858783973102	0.9138414121602689	0.0	0.0	0.0	0.0	0.0	0.0	0.0	0.021539646959932754	0.9784603530400673	2.1539646959932752	97.84603530400673	routine
714.75	0	0.0			0.0		0.08615858783973102	0.9138414121602689	0.0	0.0	0.0	0.0	0.0	0.0	0.0	0.021539646959932754	0.9784603530400673	2.1539646959932752	97.84603530400673	routine
715.0	0	0.0			0.0		0.08615858783973102	0.9138414121602689	0.0	0.0	0.0	0.0	0.0	0.0	0.0	0.021539646959932754	0.9784603530400673	2.1539646959932752	97.84603530400673	routine
715.25	0	0.0			0.0		0.08615858783973102	0.9138414121602689	0.0	0.0	0.0	0.0	0.0	0.0	0.0	0.021539646959932754	0.9784603530400673	2.1539646959932752	97.84603530400673	routine
715.5	0	0.0			0.0		0.08615858783973102	0.9138414121602689	0.0	0.0	0.0	0.0	0.0	0.0	0.0	0.021539646959932754	0.9784603530400673	2.1539646959932752	97.84603530400673	routine
715.75	0	0.0			0.0		0.08615858783973102	0.9138414121602689	0.0	0.0	0.0	0.0	0.0	0.0	0.0	0.021539646959932754	0.9784603530400673	2.1539646959932752	97.84603530400673	routine
716.0	0	0.0			0.0		0.08615858783973102	0.9138414121602689	0.0	0.0	0.0	0.0	0.0	0.0	0.0	0.021539646959932754	0.9784603530400673	2.1539646959932752	97.84603530400673	routine
716.25	0	0.0			0.0		0.08615858783973102	0.9138414121602689	0.0	0.0	0.0	0.0	0.0	0.0	0.0	0.021539646959932754	0.9784603530400673	2.1539646959932752	97.84603530400673	routine
716.5	0	0.0			0.0		0.08615858783973102	0.9138414121602689	0.0	0.0	0.0	0.0	0.0	0.0	0.0	0.021539646959932754	0.9784603530400673	2.1539646959932752	97.84603530400673	routine
716.75	0	0.0			0.0		0.08615858783973102	0.9138414121602689	0.0	0.0	0.0	0.0	0.0	0.0	0.0	0.021539646959932754	0.9784603530400673	2.1539646959932752	97.84603530400673	routine
717.0	0	0.0			0.0		0.08615858783973102	0.9138414121602689	0.0	0.0	0.0	0.0	0.0	0.0	0.0	0.021539646959932754	0.9784603530400673	2.1539646959932752	97.84603530400673	routine
717.25	0	0.0			0.0		0.08615858783973102	0.9138414121602689	0.0	0.0	0.0	0.0	0.0	0.0	0.0	0.021539646959932754	0.9784603530400673	2.1539646959932752	97.84603530400673	routine
717.5	0	0.0			0.0		0.08615858783973102	0.9138414121602689	0.0	0.0	0.0	0.0	0.0	0.0	0.0	0.021539646959932754	0.9784603530400673	2.1539646959932752	97.84603530400673	routine
717.75	0	0.0			0.0		0.08615858783973102	0.9138414121602689	0.0	0.0	0.0	0.0	0.0	0.0	0.0	0.021539646959932754	0.9784603530400673	2.1539646959932752	97.84603530400673	routine
718.0	0	0.0			0.0		0.08615858783973102	0.9138414121602689	0.0	0.0	0.0	0.0	0.0	0.0	0.0	0.021539646959932754	0.9784603530400673	2.1539646959932752	97.84603530400673	routine
718.25	0	0.0			0.0		0.08615858783973102	0.9138414121602689	0.0	0.0	0.0	0.0	0.0	0.0	0.0	0.021539646959932754	0.9784603530400673	2.1539646959932752	97.84603530400673	routine
718.5	0	0.0			0.0		0.08615858783973102	0.9138414121602689	0.0	0.0	0.0	0.0	0.0	0.0	0.0	0.021539646959932754	0.9784603530400673	2.1539646959932752	97.84603530400673	routine
718.75	0	0.0			0.0		0.08615858783973102	0.9138414121602689	0.0	0.0	0.0	0.0	0.0	0.0	0.0	0.021539646959932754	0.9784603530400673	2.1539646959932752	97.84603530400673	routine
719.0	0	0.0			0.0		0.08615858783973102	0.9138414121602689	0.0	0.0	0.0	0.0	0.0	0.0	0.0	0.021539646959932754	0.9784603530400673	2.1539646959932752	97.84603530400673	routine
719.25	0	0.0			0.0		0.08615858783973102	0.9138414121602689	0.0	0.0	0.0	0.0	0.0	0.0	0.0	0.021539646959932754	0.9784603530400673	2.1539646959932752	97.84603530400673	routine
719.5	0	0.0			0.0		0.08615858783973102	0.9138414121602689	0.0	0.0	0.0	0.0	0.0	0.0	0.0	0.021539646959932754	0.9784603530400673	2.1539646959932752	97.84603530400673	routine
719.75	0	0.0			0.0		0.08615858783973102	0.9138414121602689	0.0	0.0	0.0	0.0	0.0	0.0	0.0	0.021539646959932754	0.9784603530400673	2.1539646959932752	97.84603530400673	routine
720.0	0	0.0			0.0		0.08615858783973102	0.9138414121602689	0.0	0.0	0.0	0.0	0.0	0.0	0.0	0.021539646959932754	0.9784603530400673	2.1539646959932752	97.84603530400673	routine
720.25	0	0.0			0.0		0.08615858783973102	0.9138414121602689	0.0	0.0	0.0	0.0	0.0	0.0	0.0	0.021539646959932754	0.9784603530400673	2.1539646959932752	97.84603530400673	routine
720.5	0	0.0			0.0		0.08615858783973102	0.9138414121602689	0.0	0.0	0.0	0.0	0.0	0.0	0.0	0.021539646959932754	0.9784603530400673	2.1539646959932752	97.84603530400673	routine
720.75	0	0.0			0.0		0.08615858783973102	0.9138414121602689	0.0	0.0	0.0	0.0	0.0	0.0	0.0	0.021539646959932754	0.9784603530400673	2.1539646959932752	97.84603530400673	routine
721.0	0	0.0			0.0		0.08615858783973102	0.9138414121602689	0.0	0.0	0.0	0.0	0.0	0.0	0.0	0.021539646959932754	0.9784603530400673	2.1539646959932752	97.84603530400673	routine
721.25	0	0.0			0.0		0.08615858783973102	0.9138414121602689	0.0	0.0	0.0	0.0	0.0	0.0	0.0	0.021539646959932754	0.9784603530400673	2.1539646959932752	97.84603530400673	routine
721.5	0	0.0			0.0		0.08615858783973102	0.9138414121602689	0.0	0.0	0.0	0.0	0.0	0.0	0.0	0.021539646959932754	0.9784603530400673	2.1539646959932752	97.84603530400673	routine
721.75	0	0.0			0.0		0.08615858783973102	0.9138414121602689	0.0	0.0	0.0	0.0	0.0	0.0	0.0	0.021539646959932754	0.9784603530400673	2.1539646959932752	97.84603530400673	routine
722.0	0	0.0			0.0		0.08615858783973102	0.9138414121602689	0.0	0.0	0.0	0.0	0.0	0.0	0.0	0.021539646959932754	0.9784603530400673	2.1539646959932752	97.84603530400673	routine
722.25	0	0.0			0.0		0.08615858783973102	0.9138414121602689	0.0	0.0	0.0	0.0	0.0	0.0	0.0	0.021539646959932754	0.9784603530400673	2.1539646959932752	97.84603530400673	routine
722.5	0	0.0			0.0		0.08615858783973102	0.9138414121602689	0.0	0.0	0.0	0.0	0.0	0.0	0.0	0.021539646959932754	0.9784603530400673	2.1539646959932752	97.84603530400673	routine
722.75	0	0.0			0.0		0.08615858783973102	0.9138414121602689	0.0	0.0	0.0	0.0	0.0	0.0	0.0	0.021539646959932754	0.9784603530400673	2.1539646959932752	97.84603530400673	routine
723.0	0	0.0			0.0		0.08615858783973102	0.9138414121602689	0.0	0.0	0.0	0.0	0.0	0.0	0.0	0.021539646959932754	0.9784603530400673	2.1539646959932752	97.84603530400673	routine
723.25	0	0.0			0.0		0.08615858783973102	0.9138414121602689	0.0	0.0	0.0	0.0	0.0	0.0	0.0	0.021539646959932754	0.9784603530400673	2.1539646959932752	97.84603530400673	routine
723.5	0	0.0			0.0		0.08615858783973102	0.9138414121602689	0.0	0.0	0.0	0.0	0.0	0.0	0.0	0.021539646959932754	0.9784603530400673	2.1539646959932752	97.84603530400673	routine
723.75	0	0.0			0.0		0.08615858783973102	0.9138414121602689	0.0	0.0	0.0	0.0	0.0	0.0	0.0	0.021539646959932754	0.9784603530400673	2.1539646959932752	97.84603530400673	routine
724.0	0	0.0			0.0		0.08615858783973102	0.9138414121602689	0.0	0.0	0.0	0.0	0.0	0.0	0.0	0.021539646959932754	0.9784603530400673	2.1539646959932752	97.84603530400673	routine
724.25	0	0.0			0.0		0.08615858783973102	0.9138414121602689	0.0	0.0	0.0	0.0	0.0	0.0	0.0	0.021539646959932754	0.9784603530400673	2.1539646959932752	97.84603530400673	routine
724.5	0	0.0			0.0		0.08615858783973102	0.9138414121602689	0.0	0.0	0.0	0.0	0.0	0.0	0.0	0.021539646959932754	0.9784603530400673	2.1539646959932752	97.84603530400673	routine
724.75	0	0.0			0.0		0.08615858783973102	0.9138414121602689	0.0	0.0	0.0	0.0	0.0	0.0	0.0	0.021539646959932754	0.9784603530400673	2.1539646959932752	97.84603530400673	routine
725.0	0	0.0			0.0		0.08615858783973102	0.9138414121602689	0.0	0.0	0.0	0.0	0.0	0.0	0.0	0.021539646959932754	0.9784603530400673	2.1539646959932752	97.84603530400673	routine
725.25	0	0.0			0.0		0.08615858783973102	0.9138414121602689	0.0	0.0	0.0	0.0	0.0	0.0	0.0	0.021539646959932754	0.9784603530400673	2.1539646959932752	97.84603530400673	routine
725.5	0	0.0			0.0		0.08615858783973102	0.9138414121602689	0.0	0.0	0.0	0.0	0.0	0.0	0.0	0.021539646959932754	0.9784603530400673	2.1539646959932752	97.84603530400673	routine
725.75	0	0.0			0.0		0.08615858783973102	0.9138414121602689	0.0	0.0	0.0	0.0	0.0	0.0	0.0	0.021539646959932754	0.9784603530400673	2.1539646959932752	97.84603530400673	routine
726.0	0	0.0			0.0		0.08615858783973102	0.9138414121602689	0.0	0.0	0.0	0.0	0.0	0.0	0.0	0.021539646959932754	0.9784603530400673	2.1539646959932752	97.84603530400673	routine
726.25	0	0.0			0.0		0.08615858783973102	0.9138414121602689	0.0	0.0	0.0	0.0	0.0	0.0	0.0	0.021539646959932754	0.9784603530400673	2.1539646959932752	97.84603530400673	routine
726.5	0	0.0			0.0		0.08615858783973102	0.9138414121602689	0.0	0.0	0.0	0.0	0.0	0.0	0.0	0.021539646959932754	0.9784603530400673	2.1539646959932752	97.84603530400673	routine
726.75	0	0.0			0.0		0.08615858783973102	0.9138414121602689	0.0	0.0	0.0	0.0	0.0	0.0	0.0	0.021539646959932754	0.9784603530400673	2.1539646959932752	97.84603530400673	routine
727.0	0	0.0			0.0		0.08615858783973102	0.9138414121602689	0.0	0.0	0.0	0.0	0.0	0.0	0.0	0.021539646959932754	0.9784603530400673	2.1539646959932752	97.84603530400673	routine
727.25	0	0.0			0.0		0.08615858783973102	0.9138414121602689	0.0	0.0	0.0	0.0	0.0	0.0	0.0	0.021539646959932754	0.9784603530400673	2.1539646959932752	97.84603530400673	routine
727.5	0	0.0			0.0		0.08615858783973102	0.9138414121602689	0.0	0.0	0.0	0.0	0.0	0.0	0.0	0.021539646959932754	0.9784603530400673	2.1539646959932752	97.84603530400673	routine
727.75	0	0.0			0.0		0.08615858783973102	0.9138414121602689	0.0	0.0	0.0	0.0	0.0	0.0	0.0	0.021539646959932754	0.9784603530400673	2.1539646959932752	97.84603530400673	routine
728.0	0	0.0			0.0		0.08615858783973102	0.9138414121602689	0.0	0.0	0.0	0.0	0.0	0.0	0.0	0.021539646959932754	0.9784603530400673	2.1539646959932752	97.84603530400673	routine
728.25	0	0.0			0.0		0.08615858783973102	0.9138414121602689	0.0	0.0	0.0	0.0	0.0	0.0	0.0	0.021539646959932754	0.9784603530400673	2.1539646959932752	97.84603530400673	routine
728.5	0	0.0			0.0		0.08615858783973102	0.9138414121602689	0.0	0.0	0.0	0.0	0.0	0.0	0.0	0.021539646959932754	0.9784603530400673	2.1539646959932752	97.84603530400673	routine
728.75	0	0.0			0.0		0.08615858783973102	0.9138414121602689	0.0	0.0	0.0	0.0	0.0	0.0	0.0	0.021539646959932754	0.9784603530400673	2.1539646959932752	97.84603530400673	routine
729.0	0	0.0			0.0		0.08615858783973102	0.9138414121602689	0.0	0.0	0.0	0.0	0.0	0.0	0.0	0.021539646959932754	0.9784603530400673	2.1539646959932752	97.84603530400673	routine
729.25	0	0.0			0.0		0.08615858783973102	0.9138414121602689	0.0	0.0	0.0	0.0	0.0	0.0	0.0	0.021539646959932754	0.9784603530400673	2.1539646959932752	97.84603530400673	routine
729.5	0	0.0			0.0		0.08615858783973102	0.9138414121602689	0.0	0.0	0.0	0.0	0.0	0.0	0.0	0.021539646959932754	0.9784603530400673	2.1539646959932752	97.84603530400673	routine
729.75	0	0.0			0.0		0.08615858783973102	0.9138414121602689	0.0	0.0	0.0	0.0	0.0	0.0	0.0	0.021539646959932754	0.9784603530400673	2.1539646959932752	97.84603530400673	routine
730.0	0	0.0			0.0		0.08615858783973102	0.9138414121602689	0.0	0.0	0.0	0.0	0.0	0.0	0.0	0.021539646959932754	0.9784603530400673	2.1539646959932752	97.84603530400673	routine
730.25	0	0.0			0.0		0.08615858783973102	0.9138414121602689	0.0	0.0	0.0	0.0	0.0	0.0	0.0	0.021539646959932754	0.9784603530400673	2.1539646959932752	97.84603530400673	routine
730.5	0	0.0			0.0		0.08615858783973102	0.9138414121602689	0.0	0.0	0.0	0.0	0.0	0.0	0.0	0.021539646959932754	0.9784603530400673	2.1539646959932752	97.84603530400673	routine
730.75	0	0.0			0.0		0.08615858783973102	0.9138414121602689	0.0	0.0	0.0	0.0	0.0	0.0	0.0	0.021539646959932754	0.9784603530400673	2.1539646959932752	97.84603530400673	routine
731.0	0	0.0			0.0		0.08615858783973102	0.9138414121602689	0.0	0.0	0.0	0.0	0.0	0.0	0.0	0.021539646959932754	0.9784603530400673	2.1539646959932752	97.84603530400673	routine
731.25	0	0.0			0.0		0.08615858783973102	0.9138414121602689	0.0	0.0	0.0	0.0	0.0	0.0	0.0	0.021539646959932754	0.9784603530400673	2.1539646959932752	97.84603530400673	routine
731.5	0	0.0			0.0		0.08615858783973102	0.9138414121602689	0.0	0.0	0.0	0.0	0.0	0.0	0.0	0.021539646959932754	0.9784603530400673	2.1539646959932752	97.84603530400673	routine
731.75	0	0.0			0.0		0.08615858783973102	0.9138414121602689	0.0	0.0	0.0	0.0	0.0	0.0	0.0	0.021539646959932754	0.9784603530400673	2.1539646959932752	97.84603530400673	routine
732.0	0	0.0			0.0		0.08615858783973102	0.9138414121602689	0.0	0.0	0.0	0.0	0.0	0.0	0.0	0.021539646959932754	0.9784603530400673	2.1539646959932752	97.84603530400673	routine
732.25	0	0.0			0.0		0.08615858783973102	0.9138414121602689	0.0	0.0	0.0	0.0	0.0	0.0	0.0	0.021539646959932754	0.9784603530400673	2.1539646959932752	97.84603530400673	routine
732.5	0	0.0			0.0		0.08615858783973102	0.9138414121602689	0.0	0.0	0.0	0.0	0.0	0.0	0.0	0.021539646959932754	0.9784603530400673	2.1539646959932752	97.84603530400673	routine
732.75	0	0.0			0.0		0.08615858783973102	0.9138414121602689	0.0	0.0	0.0	0.0	0.0	0.0	0.0	0.021539646959932754	0.9784603530400673	2.1539646959932752	97.84603530400673	routine
733.0	0	0.0			0.0		0.08615858783973102	0.9138414121602689	0.0	0.0	0.0	0.0	0.0	0.0	0.0	0.021539646959932754	0.9784603530400673	2.1539646959932752	97.84603530400673	routine
733.25	0	0.0			0.0		0.08615858783973102	0.9138414121602689	0.0	0.0	0.0	0.0	0.0	0.0	0.0	0.021539646959932754	0.9784603530400673	2.1539646959932752	97.84603530400673	routine
733.5	0	0.0			0.0		0.08615858783973102	0.9138414121602689	0.0	0.0	0.0	0.0	0.0	0.0	0.0	0.021539646959932754	0.9784603530400673	2.1539646959932752	97.84603530400673	routine
733.75	0	0.0			0.0		0.08615858783973102	0.9138414121602689	0.0	0.0	0.0	0.0	0.0	0.0	0.0	0.021539646959932754	0.9784603530400673	2.1539646959932752	97.84603530400673	routine
734.0	0	0.0			0.0		0.08615858783973102	0.9138414121602689	0.0	0.0	0.0	0.0	0.0	0.0	0.0	0.021539646959932754	0.9784603530400673	2.1539646959932752	97.84603530400673	routine
734.25	0	0.0			0.0		0.08615858783973102	0.9138414121602689	0.0	0.0	0.0	0.0	0.0	0.0	0.0	0.021539646959932754	0.9784603530400673	2.1539646959932752	97.84603530400673	routine
734.5	0	0.0			0.0		0.08615858783973102	0.9138414121602689	0.0	0.0	0.0	0.0	0.0	0.0	0.0	0.021539646959932754	0.9784603530400673	2.1539646959932752	97.84603530400673	routine
734.75	0	0.0			0.0		0.08615858783973102	0.9138414121602689	0.0	0.0	0.0	0.0	0.0	0.0	0.0	0.021539646959932754	0.9784603530400673	2.1539646959932752	97.84603530400673	routine
735.0	0	0.0			0.0		0.08615858783973102	0.9138414121602689	0.0	0.0	0.0	0.0	0.0	0.0	0.0	0.021539646959932754	0.9784603530400673	2.1539646959932752	97.84603530400673	routine
735.25	0	0.0			0.0		0.08615858783973102	0.9138414121602689	0.0	0.0	0.0	0.0	0.0	0.0	0.0	0.021539646959932754	0.9784603530400673	2.1539646959932752	97.84603530400673	routine
735.5	0	0.0			0.0		0.08615858783973102	0.9138414121602689	0.0	0.0	0.0	0.0	0.0	0.0	0.0	0.021539646959932754	0.9784603530400673	2.1539646959932752	97.84603530400673	routine
735.75	0	0.0			0.0		0.08615858783973102	0.9138414121602689	0.0	0.0	0.0	0.0	0.0	0.0	0.0	0.021539646959932754	0.9784603530400673	2.1539646959932752	97.84603530400673	routine
736.0	0	0.0			0.0		0.08615858783973102	0.9138414121602689	0.0	0.0	0.0	0.0	0.0	0.0	0.0	0.021539646959932754	0.9784603530400673	2.1539646959932752	97.84603530400673	routine
736.25	0	0.0			0.0		0.08615858783973102	0.9138414121602689	0.0	0.0	0.0	0.0	0.0	0.0	0.0	0.021539646959932754	0.9784603530400673	2.1539646959932752	97.84603530400673	routine
736.5	0	0.0			0.0		0.08615858783973102	0.9138414121602689	0.0	0.0	0.0	0.0	0.0	0.0	0.0	0.021539646959932754	0.9784603530400673	2.1539646959932752	97.84603530400673	routine
736.75	0	0.0			0.0		0.08615858783973102	0.9138414121602689	0.0	0.0	0.0	0.0	0.0	0.0	0.0	0.021539646959932754	0.9784603530400673	2.1539646959932752	97.84603530400673	routine
737.0	0	0.0			0.0		0.08615858783973102	0.9138414121602689	0.0	0.0	0.0	0.0	0.0	0.0	0.0	0.021539646959932754	0.9784603530400673	2.1539646959932752	97.84603530400673	routine
737.25	0	0.0			0.0		0.08615858783973102	0.9138414121602689	0.0	0.0	0.0	0.0	0.0	0.0	0.0	0.021539646959932754	0.9784603530400673	2.1539646959932752	97.84603530400673	routine
737.5	0	0.0			0.0		0.08615858783973102	0.9138414121602689	0.0	0.0	0.0	0.0	0.0	0.0	0.0	0.021539646959932754	0.9784603530400673	2.1539646959932752	97.84603530400673	routine
737.75	0	0.0			0.0		0.08615858783973102	0.9138414121602689	0.0	0.0	0.0	0.0	0.0	0.0	0.0	0.021539646959932754	0.9784603530400673	2.1539646959932752	97.84603530400673	routine
738.0	0	0.0			0.0		0.08615858783973102	0.9138414121602689	0.0	0.0	0.0	0.0	0.0	0.0	0.0	0.021539646959932754	0.9784603530400673	2.1539646959932752	97.84603530400673	routine
738.25	0	0.0			0.0		0.08615858783973102	0.9138414121602689	0.0	0.0	0.0	0.0	0.0	0.0	0.0	0.021539646959932754	0.9784603530400673	2.1539646959932752	97.84603530400673	routine
738.5	0	0.0			0.0		0.08615858783973102	0.9138414121602689	0.0	0.0	0.0	0.0	0.0	0.0	0.0	0.021539646959932754	0.9784603530400673	2.1539646959932752	97.84603530400673	routine
738.75	0	0.0			0.0		0.08615858783973102	0.9138414121602689	0.0	0.0	0.0	0.0	0.0	0.0	0.0	0.021539646959932754	0.9784603530400673	2.1539646959932752	97.84603530400673	routine
739.0	0	0.0			0.0		0.08615858783973102	0.9138414121602689	0.0	0.0	0.0	0.0	0.0	0.0	0.0	0.021539646959932754	0.9784603530400673	2.1539646959932752	97.84603530400673	routine
739.25	0	0.0			0.0		0.08615858783973102	0.9138414121602689	0.0	0.0	0.0	0.0	0.0	0.0	0.0	0.021539646959932754	0.9784603530400673	2.1539646959932752	97.84603530400673	routine
739.5	0	0.0			0.0		0.08615858783973102	0.9138414121602689	0.0	0.0	0.0	0.0	0.0	0.0	0.0	0.021539646959932754	0.9784603530400673	2.1539646959932752	97.84603530400673	routine
739.75	0	0.0			0.0		0.08615858783973102	0.9138414121602689	0.0	0.0	0.0	0.0	0.0	0.0	0.0	0.021539646959932754	0.9784603530400673	2.1539646959932752	97.84603530400673	routine
740.0	0	0.0			0.0		0.08615858783973102	0.9138414121602689	0.0	0.0	0.0	0.0	0.0	0.0	0.0	0.021539646959932754	0.9784603530400673	2.1539646959932752	97.84603530400673	routine
740.25	0	0.0			0.0		0.08615858783973102	0.9138414121602689	0.0	0.0	0.0	0.0	0.0	0.0	0.0	0.021539646959932754	0.9784603530400673	2.1539646959932752	97.84603530400673	routine
740.5	0	0.0			0.0		0.08615858783973102	0.9138414121602689	0.0	0.0	0.0	0.0	0.0	0.0	0.0	0.021539646959932754	0.9784603530400673	2.1539646959932752	97.84603530400673	routine
740.75	0	0.0			0.0		0.08615858783973102	0.9138414121602689	0.0	0.0	0.0	0.0	0.0	0.0	0.0	0.021539646959932754	0.9784603530400673	2.1539646959932752	97.84603530400673	routine
741.0	0	0.0			0.0		0.08615858783973102	0.9138414121602689	0.0	0.0	0.0	0.0	0.0	0.0	0.0	0.021539646959932754	0.9784603530400673	2.1539646959932752	97.84603530400673	routine
741.25	0	0.0			0.0		0.08615858783973102	0.9138414121602689	0.0	0.0	0.0	0.0	0.0	0.0	0.0	0.021539646959932754	0.9784603530400673	2.1539646959932752	97.84603530400673	routine
741.5	0	0.0			0.0		0.08615858783973102	0.9138414121602689	0.0	0.0	0.0	0.0	0.0	0.0	0.0	0.021539646959932754	0.9784603530400673	2.1539646959932752	97.84603530400673	routine
741.75	0	0.0			0.0		0.08615858783973102	0.9138414121602689	0.0	0.0	0.0	0.0	0.0	0.0	0.0	0.021539646959932754	0.9784603530400673	2.1539646959932752	97.84603530400673	routine
742.0	0	0.0			0.0		0.08615858783973102	0.9138414121602689	0.0	0.0	0.0	0.0	0.0	0.0	0.0	0.021539646959932754	0.9784603530400673	2.1539646959932752	97.84603530400673	routine
742.25	0	0.0			0.0		0.08615858783973102	0.9138414121602689	0.0	0.0	0.0	0.0	0.0	0.0	0.0	0.021539646959932754	0.9784603530400673	2.1539646959932752	97.84603530400673	routine
742.5	0	0.0			0.0		0.08615858783973102	0.9138414121602689	0.0	0.0	0.0	0.0	0.0	0.0	0.0	0.021539646959932754	0.9784603530400673	2.1539646959932752	97.84603530400673	routine
742.75	0	0.0			0.0		0.08615858783973102	0.9138414121602689	0.0	0.0	0.0	0.0	0.0	0.0	0.0	0.021539646959932754	0.9784603530400673	2.1539646959932752	97.84603530400673	routine
743.0	0	0.0			0.0		0.08615858783973102	0.9138414121602689	0.0	0.0	0.0	0.0	0.0	0.0	0.0	0.021539646959932754	0.9784603530400673	2.1539646959932752	97.84603530400673	routine
743.25	0	0.0			0.0		0.08615858783973102	0.9138414121602689	0.0	0.0	0.0	0.0	0.0	0.0	0.0	0.021539646959932754	0.9784603530400673	2.1539646959932752	97.84603530400673	routine
743.5	0	0.0			0.0		0.08615858783973102	0.9138414121602689	0.0	0.0	0.0	0.0	0.0	0.0	0.0	0.021539646959932754	0.9784603530400673	2.1539646959932752	97.84603530400673	routine
743.75	0	0.0			0.0		0.08615858783973102	0.9138414121602689	0.0	0.0	0.0	0.0	0.0	0.0	0.0	0.021539646959932754	0.9784603530400673	2.1539646959932752	97.84603530400673	routine
744.0	0	0.0			0.0		0.08615858783973102	0.9138414121602689	0.0	0.0	0.0	0.0	0.0	0.0	0.0	0.021539646959932754	0.9784603530400673	2.1539646959932752	97.84603530400673	routine
744.25	0	0.0			0.0		0.08615858783973102	0.9138414121602689	0.0	0.0	0.0	0.0	0.0	0.0	0.0	0.021539646959932754	0.9784603530400673	2.1539646959932752	97.84603530400673	routine
744.5	0	0.0			0.0		0.08615858783973102	0.9138414121602689	0.0	0.0	0.0	0.0	0.0	0.0	0.0	0.021539646959932754	0.9784603530400673	2.1539646959932752	97.84603530400673	routine
744.75	0	0.0			0.0		0.08615858783973102	0.9138414121602689	0.0	0.0	0.0	0.0	0.0	0.0	0.0	0.021539646959932754	0.9784603530400673	2.1539646959932752	97.84603530400673	routine
745.0	0	0.0			0.0		0.08615858783973102	0.9138414121602689	0.0	0.0	0.0	0.0	0.0	0.0	0.0	0.021539646959932754	0.9784603530400673	2.1539646959932752	97.84603530400673	routine
745.25	0	0.0			0.0		0.08615858783973102	0.9138414121602689	0.0	0.0	0.0	0.0	0.0	0.0	0.0	0.021539646959932754	0.9784603530400673	2.1539646959932752	97.84603530400673	routine
745.5	0	0.0			0.0		0.08615858783973102	0.9138414121602689	0.0	0.0	0.0	0.0	0.0	0.0	0.0	0.021539646959932754	0.9784603530400673	2.1539646959932752	97.84603530400673	routine
745.75	0	0.0			0.0		0.08615858783973102	0.9138414121602689	0.0	0.0	0.0	0.0	0.0	0.0	0.0	0.021539646959932754	0.9784603530400673	2.1539646959932752	97.84603530400673	routine
746.0	0	0.0			0.0		0.08615858783973102	0.9138414121602689	0.0	0.0	0.0	0.0	0.0	0.0	0.0	0.021539646959932754	0.9784603530400673	2.1539646959932752	97.84603530400673	routine
746.25	0	0.0			0.0		0.08615858783973102	0.9138414121602689	0.0	0.0	0.0	0.0	0.0	0.0	0.0	0.021539646959932754	0.9784603530400673	2.1539646959932752	97.84603530400673	routine
746.5	0	0.0			0.0		0.08615858783973102	0.9138414121602689	0.0	0.0	0.0	0.0	0.0	0.0	0.0	0.021539646959932754	0.9784603530400673	2.1539646959932752	97.84603530400673	routine
746.75	0	0.0			0.0		0.08615858783973102	0.9138414121602689	0.0	0.0	0.0	0.0	0.0	0.0	0.0	0.021539646959932754	0.9784603530400673	2.1539646959932752	97.84603530400673	routine
747.0	0	0.0			0.0		0.08615858783973102	0.9138414121602689	0.0	0.0	0.0	0.0	0.0	0.0	0.0	0.021539646959932754	0.9784603530400673	2.1539646959932752	97.84603530400673	routine
747.25	0	0.0			0.0		0.08615858783973102	0.9138414121602689	0.0	0.0	0.0	0.0	0.0	0.0	0.0	0.021539646959932754	0.9784603530400673	2.1539646959932752	97.84603530400673	routine
747.5	0	0.0			0.0		0.08615858783973102	0.9138414121602689	0.0	0.0	0.0	0.0	0.0	0.0	0.0	0.021539646959932754	0.9784603530400673	2.1539646959932752	97.84603530400673	routine
747.75	0	0.0			0.0		0.08615858783973102	0.9138414121602689	0.0	0.0	0.0	0.0	0.0	0.0	0.0	0.021539646959932754	0.9784603530400673	2.1539646959932752	97.84603530400673	routine
748.0	0	0.0			0.0		0.08615858783973102	0.9138414121602689	0.0	0.0	0.0	0.0	0.0	0.0	0.0	0.021539646959932754	0.9784603530400673	2.1539646959932752	97.84603530400673	routine
748.25	0	0.0			0.0		0.08615858783973102	0.9138414121602689	0.0	0.0	0.0	0.0	0.0	0.0	0.0	0.021539646959932754	0.9784603530400673	2.1539646959932752	97.84603530400673	routine
748.5	0	0.0			0.0		0.08615858783973102	0.9138414121602689	0.0	0.0	0.0	0.0	0.0	0.0	0.0	0.021539646959932754	0.9784603530400673	2.1539646959932752	97.84603530400673	routine
748.75	0	0.0			0.0		0.08615858783973102	0.9138414121602689	0.0	0.0	0.0	0.0	0.0	0.0	0.0	0.021539646959932754	0.9784603530400673	2.1539646959932752	97.84603530400673	routine
749.0	0	0.0			0.0		0.08615858783973102	0.9138414121602689	0.0	0.0	0.0	0.0	0.0	0.0	0.0	0.021539646959932754	0.9784603530400673	2.1539646959932752	97.84603530400673	routine
749.25	0	0.0			0.0		0.08615858783973102	0.9138414121602689	0.0	0.0	0.0	0.0	0.0	0.0	0.0	0.021539646959932754	0.9784603530400673	2.1539646959932752	97.84603530400673	routine
749.5	0	0.0			0.0		0.08615858783973102	0.9138414121602689	0.0	0.0	0.0	0.0	0.0	0.0	0.0	0.021539646959932754	0.9784603530400673	2.1539646959932752	97.84603530400673	routine
749.75	0	0.0			0.0		0.08615858783973102	0.9138414121602689	0.0	0.0	0.0	0.0	0.0	0.0	0.0	0.021539646959932754	0.9784603530400673	2.1539646959932752	97.84603530400673	routine
750.0	0	0.0			0.0		0.08615858783973102	0.9138414121602689	0.0	0.0	0.0	0.0	0.0	0.0	0.0	0.021539646959932754	0.9784603530400673	2.1539646959932752	97.84603530400673	routine
750.25	0	0.0			0.0		0.08615858783973102	0.9138414121602689	0.0	0.0	0.0	0.0	0.0	0.0	0.0	0.021539646959932754	0.9784603530400673	2.1539646959932752	97.84603530400673	routine
750.5	0	0.0			0.0		0.08615858783973102	0.9138414121602689	0.0	0.0	0.0	0.0	0.0	0.0	0.0	0.021539646959932754	0.9784603530400673	2.1539646959932752	97.84603530400673	routine
750.75	0	0.0			0.0		0.08615858783973102	0.9138414121602689	0.0	0.0	0.0	0.0	0.0	0.0	0.0	0.021539646959932754	0.9784603530400673	2.1539646959932752	97.84603530400673	routine
751.0	0	0.0			0.0		0.08615858783973102	0.9138414121602689	0.0	0.0	0.0	0.0	0.0	0.0	0.0	0.021539646959932754	0.9784603530400673	2.1539646959932752	97.84603530400673	routine
751.25	0	0.0			0.0		0.08615858783973102	0.9138414121602689	0.0	0.0	0.0	0.0	0.0	0.0	0.0	0.021539646959932754	0.9784603530400673	2.1539646959932752	97.84603530400673	routine
751.5	0	0.0			0.0		0.08615858783973102	0.9138414121602689	0.0	0.0	0.0	0.0	0.0	0.0	0.0	0.021539646959932754	0.9784603530400673	2.1539646959932752	97.84603530400673	routine
751.75	0	0.0			0.0		0.08615858783973102	0.9138414121602689	0.0	0.0	0.0	0.0	0.0	0.0	0.0	0.021539646959932754	0.9784603530400673	2.1539646959932752	97.84603530400673	routine
752.0	0	0.0			0.0		0.08615858783973102	0.9138414121602689	0.0	0.0	0.0	0.0	0.0	0.0	0.0	0.021539646959932754	0.9784603530400673	2.1539646959932752	97.84603530400673	routine
752.25	0	0.0			0.0		0.08615858783973102	0.9138414121602689	0.0	0.0	0.0	0.0	0.0	0.0	0.0	0.021539646959932754	0.9784603530400673	2.1539646959932752	97.84603530400673	routine
752.5	0	0.0			0.0		0.08615858783973102	0.9138414121602689	0.0	0.0	0.0	0.0	0.0	0.0	0.0	0.021539646959932754	0.9784603530400673	2.1539646959932752	97.84603530400673	routine
752.75	0	0.0			0.0		0.08615858783973102	0.9138414121602689	0.0	0.0	0.0	0.0	0.0	0.0	0.0	0.021539646959932754	0.9784603530400673	2.1539646959932752	97.84603530400673	routine
753.0	0	0.0			0.0		0.08615858783973102	0.9138414121602689	0.0	0.0	0.0	0.0	0.0	0.0	0.0	0.021539646959932754	0.9784603530400673	2.1539646959932752	97.84603530400673	routine
753.25	0	0.0			0.0		0.08615858783973102	0.9138414121602689	0.0	0.0	0.0	0.0	0.0	0.0	0.0	0.021539646959932754	0.9784603530400673	2.1539646959932752	97.84603530400673	routine
753.5	0	0.0			0.0		0.08615858783973102	0.9138414121602689	0.0	0.0	0.0	0.0	0.0	0.0	0.0	0.021539646959932754	0.9784603530400673	2.1539646959932752	97.84603530400673	routine
753.75	0	0.0			0.0		0.08615858783973102	0.9138414121602689	0.0	0.0	0.0	0.0	0.0	0.0	0.0	0.021539646959932754	0.9784603530400673	2.1539646959932752	97.84603530400673	routine
754.0	0	0.0			0.0		0.08615858783973102	0.9138414121602689	0.0	0.0	0.0	0.0	0.0	0.0	0.0	0.021539646959932754	0.9784603530400673	2.1539646959932752	97.84603530400673	routine
754.25	0	0.0			0.0		0.08615858783973102	0.9138414121602689	0.0	0.0	0.0	0.0	0.0	0.0	0.0	0.021539646959932754	0.9784603530400673	2.1539646959932752	97.84603530400673	routine
754.5	0	0.0			0.0		0.08615858783973102	0.9138414121602689	0.0	0.0	0.0	0.0	0.0	0.0	0.0	0.021539646959932754	0.9784603530400673	2.1539646959932752	97.84603530400673	routine
754.75	0	0.0			0.0		0.08615858783973102	0.9138414121602689	0.0	0.0	0.0	0.0	0.0	0.0	0.0	0.021539646959932754	0.9784603530400673	2.1539646959932752	97.84603530400673	routine
755.0	0	0.0			0.0		0.08615858783973102	0.9138414121602689	0.0	0.0	0.0	0.0	0.0	0.0	0.0	0.021539646959932754	0.9784603530400673	2.1539646959932752	97.84603530400673	routine
755.25	0	0.0			0.0		0.08615858783973102	0.9138414121602689	0.0	0.0	0.0	0.0	0.0	0.0	0.0	0.021539646959932754	0.9784603530400673	2.1539646959932752	97.84603530400673	routine
755.5	0	0.0			0.0		0.08615858783973102	0.9138414121602689	0.0	0.0	0.0	0.0	0.0	0.0	0.0	0.021539646959932754	0.9784603530400673	2.1539646959932752	97.84603530400673	routine
755.75	0	0.0			0.0		0.08615858783973102	0.9138414121602689	0.0	0.0	0.0	0.0	0.0	0.0	0.0	0.021539646959932754	0.9784603530400673	2.1539646959932752	97.84603530400673	routine
756.0	0	0.0			0.0		0.08615858783973102	0.9138414121602689	0.0	0.0	0.0	0.0	0.0	0.0	0.0	0.021539646959932754	0.9784603530400673	2.1539646959932752	97.84603530400673	routine
756.25	0	0.0			0.0		0.08615858783973102	0.9138414121602689	0.0	0.0	0.0	0.0	0.0	0.0	0.0	0.021539646959932754	0.9784603530400673	2.1539646959932752	97.84603530400673	routine
756.5	0	0.0			0.0		0.08615858783973102	0.9138414121602689	0.0	0.0	0.0	0.0	0.0	0.0	0.0	0.021539646959932754	0.9784603530400673	2.1539646959932752	97.84603530400673	routine
756.75	0	0.0006300908967293726	-0.0	-0.0	1.0	1.0	0.22289156626506024	0.7771084337349398	0.0	0.0	0.0006300908967293726	0.0006300908967293726	0.0	0.0	0.010245901639344262	0.05828436697610113	0.9417156330238988	5.828436697610113	94.17156330238988	routine
757.0	0	0.0015946487308136827	-0.0	-0.0	1.0	1.0	0.22289156626506024	0.7771084337349398	0.0	0.0	0.0015946487308136827	0.0015946487308136827	0.0	0.0	0.02920081967213115	0.06302309648429785	0.9369769035157022	6.302309648429786	93.69769035157022	routine
757.25	0	0.0037912589871519774	-0.0	-0.0	1.0	1.0	0.22289156626506024	0.7771084337349398	0.0	0.0	0.0037912589871519774	0.0037912589871519774	0.0	0.0	0.04969262295081967	0.06814604730396998	0.93185395269603	6.814604730396997	93.185395269603	routine
757.5	0	0.008467563631851556	-0.0	-0.0	1.0	1.0	0.22289156626506024	0.7771084337349398	0.0	0.0	0.008467563631851556	0.008467563631851556	0.0	0.0	0.06967213114754098	0.07314092435315031	0.9268590756468497	7.314092435315031	92.68590756468497	routine
757.75	0	0.017766017271511586	-0.0	-0.0	1.0	1.0	0.22289156626506024	0.7771084337349398	0.0	0.0	0.017766017271511586	0.017766017271511586	0.0	0.0	0.08913934426229508	0.07800772763183883	0.9219922723681612	7.800772763183883	92.19922723681611	routine
758.0	0	0.035016947567621345	-0.0	-0.0	1.0	1.0	0.22289156626506024	0.7771084337349398	0.0	0.0	0.035016947567621345	0.035016947567621345	0.0	0.0	0.1096311475409836	0.08313067845151095	0.9168693215484891	8.313067845151096	91.6869321548489	routine
758.25	0	0.06483702609364936	-0.0	-0.0	1.0	1.0	0.22289156626506024	0.7771084337349398	0.0	0.0	0.06483702609364936	0.06483702609364936	0.0	0.0	0.13114754098360656	0.08850977681216671	0.9114902231878332	8.850977681216671	91.14902231878332	routine
758.5	0	0.11277802435200371	-0.0	-0.0	1.0	1.0	0.22289156626506024	0.7771084337349398	0.0	0.0	0.11277802435200371	0.11277802435200371	0.0	0.0	0.1526639344262295	0.09388887517282243	0.9061111248271776	9.388887517282244	90.61111248271776	routine
758.75	1	0.18428181156251813	-0.0	-0.0	1.0	1.0	0.22289156626506024	0.7771084337349398	0.0	0.0	0.18428181156251813	0.18428181156251813	0.0	0.0	0.1762295081967213	0.0997802686154454	0.9002197313845546	9.978026861544539	90.02197313845545	routine
759.0	1	0.28287662273220443	-0.0	-0.0	1.0	1.0	0.22289156626506024	0.7771084337349398	0.0	0.0	0.28287662273220443	0.28287662273220443	0.0	0.0	0.2033811475409836	0.10656817845151095	0.8934318215484891	10.656817845151096	89.3431821548489	routine
759.25	1	0.40791365026836207	-0.0	-0.0	1.0	1.0	0.22289156626506024	0.7771084337349398	0.0	0.0	0.40791365026836207	0.40791365026836207	0.0	0.0	0.2341188524590164	0.11425260468101917	0.8857473953189808	11.425260468101916	88.57473953189809	routine
759.5	1	0.5525810837289782	-0.0	-0.0	1.0	1.0	0.22289156626506024	0.7771084337349398	0.0	0.0	0.5525810837289782	0.5525810837289782	0.0	0.0	0.27049180327868855	0.1233458423859372	0.8766541576140628	12.33458423859372	87.66541576140628	routine
759.75	1	0.7032024641101229	-0.0	-0.0	1.0	1.0	0.22289156626506024	0.7771084337349398	0.0	0.0	0.7032024641101229	0.7032024641101229	0.0	0.0	0.30174180327868855	0.1311583423859372	0.8688416576140627	13.11583423859372	86.88416576140628	routine
760.0	1	0.8406618686974007	-0.0	-0.0	1.0	1.0	0.22289156626506024	0.7771084337349398	0.0	0.0	0.8406618686974007	0.8406618686974007	0.0	0.0	0.33299180327868855	0.1389708423859372	0.8610291576140627	13.89708423859372	86.10291576140628	routine
760.25	1	0.9441019804993306	-0.0	-0.0	1.0	1.0	0.22289156626506024	0.7771084337349398	0.0	0.0	0.9441019804993306	0.9441019804993306	0.0	0.0	0.36014344262295084	0.14575875222200277	0.8542412477779973	14.575875222200278	85.42412477779973	routine
760.5	1	0.9960314770004521	-0.0	-0.0	1.0	1.0	0.22289156626506024	0.7771084337349398	0.0	0.0	0.9960314770004521	0.9960314770004521	0.0	0.0	0.38473360655737704	0.15190629320560933	0.8480937067943907	15.190629320560934	84.80937067943907	routine
760.75	1	0.9871515073079208	-0.0	-0.0	1.0	1.0	0.22289156626506024	0.7771084337349398	0.0	0.0	0.9871515073079208	0.9871515073079208	0.0	0.0	0.3785860655737705	0.15036940795970768	0.8496305920402923	15.036940795970768	84.96305920402924	routine
761.0	1	0.919075432907273	-0.0	-0.0	1.0	1.0	0.22289156626506024	0.7771084337349398	0.0	0.0	0.919075432907273	0.919075432907273	0.0	0.0	0.3519467213114754	0.14370957189413391	0.8562904281058661	14.370957189413392	85.62904281058661	routine
761.25	1	0.8038501494248464	-0.0	-0.0	1.0	1.0	0.22289156626506024	0.7771084337349398	0.0	0.0	0.8038501494248464	0.8038501494248464	0.0	0.0	0.32530737704918034	0.13704973582856014	0.8629502641714398	13.704973582856015	86.29502641714399	routine
761.5	1	0.6604738556366676	-0.0	-0.0	1.0	1.0	0.22289156626506024	0.7771084337349398	0.0	0.0	0.6604738556366676	0.6604738556366676	0.0	0.0	0.2930327868852459	0.12898108828757654	0.8710189117124234	12.898108828757653	87.10189117124234	routine
761.75	1	0.5097916997847765	-0.0	-0.0	1.0	1.0	0.22289156626506024	0.7771084337349398	0.0	0.0	0.5097916997847765	0.5097916997847765	0.0	0.0	0.2587090163934426	0.12040014566462572	0.8795998543353742	12.040014566462572	87.95998543353743	routine
762.0	1	0.3696464027642491	-0.0	-0.0	1.0	1.0	0.22289156626506024	0.7771084337349398	0.0	0.0	0.3696464027642491	0.3696464027642491	0.0	0.0	0.22745901639344263	0.11258764566462572	0.8874123543353742	11.258764566462572	88.74123543353743	routine
762.25	1	0.25178902903099104	-0.0	-0.0	1.0	1.0	0.22289156626506024	0.7771084337349398	0.0	0.0	0.25178902903099104	0.25178902903099104	0.0	0.0	0.19672131147540983	0.10490321943511752	0.8950967805648825	10.490321943511752	89.50967805648826	routine
762.5	1	0.16111787186354473	-0.0	-0.0	1.0	1.0	0.22289156626506024	0.7771084337349398	0.0	0.0	0.16111787186354473	0.16111787186354473	0.0	0.0	0.17059426229508196	0.09837145714003555	0.9016285428599644	9.837145714003555	90.16285428599645	routine
762.75	0	0.09685169495129517	-0.0	-0.0	1.0	1.0	0.22289156626506024	0.7771084337349398	0.0	0.0	0.09685169495129517	0.09685169495129517	0.0	0.0	0.14600409836065573	0.092223916156429	0.907776083843571	9.2223916156429	90.7776083843571	routine
763.0	0	0.05469244377484872	-0.0	-0.0	1.0	1.0	0.22289156626506024	0.7771084337349398	0.0	0.0	0.05469244377484872	0.05469244377484872	0.0	0.0	0.1244877049180328	0.08684481779577326	0.9131551822042268	8.684481779577325	91.31551822042267	routine
763.25	0	0.02901376087828396	-0.0	-0.0	1.0	1.0	0.22289156626506024	0.7771084337349398	0.0	0.0	0.02901376087828396	0.02901376087828396	0.0	0.0	0.10348360655737705	0.08159379320560932	0.9184062067943907	8.159379320560932	91.84062067943907	routine
763.5	0	0.01445896880384104	-0.0	-0.0	1.0	1.0	0.22289156626506024	0.7771084337349398	0.0	0.0	0.01445896880384104	0.01445896880384104	0.0	0.0	0.08452868852459017	0.0768550636974126	0.9231449363025874	7.68550636974126	92.31449363025874	routine
763.75	0	0.006769042001477245	-0.0	-0.0	1.0	1.0	0.22289156626506024	0.7771084337349398	0.0	0.0	0.006769042001477245	0.006769042001477245	0.0	0.0	0.06454918032786885	0.07186018664823227	0.9281398133517678	7.1860186648232265	92.81398133517678	routine
764.0	0	0.0029769647479069225	-0.0	-0.0	1.0	1.0	0.22289156626506024	0.7771084337349398	0.0	0.0	0.0029769647479069225	0.0029769647479069225	0.0	0.0	0.04456967213114754	0.06686530959905194	0.9331346904009481	6.686530959905195	93.31346904009482	routine
764.25	0	0.0012299197341665384	-0.0	-0.0	1.0	1.0	0.22289156626506024	0.7771084337349398	0.0	0.0	0.0012299197341665384	0.0012299197341665384	0.0	0.0	0.02459016393442623	0.061870432549871617	0.9381295674501284	6.187043254987161	93.81295674501284	routine
764.5	0	0.0004773494677629868	-0.0	-0.0	1.0	1.0	0.22289156626506024	0.7771084337349398	0.0	0.0	0.0004773494677629868	0.0004773494677629868	0.0	0.0	0.006147540983606557	0.0572597768121667	0.9427402231878333	5.72597768121667	94.27402231878334	routine
764.75	0	0.0			0.0		0.08615858783973102	0.9138414121602689	0.0	0.0	0.0	0.0	0.0	0.0	0.0	0.021539646959932754	0.9784603530400673	2.1539646959932752	97.84603530400673	routine
765.0	0	0.0			0.0		0.08615858783973102	0.9138414121602689	0.0	0.0	0.0	0.0	0.0	0.0	0.0	0.021539646959932754	0.9784603530400673	2.1539646959932752	97.84603530400673	routine
765.25	0	0.0			0.0		0.08615858783973102	0.9138414121602689	0.0	0.0	0.0	0.0	0.0	0.0	0.0	0.021539646959932754	0.9784603530400673	2.1539646959932752	97.84603530400673	routine
765.5	0	0.0			0.0		0.08615858783973102	0.9138414121602689	0.0	0.0	0.0	0.0	0.0	0.0	0.0	0.021539646959932754	0.9784603530400673	2.1539646959932752	97.84603530400673	routine
765.75	0	0.0			0.0		0.08615858783973102	0.9138414121602689	0.0	0.0	0.0	0.0	0.0	0.0	0.0	0.021539646959932754	0.9784603530400673	2.1539646959932752	97.84603530400673	routine
766.0	0	0.0			0.0		0.08615858783973102	0.9138414121602689	0.0	0.0	0.0	0.0	0.0	0.0	0.0	0.021539646959932754	0.9784603530400673	2.1539646959932752	97.84603530400673	routine
766.25	0	0.0			0.0		0.08615858783973102	0.9138414121602689	0.0	0.0	0.0	0.0	0.0	0.0	0.0	0.021539646959932754	0.9784603530400673	2.1539646959932752	97.84603530400673	routine
766.5	0	0.0			0.0		0.08615858783973102	0.9138414121602689	0.0	0.0	0.0	0.0	0.0	0.0	0.0	0.021539646959932754	0.9784603530400673	2.1539646959932752	97.84603530400673	routine
766.75	0	0.0			0.0		0.08615858783973102	0.9138414121602689	0.0	0.0	0.0	0.0	0.0	0.0	0.0	0.021539646959932754	0.9784603530400673	2.1539646959932752	97.84603530400673	routine
767.0	0	0.0			0.0		0.08615858783973102	0.9138414121602689	0.0	0.0	0.0	0.0	0.0	0.0	0.0	0.021539646959932754	0.9784603530400673	2.1539646959932752	97.84603530400673	routine
767.25	0	0.0			0.0		0.08615858783973102	0.9138414121602689	0.0	0.0	0.0	0.0	0.0	0.0	0.0	0.021539646959932754	0.9784603530400673	2.1539646959932752	97.84603530400673	routine
767.5	0	0.0			0.0		0.08615858783973102	0.9138414121602689	0.0	0.0	0.0	0.0	0.0	0.0	0.0	0.021539646959932754	0.9784603530400673	2.1539646959932752	97.84603530400673	routine
767.75	0	0.0			0.0		0.08615858783973102	0.9138414121602689	0.0	0.0	0.0	0.0	0.0	0.0	0.0	0.021539646959932754	0.9784603530400673	2.1539646959932752	97.84603530400673	routine
768.0	0	0.0			0.0		0.08615858783973102	0.9138414121602689	0.0	0.0	0.0	0.0	0.0	0.0	0.0	0.021539646959932754	0.9784603530400673	2.1539646959932752	97.84603530400673	routine
768.25	0	0.0			0.0		0.08615858783973102	0.9138414121602689	0.0	0.0	0.0	0.0	0.0	0.0	0.0	0.021539646959932754	0.9784603530400673	2.1539646959932752	97.84603530400673	routine
768.5	0	0.0			0.0		0.08615858783973102	0.9138414121602689	0.0	0.0	0.0	0.0	0.0	0.0	0.0	0.021539646959932754	0.9784603530400673	2.1539646959932752	97.84603530400673	routine
768.75	0	0.0			0.0		0.08615858783973102	0.9138414121602689	0.0	0.0	0.0	0.0	0.0	0.0	0.0	0.021539646959932754	0.9784603530400673	2.1539646959932752	97.84603530400673	routine
769.0	0	0.0			0.0		0.08615858783973102	0.9138414121602689	0.0	0.0	0.0	0.0	0.0	0.0	0.0	0.021539646959932754	0.9784603530400673	2.1539646959932752	97.84603530400673	routine
769.25	0	0.0			0.0		0.08615858783973102	0.9138414121602689	0.0	0.0	0.0	0.0	0.0	0.0	0.0	0.021539646959932754	0.9784603530400673	2.1539646959932752	97.84603530400673	routine
769.5	0	0.0005033177708471757	-0.0	-0.0	1.0	1.0	0.22289156626506024	0.7771084337349398	0.0	0.0	0.0	0.0	0.0	0.0	0.0	0.05572289156626506	0.9442771084337349	5.572289156626506	94.42771084337349	routine
769.75	0	0.0012924370056447598	-0.0	-0.0	1.0	1.0	0.22289156626506024	0.7771084337349398	0.0	0.0	0.0	0.0	0.0	0.0	0.0	0.05572289156626506	0.9442771084337349	5.572289156626506	94.42771084337349	routine
770.0	0	0.0031176912154216568	-0.0	-0.0	1.0	1.0	0.22289156626506024	0.7771084337349398	0.0	0.0	0.0	0.0	0.0	0.0	0.0	0.05572289156626506	0.9442771084337349	5.572289156626506	94.42771084337349	routine
770.25	0	0.0070650202179082895	-0.0	-0.0	1.0	1.0	0.22289156626506024	0.7771084337349398	0.0	0.0	0.0	0.0	0.0	0.0	0.0	0.05572289156626506	0.9442771084337349	5.572289156626506	94.42771084337349	routine
770.5	0	0.015040085793063068	-0.0	-0.0	1.0	1.0	0.22289156626506024	0.7771084337349398	0.0	0.0	0.0	0.0	0.0	0.0	0.0	0.05572289156626506	0.9442771084337349	5.572289156626506	94.42771084337349	routine
770.75	0	0.030077643888253618	-0.0	-0.0	1.0	1.0	0.22289156626506024	0.7771084337349398	0.0	0.0	0.0	0.0	0.0	0.0	0.0	0.05572289156626506	0.9442771084337349	5.572289156626506	94.42771084337349	routine
771.0	0	0.05650591442883103	-0.0	-0.0	1.0	1.0	0.22289156626506024	0.7771084337349398	0.0	0.0	0.0	0.0	0.0	0.0	0.0	0.05572289156626506	0.9442771084337349	5.572289156626506	94.42771084337349	routine
771.25	0	0.09972420819043142	-0.0	-0.0	1.0	1.0	0.22289156626506024	0.7771084337349398	0.0	0.0	0.0	0.0	0.0	0.0	0.0	0.05572289156626506	0.9442771084337349	5.572289156626506	94.42771084337349	routine
771.5	1	0.16533465018087803	-0.0	-0.0	1.0	1.0	0.22289156626506024	0.7771084337349398	0.0	0.0	0.0	0.0	0.0	0.0	0.0	0.05572289156626506	0.9442771084337349	5.572289156626506	94.42771084337349	routine
771.75	1	0.25750386966809585	-0.0	-0.0	1.0	1.0	0.22289156626506024	0.7771084337349398	0.0	0.0	0.0	0.0	0.0	0.0	0.0	0.05572289156626506	0.9442771084337349	5.572289156626506	94.42771084337349	routine
772.0	1	0.3767560488906989	-0.0	-0.0	1.0	1.0	0.22289156626506024	0.7771084337349398	0.0	0.0	0.0	0.0	0.0	0.0	0.0	0.05572289156626506	0.9442771084337349	5.572289156626506	94.42771084337349	routine
772.25	1	0.5178372676708315	-0.0	-0.0	1.0	1.0	0.22289156626506024	0.7771084337349398	0.0	0.0	0.0	0.0	0.0	0.0	0.0	0.05572289156626506	0.9442771084337349	5.572289156626506	94.42771084337349	routine
772.5	1	0.6686255469185933	-0.0	-0.0	1.0	1.0	0.22289156626506024	0.7771084337349398	0.0	0.0	0.0	0.0	0.0	0.0	0.0	0.05572289156626506	0.9442771084337349	5.572289156626506	94.42771084337349	routine
772.75	1	0.8110156311295236	-0.0	-0.0	1.0	1.0	0.22289156626506024	0.7771084337349398	0.0	0.0	0.0	0.0	0.0	0.0	0.0	0.05572289156626506	0.9442771084337349	5.572289156626506	94.42771084337349	routine
773.0	1	0.9241278915432145	-0.0	-0.0	1.0	1.0	0.22289156626506024	0.7771084337349398	0.0	0.0	0.0	0.0	0.0	0.0	0.0	0.05572289156626506	0.9442771084337349	5.572289156626506	94.42771084337349	routine
773.25	1	0.9892168978337494	-0.0	-0.0	1.0	1.0	0.22289156626506024	0.7771084337349398	0.0	0.0	0.0	0.0	0.0	0.0	0.0	0.05572289156626506	0.9442771084337349	5.572289156626506	94.42771084337349	routine
773.5	1	0.9947353907278188	-0.0	-0.0	1.0	1.0	0.22289156626506024	0.7771084337349398	0.0	0.0	0.0	0.0	0.0	0.0	0.0	0.05572289156626506	0.9442771084337349	5.572289156626506	94.42771084337349	routine
773.75	1	0.9396804849207413	-0.0	-0.0	1.0	1.0	0.22289156626506024	0.7771084337349398	0.0	0.0	0.0	0.0	0.0	0.0	0.0	0.05572289156626506	0.9442771084337349	5.572289156626506	94.42771084337349	routine
774.0	1	0.83389129557148	-0.0	-0.0	1.0	1.0	0.22289156626506024	0.7771084337349398	0.0	0.0	0.0	0.0	0.0	0.0	0.0	0.05572289156626506	0.9442771084337349	5.572289156626506	94.42771084337349	routine
774.25	1	0.6951767973019017	-0.0	-0.0	1.0	1.0	0.22289156626506024	0.7771084337349398	0.0	0.0	0.0	0.0	0.0	0.0	0.0	0.05572289156626506	0.9442771084337349	5.572289156626506	94.42771084337349	routine
774.5	1	0.5444245377735147	-0.0	-0.0	1.0	1.0	0.22289156626506024	0.7771084337349398	0.0	0.0	0.0	0.0	0.0	0.0	0.0	0.05572289156626506	0.9442771084337349	5.572289156626506	94.42771084337349	routine
774.75	1	0.4005315291263821	-0.0	-0.0	1.0	1.0	0.22289156626506024	0.7771084337349398	0.0	0.0	0.0	0.0	0.0	0.0	0.0	0.05572289156626506	0.9442771084337349	5.572289156626506	94.42771084337349	routine
775.0	1	0.27681672173732635	-0.0	-0.0	1.0	1.0	0.22289156626506024	0.7771084337349398	0.0	0.0	0.0	0.0	0.0	0.0	0.0	0.05572289156626506	0.9442771084337349	5.572289156626506	94.42771084337349	routine
775.25	1	0.1797233596482453	-0.0	-0.0	1.0	1.0	0.22289156626506024	0.7771084337349398	0.0	0.0	0.0	0.0	0.0	0.0	0.0	0.05572289156626506	0.9442771084337349	5.572289156626506	94.42771084337349	routine
775.5	0	0.10961584363921648	-0.0	-0.0	1.0	1.0	0.22289156626506024	0.7771084337349398	0.0	0.0	0.0	0.0	0.0	0.0	0.0	0.05572289156626506	0.9442771084337349	5.572289156626506	94.42771084337349	routine
775.75	0	0.0628056518990856	-0.0	-0.0	1.0	1.0	0.22289156626506024	0.7771084337349398	0.0	0.0	0.0	0.0	0.0	0.0	0.0	0.05572289156626506	0.9442771084337349	5.572289156626506	94.42771084337349	routine
776.0	0	0.03380498283633791	-0.0	-0.0	1.0	1.0	0.22289156626506024	0.7771084337349398	0.0	0.0	0.0	0.0	0.0	0.0	0.0	0.05572289156626506	0.9442771084337349	5.572289156626506	94.42771084337349	routine
776.25	0	0.01709303990950394	-0.0	-0.0	1.0	1.0	0.22289156626506024	0.7771084337349398	0.0	0.0	0.0	0.0	0.0	0.0	0.0	0.05572289156626506	0.9442771084337349	5.572289156626506	94.42771084337349	routine
776.5	0	0.008119223348118066	-0.0	-0.0	1.0	1.0	0.22289156626506024	0.7771084337349398	0.0	0.0	0.0	0.0	0.0	0.0	0.0	0.05572289156626506	0.9442771084337349	5.572289156626506	94.42771084337349	routine
776.75	0	0.0036229827397142576	-0.0	-0.0	1.0	1.0	0.22289156626506024	0.7771084337349398	0.0	0.0	0.0	0.0	0.0	0.0	0.0	0.05572289156626506	0.9442771084337349	5.572289156626506	94.42771084337349	routine
777.0	0	0.0015187092444465373	-0.0	-0.0	1.0	1.0	0.22289156626506024	0.7771084337349398	0.0	0.0	0.0	0.0	0.0	0.0	0.0	0.05572289156626506	0.9442771084337349	5.572289156626506	94.42771084337349	routine
777.25	0	0.0005980529031213666	-0.0	-0.0	1.0	1.0	0.22289156626506024	0.7771084337349398	0.0	0.0	0.0	0.0	0.0	0.0	0.0	0.05572289156626506	0.9442771084337349	5.572289156626506	94.42771084337349	routine
777.5	0	0.0			0.0		0.08615858783973102	0.9138414121602689	0.0	0.0	0.0	0.0	0.0	0.0	0.0	0.021539646959932754	0.9784603530400673	2.1539646959932752	97.84603530400673	routine
777.75	0	0.0			0.0		0.08615858783973102	0.9138414121602689	0.0	0.0	0.0	0.0	0.0	0.0	0.0	0.021539646959932754	0.9784603530400673	2.1539646959932752	97.84603530400673	routine
778.0	0	0.0			0.0		0.08615858783973102	0.9138414121602689	0.0	0.0	0.0	0.0	0.0	0.0	0.0	0.021539646959932754	0.9784603530400673	2.1539646959932752	97.84603530400673	routine
778.25	0	0.0			0.0		0.08615858783973102	0.9138414121602689	0.0	0.0	0.0	0.0	0.0	0.0	0.0	0.021539646959932754	0.9784603530400673	2.1539646959932752	97.84603530400673	routine
778.5	0	0.0			0.0		0.08615858783973102	0.9138414121602689	0.0	0.0	0.0	0.0	0.0	0.0	0.0	0.021539646959932754	0.9784603530400673	2.1539646959932752	97.84603530400673	routine
778.75	0	0.0			0.0		0.08615858783973102	0.9138414121602689	0.0	0.0	0.0	0.0	0.0	0.0	0.0	0.021539646959932754	0.9784603530400673	2.1539646959932752	97.84603530400673	routine
779.0	0	0.0			0.0		0.08615858783973102	0.9138414121602689	0.0	0.0	0.0	0.0	0.0	0.0	0.0	0.021539646959932754	0.9784603530400673	2.1539646959932752	97.84603530400673	routine
779.25	0	0.0			0.0		0.08615858783973102	0.9138414121602689	0.0	0.0	0.0	0.0	0.0	0.0	0.0	0.021539646959932754	0.9784603530400673	2.1539646959932752	97.84603530400673	routine
779.5	0	0.0			0.0		0.08615858783973102	0.9138414121602689	0.0	0.0	0.0	0.0	0.0	0.0	0.0	0.021539646959932754	0.9784603530400673	2.1539646959932752	97.84603530400673	routine
779.75	0	0.0			0.0		0.08615858783973102	0.9138414121602689	0.0	0.0	0.0	0.0	0.0	0.0	0.0	0.021539646959932754	0.9784603530400673	2.1539646959932752	97.84603530400673	routine
780.0	0	0.0			0.0		0.08615858783973102	0.9138414121602689	0.0	0.0	0.0	0.0	0.0	0.0	0.0	0.021539646959932754	0.9784603530400673	2.1539646959932752	97.84603530400673	routine
780.25	0	0.0			0.0		0.08615858783973102	0.9138414121602689	0.0	0.0	0.0	0.0	0.0	0.0	0.0	0.021539646959932754	0.9784603530400673	2.1539646959932752	97.84603530400673	routine
780.5	0	0.0			0.0		0.08615858783973102	0.9138414121602689	0.0	0.0	0.0	0.0	0.0	0.0	0.0	0.021539646959932754	0.9784603530400673	2.1539646959932752	97.84603530400673	routine
780.75	0	0.0			0.0		0.08615858783973102	0.9138414121602689	0.0	0.0	0.0	0.0	0.0	0.0	0.0	0.021539646959932754	0.9784603530400673	2.1539646959932752	97.84603530400673	routine
781.0	0	0.0			0.0		0.08615858783973102	0.9138414121602689	0.0	0.0	0.0	0.0	0.0	0.0	0.0	0.021539646959932754	0.9784603530400673	2.1539646959932752	97.84603530400673	routine
781.25	0	0.0			0.0		0.08615858783973102	0.9138414121602689	0.0	0.0	0.0	0.0	0.0	0.0	0.0	0.021539646959932754	0.9784603530400673	2.1539646959932752	97.84603530400673	routine
781.5	0	0.0			0.0		0.08615858783973102	0.9138414121602689	0.0	0.0	0.0	0.0	0.0	0.0	0.0	0.021539646959932754	0.9784603530400673	2.1539646959932752	97.84603530400673	routine
781.75	0	0.0			0.0		0.08615858783973102	0.9138414121602689	0.0	0.0	0.0	0.0	0.0	0.0	0.0	0.021539646959932754	0.9784603530400673	2.1539646959932752	97.84603530400673	routine
782.0	0	0.0			0.0		0.08615858783973102	0.9138414121602689	0.0	0.0	0.0	0.0	0.0	0.0	0.0	0.021539646959932754	0.9784603530400673	2.1539646959932752	97.84603530400673	routine
782.25	0	0.0			0.0		0.08615858783973102	0.9138414121602689	0.0	0.0	0.0	0.0	0.0	0.0	0.0	0.021539646959932754	0.9784603530400673	2.1539646959932752	97.84603530400673	routine
782.5	0	0.0			0.0		0.08615858783973102	0.9138414121602689	0.0	0.0	0.0	0.0	0.0	0.0	0.0	0.021539646959932754	0.9784603530400673	2.1539646959932752	97.84603530400673	routine
782.75	0	0.0			0.0		0.08615858783973102	0.9138414121602689	0.0	0.0	0.0	0.0	0.0	0.0	0.0	0.021539646959932754	0.9784603530400673	2.1539646959932752	97.84603530400673	routine
783.0	0	0.0			0.0		0.08615858783973102	0.9138414121602689	0.0	0.0	0.0	0.0	0.0	0.0	0.0	0.021539646959932754	0.9784603530400673	2.1539646959932752	97.84603530400673	routine
783.25	0	0.0			0.0		0.08615858783973102	0.9138414121602689	0.0	0.0	0.0	0.0	0.0	0.0	0.0	0.021539646959932754	0.9784603530400673	2.1539646959932752	97.84603530400673	routine
783.5	0	0.0			0.0		0.08615858783973102	0.9138414121602689	0.0	0.0	0.0	0.0	0.0	0.0	0.0	0.021539646959932754	0.9784603530400673	2.1539646959932752	97.84603530400673	routine
783.75	0	0.0			0.0		0.08615858783973102	0.9138414121602689	0.0	0.0	0.0	0.0	0.0	0.0	0.0	0.021539646959932754	0.9784603530400673	2.1539646959932752	97.84603530400673	routine
784.0	0	0.0			0.0		0.08615858783973102	0.9138414121602689	0.0	0.0	0.0	0.0	0.0	0.0	0.0	0.021539646959932754	0.9784603530400673	2.1539646959932752	97.84603530400673	routine
784.25	0	0.0			0.0		0.08615858783973102	0.9138414121602689	0.0	0.0	0.0	0.0	0.0	0.0	0.0	0.021539646959932754	0.9784603530400673	2.1539646959932752	97.84603530400673	routine
784.5	0	0.0			0.0		0.08615858783973102	0.9138414121602689	0.0	0.0	0.0	0.0	0.0	0.0	0.0	0.021539646959932754	0.9784603530400673	2.1539646959932752	97.84603530400673	routine
784.75	0	0.0			0.0		0.08615858783973102	0.9138414121602689	0.0	0.0	0.0	0.0	0.0	0.0	0.0	0.021539646959932754	0.9784603530400673	2.1539646959932752	97.84603530400673	routine
785.0	0	0.0			0.0		0.08615858783973102	0.9138414121602689	0.0	0.0	0.0	0.0	0.0	0.0	0.0	0.021539646959932754	0.9784603530400673	2.1539646959932752	97.84603530400673	routine
785.25	0	0.0			0.0		0.08615858783973102	0.9138414121602689	0.0	0.0	0.0	0.0	0.0	0.0	0.0	0.021539646959932754	0.9784603530400673	2.1539646959932752	97.84603530400673	routine
785.5	0	0.0			0.0		0.08615858783973102	0.9138414121602689	0.0	0.0	0.0	0.0	0.0	0.0	0.0	0.021539646959932754	0.9784603530400673	2.1539646959932752	97.84603530400673	routine
785.75	0	0.0			0.0		0.08615858783973102	0.9138414121602689	0.0	0.0	0.0	0.0	0.0	0.0	0.0	0.021539646959932754	0.9784603530400673	2.1539646959932752	97.84603530400673	routine
786.0	0	0.0			0.0		0.08615858783973102	0.9138414121602689	0.0	0.0	0.0	0.0	0.0	0.0	0.0	0.021539646959932754	0.9784603530400673	2.1539646959932752	97.84603530400673	routine
786.25	0	0.0			0.0		0.08615858783973102	0.9138414121602689	0.0	0.0	0.0	0.0	0.0	0.0	0.0	0.021539646959932754	0.9784603530400673	2.1539646959932752	97.84603530400673	routine
786.5	0	0.0			0.0		0.08615858783973102	0.9138414121602689	0.0	0.0	0.0	0.0	0.0	0.0	0.0	0.021539646959932754	0.9784603530400673	2.1539646959932752	97.84603530400673	routine
786.75	0	0.0			0.0		0.08615858783973102	0.9138414121602689	0.0	0.0	0.0	0.0	0.0	0.0	0.0	0.021539646959932754	0.9784603530400673	2.1539646959932752	97.84603530400673	routine
787.0	0	0.0			0.0		0.08615858783973102	0.9138414121602689	0.0	0.0	0.0	0.0	0.0	0.0	0.0	0.021539646959932754	0.9784603530400673	2.1539646959932752	97.84603530400673	routine
787.25	0	0.0			0.0		0.08615858783973102	0.9138414121602689	0.0	0.0	0.0	0.0	0.0	0.0	0.0	0.021539646959932754	0.9784603530400673	2.1539646959932752	97.84603530400673	routine
787.5	0	0.0			0.0		0.08615858783973102	0.9138414121602689	0.0	0.0	0.0	0.0	0.0	0.0	0.0	0.021539646959932754	0.9784603530400673	2.1539646959932752	97.84603530400673	routine
787.75	0	0.0			0.0		0.08615858783973102	0.9138414121602689	0.0	0.0	0.0	0.0	0.0	0.0	0.0	0.021539646959932754	0.9784603530400673	2.1539646959932752	97.84603530400673	routine
788.0	0	0.0			0.0		0.08615858783973102	0.9138414121602689	0.0	0.0	0.0	0.0	0.0	0.0	0.0	0.021539646959932754	0.9784603530400673	2.1539646959932752	97.84603530400673	routine
788.25	0	0.0			0.0		0.08615858783973102	0.9138414121602689	0.0	0.0	0.0	0.0	0.0	0.0	0.0	0.021539646959932754	0.9784603530400673	2.1539646959932752	97.84603530400673	routine
788.5	0	0.0			0.0		0.08615858783973102	0.9138414121602689	0.0	0.0	0.0	0.0	0.0	0.0	0.0	0.021539646959932754	0.9784603530400673	2.1539646959932752	97.84603530400673	routine
788.75	0	0.0			0.0		0.08615858783973102	0.9138414121602689	0.0	0.0	0.0	0.0	0.0	0.0	0.0	0.021539646959932754	0.9784603530400673	2.1539646959932752	97.84603530400673	routine
789.0	0	0.0			0.0		0.08615858783973102	0.9138414121602689	0.0	0.0	0.0	0.0	0.0	0.0	0.0	0.021539646959932754	0.9784603530400673	2.1539646959932752	97.84603530400673	routine
789.25	0	0.0			0.0		0.08615858783973102	0.9138414121602689	0.0	0.0	0.0	0.0	0.0	0.0	0.0	0.021539646959932754	0.9784603530400673	2.1539646959932752	97.84603530400673	routine
789.5	0	0.0			0.0		0.08615858783973102	0.9138414121602689	0.0	0.0	0.0	0.0	0.0	0.0	0.0	0.021539646959932754	0.9784603530400673	2.1539646959932752	97.84603530400673	routine
789.75	0	0.0			0.0		0.08615858783973102	0.9138414121602689	0.0	0.0	0.0	0.0	0.0	0.0	0.0	0.021539646959932754	0.9784603530400673	2.1539646959932752	97.84603530400673	routine
790.0	0	0.0			0.0		0.08615858783973102	0.9138414121602689	0.0	0.0	0.0	0.0	0.0	0.0	0.0	0.021539646959932754	0.9784603530400673	2.1539646959932752	97.84603530400673	routine
790.25	0	0.0			0.0		0.08615858783973102	0.9138414121602689	0.0	0.0	0.0	0.0	0.0	0.0	0.0	0.021539646959932754	0.9784603530400673	2.1539646959932752	97.84603530400673	routine
790.5	0	0.0			0.0		0.08615858783973102	0.9138414121602689	0.0	0.0	0.0	0.0	0.0	0.0	0.0	0.021539646959932754	0.9784603530400673	2.1539646959932752	97.84603530400673	routine
790.75	0	0.0			0.0		0.08615858783973102	0.9138414121602689	0.0	0.0	0.0	0.0	0.0	0.0	0.0	0.021539646959932754	0.9784603530400673	2.1539646959932752	97.84603530400673	routine
791.0	0	0.0			0.0		0.08615858783973102	0.9138414121602689	0.0	0.0	0.0	0.0	0.0	0.0	0.0	0.021539646959932754	0.9784603530400673	2.1539646959932752	97.84603530400673	routine
791.25	0	0.0			0.0		0.08615858783973102	0.9138414121602689	0.0	0.0	0.0	0.0	0.0	0.0	0.0	0.021539646959932754	0.9784603530400673	2.1539646959932752	97.84603530400673	routine
791.5	0	0.0006948225873608029	-0.0	-0.0	1.0	1.0	0.22289156626506024	0.7771084337349398	0.0	0.0	0.0	0.0	0.0	0.0	0.0	0.05572289156626506	0.9442771084337349	5.572289156626506	94.42771084337349	routine
791.75	0	0.0017472735629337347	-0.0	-0.0	1.0	1.0	0.22289156626506024	0.7771084337349398	0.0	0.0	0.0	0.0	0.0	0.0	0.0	0.05572289156626506	0.9442771084337349	5.572289156626506	94.42771084337349	routine
792.0	0	0.00412766533938698	-0.0	-0.0	1.0	1.0	0.22289156626506024	0.7771084337349398	0.0	0.0	0.0	0.0	0.0	0.0	0.0	0.05572289156626506	0.9442771084337349	5.572289156626506	94.42771084337349	routine
792.25	0	0.009160193464175855	-0.0	-0.0	1.0	1.0	0.22289156626506024	0.7771084337349398	0.0	0.0	0.0	0.0	0.0	0.0	0.0	0.05572289156626506	0.9442771084337349	5.572289156626506	94.42771084337349	routine
792.5	0	0.019096835563148933	-0.0	-0.0	1.0	1.0	0.22289156626506024	0.7771084337349398	0.0	0.0	0.0	0.0	0.0	0.0	0.0	0.05572289156626506	0.9442771084337349	5.572289156626506	94.42771084337349	routine
792.75	0	0.03740027244437278	-0.0	-0.0	1.0	1.0	0.22289156626506024	0.7771084337349398	0.0	0.0	0.0	0.0	0.0	0.0	0.0	0.05572289156626506	0.9442771084337349	5.572289156626506	94.42771084337349	routine
793.0	0	0.06880891630517197	-0.0	-0.0	1.0	1.0	0.22289156626506024	0.7771084337349398	0.0	0.0	0.0	0.0	0.0	0.0	0.0	0.05572289156626506	0.9442771084337349	5.572289156626506	94.42771084337349	routine
793.25	0	0.1189244810934365	-0.0	-0.0	1.0	1.0	0.22289156626506024	0.7771084337349398	0.0	0.0	0.0	0.0	0.0	0.0	0.0	0.05572289156626506	0.9442771084337349	5.572289156626506	94.42771084337349	routine
793.5	1	0.19308761005168673	-0.0	-0.0	1.0	1.0	0.22289156626506024	0.7771084337349398	0.0	0.0	0.0	0.0	0.0	0.0	0.0	0.05572289156626506	0.9442771084337349	5.572289156626506	94.42771084337349	routine
793.75	1	0.29450599781994313	-0.0	-0.0	1.0	1.0	0.22289156626506024	0.7771084337349398	0.0	0.0	0.0	0.0	0.0	0.0	0.0	0.05572289156626506	0.9442771084337349	5.572289156626506	94.42771084337349	routine
794.0	1	0.4224931794139792	0.009389675982562002	0.013546438975596407	1.0094338972896375	0.9906542693731925	0.27766881479405997	0.72233118520594	0.0	0.0	0.0	0.0	0.0	0.0	0.0	0.06941720369851499	0.930582796301485	6.941720369851499	93.0582796301485	routine
794.25	1	0.5693129135458848	0.01637552265725222	0.02362488532958264	1.0165103364049624	0.9837578273297706	0.28159148220790137	0.7184085177920987	0.0	0.0	0.0	0.0	0.0	0.0	0.0	0.07039787055197534	0.9296021294480247	7.039787055197534	92.96021294480246	routine
794.5	1	0.7213905924099587	0.028295675381565542	0.040822030551588534	1.0286998006654444	0.9721008980006809	0.2857943401513029	0.7142056598486971	0.0	0.0	0.0	0.0	0.0	0.0	0.0	0.07144858503782572	0.9285514149621743	7.144858503782572	92.85514149621743	routine
794.75	1	0.8603293648295235	0.04831887779282635	0.06970940537303044	1.049505265894443	0.9528299023328367	0.2902773886242645	0.7097226113757356	0.0	0.0	0.0	0.0	0.0	0.0	0.0	0.07256934715606612	0.9274306528439339	7.256934715606612	92.7430652843934	routine
795.0	1	0.9672989659796669	0.08123073687831806	0.1171911812621057	1.0846211297902792	0.9219809318977203	0.2947604370972261	0.7052395629027739	0.0	0.0	0.0	0.0	0.0	0.0	0.0	0.07369010927430653	0.9263098907256935	7.369010927430653	92.63098907256935	routine
795.25	1	1.0285092924470862	0.13364476598421335	0.19280864112619062	1.1429867197562205	0.8749008039334726	0.30064443821798825	0.6993555617820117	0.0	0.0	0.0	0.0	0.0	0.0	0.0	0.07516110955449706	0.9248388904455029	7.516110955449706	92.4838890445503	routine
795.5	1	1.0400581683525374	0.21318312520766758	0.307558237538313	1.23761126831384	0.8080081570058998	0.30624824880919027	0.6937517511908098	0.0	0.0	0.0	0.0	0.0	0.0	0.0	0.07656206220229757	0.9234379377977024	7.656206220229757	92.34379377977024	routine
795.75	1	1.0101207557264202	0.32492971995565545	0.46877449561746376	1.3839333796635582	0.7225781346809522	0.3168954889324741	0.6831045110675259	0.0	0.0	0.0	0.0	0.0	0.0	0.0	0.07922387223311853	0.9207761277668814	7.922387223311852	92.07761277668814	routine
796.0	2	0.9572464604985325	0.4630752027510988	0.6680762985676616	1.5889528315473667	0.6293453022303828	0.33062482488091904	0.669375175119081	0.0	0.0	0.0	0.0	0.0	0.0	0.0	0.08265620622022976	0.9173437937797703	8.265620622022976	91.73437937797702	routine
796.25	2	0.9049771922463616	0.5996271650142942	0.8650791373484304	1.8214395773805299	0.5490162904213006	0.3437937797702438	0.6562062202297563	0.0	0.0	0.0	0.0	0.0	0.0	0.0	0.08594844494256094	0.9140515550574391	8.594844494256094	91.4051555057439	routine
796.5	2	0.8744685133352743	0.6844767308302737	0.9874911851727258	1.982734060437389	0.5043540734753914	0.36060521154384984	0.6393947884561502	0.0	0.0	0.0	0.0	0.0	0.0	0.0	0.09015130288596246	0.9098486971140376	9.015130288596247	90.98486971140376	routine
796.75	2	0.8776405978706494	0.6754202969660899	0.9744255129487288	1.9648586265680144	0.5089424686735265	0.3572429251891286	0.6427570748108714	0.0	0.0	0.0	0.0	0.0	0.0	0.0	0.08931073129728215	0.9106892687027178	8.931073129728215	91.06892687027178	routine
797.0	2	0.9132644505227714	0.5773616128206962	0.8329567356160722	1.781332380773535	0.5613775457030399	0.34211263659288316	0.6578873634071168	0.0	0.0	0.0	0.0	0.0	0.0	0.0	0.08552815914822079	0.9144718408517792	8.552815914822078	91.44718408517792	routine
797.25	2	0.9673668640789486	0.4372792200956996	0.6308605623158594	1.548488385774156	0.6457910883845971	0.32810311011487814	0.6718968898851219	0.0	0.0	0.0	0.0	0.0	0.0	0.0	0.08202577752871953	0.9179742224712805	8.202577752871953	91.79742224712804	routine
797.5	1	1.0178108318030377	0.3025723478600332	0.43651962576780023	1.35333558381283	0.7389150274040993	0.3152143457551135	0.6847856542448865	0.0	0.0	0.0	0.0	0.0	0.0	0.0	0.07880358643877837	0.9211964135612216	7.880358643877837	92.11964135612216	routine
797.75	1	1.0414331632633325	0.19663329236632593	0.2836818757705681	1.2172975665380665	0.8214918254079403	0.3042869151022695	0.6957130848977304	0.0	0.0	0.0	0.0	0.0	0.0	0.0	0.07607172877556738	0.9239282712244327	7.607172877556738	92.39282712244326	routine
798.0	1	1.021238784929402	0.12247912181396817	0.17670002165344714	1.1302955213074974	0.8847243761907728	0.2992434855701877	0.7007565144298122	0.0	0.0	0.0	0.0	0.0	0.0	0.0	0.07481087139254693	0.9251891286074531	7.481087139254693	92.5189128607453	routine
798.25	1	0.9512097331527287	0.07411485325293633	0.10692513124422451	1.0769304873631114	0.9285650390012846	0.2939198655085458	0.7060801344914542	0.0	0.0	0.0	0.0	0.0	0.0	0.0	0.07347996637713645	0.9265200336228635	7.347996637713646	92.65200336228635	routine
798.5	1	0.8372804676947561	0.04394684042800765	0.06340188874822525	1.0449268055502208	0.9570048300880137	0.2897170075651443	0.7102829924348557	0.0	0.0	0.0	0.0	0.0	0.0	0.0	0.07242925189128607	0.9275707481087139	7.2429251891286075	92.75707481087139	routine
798.75	1	0.6945470012122368	0.025674949880305005	0.03704112286738872	1.0260073904397693	0.9746518488247712	0.2846735780330625	0.7153264219669375	0.0	0.0	0.0	0.0	0.0	0.0	0.0	0.07116839450826562	0.9288316054917344	7.116839450826562	92.88316054917344	routine
799.0	1	0.5421490613664197	0.01483184658234483	0.021397831511574806	1.0149423842352443	0.9852776034705621	0.2807509106192211	0.7192490893807789	0.0	0.0	0.0	0.0	0.0	0.0	0.0	0.07018772765480527	0.9298122723451947	7.018772765480527	92.98122723451947	routine
799.25	1	0.39790285094353056	0.008492176763941178	0.012251621303690424	1.00852833758592	0.991543779913677	0.27710843373493976	0.7228915662650602	0.0	0.0	0.0	0.0	0.0	0.0	0.0	0.06927710843373494	0.9307228915662651	6.927710843373494	93.07228915662651	routine
799.5	1	0.2743132325848039	-0.0	-0.0	1.0	1.0	0.22289156626506024	0.7771084337349398	0.0	0.0	0.0	0.0	0.0	0.0	0.0	0.05572289156626506	0.9442771084337349	5.572289156626506	94.42771084337349	routine
799.75	1	0.17784620910896248	-0.0	-0.0	1.0	1.0	0.22289156626506024	0.7771084337349398	0.0	0.0	0.0	0.0	0.0	0.0	0.0	0.05572289156626506	0.9442771084337349	5.572289156626506	94.42771084337349	routine
800.0	0	0.10831760820152389	-0.0	-0.0	1.0	1.0	0.22289156626506024	0.7771084337349398	0.0	0.0	0.0	0.0	0.0	0.0	0.0	0.05572289156626506	0.9442771084337349	5.572289156626506	94.42771084337349	routine
800.25	0	0.06197408247558034	-0.0	-0.0	1.0	1.0	0.22289156626506024	0.7771084337349398	0.0	0.0	0.0	0.0	0.0	0.0	0.0	0.05572289156626506	0.9442771084337349	5.572289156626506	94.42771084337349	routine
800.5	0	0.03331023869544337	-0.0	-0.0	1.0	1.0	0.22289156626506024	0.7771084337349398	0.0	0.0	0.0	0.0	0.0	0.0	0.0	0.05572289156626506	0.9442771084337349	5.572289156626506	94.42771084337349	routine
800.75	0	0.016819070022895705	-0.0	-0.0	1.0	1.0	0.22289156626506024	0.7771084337349398	0.0	0.0	0.0	0.0	0.0	0.0	0.0	0.05572289156626506	0.9442771084337349	5.572289156626506	94.42771084337349	routine
801.0	0	0.007977793807845496	-0.0	-0.0	1.0	1.0	0.22289156626506024	0.7771084337349398	0.0	0.0	0.0	0.0	0.0	0.0	0.0	0.05572289156626506	0.9442771084337349	5.572289156626506	94.42771084337349	routine
801.25	0	0.0035548414142726995	-0.0	-0.0	1.0	1.0	0.22289156626506024	0.7771084337349398	0.0	0.0	0.0	0.0	0.0	0.0	0.0	0.05572289156626506	0.9442771084337349	5.572289156626506	94.42771084337349	routine
801.5	0	0.001488038780228006	-0.0	-0.0	1.0	1.0	0.22289156626506024	0.7771084337349398	0.0	0.0	0.0	0.0	0.0	0.0	0.0	0.05572289156626506	0.9442771084337349	5.572289156626506	94.42771084337349	routine
801.75	0	0.0005851468386842467	-0.0	-0.0	1.0	1.0	0.22289156626506024	0.7771084337349398	0.0	0.0	0.0	0.0	0.0	0.0	0.0	0.05572289156626506	0.9442771084337349	5.572289156626506	94.42771084337349	routine
802.0	0	0.0			0.0		0.08615858783973102	0.9138414121602689	0.0	0.0	0.0	0.0	0.0	0.0	0.0	0.021539646959932754	0.9784603530400673	2.1539646959932752	97.84603530400673	routine
802.25	0	0.0			0.0		0.08615858783973102	0.9138414121602689	0.0	0.0	0.0	0.0	0.0	0.0	0.0	0.021539646959932754	0.9784603530400673	2.1539646959932752	97.84603530400673	routine
802.5	0	0.0			0.0		0.08615858783973102	0.9138414121602689	0.0	0.0	0.0	0.0	0.0	0.0	0.0	0.021539646959932754	0.9784603530400673	2.1539646959932752	97.84603530400673	routine
802.75	0	0.0			0.0		0.08615858783973102	0.9138414121602689	0.0	0.0	0.0	0.0	0.0	0.0	0.0	0.021539646959932754	0.9784603530400673	2.1539646959932752	97.84603530400673	routine
803.0	0	0.0			0.0		0.08615858783973102	0.9138414121602689	0.0	0.0	0.0	0.0	0.0	0.0	0.0	0.021539646959932754	0.9784603530400673	2.1539646959932752	97.84603530400673	routine
803.25	0	0.0			0.0		0.08615858783973102	0.9138414121602689	0.0	0.0	0.0	0.0	0.0	0.0	0.0	0.021539646959932754	0.9784603530400673	2.1539646959932752	97.84603530400673	routine
803.5	0	0.0			0.0		0.08615858783973102	0.9138414121602689	0.0	0.0	0.0	0.0	0.0	0.0	0.0	0.021539646959932754	0.9784603530400673	2.1539646959932752	97.84603530400673	routine
803.75	0	0.0			0.0		0.08615858783973102	0.9138414121602689	0.0	0.0	0.0	0.0	0.0	0.0	0.0	0.021539646959932754	0.9784603530400673	2.1539646959932752	97.84603530400673	routine
804.0	0	0.0			0.0		0.08615858783973102	0.9138414121602689	0.0	0.0	0.0	0.0	0.0	0.0	0.0	0.021539646959932754	0.9784603530400673	2.1539646959932752	97.84603530400673	routine
804.25	0	0.0			0.0		0.08615858783973102	0.9138414121602689	0.0	0.0	0.0	0.0	0.0	0.0	0.0	0.021539646959932754	0.9784603530400673	2.1539646959932752	97.84603530400673	routine
804.5	0	0.0			0.0		0.08615858783973102	0.9138414121602689	0.0	0.0	0.0	0.0	0.0	0.0	0.0	0.021539646959932754	0.9784603530400673	2.1539646959932752	97.84603530400673	routine
804.75	0	0.0			0.0		0.08615858783973102	0.9138414121602689	0.0	0.0	0.0	0.0	0.0	0.0	0.0	0.021539646959932754	0.9784603530400673	2.1539646959932752	97.84603530400673	routine
805.0	0	0.0			0.0		0.08615858783973102	0.9138414121602689	0.0	0.0	0.0	0.0	0.0	0.0	0.0	0.021539646959932754	0.9784603530400673	2.1539646959932752	97.84603530400673	routine
805.25	0	0.0			0.0		0.08615858783973102	0.9138414121602689	0.0	0.0	0.0	0.0	0.0	0.0	0.0	0.021539646959932754	0.9784603530400673	2.1539646959932752	97.84603530400673	routine
805.5	0	0.0			0.0		0.08615858783973102	0.9138414121602689	0.0	0.0	0.0	0.0	0.0	0.0	0.0	0.021539646959932754	0.9784603530400673	2.1539646959932752	97.84603530400673	routine
805.75	0	0.0			0.0		0.08615858783973102	0.9138414121602689	0.0	0.0	0.0	0.0	0.0	0.0	0.0	0.021539646959932754	0.9784603530400673	2.1539646959932752	97.84603530400673	routine
806.0	0	0.0			0.0		0.08615858783973102	0.9138414121602689	0.0	0.0	0.0	0.0	0.0	0.0	0.0	0.021539646959932754	0.9784603530400673	2.1539646959932752	97.84603530400673	routine
806.25	0	0.0			0.0		0.08615858783973102	0.9138414121602689	0.0	0.0	0.0	0.0	0.0	0.0	0.0	0.021539646959932754	0.9784603530400673	2.1539646959932752	97.84603530400673	routine
806.5	0	0.0			0.0		0.08615858783973102	0.9138414121602689	0.0	0.0	0.0	0.0	0.0	0.0	0.0	0.021539646959932754	0.9784603530400673	2.1539646959932752	97.84603530400673	routine
806.75	0	0.0			0.0		0.08615858783973102	0.9138414121602689	0.0	0.0	0.0	0.0	0.0	0.0	0.0	0.021539646959932754	0.9784603530400673	2.1539646959932752	97.84603530400673	routine
807.0	0	0.0			0.0		0.08615858783973102	0.9138414121602689	0.0	0.0	0.0	0.0	0.0	0.0	0.0	0.021539646959932754	0.9784603530400673	2.1539646959932752	97.84603530400673	routine
807.25	0	0.0			0.0		0.08615858783973102	0.9138414121602689	0.0	0.0	0.0	0.0	0.0	0.0	0.0	0.021539646959932754	0.9784603530400673	2.1539646959932752	97.84603530400673	routine
807.5	0	0.0			0.0		0.08615858783973102	0.9138414121602689	0.0	0.0	0.0	0.0	0.0	0.0	0.0	0.021539646959932754	0.9784603530400673	2.1539646959932752	97.84603530400673	routine
807.75	0	0.0			0.0		0.08615858783973102	0.9138414121602689	0.0	0.0	0.0	0.0	0.0	0.0	0.0	0.021539646959932754	0.9784603530400673	2.1539646959932752	97.84603530400673	routine
808.0	0	0.0			0.0		0.08615858783973102	0.9138414121602689	0.0	0.0	0.0	0.0	0.0	0.0	0.0	0.021539646959932754	0.9784603530400673	2.1539646959932752	97.84603530400673	routine
808.25	0	0.0			0.0		0.08615858783973102	0.9138414121602689	0.0	0.0	0.0	0.0	0.0	0.0	0.0	0.021539646959932754	0.9784603530400673	2.1539646959932752	97.84603530400673	routine
808.5	0	0.0			0.0		0.08615858783973102	0.9138414121602689	0.0	0.0	0.0	0.0	0.0	0.0	0.0	0.021539646959932754	0.9784603530400673	2.1539646959932752	97.84603530400673	routine
808.75	0	0.0			0.0		0.08615858783973102	0.9138414121602689	0.0	0.0	0.0	0.0	0.0	0.0	0.0	0.021539646959932754	0.9784603530400673	2.1539646959932752	97.84603530400673	routine
809.0	0	0.0			0.0		0.08615858783973102	0.9138414121602689	0.0	0.0	0.0	0.0	0.0	0.0	0.0	0.021539646959932754	0.9784603530400673	2.1539646959932752	97.84603530400673	routine
809.25	0	0.0			0.0		0.08615858783973102	0.9138414121602689	0.0	0.0	0.0	0.0	0.0	0.0	0.0	0.021539646959932754	0.9784603530400673	2.1539646959932752	97.84603530400673	routine
809.5	0	0.0			0.0		0.08615858783973102	0.9138414121602689	0.0	0.0	0.0	0.0	0.0	0.0	0.0	0.021539646959932754	0.9784603530400673	2.1539646959932752	97.84603530400673	routine
809.75	0	0.0			0.0		0.08615858783973102	0.9138414121602689	0.0	0.0	0.0	0.0	0.0	0.0	0.0	0.021539646959932754	0.9784603530400673	2.1539646959932752	97.84603530400673	routine
810.0	0	0.0			0.0		0.08615858783973102	0.9138414121602689	0.0	0.0	0.0	0.0	0.0	0.0	0.0	0.021539646959932754	0.9784603530400673	2.1539646959932752	97.84603530400673	routine
810.25	0	0.0			0.0		0.08615858783973102	0.9138414121602689	0.0	0.0	0.0	0.0	0.0	0.0	0.0	0.021539646959932754	0.9784603530400673	2.1539646959932752	97.84603530400673	routine
810.5	0	0.0			0.0		0.08615858783973102	0.9138414121602689	0.0	0.0	0.0	0.0	0.0	0.0	0.0	0.021539646959932754	0.9784603530400673	2.1539646959932752	97.84603530400673	routine
810.75	0	0.0			0.0		0.08615858783973102	0.9138414121602689	0.0	0.0	0.0	0.0	0.0	0.0	0.0	0.021539646959932754	0.9784603530400673	2.1539646959932752	97.84603530400673	routine
811.0	0	0.0			0.0		0.08615858783973102	0.9138414121602689	0.0	0.0	0.0	0.0	0.0	0.0	0.0	0.021539646959932754	0.9784603530400673	2.1539646959932752	97.84603530400673	routine
811.25	0	0.0			0.0		0.08615858783973102	0.9138414121602689	0.0	0.0	0.0	0.0	0.0	0.0	0.0	0.021539646959932754	0.9784603530400673	2.1539646959932752	97.84603530400673	routine
811.5	0	0.0			0.0		0.08615858783973102	0.9138414121602689	0.0	0.0	0.0	0.0	0.0	0.0	0.0	0.021539646959932754	0.9784603530400673	2.1539646959932752	97.84603530400673	routine
811.75	0	0.0			0.0		0.08615858783973102	0.9138414121602689	0.0	0.0	0.0	0.0	0.0	0.0	0.0	0.021539646959932754	0.9784603530400673	2.1539646959932752	97.84603530400673	routine
812.0	0	0.0			0.0		0.08615858783973102	0.9138414121602689	0.0	0.0	0.0	0.0	0.0	0.0	0.0	0.021539646959932754	0.9784603530400673	2.1539646959932752	97.84603530400673	routine
812.25	0	0.0			0.0		0.08615858783973102	0.9138414121602689	0.0	0.0	0.0	0.0	0.0	0.0	0.0	0.021539646959932754	0.9784603530400673	2.1539646959932752	97.84603530400673	routine
812.5	0	0.0			0.0		0.08615858783973102	0.9138414121602689	0.0	0.0	0.0	0.0	0.0	0.0	0.0	0.021539646959932754	0.9784603530400673	2.1539646959932752	97.84603530400673	routine
812.75	0	0.0			0.0		0.08615858783973102	0.9138414121602689	0.0	0.0	0.0	0.0	0.0	0.0	0.0	0.021539646959932754	0.9784603530400673	2.1539646959932752	97.84603530400673	routine
813.0	0	0.0			0.0		0.08615858783973102	0.9138414121602689	0.0	0.0	0.0	0.0	0.0	0.0	0.0	0.021539646959932754	0.9784603530400673	2.1539646959932752	97.84603530400673	routine
813.25	0	0.0005879691040299548	-0.0	-0.0	1.0	1.0	0.22289156626506024	0.7771084337349398	0.0	0.0	0.0	0.0	0.0	0.0	0.0	0.05572289156626506	0.9442771084337349	5.572289156626506	94.42771084337349	routine
813.5	0	0.0014947497004357184	-0.0	-0.0	1.0	1.0	0.22289156626506024	0.7771084337349398	0.0	0.0	0.0	0.0	0.0	0.0	0.0	0.05572289156626506	0.9442771084337349	5.572289156626506	94.42771084337349	routine
813.75	0	0.003569760166799104	-0.0	-0.0	1.0	1.0	0.22289156626506024	0.7771084337349398	0.0	0.0	0.0	0.0	0.0	0.0	0.0	0.05572289156626506	0.9442771084337349	5.572289156626506	94.42771084337349	routine
814.0	0	0.008008776944636498	-0.0	-0.0	1.0	1.0	0.22289156626506024	0.7771084337349398	0.0	0.0	0.0	0.0	0.0	0.0	0.0	0.05572289156626506	0.9442771084337349	5.572289156626506	94.42771084337349	routine
814.25	0	0.016879125878262517	-0.0	-0.0	1.0	1.0	0.22289156626506024	0.7771084337349398	0.0	0.0	0.0	0.0	0.0	0.0	0.0	0.05572289156626506	0.9442771084337349	5.572289156626506	94.42771084337349	routine
814.5	0	0.03341875764111677	-0.0	-0.0	1.0	1.0	0.22289156626506024	0.7771084337349398	0.0	0.0	0.0	0.0	0.0	0.0	0.0	0.05572289156626506	0.9442771084337349	5.572289156626506	94.42771084337349	routine
814.75	0	0.06215659915171081	-0.0	-0.0	1.0	1.0	0.22289156626506024	0.7771084337349398	0.0	0.0	0.0	0.0	0.0	0.0	0.0	0.05572289156626506	0.9442771084337349	5.572289156626506	94.42771084337349	routine
815.0	0	0.10860274010595529	-0.0	-0.0	1.0	1.0	0.22289156626506024	0.7771084337349398	0.0	0.0	0.0	0.0	0.0	0.0	0.0	0.05572289156626506	0.9442771084337349	5.572289156626506	94.42771084337349	routine
815.25	1	0.17825877440536192	-0.0	-0.0	1.0	1.0	0.22289156626506024	0.7771084337349398	0.0	0.0	0.0	0.0	0.0	0.0	0.0	0.05572289156626506	0.9442771084337349	5.572289156626506	94.42771084337349	routine
815.5	1	0.27486386214830566	-0.0	-0.0	1.0	1.0	0.22289156626506024	0.7771084337349398	0.0	0.0	0.0	0.0	0.0	0.0	0.0	0.05572289156626506	0.9442771084337349	5.572289156626506	94.42771084337349	routine
815.75	1	0.3981447263997137	-0.0	-0.0	1.0	1.0	0.22289156626506024	0.7771084337349398	0.0	0.0	0.0	0.0	0.0	0.0	0.0	0.05572289156626506	0.9442771084337349	5.572289156626506	94.42771084337349	routine
816.0	1	0.5417774012907838	-0.0	-0.0	1.0	1.0	0.22289156626506024	0.7771084337349398	0.0	0.0	0.0	0.0	0.0	0.0	0.0	0.05572289156626506	0.9442771084337349	5.572289156626506	94.42771084337349	routine
816.25	1	0.6925599906126682	-0.0	-0.0	1.0	1.0	0.22289156626506024	0.7771084337349398	0.0	0.0	0.0	0.0	0.0	0.0	0.0	0.05572289156626506	0.9442771084337349	5.572289156626506	94.42771084337349	routine
816.5	1	0.8316689860502717	-0.0	-0.0	1.0	1.0	0.22289156626506024	0.7771084337349398	0.0	0.0	0.0	0.0	0.0	0.0	0.0	0.05572289156626506	0.9442771084337349	5.572289156626506	94.42771084337349	routine
816.75	1	0.9382103272519718	-0.0	-0.0	1.0	1.0	0.22289156626506024	0.7771084337349398	0.0	0.0	0.0	0.0	0.0	0.0	0.0	0.05572289156626506	0.9442771084337349	5.572289156626506	94.42771084337349	routine
817.0	1	0.9942749701676612	-0.0	-0.0	1.0	1.0	0.22289156626506024	0.7771084337349398	0.0	0.0	0.0	0.0	0.0	0.0	0.0	0.05572289156626506	0.9442771084337349	5.572289156626506	94.42771084337349	routine
817.25	1	0.9898500265774864	-0.0	-0.0	1.0	1.0	0.22289156626506024	0.7771084337349398	0.0	0.0	0.0	0.0	0.0	0.0	0.0	0.05572289156626506	0.9442771084337349	5.572289156626506	94.42771084337349	routine
817.5	1	0.9257396951198086	-0.0	-0.0	1.0	1.0	0.22289156626506024	0.7771084337349398	0.0	0.0	0.0	0.0	0.0	0.0	0.0	0.05572289156626506	0.9442771084337349	5.572289156626506	94.42771084337349	routine
817.75	1	0.8133265857248957	-0.0	-0.0	1.0	1.0	0.22289156626506024	0.7771084337349398	0.0	0.0	0.0	0.0	0.0	0.0	0.0	0.05572289156626506	0.9442771084337349	5.572289156626506	94.42771084337349	routine
818.0	1	0.6712706295213228	-0.0	-0.0	1.0	1.0	0.22289156626506024	0.7771084337349398	0.0	0.0	0.0	0.0	0.0	0.0	0.0	0.05572289156626506	0.9442771084337349	5.572289156626506	94.42771084337349	routine
818.25	1	0.5204594729947707	-0.0	-0.0	1.0	1.0	0.22289156626506024	0.7771084337349398	0.0	0.0	0.0	0.0	0.0	0.0	0.0	0.05572289156626506	0.9442771084337349	5.572289156626506	94.42771084337349	routine
818.5	1	0.379081669372972	-0.0	-0.0	1.0	1.0	0.22289156626506024	0.7771084337349398	0.0	0.0	0.0	0.0	0.0	0.0	0.0	0.05572289156626506	0.9442771084337349	5.572289156626506	94.42771084337349	routine
818.75	1	0.2593792595831626	-0.0	-0.0	1.0	1.0	0.22289156626506024	0.7771084337349398	0.0	0.0	0.0	0.0	0.0	0.0	0.0	0.05572289156626506	0.9442771084337349	5.572289156626506	94.42771084337349	routine
819.0	1	0.16672253412542332	-0.0	-0.0	1.0	1.0	0.22289156626506024	0.7771084337349398	0.0	0.0	0.0	0.0	0.0	0.0	0.0	0.05572289156626506	0.9442771084337349	5.572289156626506	94.42771084337349	routine
819.25	0	0.10067229153655667	-0.0	-0.0	1.0	1.0	0.22289156626506024	0.7771084337349398	0.0	0.0	0.0	0.0	0.0	0.0	0.0	0.05572289156626506	0.9442771084337349	5.572289156626506	94.42771084337349	routine
819.5	0	0.05710606044014683	-0.0	-0.0	1.0	1.0	0.22289156626506024	0.7771084337349398	0.0	0.0	0.0	0.0	0.0	0.0	0.0	0.05572289156626506	0.9442771084337349	5.572289156626506	94.42771084337349	routine
819.75	0	0.030430636889070994	-0.0	-0.0	1.0	1.0	0.22289156626506024	0.7771084337349398	0.0	0.0	0.0	0.0	0.0	0.0	0.0	0.05572289156626506	0.9442771084337349	5.572289156626506	94.42771084337349	routine
820.0	0	0.015233387093393792	-0.0	-0.0	1.0	1.0	0.22289156626506024	0.7771084337349398	0.0	0.0	0.0	0.0	0.0	0.0	0.0	0.05572289156626506	0.9442771084337349	5.572289156626506	94.42771084337349	routine
820.25	0	0.007163718454120013	-0.0	-0.0	1.0	1.0	0.22289156626506024	0.7771084337349398	0.0	0.0	0.0	0.0	0.0	0.0	0.0	0.05572289156626506	0.9442771084337349	5.572289156626506	94.42771084337349	routine
820.5	0	0.0031647334319287322	-0.0	-0.0	1.0	1.0	0.22289156626506024	0.7771084337349398	0.0	0.0	0.0	0.0	0.0	0.0	0.0	0.05572289156626506	0.9442771084337349	5.572289156626506	94.42771084337349	routine
820.75	0	0.0013133859185280893	-0.0	-0.0	1.0	1.0	0.22289156626506024	0.7771084337349398	0.0	0.0	0.0	0.0	0.0	0.0	0.0	0.05572289156626506	0.9442771084337349	5.572289156626506	94.42771084337349	routine
821.0	0	0.0005120403329906977	-0.0	-0.0	1.0	1.0	0.22289156626506024	0.7771084337349398	0.0	0.0	0.0	0.0	0.0	0.0	0.0	0.05572289156626506	0.9442771084337349	5.572289156626506	94.42771084337349	routine
821.25	0	0.0			0.0		0.08615858783973102	0.9138414121602689	0.0	0.0	0.0	0.0	0.0	0.0	0.0	0.021539646959932754	0.9784603530400673	2.1539646959932752	97.84603530400673	routine
821.5	0	0.0			0.0		0.08615858783973102	0.9138414121602689	0.0	0.0	0.0	0.0	0.0	0.0	0.0	0.021539646959932754	0.9784603530400673	2.1539646959932752	97.84603530400673	routine
821.75	0	0.0			0.0		0.08615858783973102	0.9138414121602689	0.0	0.0	0.0	0.0	0.0	0.0	0.0	0.021539646959932754	0.9784603530400673	2.1539646959932752	97.84603530400673	routine
822.0	0	0.0			0.0		0.08615858783973102	0.9138414121602689	0.0	0.0	0.0	0.0	0.0	0.0	0.0	0.021539646959932754	0.9784603530400673	2.1539646959932752	97.84603530400673	routine
822.25	0	0.0			0.0		0.08615858783973102	0.9138414121602689	0.0	0.0	0.0	0.0	0.0	0.0	0.0	0.021539646959932754	0.9784603530400673	2.1539646959932752	97.84603530400673	routine
822.5	0	0.0			0.0		0.08615858783973102	0.9138414121602689	0.0	0.0	0.0	0.0	0.0	0.0	0.0	0.021539646959932754	0.9784603530400673	2.1539646959932752	97.84603530400673	routine
822.75	0	0.0			0.0		0.08615858783973102	0.9138414121602689	0.0	0.0	0.0	0.0	0.0	0.0	0.0	0.021539646959932754	0.9784603530400673	2.1539646959932752	97.84603530400673	routine
823.0	0	0.0			0.0		0.08615858783973102	0.9138414121602689	0.0	0.0	0.0	0.0	0.0	0.0	0.0	0.021539646959932754	0.9784603530400673	2.1539646959932752	97.84603530400673	routine
823.25	0	0.0			0.0		0.08615858783973102	0.9138414121602689	0.0	0.0	0.0	0.0	0.0	0.0	0.0	0.021539646959932754	0.9784603530400673	2.1539646959932752	97.84603530400673	routine
823.5	0	0.0			0.0		0.08615858783973102	0.9138414121602689	0.0	0.0	0.0	0.0	0.0	0.0	0.0	0.021539646959932754	0.9784603530400673	2.1539646959932752	97.84603530400673	routine
823.75	0	0.0			0.0		0.08615858783973102	0.9138414121602689	0.0	0.0	0.0	0.0	0.0	0.0	0.0	0.021539646959932754	0.9784603530400673	2.1539646959932752	97.84603530400673	routine
824.0	0	0.0			0.0		0.08615858783973102	0.9138414121602689	0.0	0.0	0.0	0.0	0.0	0.0	0.0	0.021539646959932754	0.9784603530400673	2.1539646959932752	97.84603530400673	routine
824.25	0	0.0			0.0		0.08615858783973102	0.9138414121602689	0.0	0.0	0.0	0.0	0.0	0.0	0.0	0.021539646959932754	0.9784603530400673	2.1539646959932752	97.84603530400673	routine
824.5	0	0.0			0.0		0.08615858783973102	0.9138414121602689	0.0	0.0	0.0	0.0	0.0	0.0	0.0	0.021539646959932754	0.9784603530400673	2.1539646959932752	97.84603530400673	routine
824.75	0	0.0			0.0		0.08615858783973102	0.9138414121602689	0.0	0.0	0.0	0.0	0.0	0.0	0.0	0.021539646959932754	0.9784603530400673	2.1539646959932752	97.84603530400673	routine
825.0	0	0.0			0.0		0.08615858783973102	0.9138414121602689	0.0	0.0	0.0	0.0	0.0	0.0	0.0	0.021539646959932754	0.9784603530400673	2.1539646959932752	97.84603530400673	routine
825.25	0	0.0			0.0		0.08615858783973102	0.9138414121602689	0.0	0.0	0.0	0.0	0.0	0.0	0.0	0.021539646959932754	0.9784603530400673	2.1539646959932752	97.84603530400673	routine
825.5	0	0.0			0.0		0.08615858783973102	0.9138414121602689	0.0	0.0	0.0	0.0	0.0	0.0	0.0	0.021539646959932754	0.9784603530400673	2.1539646959932752	97.84603530400673	routine
825.75	0	0.0			0.0		0.08615858783973102	0.9138414121602689	0.0	0.0	0.0	0.0	0.0	0.0	0.0	0.021539646959932754	0.9784603530400673	2.1539646959932752	97.84603530400673	routine
826.0	0	0.0			0.0		0.08615858783973102	0.9138414121602689	0.0	0.0	0.0	0.0	0.0	0.0	0.0	0.021539646959932754	0.9784603530400673	2.1539646959932752	97.84603530400673	routine
826.25	0	0.0			0.0		0.08615858783973102	0.9138414121602689	0.0	0.0	0.0	0.0	0.0	0.0	0.0	0.021539646959932754	0.9784603530400673	2.1539646959932752	97.84603530400673	routine
826.5	0	0.0			0.0		0.08615858783973102	0.9138414121602689	0.0	0.0	0.0	0.0	0.0	0.0	0.0	0.021539646959932754	0.9784603530400673	2.1539646959932752	97.84603530400673	routine
826.75	0	0.0			0.0		0.08615858783973102	0.9138414121602689	0.0	0.0	0.0	0.0	0.0	0.0	0.0	0.021539646959932754	0.9784603530400673	2.1539646959932752	97.84603530400673	routine
827.0	0	0.0			0.0		0.08615858783973102	0.9138414121602689	0.0	0.0	0.0	0.0	0.0	0.0	0.0	0.021539646959932754	0.9784603530400673	2.1539646959932752	97.84603530400673	routine
827.25	0	0.0			0.0		0.08615858783973102	0.9138414121602689	0.0	0.0	0.0	0.0	0.0	0.0	0.0	0.021539646959932754	0.9784603530400673	2.1539646959932752	97.84603530400673	routine
827.5	0	0.0			0.0		0.08615858783973102	0.9138414121602689	0.0	0.0	0.0	0.0	0.0	0.0	0.0	0.021539646959932754	0.9784603530400673	2.1539646959932752	97.84603530400673	routine
827.75	0	0.0			0.0		0.08615858783973102	0.9138414121602689	0.0	0.0	0.0	0.0	0.0	0.0	0.0	0.021539646959932754	0.9784603530400673	2.1539646959932752	97.84603530400673	routine
828.0	0	0.0			0.0		0.08615858783973102	0.9138414121602689	0.0	0.0	0.0	0.0	0.0	0.0	0.0	0.021539646959932754	0.9784603530400673	2.1539646959932752	97.84603530400673	routine
828.25	0	0.0006124176462183261	-0.0	-0.0	1.0	1.0	0.22289156626506024	0.7771084337349398	0.0	0.0	0.0006124176462183261	0.0006124176462183261	0.0	0.0	0.00973360655737705	0.05815629320560932	0.9418437067943907	5.815629320560932	94.18437067943907	routine
828.5	0	0.0015527921061567166	-0.0	-0.0	1.0	1.0	0.22289156626506024	0.7771084337349398	0.0	0.0	0.0015527921061567166	0.0015527921061567166	0.0	0.0	0.028688524590163935	0.06289502271380604	0.9371049772861939	6.289502271380604	93.71049772861939	routine
828.75	0	0.003698584353365228	-0.0	-0.0	1.0	1.0	0.22289156626506024	0.7771084337349398	0.0	0.0	0.003698584353365228	0.003698584353365228	0.0	0.0	0.04918032786885246	0.06801797353347817	0.9319820264665218	6.801797353347817	93.19820264665218	routine
829.0	0	0.00827588289007678	-0.0	-0.0	1.0	1.0	0.22289156626506024	0.7771084337349398	0.0	0.0	0.00827588289007678	0.00827588289007678	0.0	0.0	0.06864754098360656	0.07288477681216671	0.9271152231878332	7.288477681216671	92.71152231878332	routine
829.25	0	0.01739601364715145	-0.0	-0.0	1.0	1.0	0.22289156626506024	0.7771084337349398	0.0	0.0	0.01739601364715145	0.01739601364715145	0.0	0.0	0.08862704918032786	0.07787965386134703	0.922120346138653	7.787965386134703	92.2120346138653	routine
829.5	0	0.034351186145351285	-0.0	-0.0	1.0	1.0	0.22289156626506024	0.7771084337349398	0.0	0.0	0.034351186145351285	0.034351186145351285	0.0	0.0	0.1091188524590164	0.08300260468101917	0.9169973953189808	8.300260468101916	91.69973953189809	routine
829.75	0	0.06372213683430838	-0.0	-0.0	1.0	1.0	0.22289156626506024	0.7771084337349398	0.0	0.0	0.06372213683430838	0.06372213683430838	0.0	0.0	0.13063524590163936	0.08838170304167489	0.9116182969583251	8.83817030416749	91.16182969583251	routine
830.0	0	0.11104410771979306	-0.0	-0.0	1.0	1.0	0.22289156626506024	0.7771084337349398	0.0	0.0	0.11104410771979306	0.11104410771979306	0.0	0.0	0.1521516393442623	0.09376080140233063	0.9062391985976693	9.376080140233062	90.62391985976693	routine
830.25	1	0.18178468899109154	-0.0	-0.0	1.0	1.0	0.22289156626506024	0.7771084337349398	0.0	0.0	0.18178468899109154	0.18178468899109154	0.0	0.0	0.17469262295081966	0.09939604730396998	0.90060395269603	9.939604730396997	90.060395269603	routine
830.5	1	0.2795604167165806	-0.0	-0.0	1.0	1.0	0.22289156626506024	0.7771084337349398	0.0	0.0	0.2795604167165806	0.2795604167165806	0.0	0.0	0.2028688524590164	0.10644010468101917	0.8935598953189808	10.644010468101916	89.35598953189809	routine
830.75	1	0.40387842288618797	-0.0	-0.0	1.0	1.0	0.22289156626506024	0.7771084337349398	0.0	0.0	0.40387842288618797	0.40387842288618797	0.0	0.0	0.23258196721311475	0.11386838336954375	0.8861316166304563	11.386838336954375	88.61316166304563	routine
831.0	1	0.5481282920995919	-0.0	-0.0	1.0	1.0	0.22289156626506024	0.7771084337349398	0.0	0.0	0.5481282920995919	0.5481282920995919	0.0	0.0	0.26793032786885246	0.12270547353347817	0.8772945264665218	12.270547353347817	87.72945264665218	routine
831.25	1	0.6988281349233667	-0.0	-0.0	1.0	1.0	0.22289156626506024	0.7771084337349398	0.0	0.0	0.6988281349233667	0.6988281349233667	0.0	0.0	0.29918032786885246	0.13051797353347816	0.8694820264665218	13.051797353347816	86.94820264665218	routine
831.5	1	0.8369801120496355	-0.0	-0.0	1.0	1.0	0.22289156626506024	0.7771084337349398	0.0	0.0	0.8369801120496355	0.8369801120496355	0.0	0.0	0.33145491803278687	0.1385866210744618	0.8614133789255383	13.858662107446179	86.14133789255382	routine
831.75	1	0.9417085004788703	-0.0	-0.0	1.0	1.0	0.22289156626506024	0.7771084337349398	0.0	0.0	0.9417085004788703	0.9417085004788703	0.0	0.0	0.35860655737704916	0.14537453091052735	0.8546254690894727	14.537453091052734	85.46254690894727	routine
832.0	1	0.9953468299256417	-0.0	-0.0	1.0	1.0	0.22289156626506024	0.7771084337349398	0.0	0.0	0.9953468299256417	0.9953468299256417	0.0	0.0	0.38422131147540983	0.15177821943511752	0.8482217805648825	15.177821943511752	84.82217805648826	routine
832.25	1	0.9883004188678294	-0.0	-0.0	1.0	1.0	0.22289156626506024	0.7771084337349398	0.0	0.0	0.9883004188678294	0.9883004188678294	0.0	0.0	0.3796106557377049	0.1506255555006913	0.8493744444993088	15.06255555006913	84.93744444993088	routine
832.5	1	0.9218496945820164	-0.0	-0.0	1.0	1.0	0.22289156626506024	0.7771084337349398	0.0	0.0	0.9218496945820164	0.9218496945820164	0.0	0.0	0.3524590163934426	0.1438376456646257	0.8561623543353742	14.38376456646257	85.61623543353743	routine
832.75	1	0.8077702380256879	-0.0	-0.0	1.0	1.0	0.22289156626506024	0.7771084337349398	0.0	0.0	0.8077702380256879	0.8077702380256879	0.0	0.0	0.32633196721311475	0.13730588336954375	0.8626941166304563	13.730588336954375	86.26941166304563	routine
833.0	1	0.6649242531976106	-0.0	-0.0	1.0	1.0	0.22289156626506024	0.7771084337349398	0.0	0.0	0.6649242531976106	0.6649242531976106	0.0	0.0	0.29405737704918034	0.12923723582856014	0.8707627641714398	12.923723582856015	87.07627641714399	routine
833.25	1	0.5149144261330139	0.010802794484960725	0.015585138031195482	1.010861355353005	0.9892553461505984	0.27850938638274025	0.7214906136172597	0.0	0.0	0.5149144261330139	0.5149144261330139	0.0	0.0	0.26024590163934425	0.13468882200552112	0.8653111779944789	13.468882200552112	86.53111779944788	routine
833.5	1	0.3753631340922918	0.031042817088313683	0.044785318268533325	1.0315296700379633	0.9694340638434541	0.2866349117399832	0.7133650882600169	0.0	0.0	0.3753631340922918	0.3753631340922918	0.0	0.0	0.22950819672131148	0.12903577711532366	0.8709642228846763	12.903577711532366	87.09642228846764	routine
833.75	1	0.259240915001685	0.08513126986080963	0.12281846085277012	1.0888599918168802	0.9183917193351849	0.2953208181563463	0.7046791818436537	0.0	0.0	0.259240915001685	0.259240915001685	0.0	0.0	0.1987704918032787	0.12352282748990626	0.8764771725100937	12.352282748990625	87.64771725100937	routine
834.0	1	0.17301174151387277	0.21441473748949422	0.30933507846960223	1.2391364645844585	0.8070136168055935	0.30652843933875035	0.6934715606612496	0.0	0.0	0.17301174151387277	0.17301174151387277	0.0	0.0	0.17315573770491804	0.1199210442609171	0.8800789557390829	11.99210442609171	88.00789557390829	routine
834.25	0	0.11835350275727355	0.45350173490465134	0.6542647039814818	1.573813625682442	0.6353992516530519	0.3289436817035584	0.6710563182964415	0.0	0.0	0.11835350275727355	0.11835350275727355	0.0	0.0	0.15471311475409835	0.1209141991144142	0.8790858008855857	12.09141991144142	87.90858008855858	routine
834.5	0	0.095443738673497	0.7227126825324289	1.042654003077095	2.060013801491968	0.4854336409182058	0.36648921266461193	0.633510787335388	0.0	0.0	0.095443738673497	0.095443738673497	0.0	0.0	0.1449795081967213	0.1278671802153333	0.8721328197846667	12.78671802153333	87.21328197846667	routine
834.75	0	0.10303008939934868	0.6933926276946266	1.0003541053640053	2.000490954518588	0.49987729149250115	0.363967497898571	0.636032502101429	0.0	0.0	0.10303008939934868	0.10303008939934868	0.0	0.0	0.14907786885245902	0.12826134168775752	0.8717386583122425	12.826134168775752	87.17386583122425	routine
835.0	0	0.14251007573203175	0.4805847158377101	0.6933371862660961	1.6170196228065745	0.6184216851149608	0.33202577752871953	0.6679742224712805	0.0	0.0	0.14251007573203175	0.14251007573203175	0.0	0.0	0.16393442622950818	0.12399005093955692	0.876009949060443	12.399005093955692	87.6009949060443	routine
835.25	1	0.21690675063145493	0.3561101506042518	0.513758348286976	1.427764808758931	0.7003954670021872	0.3188568226393948	0.6811431773606051	0.0	0.0	0.21690675063145493	0.21690675063145493	0.0	0.0	0.1880122950819672	0.1267172794303405	0.8732827205696595	12.67172794303405	87.32827205696594	routine
835.5	1	0.3284830604566418	0.3277730965506404	0.4728766209304283	1.3878740231561106	0.7205264911046744	0.3174558699915943	0.6825441300084056	0.0	0.0	0.3284830604566418	0.3284830604566418	0.0	0.0	0.21567622950819673	0.13328302487494775	0.8667169751250523	13.328302487494776	86.67169751250523	routine
835.75	1	0.47837006333148147	0.36216619892529855	0.5224953791671341	1.4364376565175228	0.6961666560763831	0.3202577752871953	0.6797422247128047	0.0	0.0	0.47837006333148147	0.47837006333148147	0.0	0.0	0.2510245901639344	0.1428205913627824	0.8571794086372175	14.28205913627824	85.71794086372175	routine
836.0	1	0.6641101420896789	0.43457550837111997	0.626959930818815	1.5443073742420654	0.647539483835459	0.32754272905575793	0.672457270944242	0.0	0.0	0.6641101420896789	0.6641101420896789	0.0	0.0	0.29354508196721313	0.15527195275574276	0.8447280472442572	15.527195275574277	84.47280472442571	routine
836.25	1	0.8777233299416295	0.5233217892579036	0.7549937501515168	1.6876242813463622	0.5925489524257227	0.33678901653124127	0.6632109834687587	0.0	0.0	0.8777233299416295	0.8777233299416295	0.0	0.0	0.3432377049180328	0.17000668036231853	0.8299933196376814	17.000668036231854	82.99933196376814	routine
836.5	2	1.1085359221501285	0.6300164020087762	0.908921538856769	1.877641376102107	0.532583065503143	0.3482768282432054	0.6517231717567946	0.0	0.0	1.1085359221501285	1.1085359221501285	0.0	0.0	0.4088114754098361	0.18927207591326037	0.8107279240867397	18.927207591326038	81.07279240867396	routine
836.75	2	1.3436219699149834	0.7487176366840514	1.0801712214701857	2.11428699336404	0.4729726868389334	0.37069207060801346	0.6293079293919865	0.0	0.0	1.3436219699149834	1.3436219699149834	0.0	0.0	0.4390368852459016	0.20243223896347878	0.7975677610365213	20.243223896347878	79.75677610365213	routine
837.0	2	1.5710406009081503	0.8715433497707326	1.2573712686339913	2.390597536031339	0.4183054591698913	0.3858223592042589	0.6141776407957411	0.0	0.0	1.5710406009081503	1.5710406009081503	0.0	0.0	0.45952868852459017	0.21133776193221226	0.7886622380677877	21.133776193221227	78.86622380677876	routine
837.25	3	1.7831135505390228	0.9934541375357179	1.4332513575734025	2.700546439506794	0.3702954281292166	0.40207340991874474	0.5979265900812553	0.0	0.0	1.7831135505390228	1.7831135505390228	0.0	0.0	0.47950819672131145	0.22039540166001403	0.779604598339986	22.0395401660014	77.9604598339986	routine
837.5	3	1.9765835924484811	1.1072953048106509	1.5974894450499593	3.0261624686204027	0.3304515241231876	0.42168674698795183	0.5783132530120482	0.0	0.0	1.9765835924484811	1.9765835924484811	0.0	0.0	0.49334016393442626	0.22875672773059452	0.7712432722694055	22.875672773059453	77.12432722694055	routine
837.75	3	2.1518891388468337	1.206727801743643	1.740940215278394	3.3425293197019035	0.29917463823150037	0.4373774166433175	0.5626225833566825	0.0	0.0	2.1518891388468337	2.1518891388468337	0.0	0.0	0.5076844262295082	0.23626546071820642	0.7637345392817936	23.62654607182064	76.37345392817936	routine
838.0	4	2.3110999769989053	1.2877777531423014	1.85787057822553	3.6247225706459654	0.27588318292226954	0.4455029420005604	0.5544970579994396	0.0	0.0	2.3110999769989053	2.3110999769989053	0.0	0.0	0.5158811475409836	0.240346022385386	0.7596539776146141	24.0346022385386	75.9653977614614	routine
838.25	4	2.455692254357696	1.3493959335566998	1.946766821537984	3.8550960930147524	0.25939690629552703	0.45923227794900534	0.5407677220509947	0.0	0.0	2.455692254357696	2.455692254357696	0.0	0.0	0.5256147540983607	0.2462117580118415	0.7537882419881585	24.62117580118415	75.37882419881585	routine
838.5	4	2.585004179492394	1.3926359352220163	2.009148957508567	4.025446897822557	0.24841962281030697	0.46707761277668813	0.5329223872233119	0.0	0.0	2.585004179492394	2.585004179492394	0.0	0.0	0.5368852459016393	0.2509907146695819	0.7490092853304181	25.09907146695819	74.9009285330418	routine
838.75	5	2.6956494823404697	1.419037852035406	2.0472388719652073	4.133141832552101	0.24194669346310033	0.47324180442701036	0.5267581955729896	0.0	0.0	2.6956494823404697	2.6956494823404697	0.0	0.0	0.5476434426229508	0.2552213117624903	0.7447786882375097	25.52213117624903	74.47786882375097	routine
839.0	5	2.7816552460188126	1.4293325513788804	2.06209098365548	4.175911055481942	0.23946870197037518	0.474922947604371	0.525077052395629	0.0	0.0	2.7816552460188126	2.7816552460188126	0.0	0.0	0.5537909836065574	0.2571784828027321	0.7428215171972679	25.71784828027321	74.28215171972678	routine
839.25	4	2.834957756829171	1.4232037739902879	2.0532490269102452	4.150396093854124	0.24094085898952936	0.47380218548613057	0.5261978145138695	0.0	0.0	2.834957756829171	2.834957756829171	0.0	0.0	0.5568647540983607	0.2576667348961228	0.7423332651038772	25.76667348961228	74.23332651038773	routine
839.5	4	2.8461253273619658	1.4000070706323409	2.019783258010763	4.055228639774077	0.2465952203513022	0.46903894648360883	0.5309610535163911	0.0	0.0	2.8461253273619658	2.8461253273619658	0.0	0.0	0.5584016393442623	0.2568601464569678	0.7431398535430322	25.68601464569678	74.31398535430323	routine
839.75	4	2.8054898098370162	1.3597751628093575	1.961740884109043	3.895317391111378	0.25671849032940774	0.4600728495376856	0.5399271504623144	0.0	0.0	2.8054898098370162	2.8054898098370162	0.0	0.0	0.5558401639344263	0.253978253368028	0.7460217466319721	25.3978253368028	74.6021746631972	routine
840.0	4	2.7049312968798067	1.3038501369801914	1.8810581266837179	3.683451193357	0.27148452565449266	0.4485850378257215	0.5514149621742785	0.0	0.0	2.7049312968798067	2.7049312968798067	0.0	0.0	0.5491803278688525	0.2494413414236435	0.7505586585763565	24.944134142364348	75.05586585763565	routine
840.25	4	2.5402524354904488	1.2348833436991988	1.7815600760312156	3.437977435581153	0.2908686920543912	0.4398991314093584	0.5601008685906417	0.0	0.0	2.5402524354904488	2.5402524354904488	0.0	0.0	0.5297131147540983	0.24240306154086416	0.7575969384591359	24.240306154086415	75.75969384591359	routine
840.5	3	2.313568204365722	1.156356036419743	1.6682691192447807	3.1783304284507303	0.3146305969475451	0.4289717007565144	0.5710282992434856	0.0	0.0	2.313568204365722	2.313568204365722	0.0	0.0	0.5163934426229508	0.2363412858448663	0.7636587141551336	23.63412858448663	76.36587141551337	routine
840.75	3	2.0347701768276605	1.071950194191754	1.546497229240405	2.9210706037196146	0.34234023605133895	0.4144017932193892	0.5855982067806108	0.0	0.0	2.0347701768276605	2.0347701768276605	0.0	0.0	0.4953893442622951	0.22744778437042107	0.772552215629579	22.744778437042108	77.2552215629579	routine
841.0	3	1.7212014141998528	0.9850365605181086	1.4211073609537965	2.677909788400641	0.37342557405462173	0.39955169515270383	0.6004483048472962	0.0	0.0	1.7212014141998528	1.7212014141998528	0.0	0.0	0.4733606557377049	0.2182280877226022	0.7817719122773978	21.82280877226022	78.17719122773978	routine
841.25	2	1.3951063037957394	0.8974142321241899	1.2946950623087459	2.453251364055767	0.4076223148804364	0.38862426449985993	0.6113757355001401	0.0	0.0	1.3951063037957394	1.3951063037957394	0.0	0.0	0.444672131147541	0.20832409891185022	0.7916759010881498	20.832409891185023	79.16759010881498	routine
841.5	2	1.0803673754153706	0.8136276577223314	1.1738165869261104	2.2560774364681473	0.44324719703127025	0.37713645278789576	0.6228635472121042	0.0	0.0	1.0803673754153706	1.0803673754153706	0.0	0.0	0.4016393442622951	0.1946939492625477	0.8053060507374523	19.469394926254772	80.53060507374524	routine
841.75	2	0.7969738745481617	0.7334012031179646	1.058074278720287	2.082150394381888	0.48027270397864913	0.36845054637153263	0.6315494536284674	0.0	0.0	0.7969738745481617	0.7969738745481617	0.0	0.0	0.32274590163934425	0.17279911200271922	0.8272008879972808	17.279911200271922	82.72008879972807	routine
842.0	1	0.5587531527785513	0.6578012757601619	0.9490066384296191	1.9305429329402661	0.5179889982954041	0.3544410198935276	0.6455589801064724	0.0	0.0	0.5587531527785513	0.5587531527785513	0.0	0.0	0.27151639344262296	0.15648935333403763	0.8435106466659623	15.648935333403763	84.35106466659623	routine
842.25	1	0.37157967189423907	0.5874285920071561	0.8474803165651104	1.7993555841698732	0.555754520561508	0.34323339871112357	0.6567666012888764	0.0	0.0	0.37157967189423907	0.37157967189423907	0.0	0.0	0.22797131147540983	0.14280117754663335	0.8571988224533666	14.280117754663335	85.71988224533666	routine
842.5	1	0.23388526549548136	0.5183282391798382	0.747789580217461	1.6792180509186234	0.5955152753705486	0.33594844494256093	0.6640515550574391	0.0	0.0	0.23388526549548136	0.23388526549548136	0.0	0.0	0.19313524590163936	0.13227092271105007	0.8677290772889499	13.227092271105006	86.77290772889499	routine
842.75	0	0.139328402352437	0.46065084780775994	0.6645786937135519	1.5851053116568876	0.6308729096079518	0.33006444382179884	0.6699355561782012	0.0	0.0	0.139328402352437	0.139328402352437	0.0	0.0	0.16239754098360656	0.12311549620135134	0.8768845037986487	12.311549620135134	87.68845037986488	routine
843.0	0	0.078397215455734	0.40776671514553303	0.5882830177800431	1.503456386652154	0.6651340264194602	0.3239002521714766	0.6760997478285233	0.0	0.0	0.078397215455734	0.078397215455734	0.0	0.0	0.13883196721311475	0.11568305484614784	0.8843169451538522	11.568305484614784	88.43169451538522	routine
843.25	0	0.04142516671567314	0.33036534104643583	0.4766164392092841	1.3914763990557937	0.7186611290558462	0.3177360605211544	0.6822639394788457	0.0	0.0	0.04142516671567314	0.04142516671567314	0.0	0.0	0.1168032786885246	0.10863483480241974	0.8913651651975802	10.863483480241975	89.13651651975802	routine
843.5	0	0.020774516815690838	0.29467217028744375	0.42512207876168323	1.3426861141247488	0.7447757070548583	0.31353320257775286	0.6864667974222471	0.0	0.0	0.020774516815690838	0.020774516815690838	0.0	0.0	0.09528688524590163	0.10220502195591362	0.8977949780440864	10.220502195591362	89.77949780440863	routine
843.75	0	0.00981364160937866	0.26152913535361855	0.37730678662264394	1.2989147853622078	0.7698734445625283	0.31045110675259174	0.6895488932474083	0.0	0.0	0.00981364160937866	0.00981364160937866	0.0	0.0	0.07428278688524591	0.09618347340945942	0.9038165265905406	9.618347340945942	90.38165265905405	routine
844.0	0	0.004096622225463663	-0.0	-0.0	1.0	1.0	0.22289156626506024	0.7771084337349398	0.0	0.0	0.004096622225463663	0.004096622225463663	0.0	0.0	0.05122950819672131	0.0685302686154454	0.9314697313845546	6.8530268615445395	93.14697313845545	routine
844.25	0	0.0017331457011291308	-0.0	-0.0	1.0	1.0	0.22289156626506024	0.7771084337349398	0.0	0.0	0.0017331457011291308	0.0017331457011291308	0.0	0.0	0.030737704918032786	0.06340731779577326	0.9365926822042268	6.340731779577326	93.65926822042267	routine
844.5	0	0.0006888121936434305	-0.0	-0.0	1.0	1.0	0.22289156626506024	0.7771084337349398	0.0	0.0	0.0006888121936434305	0.0006888121936434305	0.0	0.0	0.0117827868852459	0.05866858828757653	0.9413314117124235	5.866858828757653	94.13314117124236	routine
844.75	0	0.0			0.0		0.08615858783973102	0.9138414121602689	0.0	0.0	0.0	0.0	0.0	0.0	0.0	0.021539646959932754	0.9784603530400673	2.1539646959932752	97.84603530400673	routine
845.0	0	0.0			0.0		0.08615858783973102	0.9138414121602689	0.0	0.0	0.0	0.0	0.0	0.0	0.0	0.021539646959932754	0.9784603530400673	2.1539646959932752	97.84603530400673	routine
845.25	0	0.0			0.0		0.08615858783973102	0.9138414121602689	0.0	0.0	0.0	0.0	0.0	0.0	0.0	0.021539646959932754	0.9784603530400673	2.1539646959932752	97.84603530400673	routine
845.5	0	0.0			0.0		0.08615858783973102	0.9138414121602689	0.0	0.0	0.0	0.0	0.0	0.0	0.0	0.021539646959932754	0.9784603530400673	2.1539646959932752	97.84603530400673	routine
845.75	0	0.0			0.0		0.08615858783973102	0.9138414121602689	0.0	0.0	0.0	0.0	0.0	0.0	0.0	0.021539646959932754	0.9784603530400673	2.1539646959932752	97.84603530400673	routine
846.0	0	0.0			0.0		0.08615858783973102	0.9138414121602689	0.0	0.0	0.0	0.0	0.0	0.0	0.0	0.021539646959932754	0.9784603530400673	2.1539646959932752	97.84603530400673	routine
846.25	0	0.0			0.0		0.08615858783973102	0.9138414121602689	0.0	0.0	0.0	0.0	0.0	0.0	0.0	0.021539646959932754	0.9784603530400673	2.1539646959932752	97.84603530400673	routine
846.5	0	0.0			0.0		0.08615858783973102	0.9138414121602689	0.0	0.0	0.0	0.0	0.0	0.0	0.0	0.021539646959932754	0.9784603530400673	2.1539646959932752	97.84603530400673	routine
846.75	0	0.0			0.0		0.08615858783973102	0.9138414121602689	0.0	0.0	0.0	0.0	0.0	0.0	0.0	0.021539646959932754	0.9784603530400673	2.1539646959932752	97.84603530400673	routine
847.0	0	0.0004327942367607768	-0.0	-0.0	1.0	1.0	0.22289156626506024	0.7771084337349398	0.0	0.0	0.0004327942367607768	0.0004327942367607768	0.0	0.0	0.004610655737704918	0.05687555550069129	0.9431244444993088	5.687555550069129	94.31244444993088	routine
847.25	0	0.0011221049345561383	-0.0	-0.0	1.0	1.0	0.22289156626506024	0.7771084337349398	0.0	0.0	0.0011221049345561383	0.0011221049345561383	0.0	0.0	0.02305327868852459	0.061486211238396205	0.9385137887616037	6.148621123839621	93.85137887616037	routine
847.5	0	0.0027330153467644124	-0.0	-0.0	1.0	1.0	0.22289156626506024	0.7771084337349398	0.0	0.0	0.0027330153467644124	0.0027330153467644124	0.0	0.0	0.04252049180327869	0.06635301451708472	0.9336469854829152	6.6353014517084725	93.36469854829153	routine
847.75	0	0.00625327119034531	-0.0	-0.0	1.0	1.0	0.22289156626506024	0.7771084337349398	0.0	0.0	0.00625327119034531	0.00625327119034531	0.0	0.0	0.0625	0.07134789156626506	0.9286521084337349	7.134789156626506	92.86521084337349	routine
848.0	0	0.013440921708973137	-0.0	-0.0	1.0	1.0	0.22289156626506024	0.7771084337349398	0.0	0.0	0.013440921708973137	0.013440921708973137	0.0	0.0	0.08145491803278689	0.07608662107446178	0.9239133789255383	7.608662107446178	92.39133789255382	routine
848.25	0	0.027139849451341402	-0.0	-0.0	1.0	1.0	0.22289156626506024	0.7771084337349398	0.0	0.0	0.027139849451341402	0.027139849451341402	0.0	0.0	0.1019467213114754	0.08120957189413391	0.9187904281058661	8.120957189413392	91.87904281058661	routine
848.5	0	0.05148045918036114	-0.0	-0.0	1.0	1.0	0.22289156626506024	0.7771084337349398	0.0	0.0	0.05148045918036114	0.05148045918036114	0.0	0.0	0.12141393442622951	0.08607637517282243	0.9139236248271776	8.607637517282244	91.39236248271776	routine
848.75	0	0.09173477171246876	-0.0	-0.0	1.0	1.0	0.22289156626506024	0.7771084337349398	0.0	0.0	0.09173477171246876	0.09173477171246876	0.0	0.0	0.14344262295081966	0.09158354730396998	0.90841645269603	9.158354730396997	90.841645269603	routine
849.0	1	0.15356143151423574	-0.0	-0.0	1.0	1.0	0.22289156626506024	0.7771084337349398	0.0	0.0	0.15356143151423574	0.15356143151423574	0.0	0.0	0.16854508196721313	0.09785916205806834	0.9021408379419317	9.785916205806835	90.21408379419317	routine
849.25	1	0.2414831956081812	-0.0	-0.0	1.0	1.0	0.22289156626506024	0.7771084337349398	0.0	0.0	0.2414831956081812	0.2414831956081812	0.0	0.0	0.19518442622950818	0.1045189981236421	0.8954810018763579	10.45189981236421	89.5481001876358	routine
849.5	1	0.3567370951265714	-0.0	-0.0	1.0	1.0	0.22289156626506024	0.7771084337349398	0.0	0.0	0.3567370951265714	0.3567370951265714	0.0	0.0	0.22336065573770492	0.11156305550069129	0.8884369444993088	11.15630555006913	88.84369444993088	routine
849.75	1	0.49506955966112576	-0.0	-0.0	1.0	1.0	0.22289156626506024	0.7771084337349398	0.0	0.0	0.49506955966112576	0.49506955966112576	0.0	0.0	0.25614754098360654	0.1197597768121667	0.8802402231878333	11.97597768121667	88.02402231878334	routine
850.0	1	0.6454175503709182	-0.0	-0.0	1.0	1.0	0.22289156626506024	0.7771084337349398	0.0	0.0	0.6454175503709182	0.6454175503709182	0.0	0.0	0.29047131147540983	0.12834071943511752	0.8716592805648825	12.834071943511752	87.16592805648826	routine
850.25	1	0.790445465768208	-0.0	-0.0	1.0	1.0	0.22289156626506024	0.7771084337349398	0.0	0.0	0.790445465768208	0.790445465768208	0.0	0.0	0.3206967213114754	0.13589707189413391	0.8641029281058661	13.589707189413392	86.41029281058661	routine
850.5	1	0.9094098405488649	-0.0	-0.0	1.0	1.0	0.22289156626506024	0.7771084337349398	0.0	0.0	0.9094098405488649	0.9094098405488649	0.0	0.0	0.34989754098360654	0.1431972768121667	0.8568027231878332	14.319727681216671	85.68027231878332	routine
850.75	1	0.9828878825710253	-0.0	-0.0	1.0	1.0	0.22289156626506024	0.7771084337349398	0.0	0.0	0.9828878825710253	0.9828878825710253	0.0	0.0	0.3770491803278688	0.14998518664823227	0.8500148133517678	14.998518664823226	85.00148133517678	routine
851.0	1	0.9979410957274125	-0.0	-0.0	1.0	1.0	0.22289156626506024	0.7771084337349398	0.0	0.0	0.9979410957274125	0.9979410957274125	0.0	0.0	0.38729508196721313	0.15254666205806833	0.8474533379419317	15.254666205806833	84.74533379419317	routine
851.25	1	0.9522221599578023	0.0035673729087901925	0.005146631204513247	1.003573743556765	0.9964389826062016	0.27402633790977865	0.7259736620902213	0.0	0.0	0.9522221599578023	0.9522221599578023	0.0	0.0	0.36270491803278687	0.15918281398564138	0.8408171860143586	15.918281398564138	84.08171860143587	routine
851.5	1	0.8538644667043636	0.009129344168110972	0.01317085955790228	1.0091711437346267	0.9909122017691795	0.27738862426449984	0.7226113757355002	0.0	0.0	0.8538644667043636	0.8538644667043636	0.0	0.0	0.3355532786885246	0.1532354757382561	0.8467645242617439	15.32354757382561	84.6764524261744	routine
851.75	1	0.7203426632371953	0.02288599829479028	0.03301751624568721	1.0231498920659572	0.9773738997135477	0.2838330064443822	0.7161669935556179	0.0	0.0	0.7203426632371953	0.7203426632371953	0.0	0.0	0.3048155737704918	0.1471621450537185	0.8528378549462815	14.71621450537185	85.28378549462815	routine
852.0	1	0.5733356815840218	0.05568287847008245	0.08033341263121078	1.057262349914705	0.945839034257368	0.2913981507425049	0.708601849257495	0.0	0.0	0.5733356815840218	0.5733356815840218	0.0	0.0	0.27459016393442626	0.14149707866923278	0.8585029213307672	14.149707866923277	85.85029213307672	routine
852.25	1	0.43398414330073665	0.1291585998106055	0.1863364714349228	1.1378705759133803	0.8788345714953477	0.2998038666293079	0.7001961333706921	0.0	0.0	0.43398414330073665	0.43398414330073665	0.0	0.0	0.24180327868852458	0.13540178632945812	0.8645982136705419	13.540178632945812	86.45982136705419	routine
852.5	1	0.3193136930628299	0.2751632313843422	0.39697662935317285	1.3167455915323043	0.7594481473344401	0.31213224992995237	0.6878677500700476	0.0	0.0	0.3193136930628299	0.3193136930628299	0.0	0.0	0.21413934426229508	0.13156789854806186	0.8684321014519382	13.156789854806187	86.84321014519382	routine
852.75	1	0.2407983532189228	0.4989872606961591	0.7198864464731172	1.6470523910808428	0.607145228297062	0.33398711123564023	0.6660128887643597	0.0	0.0	0.2407983532189228	0.2407983532189228	0.0	0.0	0.19467213114754098	0.1321648105957953	0.8678351894042047	13.216481059579529	86.78351894042046	routine
853.0	0	0.20478968269893763	0.6802861073579525	0.981445393470975	1.9744425539693122	0.5064720662496127	0.3589240683664892	0.6410759316335108	0.0	0.0	0.20478968269893763	0.20478968269893763	0.0	0.0	0.1839139344262295	0.13570950069817966	0.8642904993018203	13.570950069817966	86.42904993018203	routine
853.25	1	0.21374950242117102	0.6279805326451391	0.905984400221952	1.873822632099547	0.5336684395147571	0.3474362566545251	0.652563743345475	0.0	0.0	0.21374950242117102	0.21374950242117102	0.0	0.0	0.1864754098360656	0.13347791662264769	0.8665220833773524	13.347791662264768	86.65220833773523	routine
853.5	1	0.26709305290524893	0.4046336743928237	0.5837629954232063	1.4987533677448475	0.667221186301443	0.3236200616419165	0.6763799383580835	0.0	0.0	0.26709305290524893	0.26709305290524893	0.0	0.0	0.20081967213114754	0.131109933443266	0.8688900665567341	13.1109933443266	86.88900665567341	routine
853.75	1	0.3609621829169034	0.20673288248102012	0.2982525043440486	1.2296540657645993	0.8132368507871355	0.30568786775007006	0.6943121322499299	0.0	0.0	0.3609621829169034	0.3609621829169034	0.0	0.0	0.22489754098360656	0.13264635218341916	0.8673536478165809	13.264635218341917	86.73536478165809	routine
854.0	1	0.4871058927256565	0.09322009412203276	0.13448816750105907	1.0977033067284245	0.9109929740308265	0.2964415802745867	0.7035584197254132	0.0	0.0	0.4871058927256565	0.4871058927256565	0.0	0.0	0.2546106557377049	0.1377630590030729	0.862236940996927	13.776305900307289	86.22369409969271	routine
854.25	1	0.6318146058250458	0.039315332909628395	0.05672003581961955	1.040098409202255	0.9614474853076547	0.28803586438778367	0.7119641356122164	0.0	0.0	0.6318146058250458	0.6318146058250458	0.0	0.0	0.28739754098360654	0.14385835134284755	0.8561416486571525	14.385835134284756	85.61416486571525	routine
854.5	1	0.7761348384929022	0.015944517396628083	0.02300307617748314	1.0160723095052229	0.9841819235158084	0.2813112916783413	0.7186887083216587	0.0	0.0	0.7761348384929022	0.7761348384929022	0.0	0.0	0.3171106557377049	0.14960548685401154	0.8503945131459885	14.960548685401154	85.03945131459885	routine
854.75	1	0.8981815941005201	0.006303352370906255	0.009093815206482146	1.0063232603033856	0.9937164720792807	0.27598767161669935	0.7240123283833007	0.0	0.0	0.8981815941005201	0.8981815941005201	0.0	0.0	0.3468237704918033	0.15570286052712567	0.8442971394728743	15.570286052712568	84.42971394728744	routine
855.0	1	0.9771332621464619	-0.0	-0.0	1.0	1.0	0.22289156626506024	0.7771084337349398	0.0	0.0	0.9771332621464619	0.9771332621464619	0.0	0.0	0.3729508196721312	0.14896059648429785	0.8510394035157022	14.896059648429786	85.10394035157022	routine
855.25	1	0.9999248112932763	0.004557290487254229	0.006574780385852123	1.0045676907285186	0.9954530782040122	0.27458671896889886	0.7254132810311011	0.0	0.0	0.9993908936685214	0.9993908936685214	0.0	0.0	0.38985655737704916	0.166110819086487	0.8338891809135129	16.6110819086487	83.3889180913513	routine
855.5	1	0.9615920698282656	0.010732530304225352	0.015483768246096433	1.0107903305033148	0.989324857809095	0.2782291958531802	0.7217708041468198	0.0	0.0	0.9602262483580303	0.9602262483580303	0.0	0.0	0.3668032786885246	0.1612581186354262	0.8387418813645738	16.12581186354262	83.87418813645738	routine
855.75	1	0.8699813558203182	0.024817492994856655	0.035804074070976286	1.0251280104074267	0.9754879291636565	0.2843933875035024	0.7156066124964976	0.0	0.0	0.8666991167682953	0.8666991167682953	0.0	0.0	0.3406762295081967	0.1562674042529248	0.8437325957470752	15.626740425292478	84.37325957470752	routine
856.0	1	0.7422953280263768	0.05591973389187112	0.08067512277363295	1.0575127978933452	0.9456150336828874	0.291678341272065	0.7083216587279351	0.0	0.0	0.7348855862010462	0.7348855862010462	0.0	0.0	0.3104508196721312	0.15053229023604903	0.8494677097639509	15.053229023604903	84.94677097639509	routine
856.25	1	0.6010804872275218	0.12106886724152703	0.17466545437539532	1.128702640328202	0.8859729429792261	0.29896329504062763	0.7010367049593724	0.0	0.0	0.5853662777182786	0.5853662777182786	0.0	0.0	0.2776639344262295	0.14415680736671427	0.8558431926332857	14.415680736671426	85.58431926332857	routine
856.5	1	0.4693251036014129	0.24503378198803738	0.35350902212440893	1.277664474521839	0.7826780973731355	0.3093303446343514	0.6906696553656486	0.0	0.0	0.4380183095194752	0.4380183095194752	0.0	0.0	0.24385245901639344	0.1382957009126862	0.8617042990873138	13.82957009126862	86.17042990873138	routine
856.75	1	0.3664950434481235	0.43945801458940903	0.6340038983270502	1.5518659018632526	0.6443855740366142	0.3283833006444382	0.6716166993555618	0.0	0.0	0.3079026486059522	0.3079026486059522	0.0	0.0	0.21106557377049182	0.13486221860373251	0.8651377813962675	13.486221860373252	86.51377813962675	routine
857.0	1	0.3063401937209944	0.6385347520369378	0.9212109201989541	1.89370409939192	0.5280656045055329	0.3502381619501261	0.649761838049874	0.0	0.0	0.2033251866526837	0.2033251866526837	0.0	0.0	0.1834016393442623	0.1334099503235971	0.866590049676403	13.340995032359709	86.6590049676403	routine
857.25	1	0.29627595442060495	0.6820726781101312	0.9840228702353405	1.9779731882129288	0.5055680258757633	0.3597646399551695	0.6402353600448305	0.0	0.0	0.12613207182242664	0.12613207182242664	0.0	0.0	0.15881147540983606	0.1296440288412514	0.8703559711587486	12.964402884125139	87.03559711587486	routine
857.5	1	0.3374957212726606	0.5241031569485106	0.7561210254438664	1.6889434517451374	0.5920861346581665	0.33706920706080135	0.6629307929391987	0.0	0.0	0.07350493097395408	0.07350493097395408	0.0	0.0	0.1362704918032787	0.11833492471602	0.88166507528398	11.833492471602	88.166507528398	routine
857.75	1	0.4250252714201537	0.31322953101770723	0.451894691059222	1.3678354556627008	0.7310820872935416	0.31661529840291397	0.683384701597086	0.0	0.0	0.04024055979282421	0.04024055979282421	0.0	0.0	0.11424180327868852	0.10771427542040063	0.8922857245795994	10.771427542040064	89.22857245795994	routine
858.0	1	0.5475650865502922	0.16087153521798675	0.2320885660791837	1.1745340728580342	0.8514014391823181	0.30204539086578874	0.6979546091342113	0.0	0.0	0.020695129485796514	0.020695129485796514	0.0	0.0	0.09477459016393443	0.09920499525743079	0.9007950047425692	9.920499525743079	90.07950047425692	routine
858.25	1	0.6877111136276695	0.07594449544963423	0.10956474696800175	1.0789026884867228	0.9268676505038723	0.2942000560381059	0.705799943961894	0.0	0.0	0.00999836247457513	0.00999836247457513	0.0	0.0	0.07530737704918032	0.09237685827182156	0.9076231417281785	9.237685827182156	90.76231417281785	routine
858.5	1	0.823463458076804	0.03415666645497815	0.04927765330789539	1.03474670412811	0.966420087167721	0.2874754833286635	0.7125245166713365	0.0	0.0	0.004537808889252438	0.004537808889252438	0.0	0.0	0.055327868852459015	0.08570083804528063	0.9142991619547194	8.570083804528062	91.42991619547193	routine
858.75	1	0.9315427989858457	0.01490355232565501	0.02150128103185166	1.0150151640426568	0.9852069559405856	0.28103110114878116	0.7189688988512188	0.0	0.0	0.0019347289072182865	0.0019347289072182865	0.0	0.0	0.03483606557377049	0.07896679168063792	0.9210332083193621	7.896679168063791	92.1033208319362	routine
859.0	1	0.9928589689579307	0.012683692828994744	0.018298700744549624	1.0127644720257685	0.9873964061947824	0.2801905295601009	0.7198094704398992	0.0	0.0	0.0007749088743978167	0.0007749088743978167	0.0	0.0	0.016905737704918034	0.07427406681625473	0.9257259331837453	7.427406681625473	92.57259331837453	routine
859.25	1	0.9949913896175357	0.01398866652820007	0.020181379828883676	1.0140869657473346	0.9861087202349029	0.28047072008966095	0.719529279910339	0.0	0.0	0.0	0.0	0.0	0.0	0.0	0.07011768002241524	0.9298823199775847	7.011768002241523	92.98823199775848	routine
859.5	1	0.939062355028747	0.03040543913580545	0.043865776257277736	1.030872405254215	0.9700521567006133	0.2863547212104231	0.7136452787895768	0.0	0.0	0.0	0.0	0.0	0.0	0.0	0.07158868030260578	0.9284113196973942	7.158868030260577	92.84113196973942	routine
859.75	1	0.8361370960973546	0.06446898490821767	0.09300908481823107	1.0665924972674496	0.9375651924816123	0.2927991033903054	0.7072008966096945	0.0	0.0	0.0	0.0	0.0	0.0	0.0	0.07319977584757635	0.9268002241524237	7.319977584757635	92.68002241524236	routine
860.0	1	0.7067311934328901	0.131622325941398	0.18989087690592565	1.1406774336292784	0.8766720288472027	0.30008405715886804	0.6999159428411319	0.0	0.0	0.0	0.0	0.0	0.0	0.0	0.07502101428971701	0.924978985710283	7.502101428971701	92.4978985710283	routine
860.25	1	0.5753489198474923	0.25249279881617726	0.36427010871227367	1.2872302265399356	0.7768618071438487	0.30989072569347154	0.6901092743065285	0.0	0.0	0.0	0.0	0.0	0.0	0.0	0.07747268142336788	0.9225273185766321	7.747268142336789	92.2527318576632	routine
860.5	1	0.4654902641174998	0.43487597969733005	0.6273934193110676	1.544771464046228	0.6473449460159594	0.327822919585318	0.672177080414682	0.0	0.0	0.0	0.0	0.0	0.0	0.0	0.0819557298963295	0.9180442701036705	8.19557298963295	91.80442701036705	routine
860.75	1	0.39571113840418476	0.6248507162419612	0.9014690296181943	1.867967079471249	0.5353413403211914	0.3468758755954049	0.6531241244045951	0.0	0.0	0.0	0.0	0.0	0.0	0.0	0.08671896889885122	0.9132810311011488	8.671896889885122	91.32810311011488	routine
861.0	2	0.37726018151942287	0.6904261499464159	0.9960743826277542	1.9945653360695965	0.5013623679886849	0.36256654525077053	0.6374334547492295	0.0	0.0	0.0	0.0	0.0	0.0	0.0	0.09064163631269263	0.9093583636873074	9.064163631269263	90.93583636873073	routine
861.25	1	0.4130399958074152	0.5699216279185398	0.8222231062934424	1.768128474094705	0.5655697618421125	0.34155225553376295	0.6584477444662371	0.0	0.0	0.0	0.0	0.0	0.0	0.0	0.08538806388344074	0.9146119361165592	8.538806388344074	91.46119361165591	routine
861.5	1	0.4973943621059348	0.3705495731081022	0.5345900315265815	1.448530469345347	0.6903548259167396	0.3205379658167554	0.6794620341832446	0.0	0.0	0.0	0.0	0.0	0.0	0.0	0.08013449145418886	0.9198655085458112	8.013449145418885	91.98655085458111	routine
861.75	1	0.6165446287625809	0.20639120021858734	0.2977595610384771	1.229233986552294	0.8135147668710004	0.30540767722050993	0.6945923227794901	0.0	0.0	0.0	0.0	0.0	0.0	0.0	0.07635191930512748	0.9236480806948725	7.6351919305127485	92.36480806948725	routine
862.0	1	0.7500008788325854	0.10505041827504402	0.15155571748871735	1.1107666118804909	0.9002791309211512	0.2978425329223872	0.7021574670776127	0.0	0.0	0.0	0.0	0.0	0.0	0.0	0.0744606332305968	0.9255393667694032	7.44606332305968	92.55393667694032	routine
862.25	1	0.8734370649378883	0.050728801743678706	0.07318619070584467	1.0520375438443426	0.9505364193998366	0.2905575791538246	0.7094424208461754	0.0	0.0	0.0	0.0	0.0	0.0	0.0	0.07263939478845614	0.9273606052115438	7.263939478845614	92.73606052115439	routine
862.5	1	0.9630736826916725	0.02370879376893366	0.03420455919589974	1.0239920815938723	0.9765700516389463	0.2841131969739423	0.7158868030260577	0.0	0.0	0.0	0.0	0.0	0.0	0.0	0.07102829924348557	0.9289717007565145	7.102829924348557	92.89717007565145	routine
862.75	1	1.0007506275324378	0.010839266991657482	0.015637756735735683	1.0108982246729117	0.9892192661863286	0.2787895769123004	0.7212104230876997	0.0	0.0	0.0	0.0	0.0	0.0	0.0	0.0696973942280751	0.9303026057719249	6.96973942280751	93.0302605771925	routine
863.0	1	0.9781509548743721	0.004877126905659364	0.0070362068005809	1.004889039447539	0.9951347469664643	0.27514710002801906	0.724852899971981	0.0	0.0	0.0	0.0	0.0	0.0	0.0	0.06878677500700477	0.9312132249929952	6.878677500700476	93.12132249929952	routine
863.25	1	0.8983920104895635	-0.0	-0.0	1.0	1.0	0.22289156626506024	0.7771084337349398	0.0	0.0	0.0	0.0	0.0	0.0	0.0	0.05572289156626506	0.9442771084337349	5.572289156626506	94.42771084337349	routine
863.5	1	0.7755913769046725	-0.0	-0.0	1.0	1.0	0.22289156626506024	0.7771084337349398	0.0	0.0	0.0	0.0	0.0	0.0	0.0	0.05572289156626506	0.9442771084337349	5.572289156626506	94.42771084337349	routine
863.75	1	0.6290087077083306	-0.0	-0.0	1.0	1.0	0.22289156626506024	0.7771084337349398	0.0	0.0	0.0	0.0	0.0	0.0	0.0	0.05572289156626506	0.9442771084337349	5.572289156626506	94.42771084337349	routine
864.0	1	0.4792222107328437	-0.0	-0.0	1.0	1.0	0.22289156626506024	0.7771084337349398	0.0	0.0	0.0	0.0	0.0	0.0	0.0	0.05572289156626506	0.9442771084337349	5.572289156626506	94.42771084337349	routine
864.25	1	0.34298396278194526	-0.0	-0.0	1.0	1.0	0.22289156626506024	0.7771084337349398	0.0	0.0	0.0	0.0	0.0	0.0	0.0	0.05572289156626506	0.9442771084337349	5.572289156626506	94.42771084337349	routine
864.5	1	0.2306042378901287	-0.0	-0.0	1.0	1.0	0.22289156626506024	0.7771084337349398	0.0	0.0	0.0	0.0	0.0	0.0	0.0	0.05572289156626506	0.9442771084337349	5.572289156626506	94.42771084337349	routine
864.75	1	0.14565230084054392	-0.0	-0.0	1.0	1.0	0.22289156626506024	0.7771084337349398	0.0	0.0	0.0	0.0	0.0	0.0	0.0	0.05572289156626506	0.9442771084337349	5.572289156626506	94.42771084337349	routine
865.0	0	0.0864219397037048	-0.0	-0.0	1.0	1.0	0.22289156626506024	0.7771084337349398	0.0	0.0	0.0	0.0	0.0	0.0	0.0	0.05572289156626506	0.9442771084337349	5.572289156626506	94.42771084337349	routine
865.25	0	0.04817117775582204	-0.0	-0.0	1.0	1.0	0.22289156626506024	0.7771084337349398	0.0	0.0	0.0	0.0	0.0	0.0	0.0	0.05572289156626506	0.9442771084337349	5.572289156626506	94.42771084337349	routine
865.5	0	0.025223602550705243	-0.0	-0.0	1.0	1.0	0.22289156626506024	0.7771084337349398	0.0	0.0	0.0	0.0	0.0	0.0	0.0	0.05572289156626506	0.9442771084337349	5.572289156626506	94.42771084337349	routine
865.75	0	0.01240747930240563	-0.0	-0.0	1.0	1.0	0.22289156626506024	0.7771084337349398	0.0	0.0	0.0	0.0	0.0	0.0	0.0	0.05572289156626506	0.9442771084337349	5.572289156626506	94.42771084337349	routine
866.0	0	0.005733457519672519	-0.0	-0.0	1.0	1.0	0.22289156626506024	0.7771084337349398	0.0	0.0	0.0	0.0	0.0	0.0	0.0	0.05572289156626506	0.9442771084337349	5.572289156626506	94.42771084337349	routine
866.25	0	0.002488893042346287	-0.0	-0.0	1.0	1.0	0.22289156626506024	0.7771084337349398	0.0	0.0	0.0	0.0	0.0	0.0	0.0	0.05572289156626506	0.9442771084337349	5.572289156626506	94.42771084337349	routine
866.5	0	0.001014968264316562	-0.0	-0.0	1.0	1.0	0.22289156626506024	0.7771084337349398	0.0	0.0	0.0	0.0	0.0	0.0	0.0	0.05572289156626506	0.9442771084337349	5.572289156626506	94.42771084337349	routine
866.75	0	0.0003888259908719194	-0.0	-0.0	1.0	1.0	0.22289156626506024	0.7771084337349398	0.0	0.0	0.0	0.0	0.0	0.0	0.0	0.05572289156626506	0.9442771084337349	5.572289156626506	94.42771084337349	routine
867.0	0	0.0			0.0		0.08615858783973102	0.9138414121602689	0.0	0.0	0.0	0.0	0.0	0.0	0.0	0.021539646959932754	0.9784603530400673	2.1539646959932752	97.84603530400673	routine
867.25	0	0.0			0.0		0.08615858783973102	0.9138414121602689	0.0	0.0	0.0	0.0	0.0	0.0	0.0	0.021539646959932754	0.9784603530400673	2.1539646959932752	97.84603530400673	routine
867.5	0	0.0			0.0		0.08615858783973102	0.9138414121602689	0.0	0.0	0.0	0.0	0.0	0.0	0.0	0.021539646959932754	0.9784603530400673	2.1539646959932752	97.84603530400673	routine
867.75	0	0.0			0.0		0.08615858783973102	0.9138414121602689	0.0	0.0	0.0	0.0	0.0	0.0	0.0	0.021539646959932754	0.9784603530400673	2.1539646959932752	97.84603530400673	routine
868.0	0	0.0			0.0		0.08615858783973102	0.9138414121602689	0.0	0.0	0.0	0.0	0.0	0.0	0.0	0.021539646959932754	0.9784603530400673	2.1539646959932752	97.84603530400673	routine
868.25	0	0.0			0.0		0.08615858783973102	0.9138414121602689	0.0	0.0	0.0	0.0	0.0	0.0	0.0	0.021539646959932754	0.9784603530400673	2.1539646959932752	97.84603530400673	routine
868.5	0	0.0			0.0		0.08615858783973102	0.9138414121602689	0.0	0.0	0.0	0.0	0.0	0.0	0.0	0.021539646959932754	0.9784603530400673	2.1539646959932752	97.84603530400673	routine
868.75	0	0.0			0.0		0.08615858783973102	0.9138414121602689	0.0	0.0	0.0	0.0	0.0	0.0	0.0	0.021539646959932754	0.9784603530400673	2.1539646959932752	97.84603530400673	routine
869.0	0	0.0			0.0		0.08615858783973102	0.9138414121602689	0.0	0.0	0.0	0.0	0.0	0.0	0.0	0.021539646959932754	0.9784603530400673	2.1539646959932752	97.84603530400673	routine
869.25	0	0.0			0.0		0.08615858783973102	0.9138414121602689	0.0	0.0	0.0	0.0	0.0	0.0	0.0	0.021539646959932754	0.9784603530400673	2.1539646959932752	97.84603530400673	routine
869.5	0	0.0			0.0		0.08615858783973102	0.9138414121602689	0.0	0.0	0.0	0.0	0.0	0.0	0.0	0.021539646959932754	0.9784603530400673	2.1539646959932752	97.84603530400673	routine
869.75	0	0.0			0.0		0.08615858783973102	0.9138414121602689	0.0	0.0	0.0	0.0	0.0	0.0	0.0	0.021539646959932754	0.9784603530400673	2.1539646959932752	97.84603530400673	routine
870.0	0	0.0			0.0		0.08615858783973102	0.9138414121602689	0.0	0.0	0.0	0.0	0.0	0.0	0.0	0.021539646959932754	0.9784603530400673	2.1539646959932752	97.84603530400673	routine
870.25	0	0.0			0.0		0.08615858783973102	0.9138414121602689	0.0	0.0	0.0	0.0	0.0	0.0	0.0	0.021539646959932754	0.9784603530400673	2.1539646959932752	97.84603530400673	routine
870.5	0	0.0			0.0		0.08615858783973102	0.9138414121602689	0.0	0.0	0.0	0.0	0.0	0.0	0.0	0.021539646959932754	0.9784603530400673	2.1539646959932752	97.84603530400673	routine
870.75	0	0.0			0.0		0.08615858783973102	0.9138414121602689	0.0	0.0	0.0	0.0	0.0	0.0	0.0	0.021539646959932754	0.9784603530400673	2.1539646959932752	97.84603530400673	routine
871.0	0	0.0			0.0		0.08615858783973102	0.9138414121602689	0.0	0.0	0.0	0.0	0.0	0.0	0.0	0.021539646959932754	0.9784603530400673	2.1539646959932752	97.84603530400673	routine
871.25	0	0.0			0.0		0.08615858783973102	0.9138414121602689	0.0	0.0	0.0	0.0	0.0	0.0	0.0	0.021539646959932754	0.9784603530400673	2.1539646959932752	97.84603530400673	routine
871.5	0	0.0			0.0		0.08615858783973102	0.9138414121602689	0.0	0.0	0.0	0.0	0.0	0.0	0.0	0.021539646959932754	0.9784603530400673	2.1539646959932752	97.84603530400673	routine
871.75	0	0.0			0.0		0.08615858783973102	0.9138414121602689	0.0	0.0	0.0	0.0	0.0	0.0	0.0	0.021539646959932754	0.9784603530400673	2.1539646959932752	97.84603530400673	routine
872.0	0	0.0			0.0		0.08615858783973102	0.9138414121602689	0.0	0.0	0.0	0.0	0.0	0.0	0.0	0.021539646959932754	0.9784603530400673	2.1539646959932752	97.84603530400673	routine
872.25	0	0.0			0.0		0.08615858783973102	0.9138414121602689	0.0	0.0	0.0	0.0	0.0	0.0	0.0	0.021539646959932754	0.9784603530400673	2.1539646959932752	97.84603530400673	routine
872.5	0	0.0			0.0		0.08615858783973102	0.9138414121602689	0.0	0.0	0.0	0.0	0.0	0.0	0.0	0.021539646959932754	0.9784603530400673	2.1539646959932752	97.84603530400673	routine
872.75	0	0.0			0.0		0.08615858783973102	0.9138414121602689	0.0	0.0	0.0	0.0	0.0	0.0	0.0	0.021539646959932754	0.9784603530400673	2.1539646959932752	97.84603530400673	routine
873.0	0	0.0			0.0		0.08615858783973102	0.9138414121602689	0.0	0.0	0.0	0.0	0.0	0.0	0.0	0.021539646959932754	0.9784603530400673	2.1539646959932752	97.84603530400673	routine
873.25	0	0.0			0.0		0.08615858783973102	0.9138414121602689	0.0	0.0	0.0	0.0	0.0	0.0	0.0	0.021539646959932754	0.9784603530400673	2.1539646959932752	97.84603530400673	routine
873.5	0	0.0			0.0		0.08615858783973102	0.9138414121602689	0.0	0.0	0.0	0.0	0.0	0.0	0.0	0.021539646959932754	0.9784603530400673	2.1539646959932752	97.84603530400673	routine
873.75	0	0.0			0.0		0.08615858783973102	0.9138414121602689	0.0	0.0	0.0	0.0	0.0	0.0	0.0	0.021539646959932754	0.9784603530400673	2.1539646959932752	97.84603530400673	routine
874.0	0	0.0			0.0		0.08615858783973102	0.9138414121602689	0.0	0.0	0.0	0.0	0.0	0.0	0.0	0.021539646959932754	0.9784603530400673	2.1539646959932752	97.84603530400673	routine
874.25	0	0.0			0.0		0.08615858783973102	0.9138414121602689	0.0	0.0	0.0	0.0	0.0	0.0	0.0	0.021539646959932754	0.9784603530400673	2.1539646959932752	97.84603530400673	routine
874.5	0	0.0			0.0		0.08615858783973102	0.9138414121602689	0.0	0.0	0.0	0.0	0.0	0.0	0.0	0.021539646959932754	0.9784603530400673	2.1539646959932752	97.84603530400673	routine
874.75	0	0.0			0.0		0.08615858783973102	0.9138414121602689	0.0	0.0	0.0	0.0	0.0	0.0	0.0	0.021539646959932754	0.9784603530400673	2.1539646959932752	97.84603530400673	routine
875.0	0	0.0			0.0		0.08615858783973102	0.9138414121602689	0.0	0.0	0.0	0.0	0.0	0.0	0.0	0.021539646959932754	0.9784603530400673	2.1539646959932752	97.84603530400673	routine
875.25	0	0.0			0.0		0.08615858783973102	0.9138414121602689	0.0	0.0	0.0	0.0	0.0	0.0	0.0	0.021539646959932754	0.9784603530400673	2.1539646959932752	97.84603530400673	routine
875.5	0	0.0			0.0		0.08615858783973102	0.9138414121602689	0.0	0.0	0.0	0.0	0.0	0.0	0.0	0.021539646959932754	0.9784603530400673	2.1539646959932752	97.84603530400673	routine
875.75	0	0.0			0.0		0.08615858783973102	0.9138414121602689	0.0	0.0	0.0	0.0	0.0	0.0	0.0	0.021539646959932754	0.9784603530400673	2.1539646959932752	97.84603530400673	routine
876.0	0	0.0			0.0		0.08615858783973102	0.9138414121602689	0.0	0.0	0.0	0.0	0.0	0.0	0.0	0.021539646959932754	0.9784603530400673	2.1539646959932752	97.84603530400673	routine
876.25	0	0.0			0.0		0.08615858783973102	0.9138414121602689	0.0	0.0	0.0	0.0	0.0	0.0	0.0	0.021539646959932754	0.9784603530400673	2.1539646959932752	97.84603530400673	routine
876.5	0	0.0			0.0		0.08615858783973102	0.9138414121602689	0.0	0.0	0.0	0.0	0.0	0.0	0.0	0.021539646959932754	0.9784603530400673	2.1539646959932752	97.84603530400673	routine
876.75	0	0.0			0.0		0.08615858783973102	0.9138414121602689	0.0	0.0	0.0	0.0	0.0	0.0	0.0	0.021539646959932754	0.9784603530400673	2.1539646959932752	97.84603530400673	routine
877.0	0	0.0			0.0		0.08615858783973102	0.9138414121602689	0.0	0.0	0.0	0.0	0.0	0.0	0.0	0.021539646959932754	0.9784603530400673	2.1539646959932752	97.84603530400673	routine
877.25	0	0.0			0.0		0.08615858783973102	0.9138414121602689	0.0	0.0	0.0	0.0	0.0	0.0	0.0	0.021539646959932754	0.9784603530400673	2.1539646959932752	97.84603530400673	routine
877.5	0	0.0			0.0		0.08615858783973102	0.9138414121602689	0.0	0.0	0.0	0.0	0.0	0.0	0.0	0.021539646959932754	0.9784603530400673	2.1539646959932752	97.84603530400673	routine
877.75	0	0.0			0.0		0.08615858783973102	0.9138414121602689	0.0	0.0	0.0	0.0	0.0	0.0	0.0	0.021539646959932754	0.9784603530400673	2.1539646959932752	97.84603530400673	routine
878.0	0	0.0			0.0		0.08615858783973102	0.9138414121602689	0.0	0.0	0.0	0.0	0.0	0.0	0.0	0.021539646959932754	0.9784603530400673	2.1539646959932752	97.84603530400673	routine
878.25	0	0.0			0.0		0.08615858783973102	0.9138414121602689	0.0	0.0	0.0	0.0	0.0	0.0	0.0	0.021539646959932754	0.9784603530400673	2.1539646959932752	97.84603530400673	routine
878.5	0	0.0			0.0		0.08615858783973102	0.9138414121602689	0.0	0.0	0.0	0.0	0.0	0.0	0.0	0.021539646959932754	0.9784603530400673	2.1539646959932752	97.84603530400673	routine
878.75	0	0.0			0.0		0.08615858783973102	0.9138414121602689	0.0	0.0	0.0	0.0	0.0	0.0	0.0	0.021539646959932754	0.9784603530400673	2.1539646959932752	97.84603530400673	routine
879.0	0	0.0			0.0		0.08615858783973102	0.9138414121602689	0.0	0.0	0.0	0.0	0.0	0.0	0.0	0.021539646959932754	0.9784603530400673	2.1539646959932752	97.84603530400673	routine
879.25	0	0.0			0.0		0.08615858783973102	0.9138414121602689	0.0	0.0	0.0	0.0	0.0	0.0	0.0	0.021539646959932754	0.9784603530400673	2.1539646959932752	97.84603530400673	routine
879.5	0	0.0			0.0		0.08615858783973102	0.9138414121602689	0.0	0.0	0.0	0.0	0.0	0.0	0.0	0.021539646959932754	0.9784603530400673	2.1539646959932752	97.84603530400673	routine
879.75	0	0.0005844747104335033	-0.0	-0.0	1.0	1.0	0.22289156626506024	0.7771084337349398	0.0	0.0	0.0	0.0	0.0	0.0	0.0	0.05572289156626506	0.9442771084337349	5.572289156626506	94.42771084337349	routine
880.0	0	0.0014864402298210857	-0.0	-0.0	1.0	1.0	0.22289156626506024	0.7771084337349398	0.0	0.0	0.0	0.0	0.0	0.0	0.0	0.05572289156626506	0.9442771084337349	5.572289156626506	94.42771084337349	routine
880.25	0	0.0035512870034924778	-0.0	-0.0	1.0	1.0	0.22289156626506024	0.7771084337349398	0.0	0.0	0.0	0.0	0.0	0.0	0.0	0.05572289156626506	0.9442771084337349	5.572289156626506	94.42771084337349	routine
880.5	0	0.007970410474960223	-0.0	-0.0	1.0	1.0	0.22289156626506024	0.7771084337349398	0.0	0.0	0.0	0.0	0.0	0.0	0.0	0.05572289156626506	0.9442771084337349	5.572289156626506	94.42771084337349	routine
880.75	0	0.016804755536108676	-0.0	-0.0	1.0	1.0	0.22289156626506024	0.7771084337349398	0.0	0.0	0.0	0.0	0.0	0.0	0.0	0.05572289156626506	0.9442771084337349	5.572289156626506	94.42771084337349	routine
881.0	0	0.03328436722236007	-0.0	-0.0	1.0	1.0	0.22289156626506024	0.7771084337349398	0.0	0.0	0.0	0.0	0.0	0.0	0.0	0.05572289156626506	0.9442771084337349	5.572289156626506	94.42771084337349	routine
881.25	0	0.061930559789367186	-0.0	-0.0	1.0	1.0	0.22289156626506024	0.7771084337349398	0.0	0.0	0.0	0.0	0.0	0.0	0.0	0.05572289156626506	0.9442771084337349	5.572289156626506	94.42771084337349	routine
881.5	0	0.10824960024333781	-0.0	-0.0	1.0	1.0	0.22289156626506024	0.7771084337349398	0.0	0.0	0.0	0.0	0.0	0.0	0.0	0.05572289156626506	0.9442771084337349	5.572289156626506	94.42771084337349	routine
881.75	1	0.1777477826338708	-0.0	-0.0	1.0	1.0	0.22289156626506024	0.7771084337349398	0.0	0.0	0.0	0.0	0.0	0.0	0.0	0.05572289156626506	0.9442771084337349	5.572289156626506	94.42771084337349	routine
882.0	1	0.2741818339858617	-0.0	-0.0	1.0	1.0	0.22289156626506024	0.7771084337349398	0.0	0.0	0.0	0.0	0.0	0.0	0.0	0.05572289156626506	0.9442771084337349	5.572289156626506	94.42771084337349	routine
882.25	1	0.3973102390090263	-0.0	-0.0	1.0	1.0	0.22289156626506024	0.7771084337349398	0.0	0.0	0.0	0.0	0.0	0.0	0.0	0.05572289156626506	0.9442771084337349	5.572289156626506	94.42771084337349	routine
882.5	1	0.540850745232615	-0.0	-0.0	1.0	1.0	0.22289156626506024	0.7771084337349398	0.0	0.0	0.0	0.0	0.0	0.0	0.0	0.05572289156626506	0.9442771084337349	5.572289156626506	94.42771084337349	routine
882.75	1	0.6916425486486915	-0.0	-0.0	1.0	1.0	0.22289156626506024	0.7771084337349398	0.0	0.0	0.0	0.0	0.0	0.0	0.0	0.05572289156626506	0.9442771084337349	5.572289156626506	94.42771084337349	routine
883.0	1	0.8308881541862095	-0.0	-0.0	1.0	1.0	0.22289156626506024	0.7771084337349398	0.0	0.0	0.0	0.0	0.0	0.0	0.0	0.05572289156626506	0.9442771084337349	5.572289156626506	94.42771084337349	routine
883.25	1	0.9376916034368937	-0.0	-0.0	1.0	1.0	0.22289156626506024	0.7771084337349398	0.0	0.0	0.0	0.0	0.0	0.0	0.0	0.05572289156626506	0.9442771084337349	5.572289156626506	94.42771084337349	routine
883.5	1	0.9941091743347557	-0.0	-0.0	1.0	1.0	0.22289156626506024	0.7771084337349398	0.0	0.0	0.0	0.0	0.0	0.0	0.0	0.05572289156626506	0.9442771084337349	5.572289156626506	94.42771084337349	routine
883.75	1	0.9900673330111405	-0.0	-0.0	1.0	1.0	0.22289156626506024	0.7771084337349398	0.0	0.0	0.0	0.0	0.0	0.0	0.0	0.05572289156626506	0.9442771084337349	5.572289156626506	94.42771084337349	routine
884.0	1	0.9271093066548977	0.007016155301663523	0.010122172459816774	1.007040826183768	0.9930084004533862	0.2762678621462595	0.7237321378537405	0.0	0.0	0.0	0.0	0.0	0.0	0.0	0.06906696553656487	0.9309330344634351	6.906696553656487	93.09330344634351	routine
884.25	1	0.8161471231731193	0.017276449515968944	0.02492464804085693	1.017426550528177	0.9828719326037537	0.28243205379658165	0.7175679462034183	0.0	0.0	0.0	0.0	0.0	0.0	0.0	0.07060801344914541	0.9293919865508546	7.060801344914541	92.93919865508546	routine
884.5	1	0.6769052303412143	0.0414914813499269	0.05985955438267645	1.042364282277083	0.9593575077375668	0.288876435976464	0.711123564023536	0.0	0.0	0.0	0.0	0.0	0.0	0.0	0.072219108994116	0.927780891005884	7.221910899411601	92.7780891005884	routine
884.75	1	0.5317244427510787	0.09591817840400535	0.13838068031456138	1.1006690018151233	0.9085383510854679	0.29700196133370693	0.7029980386662931	0.0	0.0	0.0	0.0	0.0	0.0	0.0	0.07425049033342673	0.9257495096665733	7.425049033342673	92.57495096665733	routine
885.0	1	0.401251804401931	0.20788414643771969	0.29991342714513325	1.231070537379631	0.8123011392414027	0.30596805827963014	0.6940319417203699	0.0	0.0	0.0	0.0	0.0	0.0	0.0	0.07649201456990753	0.9235079854300925	7.649201456990753	92.35079854300925	routine
885.25	1	0.3014428057695398	0.400132513415529	0.5772691928030204	1.4920223975259794	0.6702312255219264	0.3230596805827963	0.6769403194172037	0.0	0.0	0.0	0.0	0.0	0.0	0.0	0.08076492014569908	0.919235079854301	8.076492014569908	91.92350798543009	routine
885.5	1	0.2426290218478531	0.619769694646248	0.8941386649594091	1.858499970061569	0.538068343346205	0.3463154945362847	0.6536845054637153	0.0	0.0	0.0	0.0	0.0	0.0	0.0	0.08657887363407117	0.9134211263659289	8.657887363407117	91.34211263659289	routine
885.75	0	0.23005724302124717	0.6856982332138293	0.9892534406039154	1.9851574546077255	0.5037383798846342	0.3614457831325301	0.6385542168674698	0.0	0.0	0.0	0.0	0.0	0.0	0.0	0.09036144578313253	0.9096385542168675	9.036144578313253	90.96385542168674	routine
886.0	1	0.26476279447792794	0.5224246597680523	0.753699465885473	1.6861109427676106	0.5930807840903892	0.33650882600168114	0.6634911739983189	0.0	0.0	0.0	0.0	0.0	0.0	0.0	0.08412720650042028	0.9158727934995797	8.41272065004203	91.58727934995797	routine
886.25	1	0.34381274334236095	0.2999188270402462	0.43269140444019794	1.3497492399883653	0.7408783575300402	0.3143737741664332	0.6856262258335668	0.0	0.0	0.0	0.0	0.0	0.0	0.0	0.0785934435416083	0.9214065564583918	7.85934435416083	92.14065564583917	routine
886.5	1	0.45968349158990257	0.1459896177006783	0.21061849747804423	1.157184173755966	0.8641666751751532	0.30120481927710846	0.6987951807228916	0.0	0.0	0.0	0.0	0.0	0.0	0.0	0.07530120481927711	0.9246987951807228	7.530120481927711	92.46987951807229	routine
886.75	1	0.5993975244307765	0.06504465273693455	0.09383959793992022	1.067206677019278	0.9370256216846514	0.29307929391986554	0.7069207060801345	0.0	0.0	0.0	0.0	0.0	0.0	0.0	0.07326982347996638	0.9267301765200336	7.326982347996639	92.67301765200337	routine
887.0	1	0.7445522160046367	0.02757415831633917	0.03978110145966969	1.0279578439036896	0.9728025384800615	0.28551414962174276	0.7144858503782572	0.0	0.0	0.0	0.0	0.0	0.0	0.0	0.07137853740543569	0.9286214625945644	7.137853740543569	92.86214625945644	routine
887.25	1	0.8732073549967014	0.011334049339606439	0.01635157677544104	1.0113985230292442	0.9887299390203731	0.27906976744186046	0.7209302325581395	0.0	0.0	0.0	0.0	0.0	0.0	0.0	0.06976744186046512	0.9302325581395349	6.976744186046512	93.02325581395348	routine
887.5	1	0.9637696389283613	0.0045613285162062756	0.006580606030196208	1.004571747210128	0.9954490585437779	0.27486690949845893	0.7251330905015411	0.0	0.0	0.0	0.0	0.0	0.0	0.0	0.06871672737461473	0.9312832726253852	6.8716727374614734	93.12832726253852	routine
887.75	1	0.9997207706668239	-0.0	-0.0	1.0	1.0	0.22289156626506024	0.7771084337349398	0.0	0.0	0.0	0.0	0.0	0.0	0.0	0.05572289156626506	0.9442771084337349	5.572289156626506	94.42771084337349	routine
888.0	1	0.9752677732895432	0.004884009700439547	0.007046136574477727	1.0048959559163766	0.9951278976817934	0.27542729055757914	0.7245727094424208	0.0	0.0	0.0	0.0	0.0	0.0	0.0	0.06885682263939479	0.9311431773606053	6.885682263939478	93.11431773606053	routine
888.25	1	0.8941735357610074	0.011936933007970312	0.017221354054022548	1.0120084625237913	0.9881340295378123	0.27963014850098067	0.7203698514990193	0.0	0.0	0.0	0.0	0.0	0.0	0.0	0.06990753712524517	0.9300924628747549	6.9907537125245165	93.00924628747549	routine
888.5	1	0.77156273016845	0.02857387835913423	0.041223392607687426	1.0289860278257918	0.9718304942516681	0.28607453068086297	0.713925469319137	0.0	0.0	0.0	0.0	0.0	0.0	0.0	0.07151863267021574	0.9284813673297843	7.151863267021574	92.84813673297843	routine
888.75	1	0.6285988464033939	0.06635440037098549	0.09572916435638155	1.0686053642032156	0.9357991579479205	0.2936396749789857	0.7063603250210143	0.0	0.0	0.0	0.0	0.0	0.0	0.0	0.07340991874474642	0.9265900812552536	7.340991874474642	92.65900812552536	routine
889.0	1	0.4877792790527361	0.14677470803535322	0.21175114341052959	1.158093024584539	0.8634884925230818	0.30148500980666854	0.6985149901933314	0.0	0.0	0.0	0.0	0.0	0.0	0.0	0.07537125245166713	0.9246287475483329	7.537125245166713	92.4628747548333	routine
889.25	1	0.3687364018011423	0.29797266882505763	0.4298836916343601	1.3471249688682096	0.7423216279928004	0.313813393107313	0.686186606892687	0.0	0.0	0.0	0.0	0.0	0.0	0.0	0.07845334827682825	0.9215466517231717	7.845334827682825	92.15466517231718	routine
889.5	1	0.2858800988027093	0.5163158900594939	0.744886374121003	1.6758422757093245	0.5967148666044575	0.3353880638834407	0.6646119361165592	0.0	0.0	0.0	0.0	0.0	0.0	0.0	0.08384701597086018	0.9161529840291398	8.384701597086018	91.61529840291398	routine
889.75	1	0.2479289393791485	0.68270703353615	0.9849380516626189	1.9792283242964943	0.5052474177558288	0.3603250210142897	0.6396749789857104	0.0	0.0	0.0	0.0	0.0	0.0	0.0	0.09008125525357243	0.9099187447464275	9.008125525357242	90.99187447464276	routine
890.0	1	0.2584881780446738	0.6302199866441853	0.909215249400675	1.8780236739507534	0.5324746508100848	0.34855701877276546	0.6514429812272345	0.0	0.0	0.0	0.0	0.0	0.0	0.0	0.08713925469319136	0.9128607453068086	8.713925469319136	91.28607453068086	routine
890.25	1	0.31658012722184237	0.4178073775248522	0.6027686316019273	1.5186281243191486	0.6584890560013388	0.3253012048192771	0.6746987951807228	0.0	0.0	0.0	0.0	0.0	0.0	0.0	0.08132530120481928	0.9186746987951807	8.132530120481928	91.86746987951807	routine
890.5	1	0.4164792668667137	0.22251303844356474	0.3210184570956661	1.2492121073260314	0.8005045693485345	0.30792939198655084	0.6920706080134491	0.0	0.0	0.0	0.0	0.0	0.0	0.0	0.07698234799663771	0.9230176520033623	7.698234799663771	92.30176520033623	routine
890.75	1	0.5470417358305565	0.10493888610704112	0.15139481058303997	1.1106427325805144	0.900379546604116	0.29756234239282714	0.7024376576071729	0.0	0.0	0.0	0.0	0.0	0.0	0.0	0.07439058559820678	0.9256094144017932	7.439058559820679	92.56094144017932	routine
891.0	1	0.691443080268058	0.04630864724450291	0.06680925572992072	1.0473976374675884	0.9547472366061595	0.2899971980947044	0.7100028019052955	0.0	0.0	0.0	0.0	0.0	0.0	0.0	0.0724992995236761	0.9275007004763239	7.24992995236761	92.75007004763239	routine
891.25	1	0.8284012773771824	0.019650797959789093	0.028350108766098687	1.0198451458328819	0.9805410204539682	0.2827122443261418	0.7172877556738582	0.0	0.0	0.0	0.0	0.0	0.0	0.0	0.07067806108153545	0.9293219389184646	7.067806108153545	92.93219389184645	routine
891.5	1	0.9354019571775032	0.008128696919149235	0.011727230734145997	1.0081618244764052	0.9919042516010322	0.27682824320537963	0.7231717567946203	0.0	0.0	0.0	0.0	0.0	0.0	0.0	0.06920706080134491	0.9307929391986551	6.920706080134491	93.0792939198655	routine
891.75	1	0.9933990552577127	0.003302118493490331	0.004763949974986235	1.0033075764927628	0.9967033275036903	0.2737461473802186	0.7262538526197815	0.0	0.0	0.0	0.0	0.0	0.0	0.0	0.06843653684505464	0.9315634631549453	6.8436536845054645	93.15634631549453	routine
892.0	1	0.991361210595992	-0.0	-0.0	1.0	1.0	0.22289156626506024	0.7771084337349398	0.0	0.0	0.0	0.0	0.0	0.0	0.0	0.05572289156626506	0.9442771084337349	5.572289156626506	94.42771084337349	routine
