mw_kda	window_candidate_count	gaussian_weighted_candidate_mass	identity_entropy_nats	identity_entropy_bits	effective_candidate_number	mw_discriminability	ambiguity_percentile	auditability_percentile	marker_gaussian_mass	signaling_gaussian_mass	family_membership_gaussian_mass	family_protein_gaussian_mass	marker_context_percentile	signaling_context_percentile	family_context_percentile	contextual_audit_burden_index	contextual_auditability_index	contextual_audit_burden_score_0_100	contextual_auditability_score_0_100	contextual_priority
0.0	1	0.2929552697238472	2.2882002684078997	3.301175179792872	9.857181426897002	0.10144887840567987	0.6601161232693167	0.3398838767306833	0.0	0.0	0.007634100663766008	0.007634100663766008	0.0	0.0	0.055762081784386616	0.1789695512634258	0.8210304487365742	17.896955126342583	82.10304487365741	routine
0.25	1	0.5511405354552054	2.564432310267634	3.699693776718543	12.993280123875515	0.07696286006814185	0.6860205448861099	0.31397945511389014	0.0	0.0	0.01704167918859029	0.01704167918859029	0.0	0.0	0.0762081784386617	0.19055718083119288	0.8094428191688071	19.055718083119288	80.94428191688071	routine
0.5	1	0.9951491248136882	2.8004625281514883	4.040213401559521	16.45225464246167	0.0607819427629753	0.7141581062974542	0.28584189370254576	0.0	0.0	0.03573744363589442	0.03573744363589442	0.0	0.0	0.10037174721189591	0.20363246337733754	0.7963675366226625	20.363246337733752	79.63675366226624	routine
0.75	2	1.7358057328489276	3.0289232593153943	4.369812565447555	20.674959030577185	0.048367689557258724	0.7427422956677088	0.2572577043322912	0.0	0.0	0.07040300173085534	0.07040300173085534	0.0	0.0	0.12639405204460966	0.2172840869280796	0.7827159130719203	21.72840869280796	78.27159130719204	routine
1.0	3	2.9063609947723115	3.2126376937553713	4.6348564689538305	24.844532140783727	0.040250305150985016	0.7485484591335417	0.25145154086645827	0.0	0.0	0.1302913140154838	0.1302913140154838	0.0	0.0	0.15985130111524162	0.22709994006219583	0.7729000599378042	22.709994006219585	77.29000599378043	routine
1.25	11	4.67831743274242	3.371313917611113	4.863777870217496	29.116758957886727	0.034344481865112755	0.758820902188477	0.24117909781152302	0.0	0.0	0.2265146766685357	0.2265146766685357	0.0	0.0	0.19423791821561337	0.2382647051010226	0.7617352948989774	23.82647051010226	76.17352948989775	routine
1.5	23	7.2268863454450445	3.506142302809464	5.058294112914224	33.31948306123062	0.030012470426456432	0.768646717284502	0.23135328271549804	0.0	0.0	0.36994215681234377	0.36994215681234377	0.0	0.0	0.23141263940520446	0.2500148391724266	0.7499851608275734	25.001483917242663	74.99851608275733	routine
1.75	28	10.70086351862089	3.6230473343948715	5.226952422237459	37.45152141586814	0.026701184950427722	0.7735596248325145	0.2264403751674855	0.0	0.0	0.567581062450623	0.567581062450623	0.0	0.0	0.27230483271375466	0.2614661143865673	0.7385338856134327	26.14661143865673	73.85338856134327	routine
2.0	35	15.177188235743444	3.7287755514540453	5.379485996670761	41.62810547209939	0.024022231822926336	0.788298347476552	0.21170165252344797	0.0	0.0	0.8190761263250517	0.8190761263250517	0.0	0.0	0.31970260223048325	0.27700023742675883	0.7229997625732412	27.70002374267588	72.29997625732412	routine
2.25	41	20.610803011823727	3.827245517047119	5.521548127708395	45.935834339850835	0.02176949682902499	0.7936578829834747	0.20634211701652527	0.0	0.0	1.1102366908009191	1.1102366908009191	0.0	0.0	0.3912639405204461	0.2962304558759802	0.7037695441240198	29.623045587598018	70.37695441240199	routine
2.5	44	26.81472919769662	3.9233498706535657	5.660197402064256	50.5695628526433	0.019774740843893402	0.8128628852166145	0.18713711478338546	0.0	0.0	1.4162257470531043	1.4162257470531043	0.0	0.0	0.41356877323420077	0.3066079146127038	0.6933920853872961	30.66079146127038	69.33920853872961	routine
2.75	57	33.46628558728278	4.0203514526473185	5.800141103365027	55.72068556837147	0.01794665643108358	0.8177757927646271	0.18222420723537291	0.0	0.0	1.702502641332158	1.702502641332158	0.0	0.0	0.44609665427509293	0.31596811175993	0.68403188824007	31.596811175993	68.403188824007	routine
3.0	59	40.16159651909515	4.1205105311950465	5.944640109285842	61.59067820177847	0.01623622322722084	0.8191156766413578	0.18088432335864224	0.0	0.0	1.9333270952375747	1.9333270952375747	0.0	0.0	0.4721189591078067	0.3228086589372911	0.6771913410627088	32.28086589372911	67.71913410627089	routine
3.25	65	46.50550907742868	4.225633149318293	6.096299989137514	68.41780852668053	0.014616077619762335	0.8204555605180884	0.17954443948191157	0.0	0.0	2.0859030285899296	2.0859030285899296	0.0	0.0	0.49070631970260226	0.3277904700551727	0.6722095299448273	32.77904700551727	67.22095299448273	routine
3.5	70	52.206697741934114	4.336181892885496	6.255788113258424	76.4152201447259	0.013086398208446686	0.8222420723537294	0.17775792764627063	0.0	0.0	2.1611725230585863	2.1611725230585863	0.0	0.0	0.49907063197026025	0.3303281760809974	0.6696718239190026	33.03281760809974	66.96718239190027	elevated
3.75	78	57.1572360390095	4.451515433164491	6.422179239867097	85.75680428535298	0.01166088228605782	0.8463599821348816	0.15364001786511838	0.0	0.0	2.1955367167593085	2.1955367167593085	0.0	0.0	0.5027881040892194	0.33728702155602525	0.6627129784439747	33.72870215560253	66.27129784439747	elevated
4.0	92	61.4529097412617	4.56797571980126	6.5901959178584715	96.34887511462081	0.01037894836665562	0.8503796337650736	0.14962036623492636	0.0	0.0	2.2548651292725226	2.2548651292725226	0.0	0.0	0.5046468401486989	0.33875661847844313	0.6612433815215568	33.87566184784431	66.12433815215569	elevated
4.25	105	65.37438623506415	4.6805436592807474	6.752597125908617	107.82867870098038	0.009273970636078174	0.8530594015185351	0.1469405984814649	0.0	0.0	2.436411170686869	2.4356960195078563	0.0	0.0	0.5176579925650557	0.3426793485208977	0.6573206514791023	34.26793485208977	65.73206514791023	elevated
4.5	118	69.30222173215397	4.782748080646218	6.900046937769507	119.43210855118853	0.008372957759272923	0.8642251004912908	0.13577489950870925	0.0	0.0	2.847123924080256	2.8453289299972835	0.0	0.0	0.5511152416356877	0.3538350855317446	0.6461649144682554	35.38350855317446	64.61649144682553	elevated
4.75	132	73.60996448051837	4.869009804475211	7.024496298956128	130.19193757567322	0.007680967182923723	0.8664582402858418	0.13354175971415816	0.0	0.0	3.589894306838593	3.5856619256198563	0.0	0.0	0.5864312267657993	0.3632223667629103	0.6367776332370897	36.322236676291034	63.677763323708966	elevated
5.0	141	78.55023840433154	4.936371579836092	7.121678798214749	139.26402332431607	0.007180605415019601	0.8753907994640464	0.12460920053595359	0.0	0.0	4.744594716602356	4.735219892441167	0.0	0.0	0.6180297397769516	0.3733551348102495	0.6266448651897505	37.335513481024954	62.664486518975046	elevated
5.25	142	84.18705455831967	4.9866549840155585	7.19422241606348	146.44573994010022	0.006828467665969824	0.8771773112996873	0.12282268870031265	0.0	0.0	6.3430052985780945	6.323497957494673	0.0	0.0	0.6524163568773235	0.3823984170442527	0.6176015829557473	38.239841704425274	61.760158295574726	elevated
5.5	140	90.37568696324887	5.0253961124299185	7.250114049905319	152.23054458229745	0.0065689839233242005	0.878517195176418	0.12148280482358198	0.0	0.0	8.36195952878391	8.323827525698672	0.0	0.0	0.6951672862453532	0.3934211203554428	0.6065788796445573	39.34211203554428	60.657887964455725	elevated
5.75	155	96.80811941962409	5.059530518303584	7.299359587982947	157.51654782521095	0.006348539336385502	0.8798570790531487	0.1201429209468513	0.0	0.0	10.713556766104725	10.643534242887567	0.0	0.0	0.7342007434944238	0.40351445563689314	0.5964855443631069	40.35144556368932	59.64855443631068	elevated
6.0	161	103.08588291671089	5.093542965188908	7.348429176432903	162.96622409419592	0.006136240841059133	0.8811969629298794	0.11880303707012063	0.0	0.0	13.253942910903804	13.13314971053959	0.0	0.0	0.7778810408921933	0.4147695009555182	0.5852304990444819	41.47695009555182	58.523049904448186	elevated
6.25	167	108.8368470511226	5.129661351544005	7.400536993312314	168.95989034940686	0.005918564447053161	0.8829834747655203	0.1170165252344797	0.0	0.0	15.792311457435975	15.596560536298934	0.0	0.0	0.7927509293680297	0.4189336010333875	0.5810663989666125	41.89336010333875	58.10663989666125	elevated
6.5	175	113.78223949138223	5.166795948916308	7.454110892786743	175.35209936065374	0.005702811678024223	0.884323358642251	0.11567664135774902	0.0	0.0	18.128000960679216	17.829997206143027	0.0	0.0	0.8141263940520446	0.42461243817357386	0.5753875618264261	42.461243817357385	57.538756182642615	elevated
6.75	177	117.78086529435254	5.202383249602764	7.505452515005719	181.70477408497348	0.005503432725066179	0.888343010272443	0.111656989727557	0.0	0.0	20.078015164944283	19.65183203749484	0.0	0.0	0.8224907063197026	0.4277084291480364	0.5722915708519636	42.770842914803644	57.229157085196356	elevated
7.0	187	120.81399009749059	5.233647119017294	7.550556744369061	187.47530292794423	0.0053340359203705254	0.8945958016971862	0.10540419830281378	0.0	0.0	21.5110511075678	20.93848272401968	0.0	0.0	0.8382899628252788	0.4332214411306162	0.5667785588693838	43.322144113061626	56.677855886938374	elevated
7.25	188	122.94016565126074	5.258628610902799	7.586597418826287	192.21770519670088	0.005202434390612855	0.8963823135328272	0.10361768646717284	0.0	0.0	22.36592279282936	21.643294320508083	0.0	0.0	0.8475836431226765	0.4359914891638759	0.5640085108361241	43.59914891638759	56.400851083612416	elevated
7.5	191	124.26370334779305	5.277581437111742	7.6139405672087594	195.8955163236993	0.005104762062790616	0.8972755694506476	0.10272443054935243	0.0	0.0	22.660294602314604	21.803534231476394	0.0	0.0	0.8522304832713755	0.43737651318050574	0.5626234868194943	43.737651318050574	56.262348681949426	elevated
7.75	203	124.90109813864422	5.291905299201552	7.634605532012106	198.72168921788298	0.005032163343295544	0.8977221974095578	0.10227780259044217	0.0	0.0	22.484172133382934	21.529926314023736	0.0	0.0	0.8485130111524164	0.4365588021404936	0.5634411978595064	43.65588021404936	56.34411978595064	elevated
8.0	201	124.99635505010318	5.304084036273799	7.652175735590526	201.15666579460452	0.0049712496279942925	0.8986154533273782	0.10138454667262176	0.0	0.0	21.98417024169187	20.985739931878882	0.0	0.0	0.8466542750929368	0.4363174321050788	0.5636825678949212	43.63174321050788	56.36825678949212	elevated
8.25	201	124.72687464146338	5.31610574596287	7.669519396541957	203.58950698833243	0.004911844499222199	0.8990620812862885	0.1009379187137115	0.0	0.0	21.342275832461002	20.36090794640067	0.0	0.0	0.8355018587360595	0.433640985005587	0.566359014994413	43.364098500558704	56.635901499441296	elevated
8.5	197	124.32094118751897	5.32966668212698	7.68908369189573	206.36917615629042	0.004845684896482147	0.899955337204109	0.10004466279589097	0.0	0.0	20.738994853697562	19.832299390558273	0.0	0.0	0.828996282527881	0.4322379049329975	0.5677620950670025	43.22379049329975	56.77620950670025	elevated
8.75	191	124.0290150323905	5.344950012994629	7.711132877546753	209.54740968957458	0.00477218974685208	0.9008485931219294	0.09915140687807056	0.0	0.0	20.329105513544363	19.54171106498153	0.0	0.0	0.8262081784386617	0.4317641928901478	0.5682358071098522	43.17641928901478	56.82358071098522	elevated
9.0	195	124.13927754535908	5.3638639062969675	7.738419857617939	213.54848572434588	0.004682777293447198	0.9026351049575704	0.09736489504242962	0.0	0.0	20.21815917216463	19.574350319210325	0.0	0.0	0.8243494423791822	0.43174613683418817	0.5682538631658118	43.17461368341882	56.82538631658118	elevated
9.25	203	124.91191693627104	5.387123107652822	7.7719757920690675	218.573667261769	0.00457511653863764	0.903974988834301	0.09602501116569895	0.0	0.0	20.448588886680554	19.95081544290182	0.0	0.0	0.8271375464684015	0.43277813382567565	0.5672218661743244	43.277813382567565	56.722186617432435	elevated
9.5	216	126.62479161857817	5.417415099284669	7.815677898174983	225.29600137649385	0.004438605185579359	0.905761500669942	0.09423849933005801	0.0	0.0	21.005211364427616	20.63678106808818	0.0	0.0	0.8299256505576208	0.4339217878068907	0.5660782121931093	43.39217878068907	56.60782121931093	elevated
9.75	211	129.55319346015511	5.456316201593018	7.871800325560353	234.2329660705056	0.004269253883328249	0.911567664135775	0.08843233586422505	0.0	0.0	21.831662538170264	21.56191892566451	0.0	0.0	0.8438661710037175	0.4388584587848731	0.5611415412151268	43.88584587848731	56.114154121512684	elevated
10.0	222	133.98386917332073	5.503674948710109	7.940124555168894	245.5928169036016	0.004071780325694595	0.915587315765967	0.08441268423403303	0.0	0.0	22.849579743482867	22.63939971922962	0.0	0.0	0.8559479553903345	0.4428838177890754	0.5571161822109246	44.288381778907535	55.711618221092465	elevated
10.25	231	140.19577547653915	5.557067065920645	8.017153097891097	259.06190949128694	0.0038600811750506806	0.9222867351496203	0.07771326485037966	0.0	0.0	23.984449979778816	23.79063856559604	0.0	0.0	0.8633828996282528	0.4464174086944683	0.5535825913055317	44.64174086944683	55.358259130553165	elevated
10.5	255	148.40805712987907	5.612545528430882	8.09719160063076	273.84042012810175	0.003651761852878413	0.925413130861992	0.07458686913800805	0.0	0.0	25.170432483248433	24.948824273486895	0.0	0.0	0.8801115241635687	0.45138116375639015	0.5486188362436099	45.138116375639015	54.861883624360985	elevated
10.75	266	158.6995743121547	5.6658491094586205	8.174092412641102	288.8331279645503	0.0034622067317802074	0.9356855739169272	0.0643144260830728	0.0	0.0	26.356497239450512	26.063172169389382	0.0	0.0	0.8977695167286245	0.45836377266138795	0.541636227338612	45.8363772661388	54.1636227338612	elevated
11.0	296	170.94039034562553	5.714330239554884	8.244035898607674	303.1810766010682	0.003298358892352046	0.9446181330951318	0.05538186690486824	0.0	0.0	27.49482540950668	27.091646920774473	0.0	0.0	0.9191449814126395	0.46594077862694283	0.5340592213730572	46.594077862694284	53.405922137305716	elevated
11.25	314	184.7264721069905	5.756731863871466	8.305208511734843	316.31288428739435	0.0031614267065119732	0.9651630192050022	0.03483698079499775	0.0	0.0	28.54452929044705	28.001189413164003	0.0	0.0	0.9368029739776952	0.4754914982956744	0.5245085017043256	47.54914982956744	52.45085017043256	elevated
11.5	329	199.37641641529	5.793146853711326	8.35774423699083	328.04370737915303	0.0030483742791145804	0.9732023224653863	0.026797677534613706	0.0005907625115899698	0.0	29.47362030472806	28.772525204344035	0.02	0.0	0.9479553903345725	0.4852894281999897	0.5147105718000102	48.528942819998974	51.471057180001026	elevated
11.75	332	213.97410104396167	5.82421505414378	8.402566175684077	338.3954067288969	0.002955122853665514	0.9821348816435909	0.017865118356409138	0.0015013897978202833	0.0	30.2766095363248	29.415748934419224	0.04666666666666667	0.0	0.9535315985130112	0.4955832867058172	0.5044167132941828	49.558328670581716	50.441671329418284	elevated
12.0	346	227.4767675252241	5.851005221269881	8.44121621694149	347.583603357352	0.0028770056767375655	0.9861545332737829	0.013845466726217115	0.0035845165307192353	0.0	30.991853288942792	29.984061880734316	0.07333333333333333	0.0	0.9591078066914498	0.5046489183246414	0.4953510816753586	50.46489183246414	49.53510816753586	elevated
12.25	351	238.84667033118964	5.87426698835391	8.474775852955933	355.7637860719526	0.0028108538281570675	0.9897275569450648	0.010272443054935243	0.00803941244083769	0.0	31.702798278103188	30.570373106593614	0.11	0.0	0.9628252788104089	0.5156382089388685	0.48436179106113153	51.56382089388685	48.43617910611315	elevated
12.5	366	247.22069617853776	5.894612500005191	8.504128221719585	363.076116642991	0.0027542434056142826	0.991960696739616	0.008039303260384045	0.016938487440702133	0.0	32.53350361569793	31.298196185061542	0.14333333333333334	0.0	0.966542750929368	0.5254591952505794	0.4745408047494206	52.54591952505794	47.45408047494206	elevated
12.75	375	252.06533456582628	5.9125845633594505	8.530056428395316	369.66033236327274	0.002705186119394817	0.9964269763287181	0.003573023671281872	0.03352598437063686	0.0	33.61443662019559	32.2873318229257	0.17666666666666667	0.0	0.9693308550185874	0.5356061245034931	0.4643938754965069	53.56061245034931	46.43938754965069	elevated
13.0	378	253.26642432109014	5.92829114350204	8.552716233676357	375.51226864826435	0.002663028836846559	0.9973202322465387	0.0026797677534613484	0.06233687757254551	0.0	35.03586004887913	33.61164916436972	0.21	0.0	0.9739776951672863	0.5453244818534562	0.45467551814654383	54.532448185345615	45.467551814654385	elevated
13.25	377	251.15701489489322	5.9416952571937	8.572054282026826	380.57956321613517	0.002627571463767983	0.9982134881643591	0.001786511835640936	0.1088842706490891	0.0	36.81762113234154	35.27351184843826	0.25333333333333335	0.0	0.9786245353159851	0.5575428392034194	0.4424571607965806	55.75428392034194	44.24571607965806	elevated
13.5	374	246.4246856411938	5.951796504330418	8.586627301177762	384.44337323565264	0.002601163317196858	0.9986601161232693	0.0013398838767306742	0.1786659705147874	0.0	38.86191391026409	37.16861673522096	0.32	0.0	0.983271375464684	0.5754828728969883	0.4245171271030117	57.54828728969883	42.45171271030117	elevated
13.75	382	240.00198706762228	5.95763383828036	8.595048793919357	386.69406020488975	0.0025860236887790575	0.9995533720410897	0.00044662795891026175	0.27540710120566664	0.0	40.99005654865964	39.12514433550713	0.38333333333333336	0.0	0.9851301115241635	0.5920042042246467	0.4079957957753533	59.200420422464674	40.799579577535326	elevated
14.0	383	232.89422140325922	5.958337943734728	8.596064603366635	386.96642947894475	0.002584203496273599	1.0	0.0	0.39880906400346516	0.0	42.978724524481535	40.939849534697096	0.45666666666666667	0.0	0.9860594795539034	0.6106815365551425	0.38931846344485754	61.068153655514244	38.931846344485756	high
14.25	387	226.00266082863064	5.952861852368108	8.588164273508559	384.8531574715903	0.0025983936485536553	0.9991067440821796	0.0008932559178204125	0.5425146887162087	0.0	44.618719971424746	42.42935784008606	0.5433333333333333	0.0	0.9879182156133829	0.632589573257224	0.367410426742776	63.2589573257224	36.7410426742776	high
14.5	371	220.0096407484785	5.940784672799197	8.570740586436564	380.2331711385483	0.002629965179012808	0.9977668602054489	0.0022331397945510867	0.6932894273070603	0.0	45.783213225341214	43.48649880453988	0.6333333333333333	0.0	0.9897769516728625	0.6552192863029112	0.34478071369708885	65.52192863029111	34.478071369708886	high
14.75	363	215.29877992211368	5.922577681765346	8.544473450762519	373.3729110582484	0.002678287498591439	0.9968736042876284	0.00312639571237161	0.832289178730966	0.0004660441605232401	46.453605905880195	44.095355059599825	0.7266666666666667	0.01642710472279261	0.9907063197026023	0.6826684238449225	0.31733157615507745	68.26684238449225	31.733157615507746	high
15.0	334	211.93120779745306	5.8995776827620805	8.511291466260056	364.8833387981345	0.0027406019778645828	0.9950870924519875	0.004912907548012546	0.9386215342298887	0.0012026307341604905	46.722283131580205	44.32935312039029	0.8066666666666666	0.045174537987679675	0.991635687732342	0.709640996209669	0.29035900379033097	70.9640996209669	29.035900379033098	high
15.25	338	209.70664952588209	5.874547887037871	8.475181104094275	355.863733688181	0.0028100643738994528	0.990174184903975	0.009825815096024981	0.9944051717149693	0.0029153729570707914	46.75736107652559	44.32043288830041	0.8833333333333333	0.07186858316221766	0.9934944237918215	0.7347176312978368	0.26528236870216315	73.47176312978368	26.528236870216315	high
15.5	335	208.24312632049478	5.850499109715101	8.440486052311272	347.4077317885114	0.002878462131086829	0.9857079053148727	0.014292094685127266	0.9896755241507238	0.006639150879548155	46.751260173524614	44.220288019394985	0.87	0.1026694045174538	0.9925650557620818	0.7377355913986021	0.2622644086013979	73.77355913986021	26.22644086013979	high
15.75	330	207.1019440339324	5.829994200705323	8.410903721768985	340.35670523719625	0.0029380940190471497	0.9834747655203215	0.016525234479678463	0.9252921551248764	0.014203244092383344	46.86423020935163	44.16037829486485	0.7966666666666666	0.1437371663244353	0.9944237918215614	0.7295755975832462	0.2704244024167538	72.95755975832462	27.04244024167538	high
16.0	318	205.90192892312027	5.814372591071596	8.388366503019704	335.08109966265295	0.0029843521493953624	0.9803483698079499	0.019651630192050074	0.8126836553561	0.028544284280455263	47.17551428719057	44.2162954854319	0.7133333333333334	0.19507186858316222	0.9953531598513011	0.7210266828939367	0.2789733171060633	72.10266828939366	27.89733171060633	high
16.25	316	204.39424601855	5.80341095573501	8.372552206079579	331.42812072909567	0.0030172454823692674	0.9754354622599375	0.02456453774006251	0.6705339404297621	0.05388989781277633	47.64884403030892	44.38074827812889	0.6166666666666667	0.25256673511293637	0.9972118959107806	0.7104701899875803	0.28952981001241973	71.04701899875803	28.952981001241973	high
16.5	311	202.4838402548677	5.795524200395886	8.36117402326312	328.8245087493131	0.0030411358441726523	0.9740955783832068	0.025904421616793183	0.5197285811719803	0.09557672764293156	48.14354269700246	44.56905400915557	0.5333333333333333	0.30390143737166325	0.9981412639405205	0.702367903257181	0.297632096742819	70.2367903257181	29.7632096742819	high
16.75	318	200.2208505010758	5.789158577021041	8.351990369988064	326.7379838317865	0.003060556315713899	0.9727556945064761	0.027244305493523857	0.37843302586404776	0.1592405060006878	48.42907102559247	44.61733678740209	0.45	0.35728952772073924	1.0	0.6950113055568039	0.3049886944431961	69.50113055568039	30.49886944431961	high
17.0	317	197.70861428951514	5.781934298097131	8.34156793861054	324.3860432678855	0.0030827466864046826	0.970522554711925	0.029477445288075055	0.25885589218541816	0.24923643789957275	48.24058348680285	44.32091781434466	0.37	0.4188911704312115	0.9990706319702602	0.6896210892783492	0.3103789107216508	68.96210892783492	31.03789107216508	high
17.25	318	195.09738190965658	5.773408217215086	8.329267404003796	321.63205865691975	0.0031091428017960285	0.9696292987941045	0.030370701205895467	0.16633501230036826	0.36645961187250253	47.364726344788906	43.49944107001798	0.31	0.4681724845995893	0.9962825278810409	0.6860210778186837	0.3139789221813163	68.60210778186837	31.39789221813163	high
17.5	315	192.49372323549474	5.763116493691328	8.31441958551387	318.33888571314367	0.0031413064657803184	0.9673961589995533	0.032603841000446665	0.10040743878757062	0.5061710399186266	45.69732142772127	42.04566954593089	0.24666666666666667	0.5256673511293635	0.9888475836431226	0.6821444401096766	0.31785555989032344	68.21444401096765	31.785555989032343	high
17.75	303	189.9799750398518	5.752023727559147	8.298416106825231	314.82714039768865	0.0031763462283995055	0.9633765073693613	0.03662349263063869	0.056938326510889994	0.6567877820486258	43.30255673079348	39.98288598453406	0.20333333333333334	0.5852156057494866	0.9869888475836431	0.6847285735089561	0.3152714264910439	68.47285735089561	31.52714264910439	high
18.0	299	187.59609209231309	5.741066376821301	8.28260799125446	311.39629978700907	0.003211341948134858	0.9544439481911567	0.045556051808843256	0.03033193403355187	0.800588654911093	40.40695254514972	37.47075239767827	0.17	0.6427104722792608	0.9842007434944238	0.6878387909912104	0.31216120900878963	68.78387909912104	31.216120900878963	high
18.25	292	185.39248672536314	5.732007562380987	8.269538884585087	308.58815691592037	0.0032405650624902807	0.9517641804376954	0.048235819562304605	0.015179312499026454	0.9167488896088276	37.35519346650206	34.778940020149534	0.13666666666666666	0.6981519507186859	0.9804832713754646	0.6917665172996281	0.3082334827003719	69.17665172996281	30.823348270037187	high
18.5	294	183.42505158282356	5.725521471003644	8.26018143272024	306.59310297749016	0.0032616519754960676	0.9495310406431443	0.05046895935685569	0.0071360961992443855	0.9861612844562196	34.53013615119893	32.22655374301424	0.1	0.7515400410677618	0.9721189591078067	0.6932975102046782	0.3067024897953218	69.32975102046782	30.67024897953218	high
18.75	302	181.79150556635392	5.721846195925151	8.254879131590595	305.46835712812964	0.003273661499349823	0.949084412684234	0.05091558731576595	0.003151562214538308	0.9965568978602045	32.258210572700634	30.10291938793045	0.06666666666666667	0.7638603696098563	0.9656133828996283	0.6863062079650963	0.31369379203490366	68.63062079650963	31.369379203490368	high
19.0	301	180.59897671223268	5.7198261337134735	8.251964797855521	304.85191487850284	0.0032802811830739027	0.9468512728896828	0.05314872711031715	0.0013075179770270118	0.9460472885746672	30.74251678760978	28.606135358638866	0.04	0.7166324435318275	0.9572490706319703	0.6651831967633701	0.3348168032366299	66.51831967633701	33.481680323662985	high
19.25	288	179.94603253253217	5.718154728702026	8.24955347013419	304.3428094394361	0.003285768445924131	0.9464046449307727	0.0535953550692273	0.0005095960433519526	0.8436847245730129	30.020475282817028	27.80080838118741	0.013333333333333334	0.6591375770020534	0.9526022304832714	0.6428694464373577	0.35713055356264234	64.28694464373577	35.713055356264235	high
19.5	282	179.86659849828857	5.715620659820257	8.24589758152519	303.57256014121424	0.0032941053682020056	0.9459580169718624	0.054041983028137563	0.0	0.7068123374992095	29.99169593265352	27.63380316408182	0.0	0.6036960985626283	0.9507434944237918	0.6250994024895706	0.37490059751042937	62.509940248957065	37.490059751042935	high
19.75	289	180.3232701550531	5.712704885808481	8.241691008818048	302.6887003535611	0.003303724251456799	0.9437248771773113	0.05627512282268865	0.0	0.5562687360640773	30.464846434421034	27.968081255680005	0.0	0.5441478439425051	0.9544609665427509	0.6105834219156419	0.38941657808435814	61.058342191564186	38.941657808435814	high
20.0	291	181.1941404896363	5.710551694115994	8.238584609841213	302.03765472310477	0.0033108454669890657	0.9428316212594908	0.057168378740509174	0.0	0.41126502473614174	31.23048415399602	28.64223626305563	0.0	0.4887063655030801	0.9618959107806692	0.59835847438581	0.40164152561419	59.835847438581006	40.164152561418994	elevated
20.25	295	182.33013808126196	5.710889090248421	8.239071369568281	302.13957825299127	0.003309728588959198	0.9432782492184011	0.05672175078159891	0.0	0.2856376803395821	32.123582881176716	29.523764218977654	0.0	0.43121149897330596	0.9646840148698885	0.584793440765399	0.41520655923460104	58.479344076539896	41.520655923460104	elevated
20.5	299	183.60671016836744	5.7148372603876005	8.244767375048662	303.33483469897595	0.0032966869795629707	0.945064761054042	0.054935238945957976	0.0	0.1863656260652992	33.053438324776245	30.535360623206525	0.0	0.37166324435318276	0.9674721189591078	0.5710500310915831	0.42894996890841686	57.10500310915832	42.89499689084168	elevated
20.75	294	184.95053578132627	5.721781996216681	8.25478651098956	305.44874677815125	0.0032738716742102213	0.9486377847253238	0.051362215274676215	0.0	0.11422803937072874	33.991174444775396	31.644134998875273	0.0	0.3182751540041068	0.9702602230483272	0.5592932904444394	0.44070670955556057	55.929329044443946	44.070670955556054	elevated
21.0	296	186.34893504101416	5.730078794999281	8.26675626144847	307.99353577175344	0.0032468213902420206	0.950870924519875	0.04912907548012502	0.0	0.06577126992650342	34.936406961924426	32.83226494155709	0.0	0.2648870636550308	0.9730483271375465	0.547201578828113	0.45279842117188696	54.72015788281131	45.27984211718869	elevated
21.25	300	187.81022451012126	5.737664864189732	8.277700645849373	310.338880771482	0.003222283967494069	0.9535506922733363	0.04644930772666367	0.0	0.035575935341271396	35.86189245033008	34.049131636886216	0.0	0.20944558521560575	0.9758364312267658	0.534708177178927	0.46529182282107295	53.47081771789271	46.52918228210729	elevated
21.5	296	189.33968423831112	5.744008451894665	8.286852508372725	312.31380009413317	0.0032019078237932306	0.9571237159446181	0.04287628405538191	0.0	0.018077277370777484	36.698849877731476	35.19878533499701	0.0	0.15811088295687886	0.9767657992565055	0.5230000995395006	0.47699990046049945	52.30000995395005	47.69999004604995	elevated
21.75	305	190.88752725201127	5.749273414895201	8.294448244384062	313.9624569464769	0.003185094197967995	0.9620366234926306	0.03796337650736936	0.0	0.008629116079805018	37.319355401111736	36.12878488152139	0.0	0.11293634496919917	0.9795539033457249	0.5136317179518887	0.48636828204811133	51.36317179518887	48.63682820481113	elevated
22.0	303	192.39373627366297	5.755288781402141	8.303126583812755	315.856747909621	0.003165992199369251	0.9642697632871817	0.035730236712818275	0.0	0.0038695119799777486	37.5864976871729	36.68228822826571	0.0	0.08008213552361396	0.9823420074349443	0.5066734765614349	0.4933265234385651	50.66734765614349	49.33265234385651	elevated
22.25	305	193.81397331471857	5.763696635610152	8.31525655338317	318.523621026306	0.0031394845907437826	0.9682894149173739	0.03171058508262614	0.0	0.0016300565634588347	37.4049071249958	36.74927869611011	0.0	0.053388090349075976	0.9814126394052045	0.5007725361679136	0.4992274638320864	50.07725361679136	49.92274638320864	elevated
22.5	313	195.1759742537139	5.775251579345053	8.33192681340726	322.2254897998399	0.0031034168048628932	0.9700759267530147	0.029924073246985317	0.0	0.0006450683722764773	36.758341264323214	36.30558257224073	0.0	0.024640657084188913	0.9776951672862454	0.4931029377808622	0.5068970622191378	49.31029377808622	50.68970622191378	elevated
22.75	313	196.58791455039432	5.788919494732157	8.351645447155528	326.6598759042298	0.00306128812800131	0.9723090665475659	0.02769093345243412	0.0	0.0	35.72804241364651	35.430963903030744	0.0	0.0	0.974907063197026	0.486804032436148	0.513195967563852	48.6804032436148	51.3195967563852	elevated
23.0	324	198.20912453541962	5.802372103331488	8.371053458868802	331.08399460835426	0.0030203815837818422	0.9749888343010272	0.02501116569897277	0.0	0.0	34.46842313059158	34.28360840138789	0.0	0.0	0.9711895910780669	0.48654460634477353	0.5134553936552264	48.65446063447735	51.34553936552264	elevated
23.25	329	200.15723997086306	5.812336006203333	8.385428332129912	334.39937299817564	0.0029904362290938138	0.9794551138901295	0.020544886109870486	0.0	0.0	33.15116240485926	33.04235702444417	0.0	0.0	0.9684014869888475	0.48696415021974426	0.5130358497802557	48.696415021974424	51.303584978025576	elevated
23.5	335	202.43334001418845	5.816662882924249	8.391670695717716	335.8494126698541	0.002977524933125364	0.9812416257257704	0.01875837427422955	0.0	0.0	31.918085637814816	31.857561130349602	0.0	0.0	0.9637546468401487	0.4862490681414798	0.5137509318585203	48.62490681414798	51.37509318585203	elevated
23.75	323	204.87256021559477	5.8155809164016965	8.39010974798122	335.4862313591661	0.002980748258873898	0.9807949977668602	0.019205002233139812	0.0	0.0	30.838212667151662	30.80644223029646	0.0	0.0	0.95817843866171	0.48474335910714256	0.5152566408928574	48.47433591071425	51.52566408928574	elevated
24.0	323	207.13763820572512	5.810974139249881	8.383463573429816	333.9442755042914	0.002994511579783464	0.9790084859312193	0.020991514068780748	0.0	0.0	29.910447104499923	29.89485066683558	0.0	0.0	0.949814126394052	0.4822056530813178	0.5177943469186822	48.22056530813178	51.77943469186822	elevated
24.25	321	208.84012542892782	5.806793575806244	8.37743229528156	332.5511144021292	0.003007056529634042	0.9772219740955784	0.022778025904421573	0.0	0.0	29.08957587628837	29.082444707833822	0.0	0.0	0.9451672862453532	0.4805973150852329	0.519402684914767	48.05973150852329	51.9402684914767	elevated
24.5	317	209.6683458676537	5.806991448076442	8.377717764624503	332.61692355678133	0.0030064615753963254	0.9776686020544886	0.022331397945511422	0.0	0.0	28.320647632508386	28.316902340230847	0.0	0.0	0.9321561338289963	0.4774561839708712	0.5225438160291288	47.74561839708712	52.25438160291288	elevated
24.75	316	209.51927191270838	5.8137932031231845	8.38753062289978	334.887013942661	0.002986081748070467	0.9799017418490398	0.020098258150960224	0.0	0.0	27.586313701274044	27.58349320758127	0.0	0.0	0.9228624535315985	0.47569104884515956	0.5243089511548404	47.56910488451596	52.43089511548404	elevated
25.0	327	208.60091067800184	5.827681851725366	8.407567707362798	339.57059099253206	0.002944895778745434	0.9825815096025011	0.017418490397498876	0.0	0.0	26.918947724191256	26.914825987944607	0.0	0.0	0.9089219330855018	0.4728758606720007	0.5271241393279993	47.287586067200074	52.712413932799926	elevated
25.25	333	207.37286906740937	5.845613276848647	8.433437285464226	345.71449547760835	0.0028925602284002845	0.9848146493970522	0.01518535060294779	0.0	0.0	26.39232143547906	26.38422379749732	0.0	0.0	0.8996282527881041	0.4711107255462891	0.5288892744537109	47.111072554628905	52.888927445371095	elevated
25.5	346	206.43517104697372	5.862467187413129	8.45775233865519	351.5905145232529	0.0028442178008015163	0.9874944171505137	0.01250558284948633	0.0	0.0	26.102978834764524	26.085927581062098	0.0	0.0	0.8931226765799256	0.47015427343260985	0.5298457265673902	47.01542734326098	52.98457265673902	elevated
25.75	356	206.31878172131076	5.872393599389282	8.472073123987007	355.0979260232857	0.002816124586248427	0.9888343010272443	0.011165698972755655	0.0	0.0	26.123775324577014	26.090045749474967	0.0	0.0	0.8940520446096655	0.47072158640922745	0.5292784135907725	47.072158640922744	52.927841359077256	elevated
26.0	355	207.28902272020258	5.871382040314674	8.470613752726504	354.7389051098879	0.0028189747039170363	0.9883876730683341	0.011612326931665917	0.0	0.0	26.489372872275677	26.426693878001277	0.0	0.0	0.9014869888475836	0.4724686654789794	0.5275313345210206	47.246866547897945	52.75313345210206	elevated
26.25	347	209.20138777408562	5.858535094911487	8.452079528302756	350.2107425706831	0.0028554235448621903	0.9870477891916034	0.012952210808396591	0.0	0.0	27.170992673588913	27.06157442393114	0.0	0.0	0.9135687732342007	0.475154140606451	0.524845859393549	47.5154140606451	52.4845859393549	elevated
26.5	337	211.49978563017234	5.836582346391603	8.420408406879236	342.60642740813313	0.002918801049837692	0.9843680214381421	0.01563197856185794	0.00044539817355392666	0.0	28.07915199941012	27.899714130830947	0.006666666666666667	0.0	0.929368029739777	0.48010067946114643	0.5198993205388536	48.010067946114646	51.989932053885354	elevated
26.75	320	213.34195446244195	5.810521571326187	8.382810655930637	333.79317723059194	0.002995867106382397	0.9785618579723091	0.0214381420276909	0.0011526774689935217	0.0	29.081433794029245	28.803834693366365	0.03333333333333333	0.0	0.9442379182156134	0.489033277380314	0.510966722619686	48.9033277380314	51.0966722619686	elevated
27.0	313	213.81408397677495	5.785230212856231	8.346322938488687	325.4569558644062	0.0030726029417439335	0.9718624385886556	0.02813756141134438	0.002802359007477525	0.0	30.01618138049941	29.613079061554394	0.06	0.0	0.9516728624535316	0.4958838252605468	0.5041161747394531	49.58838252605468	50.41161747394531	elevated
27.25	312	212.19726718923042	5.76448132677665	8.316388623437705	318.7736617876045	0.0031370220312187816	0.968736042876284	0.03126395712371599	0.006400241091132373	0.0	30.730951399818387	30.179597888143498	0.09333333333333334	0.0	0.9563197026022305	0.5045972697029619	0.4954027302970381	50.459726970296195	49.540273029703805	elevated
27.5	304	208.16856300970014	5.750089526933044	8.295625645173867	314.2187900710685	0.0031824958646611327	0.9624832514515409	0.0375167485484591	0.013731737440492135	0.0	31.10002515083867	30.388207644512995	0.12666666666666668	0.0	0.9609665427509294	0.5125291152172843	0.4874708847827157	51.25291152172843	48.74708847827157	elevated
27.75	304	201.8938037373779	5.741802195581351	8.283669553330578	311.6255153464148	0.0032089798516285227	0.9553372041089773	0.04466279589102273	0.027676504773577842	0.0	31.04878074649323	30.176778928983104	0.16	0.0	0.9600371747211895	0.5188435947075417	0.4811564052924583	51.88435947075417	48.11564052924583	elevated
28.0	300	193.98995092592185	5.737682638786742	8.277726289172335	310.3443969690483	0.0032222266932041095	0.9539973202322466	0.04600267976775341	0.052402691009188616	0.0	30.55076906486979	29.532333389881234	0.19333333333333333	0.0	0.9553903345724907	0.5256802470345177	0.47431975296548234	52.56802470345177	47.43197529654823	elevated
28.25	301	185.38637817159548	5.735209155187034	8.274157806649315	309.57771377292835	0.00323020668320294	0.9531040643144261	0.04689593568557393	0.09320785881123063	0.0	29.64788664920838	28.500673769030644	0.23	0.0	0.9488847583643123	0.5329972056696846	0.46700279433031544	53.29972056696845	46.70027943303155	elevated
28.5	300	177.07447835879933	5.73035264753589	8.26715134714497	308.0778921328581	0.003245932361705304	0.9513175524787851	0.04868244752121487	0.15574283215714052	0.0	28.427986051708793	27.16135217469906	0.2966666666666667	0.0	0.9340148698884758	0.5454997722584819	0.4545002277415181	54.54997722584819	45.45002277415181	elevated
28.75	303	169.94468550774607	5.720652853014558	8.253157501691403	305.10404604699687	0.0032775704319763905	0.9477445288075034	0.05225547119249663	0.24446697547139726	0.0	27.033471825482135	25.63424624285145	0.35333333333333333	0.0	0.9107806691449815	0.5529646328214546	0.4470353671785454	55.29646328214546	44.70353671785454	elevated
29.0	286	164.61634905828384	5.705339825482499	8.231065472809906	300.46756923805765	0.0033281462040507586	0.9423849933005806	0.057615006699419435	0.3604864340708682	0.0	25.624462120569838	24.046753454683927	0.43666666666666665	0.0	0.8866171003717472	0.5664171900847486	0.43358280991525144	56.64171900847486	43.35828099152514	elevated
29.25	276	161.37093850259487	5.6858344284095725	8.202925133182225	294.6636181907672	0.003393700267919039	0.9392585975882091	0.060741402411790935	0.4993605700812369	0.0003680634964154031	24.366196831219384	22.530716152405404	0.5166666666666667	0.004106776180698152	0.8680297397769516	0.5820154450531314	0.4179845549468686	58.20154450531314	41.79845549468686	elevated
29.5	264	160.1789218259625	5.665815227858184	8.174043531824175	288.82334200169873	0.0034623240388725867	0.9352389459580169	0.06476105404198307	0.6498246226299866	0.000964097097312882	23.397207602824814	21.203218517909466	0.6	0.03285420944558522	0.8605947955390335	0.607171987735659	0.39282801226434105	60.7171987735659	39.2828012264341	high
29.75	253	160.78154365073476	5.6499780370898876	8.151195295241141	284.2852220245775	0.0035175940306652535	0.9280928986154533	0.0719071013845467	0.7943916567899815	0.00237233162350019	22.81017315457205	20.15903633503147	0.6933333333333334	0.061601642710472276	0.854089219330855	0.6342792734975284	0.36572072650247156	63.42792734975284	36.57207265024716	high
30.0	251	162.80329270481792	5.64232324223539	8.140151760665535	282.1173847302155	0.003544623813085055	0.9267530147387226	0.07324698526127738	0.9122834161735363	0.005483863242863247	22.63130598115763	19.45612580170842	0.78	0.09034907597535935	0.8513011152416357	0.6621008014889294	0.33789919851107064	66.21008014889294	33.789919851107065	high
30.25	276	165.8637779383992	5.644946748233694	8.14393667975903	282.8584931073433	0.0035353366590286732	0.9271996426976329	0.07280035730236711	0.9841957401098473	0.012539322788436877	22.83351787327628	19.125014034207062	0.8566666666666667	0.13141683778234087	0.8550185873605948	0.6925754336268088	0.30742456637319115	69.25754336268088	30.742456637319115	high
30.5	272	169.64463866189826	5.656926912210849	8.161220402917909	286.2675640780991	0.0034932354394407793	0.9307726663689146	0.06922733363108535	0.9978320871310166	0.0265018103286539	23.33351128498314	19.15780620204262	0.8933333333333333	0.1868583162217659	0.8596654275092936	0.717657435858327	0.282342564141673	71.7657435858327	28.2342564141673	high
30.75	279	173.93849248752574	5.67572617439605	8.188342005244868	291.70008678728937	0.0034281786166529666	0.9370254577936579	0.06297454220634213	0.9506366398151138	0.05230339733072574	24.026697767631827	19.522847467798776	0.8233333333333334	0.25051334702258726	0.8643122676579925	0.7187961014518928	0.28120389854810723	71.87961014518928	28.120389854810725	high
31.0	289	178.61979870172024	5.6978205456452375	8.220217445077632	298.21674240639624	0.00335326578893832	0.9405984814649397	0.05940151853506026	0.8517980231955482	0.09751551623000344	24.8023460653816	20.16209011647531	0.7366666666666667	0.3059548254620123	0.8745353159851301	0.7144388223946871	0.28556117760531285	71.44388223946872	28.556117760531286	high
31.25	293	183.59857268561936	5.720314283682331	8.252669049394802	305.000764658809	0.003278680304682699	0.9472979008485931	0.05270209915140689	0.719289142190064	0.17160527064507025	25.562189107147137	20.997347130912367	0.65	0.3655030800821355	0.8856877323420075	0.712122178318184	0.28787782168181597	71.2122178318184	28.787782168181597	high
31.5	298	188.7598806290825	5.741519404239781	8.283261571664488	311.537402808181	0.0032098874516705055	0.954890576150067	0.045109423849932995	0.5755550659776273	0.28653060172172384	26.223884272070343	21.926169608539563	0.5566666666666666	0.433264887063655	0.895910780669145	0.7101832276373834	0.2898167723626166	71.01832276373834	28.98167723626166	high
31.75	301	193.96275935118183	5.76194293530699	8.312726498652593	317.96551557343497	0.003144995136332787	0.9665029030817329	0.03349709691826708	0.44302147990604784	0.45488594648155245	26.73570732213337	22.840736414684553	0.49333333333333335	0.5071868583162218	0.904275092936803	0.7178245469170228	0.2821754530829772	71.78245469170228	28.21754530829772	high
32.0	313	199.0511389110467	5.782996953617555	8.34310102646003	324.7309371067282	0.0030794725285793554	0.9709691826708352	0.029030817329164793	0.33967634605945235	0.6881974408312405	27.075952096852344	23.638476505705217	0.4266666666666667	0.5975359342915811	0.9117100371747212	0.7267204552009511	0.2732795447990489	72.67204552009511	27.327954479904893	high
32.25	329	203.89464896013186	5.805472603019526	8.375526534393012	332.11211344780503	0.0030110313942438016	0.9763287181777579	0.023671281822242096	0.27852582070662235	0.9945352554289276	27.254021950865923	24.239660716801993	0.38666666666666666	0.7618069815195072	0.9144981412639405	0.7598251269069681	0.24017487309303187	75.98251269069681	24.01748730930319	high
32.5	335	208.44475869872497	5.82916079144141	8.409701366356908	340.0731669741358	0.0029405436744618396	0.9830281375614114	0.016971862438588614	0.2671223080025359	1.375932465719525	27.316997034004874	24.61166300644869	0.38	0.8459958932238193	0.9154275092936803	0.7811128850197278	0.21888711498027225	78.11128850197278	21.888711498027224	high
32.75	334	212.7382466086446	5.852572388915474	8.443477161932028	348.1287521929064	0.0028725004576636527	0.9866011612326931	0.013398838767306853	0.30845724686041776	1.8259218962740282	27.332943797184697	24.76861740530899	0.4033333333333333	0.9034907597535934	0.9163568773234201	0.80244553291076	0.19755446708923996	80.244553291076	19.755446708923998	high
33.0	349	216.83802986865925	5.872943388447377	8.472866301934657	355.29320865477354	0.0028145767372988726	0.9892809289861545	0.010719071013845505	0.4020621372777773	2.3274871823045875	27.377898652630662	24.769265704032083	0.46	0.9486652977412731	0.9172862453531598	0.8288081180201469	0.17119188197985313	82.88081180201469	17.119188197985313	high
33.25	355	220.77346694218647	5.888067055320644	8.494685141132775	360.7073826707537	0.0027723302822243025	0.9910674408217954	0.008932559178204569	0.5423709882135539	2.851846387646729	27.509748285646793	24.693811520554977	0.54	0.9671457905544147	0.921003717472119	0.8548042372120823	0.14519576278791768	85.48042372120823	14.519576278791767	high
33.5	356	224.45987599728534	5.896929940023265	8.507471580941216	363.9184994741444	0.002747868001887735	0.9928539526574364	0.007146047342563633	0.7203446375311087	3.3587803374140126	27.753807813556335	24.62466537531832	0.6533333333333333	0.9774127310061602	0.9247211895910781	0.8870803016470019	0.11291969835299809	88.70803016470019	11.29196983529981	high
33.75	362	227.67342125000164	5.900094078085678	8.512036467232548	365.0718115069729	0.002739187109166603	0.995980348369808	0.004019651630192023	0.9227550294541007	3.7994556069498717	28.097251374856633	24.627749938813515	0.79	0.9917864476386037	0.9302973977695167	0.9270160484444822	0.07298395155551785	92.70160484444821	7.298395155551784	high
34.0	371	230.1037815174303	5.899727311070544	8.511507334278653	364.9379397597283	0.0027401919369040954	0.9955337204108977	0.004466279589102284	1.1339031621446152	4.1224568639466455	28.487956828321707	24.73294774771234	0.93	0.9958932238193019	0.9358736059479554	0.9643251375445387	0.035674862455461254	96.43251375445388	3.5674862455461254	high
34.25	352	231.43747818071873	5.898254392615163	8.509382362127441	364.4008116032826	0.002744230990046982	0.9946404644930773	0.005359535506922697	1.338163952433143	4.282756063183068	28.847534398034412	24.928068575258546	0.9433333333333334	1.0	0.9405204460966543	0.9696235609807662	0.030376439019233814	96.96235609807661	3.0376439019233814	high
34.5	356	231.4681945529789	5.897418567985336	8.508176522078937	364.09636368007597	0.0027465256447292605	0.9933005806163466	0.006699419383653371	1.5224731286750404	4.251827272324087	29.097833129754427	25.170969437832895	0.9566666666666667	0.997946611909651	0.9460966542750929	0.9735026283669393	0.02649737163306065	97.35026283669393	2.649737163306065	high
34.75	360	230.17261763453104	5.897649868364419	8.508510217988796	364.18058904732203	0.002745890445770186	0.9937472085752568	0.00625279142474322	1.6792704535240086	4.025838024015198	29.16929158736149	25.39328610874705	0.97	0.9938398357289527	0.9470260223048327	0.9761532666522605	0.023846733347739457	97.61532666522605	2.3846733347739457	high
35.0	356	227.71770333175647	5.8977701337717665	8.508683724295565	364.2243900080293	0.0027455602299943592	0.994193836534167	0.005806163465832959	1.804426651216594	3.6287225321804444	29.021783565829935	25.52198113742904	0.98	0.9835728952772074	0.9433085501858736	0.9752688204993121	0.024731179500687928	97.5268820499312	2.4731179500687928	high
35.25	357	224.41204122090232	5.895741635979221	8.505757220589807	363.4863104863348	0.002751135245401752	0.9924073246985261	0.007592675301473895	1.8973637345519618	3.1083729075768147	28.62841723568859	25.48327885735408	0.9866666666666667	0.971252566735113	0.9377323420074349	0.9720147250269351	0.02798527497306491	97.2014725026935	2.798527497306491	high
35.5	359	220.62153177443255	5.889911656444474	8.497346338026542	361.3733579547459	0.002767221152272183	0.9915140687807057	0.008485931219294307	1.9579879768128285	2.526674334953487	27.984740165943478	25.221711294188008	0.9933333333333333	0.9609856262833676	0.9275092936802974	0.968335580519426	0.03166441948057397	96.8335580519426	3.166441948057397	high
35.75	357	216.65060198017264	5.879109009582211	8.481761412969881	357.49057908684625	0.0027972765116058263	0.9906208128628852	0.00937918713711483	1.9846926149225852	1.946467003670706	27.0982424934254	24.705540760973523	1.0	0.9240246406570842	0.912639405204461	0.9568212146811076	0.04317878531889241	95.68212146811076	4.3178785318892405	high
36.0	344	212.7034492627365	5.8640219620746405	8.459995404349053	352.13758372092116	0.002839799118950415	0.9879410451094238	0.012058954890576179	1.973710290637833	1.4195600364870313	25.986126680866725	23.92981756184395	0.9966666666666667	0.8542094455852156	0.8894052044609665	0.9320555904555681	0.06794440954443193	93.20555904555681	6.794440954443193	high
36.25	327	208.8668061264683	5.846590361067771	8.434846920021688	346.0524527349262	0.002889735333752982	0.9852612773559625	0.014738722644037527	1.9201045652392041	0.9791933334311582	24.670540704426795	22.913367891742716	0.99	0.7433264887063655	0.870817843866171	0.8973514024821246	0.10264859751787536	89.73514024821246	10.264859751787537	high
36.5	319	205.18485359406912	5.830416849428226	8.411513474985556	340.5005869675693	0.0029368524997439847	0.9839213934792318	0.0160786065207682	1.8199952343016084	0.6383375203871773	23.19631300264059	21.707831191940823	0.9833333333333333	0.5770020533880903	0.8578066914498141	0.8505158679126175	0.14948413208738254	85.05158679126174	14.948413208738254	high
36.75	329	201.68130798961664	5.817553082747294	8.392954982587822	336.1485188699732	0.0029748755203851235	0.9816882536846807	0.01831174631531929	1.6731434686388238	0.3930144017642719	21.622636230799024	20.38188478358919	0.9666666666666667	0.48254620123203285	0.8401486988847584	0.8177624551170346	0.1822375448829654	81.77624551170346	18.22375448829654	high
37.0	317	198.472295047266	5.809575970225678	8.381446441912274	333.4776912203276	0.0029987013414318722	0.9781152300133988	0.02188476998660116	1.4848796680083314	0.2292113737082579	20.048203079186145	19.0391900470491	0.9466666666666667	0.4004106776180698	0.8215613382899628	0.7866884781470246	0.21331152185297542	78.66884781470246	21.33115218529754	high
37.25	312	195.75465584676692	5.805971367447837	8.376246099360309	332.27780047216623	0.0030095299733506166	0.9767753461366682	0.023224653863331834	1.2665498154345811	0.12694182995892717	18.59407398519066	17.800859274358963	0.9333333333333333	0.32854209445585214	0.8169144981412639	0.7638913180167795	0.23610868198322055	76.38913180167795	23.610868198322056	high
37.5	324	193.7597543704705	5.804215470449653	8.373712875468716	331.6948668152569	0.0030148190401661145	0.9758820902188478	0.024117909781152247	1.0341471765948438	0.06936775957150214	17.39639437235657	16.796748793603207	0.92	0.27104722792607805	0.8104089219330854	0.7443345600195028	0.2556654399804972	74.43345600195028	25.566543998049717	high
37.75	322	192.67265899695627	5.801081127863904	8.369190974963809	330.6568490701347	0.003024283340303327	0.974542206342117	0.025457793657883032	0.8058825245877764	0.041912650555449474	16.578048888213868	16.141643485813276	0.7066666666666667	0.2299794661190965	0.8020446096654275	0.6783082371983269	0.3216917628016731	67.8308237198327	32.169176280167314	high
38.0	314	192.54407479348268	5.794348530292176	8.359477889834777	328.43814676662794	0.0030447133192191313	0.9736489504242966	0.026351049575703445	0.5977212725001061	0.03592682117318791	16.223771143598345	15.913074915728476	0.5666666666666667	0.21149897330595482	0.7973977695167286	0.6373030899784117	0.3626969100215883	63.73030899784117	36.26969100215883	high
38.25	310	193.2279763234817	5.783667598138713	8.344068561984903	324.9487891730314	0.003077407989563278	0.9714158106297455	0.02858418937025453	0.42192075651469674	0.0476604469521243	16.34097955901294	16.11407877711504	0.4766666666666667	0.2402464065708419	0.7992565055762082	0.6218963473608655	0.3781036526391345	62.18963473608655	37.81036526391345	high
38.5	312	194.40116859821296	5.771072032909792	8.325897002491946	320.8815439011468	0.0031164148234965722	0.9691826708351943	0.03081732916480573	0.2847531754017523	0.07800078221260778	16.86463778102822	16.676516629350907	0.3933333333333333	0.28542094455852157	0.8039033457249071	0.6129600736129891	0.3870399263870109	61.29600736129891	38.70399263870109	high
38.75	306	195.62051703025685	5.759158120407793	8.308708860007727	317.08127226665925	0.0031537655719982706	0.9656096471639125	0.03439035283608749	0.18850431095933393	0.13049953114097998	17.66235487861522	17.467521074375483	0.32666666666666666	0.3347022587268994	0.8122676579925651	0.6098115576375109	0.39018844236248906	60.98115576375109	39.01884423624891	high
39.0	304	196.45108524983942	5.750352365720895	8.296004841389655	314.30138981170313	0.003181659491226229	0.962929879410451	0.03707012058954895	0.13085341081389357	0.20911472051613245	18.569326178290687	18.323280459588805	0.28	0.38809034907597534	0.8159851301115242	0.6117513396494876	0.3882486603505124	61.175133964948756	38.824866035051244	high
39.25	301	196.57094958582567	5.745651035609297	8.28922225575207	312.8272232108098	0.0031966527392857822	0.958910227780259	0.04108977221974097	0.10918658757349188	0.3166745291579664	19.436274754139802	19.09575335810246	0.25666666666666665	0.4455852156057495	0.8197026022304833	0.6202161780707895	0.37978382192921045	62.021617807078954	37.978382192921046	high
39.5	301	195.85137042412015	5.744741294467675	8.287909776718559	312.54276082882046	0.0031995621890205917	0.9575703439035284	0.042429656096471646	0.12163503255621509	0.4513892040616436	20.16284503040363	19.688684764914875	0.27	0.5010266940451745	0.8234200743494424	0.6380042780745363	0.3619957219254637	63.80042780745363	36.19957219254637	high
39.75	303	194.35046216187726	5.7456768362254085	8.289259478172985	312.83529445002597	0.003196570264739567	0.9593568557391693	0.04064314426083071	0.16730919845611886	0.6063302214146971	20.719636536677598	20.079267934971405	0.31333333333333335	0.5646817248459959	0.8280669144981413	0.6663597071041599	0.3336402928958401	66.63597071041599	33.36402928958401	high
40.0	308	192.28950720871578	5.7466743435309215	8.2906985770159	313.1475056322417	0.0031933832523462387	0.9611433675748102	0.038856632425189774	0.24691079713918573	0.7689338436062733	21.148111865113197	20.31798410073844	0.3566666666666667	0.6242299794661191	0.8317843866171004	0.6934561000811741	0.3065438999188259	69.3456100081174	30.654389991882592	high
40.25	302	189.94665527160885	5.745807161904354	8.289447498383701	312.87606757900846	0.003196153696694864	0.9602501116569897	0.0397498883430103	0.3578551474627767	0.9236466998943835	21.531428491871974	20.49683751819555	0.43333333333333335	0.704312114989733	0.8392193308550185	0.7342787227087686	0.2657212772912314	73.42787227087686	26.57212772912314	high
40.5	304	187.58377136038976	5.741845064165268	8.283731399624005	311.6388745773138	0.003208842290155018	0.9557838320678874	0.04421616793211258	0.494094853417608	1.0550931835159871	21.960025119187403	20.71200843511969	0.5133333333333333	0.7987679671457906	0.845724907063197	0.7784025099025521	0.2215974900974479	77.84025099025521	22.15974900974479	high
40.75	295	185.4087934543354	5.735139481574041	8.27405728887337	309.5561451264992	0.003230431751213832	0.9526574363555158	0.04734256364448419	0.6439478478042737	1.1538269668908936	22.511430325727325	21.040454960428487	0.5933333333333334	0.8151950718685832	0.8503717472118959	0.8028893971923321	0.1971106028076679	80.28893971923321	19.71106028076679	high
41.0	307	183.52850638314982	5.72609371670711	8.261007008758801	306.7685997722358	0.0032597860431037027	0.9499776686020545	0.05002233139794554	0.7892859817430266	1.218818997748349	23.224690465151685	21.51423873146148	0.69	0.8254620123203286	0.8587360594795539	0.8310439351004841	0.16895606489951587	83.10439351004841	16.895606489951586	high
41.25	304	181.97227901191616	5.715537386204474	8.245777443092663	303.5472816090109	0.0032943796916885806	0.9455113890129522	0.054488610987047825	0.9101619608838946	1.2576568852136472	24.093651290070724	22.116883894768613	0.7766666666666666	0.8316221765913757	0.8652416356877324	0.8547604669896817	0.14523953301031833	85.47604669896816	14.523953301031833	high
41.5	289	180.690578123791	5.7037778198286695	8.228811974999285	299.9986035549906	0.003333348849461218	0.9419383653416704	0.058061634658329586	0.9874610667270365	1.283287970772891	25.061041712483153	22.784412301746897	0.86	0.8357289527720739	0.8782527881040892	0.8789800265544585	0.1210199734455415	87.89800265544585	12.10199734455415	high
41.75	276	179.57423750630744	5.691004331586796	8.21038372685788	296.19094523127137	0.003376200441303773	0.9397052255471192	0.060294774452880784	1.0096802565646872	1.3088024323618097	26.029876930989438	23.42372624365045	0.9166666666666666	0.837782340862423	0.8912639405204461	0.8963545433991638	0.10364545660083624	89.63545433991638	10.364545660083625	high
42.0	276	178.48199531543452	5.678132361742066	8.191813399796416	292.4028169561169	0.0034199396928179305	0.9374720857525681	0.06252791424743187	0.9765072812580311	1.342977934780868	26.882360165714722	23.934794594196397	0.85	0.8418891170431212	0.9061338289962825	0.8838737579479929	0.11612624205200706	88.3873757947993	11.612624205200706	high
42.25	281	177.25980405636756	5.666407677663334	8.17489825622004	288.9945060324322	0.003460273393182692	0.9361322018758375	0.06386779812416254	0.8999228446230229	1.3877228590171056	27.501143991938175	24.229944085068425	0.7733333333333333	0.8521560574948666	0.9200743494423792	0.8704239855366042	0.12957601446339584	87.04239855366042	12.957601446339584	high
42.5	273	175.8074317045075	5.6578556158050075	8.162560238987657	286.5335452834828	0.0034899927651076495	0.9312192943278249	0.06878070567217509	0.8017656443445017	1.43846300566843	27.80173930692692	24.258536094271896	0.7	0.8562628336755647	0.9265799256505576	0.8535155134134869	0.14648448658651314	85.35155134134868	14.648448658651315	high
42.75	282	174.1247948532269	5.654042611403377	8.157059236446537	285.443071925159	0.003503325525666261	0.9298794104510942	0.07012058954890577	0.7084549118681249	1.4888733646226309	27.761435114783378	24.02496752642775	0.6466666666666666	0.8624229979466119	0.9256505576208178	0.8411549081712977	0.15884509182870232	84.11549081712977	15.884509182870232	high
43.0	279	172.34336949346874	5.65518727112579	8.158710631351568	285.769994184309	0.003499317704275993	0.9303260384100045	0.0696739615899955	0.6444591850368654	1.5334661877434175	27.422344025444666	23.584455148580115	0.5966666666666667	0.864476386036961	0.9182156133828996	0.8274211761241329	0.1725788238758671	82.7421176124133	17.257882387586708	high
43.25	277	170.70284054481124	5.6594570309559415	8.164870592684315	286.9927720523616	0.003484408310525503	0.9325591782045556	0.06744082179544442	0.626322240361018	1.5701201275857148	26.88497861698718	23.033007636678892	0.58	0.8726899383983573	0.9070631970260223	0.8230780784072338	0.1769219215927662	82.30780784072338	17.692192159276622	high
43.5	273	169.4858120377545	5.663736683400822	8.171044826043271	288.22363332151343	0.0034695281177185774	0.9338990620812863	0.06610093791871374	0.6587031930320912	1.6005625423409682	26.27068952010875	22.473477151442594	0.6033333333333334	0.8747433264887063	0.8968401486988847	0.8272039676505527	0.1727960323494473	82.72039676505527	17.27960323494473	high
43.75	271	168.92345886354528	5.665202406034998	8.173159416818915	288.6463989774856	0.003464446476874288	0.9343456900401965	0.06565430995980348	0.7332750488546547	1.6296744382537098	25.68841560503069	21.98798745931072	0.6566666666666666	0.8809034907597536	0.8884758364312267	0.8400979209744609	0.1599020790255391	84.0097920974461	15.99020790255391	high
44.0	277	169.11952595770657	5.663103890074863	8.170131898250002	288.0413050241129	0.0034717243067492933	0.9330058061634658	0.06699419383653415	0.8306976723757918	1.6644719169446542	25.214850197054567	21.623490724432365	0.7233333333333334	0.8850102669404517	0.8810408921933085	0.8555975746576399	0.14440242534236014	85.55975746576398	14.440242534236013	high
44.25	285	170.00089737890306	5.658363841122044	8.1632934531322	286.6792058964463	0.003488219513072106	0.9316659222867352	0.06833407771326483	0.9252723509613822	1.7129614807507674	24.888298932631898	21.388855783132385	0.7933333333333333	0.893223819301848	0.8754646840148699	0.8734219397341967	0.12657806026580332	87.34219397341967	12.657806026580332	high
44.5	279	171.36549595353185	5.6536061235725175	8.156429517617548	285.31850668544377	0.0035048550184039553	0.929432782492184	0.07056721750781603	0.9912488917415887	1.7822901378951748	24.72695853358207	21.27520158694527	0.8733333333333333	0.8973305954825462	0.8717472118959108	0.8929609808009935	0.10703901919900649	89.29609808009936	10.703901919900648	high
44.75	279	172.95627412883783	5.6515683680202216	8.153489657787706	284.73768929718614	0.0035120043379866057	0.9285395265743636	0.07146047342563644	1.0091849524364047	1.8756251289402472	24.74793745792997	21.278234457226294	0.9133333333333333	0.9117043121149897	0.8736059479553904	0.9067957799945192	0.09320422000548079	90.67957799945192	9.320422000548078	high
45.0	266	174.5346897755967	5.653337614475934	8.156042140875472	285.241906355378	0.003505796230214915	0.9289861545332738	0.07101384546672618	0.9705406467241455	1.988703538399061	24.9740177752127	21.41053880705742	0.84	0.9281314168377823	0.8763940520446096	0.8933779058539164	0.10662209414608359	89.33779058539164	10.662209414608359	high
45.25	273	175.95147925876913	5.65876437547392	8.163871302055357	286.7940537650995	0.0034868226410965145	0.9321125502456454	0.06788744975435457	0.8791138253320999	2.10617522823556	25.4212238999975	21.697152823727656	0.7533333333333333	0.9322381930184805	0.8819702602230484	0.8749135842051269	0.12508641579487312	87.49135842051268	12.508641579487312	high
45.5	283	177.13223644305089	5.665802643679928	8.174025376692612	288.81970742014767	0.0034623676096496225	0.9347923179991068	0.06520768200089322	0.7489693368170619	2.203050369710958	26.081698010198238	22.161927706967443	0.67	0.9404517453798767	0.8921933085501859	0.8593593429822923	0.14064065701770767	85.93593429822923	14.064065701770767	high
45.75	284	178.08373547435082	5.672957516243545	8.184347675858334	290.8935859416739	0.0034376832227593587	0.9365788298347476	0.0634211701652524	0.5995113987894785	2.2501023952814148	26.894599263454065	22.79555419519556	0.57	0.946611909650924	0.9079925650557621	0.8402958261353584	0.15970417386464164	84.02958261353584	15.970417386464163	high
46.0	287	178.83987653952437	5.6792737783480405	8.193460115873444	292.7367609353699	0.003416038343816952	0.9379187137114784	0.06208128628852161	0.45195918101247917	2.222830735864602	27.737863202620815	23.535939748463484	0.49666666666666665	0.9425051334702259	0.9237918215613383	0.8252205838524274	0.17477941614757264	82.52205838524273	17.477941614757263	high
46.25	284	179.44817108492086	5.685201777687715	8.202012411123187	294.47725799668524	0.003395847974145618	0.9388119696292988	0.061188030370701196	0.3208774926273698	2.110805548191811	28.448767928391195	24.27160264957756	0.4166666666666667	0.9342915811088296	0.9349442379182156	0.8061786138307526	0.19382138616924738	80.61786138307527	19.38213861692474	high
46.5	286	179.96557253110774	5.692011482977531	8.211836739174718	296.48940462535245	0.003372801808090282	0.9401518535060295	0.05984814649397052	0.21623213844895192	1.9232058209591936	28.858395888561514	24.85989018766415	0.34	0.917864476386037	0.9423791821561338	0.78509887801205	0.21490112198794997	78.509887801205	21.490112198794996	high
46.75	280	180.47760596681943	5.701000863870316	8.224805674409401	299.16667629265106	0.003342618276849054	0.9410451094238499	0.05895489057615011	0.14177817909454565	1.6876263318775662	28.84801028234145	25.17295879300814	0.29333333333333333	0.8870636550308009	0.9414498141263941	0.7657229779785946	0.23427702202140543	76.57229779785946	23.427702202140544	high
47.0	286	181.13262245002107	5.71324891018458	8.242475870087569	302.8534151853025	0.003301927433732734	0.9441715051362215	0.0558284948637785	0.09780354492519629	1.4439865576330493	28.386874042266697	25.139126173217793	0.24333333333333335	0.8583162217659137	0.9330855018587361	0.7447266405235511	0.2552733594764489	74.47266405235511	25.527335947644893	high
47.25	299	182.12145343417893	5.728017722362784	8.263782762176884	307.35939245516283	0.003253520225987168	0.9504242965609647	0.04957570343903528	0.0825798176135454	1.2312574214115417	27.55676669725921	24.778638891686658	0.22333333333333333	0.8275154004106776	0.9219330855018587	0.7308015289517086	0.2691984710482914	73.08015289517085	26.91984710482914	high
47.5	306	183.64790693041434	5.743042847260567	8.285459435355651	312.01237399410957	0.00320500109402353	0.9566770879857079	0.04332291201429206	0.09593512649708417	1.078491205241301	26.528972443785847	24.199840341536177	0.23333333333333334	0.8008213552361396	0.9033457249070632	0.723544375365561	0.27645562463443896	72.3544375365561	27.645562463443895	high
47.75	314	185.85917743974443	5.755311057597942	8.303158721569966	315.86378407475166	0.003165921673892636	0.964716391246092	0.03528360875390801	0.13954033789594372	0.9970274344545802	25.523585159461717	23.57380066361929	0.2866666666666667	0.7659137577002053	0.8847583643122676	0.7255137949813079	0.27448620501869214	72.55137949813079	27.448620501869215	high
48.0	306	188.7697045147087	5.7625141635244015	8.313550606769068	318.1471983343137	0.003143199139378199	0.9669495310406432	0.033050468959356816	0.2167469803930269	0.9789484280504921	24.743834539715728	23.081195709416264	0.3433333333333333	0.7412731006160165	0.8726765799256505	0.7310581362289109	0.2689418637710891	73.10581362289109	26.89418637710891	high
48.25	303	192.18988881657287	5.763671601944106	8.31522043743731	318.5156473121553	0.0031395631845363274	0.9678427869584636	0.0321572130415364	0.33100617021338546	1.0007076591331936	24.32526834916928	22.861269957923927	0.42	0.7802874743326489	0.8671003717472119	0.7588076582595811	0.24119234174041893	75.88076582595811	24.119234174041893	high
48.5	315	195.73714341221807	5.7601492243128956	8.310138720696624	317.3956885376973	0.003150641411063872	0.9660562751228227	0.03394372487717734	0.4835225601260916	1.032250348088278	24.30348723185252	22.972168784672117	0.5066666666666667	0.7926078028747433	0.8661710037174721	0.7828754370954262	0.21712456290457383	78.28754370954262	21.712456290457382	high
48.75	305	198.8821460947249	5.754184274405092	8.301533117045485	315.5080745130392	0.0031694909917707108	0.9638231353282716	0.036176864671728426	0.6705917967018937	1.0435491635132361	24.614567396579115	23.381038432810012	0.62	0.7946611909650924	0.8689591078066915	0.8118608585250138	0.18813914147498623	81.18608585250138	18.813914147498622	high
49.0	314	201.0969182654034	5.748895630589054	8.293903216839059	313.843869259217	0.0031862977038880995	0.9615899955337204	0.038410004466279624	0.8836128191349095	1.0143057036713863	25.125224347656427	23.981275654900546	0.76	0.7864476386036962	0.879182156133829	0.8468049475678114	0.15319505243218856	84.68049475678114	15.319505243218856	high
49.25	309	201.95901454708567	5.745748010319783	8.28936216068598	312.85756101118864	0.003196342759842193	0.9598034836980796	0.04019651630192045	1.1064632239561103	0.9374016078378828	25.68349944036649	24.634602824032328	0.9233333333333333	0.7145790554414785	0.887546468401487	0.8713155852185945	0.12868441478140547	87.13155852185946	12.868441478140547	high
49.5	301	201.2845211381839	5.74522762928301	8.288611409544854	312.69479822223457	0.003198006508855617	0.9580169718624386	0.041983028137561385	1.3194608444657911	0.8188383744616362	26.153812680149148	25.20407416739473	0.9366666666666666	0.6509240246406571	0.8949814126394052	0.8601472689522919	0.13985273104770812	86.01472689522919	13.985273104770812	high
49.75	304	199.1415804967881	5.745943830203474	8.289644669061088	312.9188307411177	0.003195716913653287	0.9606967396159	0.039303260384100036	1.5015221041358542	0.6739961267927423	26.44613795821185	25.586596101815104	0.9533333333333334	0.5893223819301848	0.9005576208178439	0.8509775189243155	0.1490224810756845	85.09775189243155	14.90224810756845	high
50.0	306	195.82046171003768	5.745646931755049	8.289216335141898	312.82593941611503	0.0031966658579096257	0.9584635998213488	0.041536400178651234	1.6339481603557768	0.5216500160538461	26.51860048063976	25.723006574316287	0.9633333333333334	0.5277207392197125	0.9024163568773235	0.8379835073129295	0.16201649268707052	83.79835073129294	16.20164926870705	high
50.25	306	191.74485272764116	5.742347759684504	8.284456635956683	311.7955734257882	0.0032072296248875846	0.9562304600267977	0.04376953997320232	1.7023277860369381	0.3797365054258752	26.368426444129252	25.595904585697294	0.9766666666666667	0.4722792607802875	0.8986988847583643	0.825968818058029	0.17403118194197098	82.59688180580291	17.4031181941971	high
50.5	308	187.3441673860108	5.734339319456141	8.272902898953967	309.3085490974977	0.0032330176547586734	0.9522108083966057	0.04778919160339434	1.6999363288597198	0.25990785787855203	26.003826689556373	25.20988975951387	0.9733333333333334	0.4209445585215606	0.8903345724907064	0.8092058181855515	0.19079418181444852	80.92058181855515	19.07941818144485	high
50.75	303	182.9724628881615	5.721048488518261	8.253728283070595	305.2247799216654	0.0032762739652286606	0.9481911567664135	0.05180884323358648	1.6281783672992591	0.167114088766067	25.434315130596172	24.582933013650607	0.96	0.3593429158110883	0.8828996282527881	0.7876084252075725	0.21239157479242754	78.76084252075725	21.239157479242753	high
51.0	298	178.86998168984135	5.70354697581538	8.228478937486093	299.9293586660562	0.003334118421909501	0.9414917373827602	0.05850826261723985	1.4969757401596961	0.10094000348411424	24.661096618088102	23.73557665654494	0.95	0.3080082135523614	0.8698884758364313	0.7673471066928881	0.23265289330711192	76.7347106692888	23.26528933071119	high
51.25	277	175.15022812916834	5.683692787800631	8.199835398896338	294.0332298936066	0.003400976142600758	0.9383653416703885	0.06163465832961146	1.3240281975512642	0.057275667663678795	23.679294160582106	22.688558098663233	0.94	0.2546201232032854	0.8615241635687733	0.7486274071106118	0.2513725928893882	74.86274071106118	25.137259288938818	high
51.5	272	171.83375155408035	5.663707668411411	8.171002966261936	288.2152706371668	0.003469628787500634	0.9334524341223761	0.0665475658776239	1.1329212110600833	0.030530477758001065	22.497567358873912	21.47434238925962	0.9266666666666666	0.1971252566735113	0.8494423791821561	0.7266716841611776	0.27332831583882244	72.66716841611776	27.332831583882246	high
51.75	266	168.89688151963588	5.645652427365985	8.144954759543646	283.05817088925625	0.0035328427257845887	0.9276462706565431	0.07235372934345685	0.9499982523068252	0.016597667746564994	21.159902851944864	20.15236224520165	0.82	0.14989733059548255	0.8327137546468402	0.6825643389747165	0.31743566102528353	68.25643389747165	31.743566102528355	high
52.0	265	166.31269830839992	5.630677466939784	8.123350458399257	278.8509659671352	0.0035861450095096958	0.9263063867798124	0.07369361322018764	0.8002568123564356	0.01049344168200593	19.752449950971098	18.813179039029084	0.6966666666666667	0.12320328542094455	0.820631970260223	0.6417020772819116	0.35829792271808836	64.17020772819116	35.829792271808834	high
52.25	270	164.09547475603125	5.619472854546187	8.10718561966393	275.7439877263123	0.0036265523257484143	0.9258597588209022	0.07414024117909779	0.7029340692926713	0.010999618304022626	18.40662248956745	17.579637141639285	0.6433333333333333	0.12525667351129363	0.8150557620817844	0.6273763819368284	0.37262361806317157	62.73763819368284	37.26236180631716	high
52.5	263	162.28241138736735	5.611135010008196	8.095156652697268	273.45443545387695	0.0036569163646594724	0.9249665029030817	0.07503349709691831	0.6677009600438841	0.01872806776674619	17.27580285791845	16.58755163496849	0.6133333333333333	0.1601642710472279	0.8085501858736059	0.6267535732893122	0.37324642671068775	62.67535732893123	37.32464267106877	high
52.75	264	160.91748622861303	5.603846444201719	8.084641474953072	271.46859057772264	0.003683667410184957	0.9245198749441715	0.07548012505582846	0.6923895394855433	0.037298009934530675	16.508892681454654	15.964072006028198	0.63	0.21560574948665298	0.8011152416356877	0.6428102165166281	0.35718978348337194	64.28102165166281	35.718978348337195	high
53.0	253	160.01766512831043	5.595818924025636	8.0730602114044	269.29809449597815	0.0037133571326288554	0.9240732469852613	0.07592675301473872	0.7629674200600345	0.07337904352939661	16.211370824424108	15.793904093263667	0.6766666666666666	0.27720739219712526	0.7955390334572491	0.6683715848265755	0.33162841517342445	66.83715848265756	33.16284151734244	high
53.25	258	159.5336914716007	5.585974088791753	8.058857116434108	266.6599066968664	0.00375009506448519	0.923626619026351	0.07637338097364899	0.8560821599588329	0.13661386582504037	16.420290878862478	16.096872208647742	0.74	0.33675564681724846	0.800185873605948	0.7001420348623868	0.2998579651376132	70.01420348623869	29.985796513761322	high
53.5	262	159.3315165454926	5.574365279664086	8.042109145074997	263.5822015475283	0.0037938828727010353	0.9231799910674409	0.07682000893255914	0.9439226988467613	0.23962303911305324	17.084256811487684	16.81092155446992	0.8166666666666667	0.4086242299794661	0.8057620817843866	0.7385582423744901	0.2614417576255099	73.85582423744901	26.144175762550994	high
53.75	256	159.21427659972807	5.562346015863615	8.024769012794922	260.43310038338024	0.003839757690277898	0.9227333631085306	0.0772666368914694	1.0012469370505193	0.39670425654850755	18.07959304379357	17.806569456146914	0.9033333333333333	0.486652977412731	0.8131970260223048	0.7814791749692249	0.21852082503077508	78.14791749692249	21.852082503077508	high
54.0	244	158.95768888204645	5.551545262978246	8.009186820169333	257.6353628565491	0.0038814547386369406	0.9205002233139794	0.0794997766860206	1.0091579004843623	0.6197120316289972	19.225945031254646	18.903542768125547	0.91	0.5667351129363449	0.8187732342007435	0.804002142612767	0.19599785738723297	80.4002142612767	19.5997857387233	high
54.25	244	158.3803195600873	5.543635614225993	7.997775609139283	255.6055955855482	0.003912277419863102	0.9187137114783386	0.08128628852166142	0.9624978996356971	0.915362702964605	20.323376856515605	19.90654419071925	0.8333333333333334	0.6960985626283368	0.8252788104089219	0.8183561044622327	0.18164389553776727	81.83561044622327	18.16438955377673	high
54.5	244	157.39904944736253	5.5396676747094755	7.992051082476256	254.59337758016838	0.003927831939324942	0.9173738276016079	0.0826261723983921	0.8681294967249961	1.2807813656297635	21.196587505438558	20.649818869135302	0.7466666666666667	0.8336755646817249	0.8336431226765799	0.8328397954066449	0.16716020459335512	83.28397954066449	16.71602045933551	high
54.75	248	156.0647887007828	5.540038680138366	7.992586330168659	254.6878506293336	0.0039263749626415245	0.9178204555605181	0.08217954443948194	0.7439025158126988	1.7014255001484464	21.731319306677868	21.03451854729626	0.6666666666666666	0.8891170431211499	0.8410780669144982	0.8286705580657081	0.1713294419342919	82.86705580657082	17.13294419342919	high
55.0	246	154.54580846061424	5.543696546422762	7.997863515717392	255.62117067050096	0.003912039043468012	0.9191603394372487	0.08083966056275127	0.6132949438140755	2.1516417945673156	21.9019566338988	21.052960509677416	0.5733333333333334	0.9363449691991786	0.8447955390334573	0.8184085452508045	0.18159145474919547	81.84085452508046	18.159145474919548	high
55.25	248	153.1012552762561	5.5490756460296975	8.005623916044765	256.99988721158553	0.003891052291305909	0.919606967396159	0.08039303260384101	0.5011334037981001	2.5982314334821024	21.77620680519024	20.790598819285744	0.52	0.9630390143737166	0.8420074349442379	0.8111633541785284	0.18883664582147164	81.11633541785284	18.883664582147162	high
55.5	242	152.01055420715818	5.554212964196055	8.013035499486838	258.3235745912879	0.0038711139762686044	0.9209468512728897	0.07905314872711033	0.4269099682610803	3.005993543744828	21.509018861014084	20.414899222582807	0.48	0.9691991786447639	0.837360594795539	0.8018766561782982	0.19812334382170183	80.18766561782982	19.81233438217018	high
55.75	251	151.49355198154706	5.556912454260095	8.016930040415158	259.02185859552276	0.003860678034750559	0.9218401071907102	0.07815989280928981	0.40343500561299245	3.3433711761427123	21.301540819803435	20.12968058591931	0.4633333333333333	0.9753593429158111	0.8345724907063197	0.7987763185365435	0.20122368146345648	79.87763185365435	20.12236814634565	high
56.0	255	151.6624167831981	5.555992657900067	8.015603054767917	258.7837207687612	0.003864230705970721	0.9213934792317999	0.07860652076820007	0.4346711224832085	3.58643194476037	21.350552128848754	20.123074587905805	0.48333333333333334	0.9815195071868583	0.8364312267657993	0.8056693866294478	0.19433061337055224	80.56693866294478	19.433061337055225	high
56.25	253	152.48110666595267	5.551277060873207	8.008799886322436	257.566273775231	0.003882495892582057	0.9200535953550693	0.07994640464493075	0.5153361410093998	3.7204183659641887	21.800304549093312	20.521800129205193	0.53	0.9876796714579056	0.8429368029739777	0.8201675174467382	0.17983248255326179	82.01675174467383	17.983248255326178	high
56.5	249	153.7597918517489	5.54322747273909	7.997186785440146	255.50129362413182	0.003913874508483315	0.9182670835194283	0.08173291648057168	0.6314398607090531	3.7393493459325873	22.697505323357817	21.35154824145295	0.5866666666666667	0.9897330595482546	0.8531598513011153	0.8369566652588661	0.16304333474113386	83.69566652588661	16.304333474113385	high
56.75	244	155.1949986553401	5.53313461127318	7.982625864254899	252.9355242211122	0.003953576719123946	0.9169271996426976	0.08307280035730236	0.7619820740815575	3.6448624815895654	23.975888194809045	22.52968378375454	0.6733333333333333	0.9856262833675564	0.862453531598513	0.8595850869855252	0.14041491301447484	85.95850869855252	14.041491301447484	high
57.0	246	156.41479172821965	5.522222858794093	7.9668835330659125	250.19055782064427	0.0039969533970857386	0.9164805716837874	0.08351942831621262	0.8821612774028382	3.4453099780079635	25.467638231596435	23.883279296339957	0.7566666666666667	0.9794661190965093	0.8838289962825279	0.8841105884323728	0.11588941156762722	88.41105884323727	11.588941156762722	high
57.25	233	157.05955418949378	5.512004246666505	7.952141192024674	247.64697562559624	0.004038006107176712	0.9160339437248772	0.08396605627512277	0.9680090698341887	3.1553496815944473	26.930622321271443	25.179115642706748	0.8366666666666667	0.973305954825462	0.9098513011152416	0.9089644665830618	0.09103553341693815	90.89644665830619	9.103553341693814	high
57.5	232	156.84997781537368	5.503664500457735	7.940109481527009	245.5902509012746	0.0040718228689052985	0.9151406878070567	0.08485931219294329	1.0015530397206145	2.7955390008336116	28.105137600113924	26.17822251399407	0.9066666666666666	0.9650924024640657	0.9312267657992565	0.9295316306842614	0.07046836931573863	92.95316306842614	7.046836931573863	high
57.75	240	155.65462526047193	5.498024564497435	7.931972773886152	244.2090362560292	0.004094852571104692	0.9146940598481464	0.08530594015185355	0.9749576703205388	2.3912187253100243	28.764130769098955	26.6798490756172	0.8433333333333334	0.9527720739219713	0.9386617100371747	0.9123652942851564	0.08763470571484355	91.23652942851564	8.763470571484355	high
58.0	246	153.51943607164634	5.494913822321324	7.927484921575194	243.45054525377756	0.0041076104346267975	0.9142474318892363	0.0857525681107637	0.8918572250262078	1.9703049484426658	28.764858617278772	26.564931936690073	0.7633333333333333	0.9260780287474333	0.9395910780669146	0.8858124680092294	0.11418753199077059	88.58124680092294	11.41875319907706	high
58.25	240	150.6529112029219	5.492747718307255	7.924359894056046	242.92377677410192	0.004116517589506742	0.913800803930326	0.08619919606967397	0.7669700314193679	1.5601877092181977	28.0741268912138	25.816382354713507	0.68	0.8706365503080082	0.9284386617100372	0.8482190039870929	0.15178099601290707	84.82190039870929	15.178099601290707	high
58.5	233	147.38364938650594	5.489602471194133	7.919822261643575	242.16092177911338	0.004129485437423913	0.9133541759714158	0.08664582402858423	0.6196094735062244	1.1844071851811542	26.77157011739178	24.518300466454285	0.5766666666666667	0.8193018480492813	0.9052044609665427	0.8036317879134766	0.19636821208652344	80.36317879134765	19.636821208652343	high
58.75	229	144.05745029580166	5.483145176095515	7.910506354027242	240.60225504728558	0.004156237021982483	0.9129075480125056	0.08709245198749438	0.47023429389241955	0.8599400500329074	25.024812481888063	22.833284092353743	0.5	0.6694045174537988	0.8773234200743495	0.7399088713851635	0.2600911286148365	73.99088713851634	26.00911286148365	high
59.0	227	140.96678608259032	5.472461356592024	7.895092860611803	238.04538686220303	0.0042008795599087516	0.9124609200535954	0.08753907994640464	0.33524873140870903	0.5957639162730589	23.049589595110557	20.966099373280738	0.42333333333333334	0.5626283367556468	0.8568773234200744	0.6888249783906625	0.3111750216093375	68.88249783906625	31.117502160933753	high
59.25	226	138.29553672106138	5.458341616271943	7.874722381273381	234.70786573029525	0.004260615624825749	0.9120142920946851	0.0879857079053149	0.22453114052429615	0.3929786992750571	21.057726040205484	19.11547279877345	0.3466666666666667	0.4804928131416838	0.8308550185873605	0.642507197622599	0.357492802377401	64.2507197622599	35.7492802377401	high
59.5	230	136.13398335468062	5.443845991214293	7.8538096148881245	231.33016857053647	0.0043228257091555405	0.9111210361768647	0.08887896382313532	0.14126761611926691	0.2463052141954603	19.218098649922425	17.437163894434864	0.29	0.4127310061601643	0.8178438661710037	0.6079239771270082	0.3920760228729918	60.79239771270082	39.20760228729918	high
59.75	220	134.4986621875272	5.4319492117982175	7.836646190222003	228.59439032484394	0.004374560541835478	0.9106744082179544	0.08932559178204558	0.08349591830930739	0.14606922869105682	17.631012490170228	16.018640568458693	0.22666666666666666	0.3490759753593429	0.8113382899628253	0.5744388350516973	0.42556116494830265	57.44388350516974	42.55611649483026	elevated
60.0	215	133.38152039926956	5.42422422945152	7.825501396499466	226.83530589095267	0.004408484808272013	0.9079946404644931	0.09200535953550693	0.04636011124870368	0.08285615379452171	16.33193366601175	14.881076589554496	0.19	0.2874743326488706	0.7983271375464684	0.5459490276649581	0.4540509723350419	54.594902766495814	45.405097233504186	elevated
60.25	207	132.7868615161978	5.420721517977023	7.8204480520255455	226.0421571586978	0.004423953534021215	0.9066547565877624	0.0933452434122376	0.02418133581147727	0.04525219107484769	15.303773386226984	13.993575891080035	0.15666666666666668	0.23203285420944558	0.7890334572490706	0.5210969336782363	0.4789030663217637	52.10969336782363	47.89030663217637	elevated
60.5	209	132.73429899538107	5.420631908569419	7.820318772977578	226.0219025624159	0.0044243499796390315	0.9062081286288521	0.09379187137114786	0.01184875451856374	0.025449737067622703	14.504782766442233	13.301752007274306	0.12333333333333334	0.18275154004106775	0.7853159851301115	0.49940224678334116	0.5005977532166588	49.94022467833412	50.05977532166588	elevated
60.75	215	133.22152328761595	5.422196101824758	7.822575426830047	226.37572114614338	0.004417434850950386	0.9075480125055828	0.09245198749441719	0.005454082594448296	0.017833041293364583	13.880537570278928	12.744005409143817	0.08666666666666667	0.15605749486652978	0.7825278810408922	0.4832000137699179	0.516799986230082	48.32000137699179	51.6799986230082	elevated
61.0	218	134.21525128840233	5.424408684510459	7.825767508898265	226.87715066979214	0.004407671715938675	0.9084412684234033	0.09155873157659666	0.0023584534776228093	0.020677785830924424	13.384844415181227	12.275976795770283	0.056666666666666664	0.16837782340862423	0.7797397769516728	0.4783063838625917	0.5216936161374083	47.830638386259174	52.169361613740826	elevated
61.25	225	135.63326124425808	5.4267612960265765	7.829161609865706	227.4115328175253	0.0043973143648893065	0.9088878963823135	0.09111210361768651	0.0009580529493087744	0.03413910039343223	12.97981983403891	11.871837178782634	0.03	0.2053388090349076	0.7741635687732342	0.4795975685476138	0.5204024314523862	47.95975685476138	52.04024314523862	elevated
61.5	224	137.34406966463013	5.428765629338316	7.832053251594841	227.86779842965962	0.004388509508107129	0.909781152300134	0.09021884769986599	0.0003656017832332234	0.060938032535351426	12.63795168017045	11.523967360610056	0.0033333333333333335	0.2587268993839836	0.7713754646840149	0.4858042124253664	0.5141957875746336	48.580421242536644	51.419578757463356	elevated
61.75	223	139.16385185628232	5.429093953162673	7.832526922748047	227.94262513971154	0.004387068892389372	0.9102277802590442	0.08977221974095584	0.0	0.10551080913963974	12.340212761595904	11.235820167021714	0.0	0.3141683778234086	0.7685873605947955	0.49824587966931205	0.5017541203306879	49.824587966931205	50.17541203306879	elevated
62.0	221	140.87937943514225	5.4268821826358105	7.829336012377357	227.4390254883427	0.00439678282059494	0.9093345243412237	0.09066547565877625	0.0	0.17377628854312682	12.076765219345996	11.01461897891499	0.0	0.3675564681724846	0.7648698884758365	0.5104402202473862	0.4895597797526138	51.044022024738624	48.955977975261376	elevated
62.25	219	142.23306010610168	5.421055215654679	7.820929476010256	226.11759948835893	0.004422477517286231	0.9071013845466727	0.09289861545332734	0.0	0.26886896553932904	11.841544632957696	10.863090440987785	0.0	0.4271047227926078	0.7592936802973977	0.5233749469091695	0.4766250530908305	52.337494690916955	47.662505309083045	elevated
62.5	223	142.95356027248897	5.411799048175819	7.807575649090867	224.03427379767018	0.004463602747243576	0.9053148727110317	0.09468512728896827	0.0	0.390793588509245	11.627723297412832	10.771322862484364	0.0	0.4784394250513347	0.7565055762081785	0.5350649684926363	0.4649350315073637	53.50649684926363	46.49350315073637	elevated
62.75	219	142.7825433445347	5.400170508573543	7.790799212673883	221.44417111506394	0.00451581089249079	0.9048682447521215	0.09513175524787854	0.0	0.5335938046017616	11.431635903106677	10.72242414137284	0.0	0.5338809034907598	0.7537174721189591	0.54811665509046	0.45188334490953996	54.811665509046	45.188334490954	elevated
63.0	213	141.53313930412364	5.387819421998383	7.772980361322309	218.72591624226845	0.004571931928232798	0.9044216167932112	0.0955783832067888	0.0	0.684432654837261	11.244290283110287	10.69044162251485	0.0	0.5954825462012321	0.7490706319702602	0.5622436987411759	0.43775630125882414	56.224369874117585	43.775630125882415	elevated
63.25	211	139.16314285441734	5.377062662619515	7.757461637910381	216.38574309571027	0.0046213765550981185	0.9035283608753908	0.09647163912460921	0.0	0.8247213931012102	11.063491438294793	10.656279610177705	0.0	0.6550308008213552	0.7434944237918215	0.5755133963721419	0.42448660362785806	57.55133963721419	42.44866036278581	elevated
63.5	209	135.79855336353887	5.3690197428090025	7.745858157385486	214.65235003077885	0.004658695792785919	0.9030817329164805	0.09691826708351947	0.0	0.9335560406072354	10.889993186309209	10.60837799183966	0.0	0.7104722792607803	0.7397769516728625	0.5883327409625307	0.41166725903746926	58.83327409625308	41.16672590374692	elevated
63.75	207	131.73919336085478	5.363443683204352	7.737813603846155	213.45876657160161	0.004684745518121246	0.9021884769986601	0.09781152300133988	0.0	0.9927276573763391	10.733130169596159	10.550275949790773	0.0	0.757700205338809	0.7351301115241635	0.5987546984654082	0.4012453015345918	59.87546984654082	40.12453015345918	high
64.0	205	127.40449788699314	5.358410190381225	7.730551808711879	212.38702297170053	0.004708385597237006	0.9017418490397499	0.09825815096025015	0.0	0.991691165752958	10.616412290026195	10.504626031462086	0.0	0.75564681724846	0.7314126394052045	0.5972003264233536	0.40279967357664637	59.72003264233536	40.27996735766464	elevated
64.25	206	123.25199137461115	5.35132114366094	7.720324476163894	210.88672556533905	0.004741882151753406	0.9012952210808397	0.0987047789191603	0.0	0.9306349582331875	10.563993213997431	10.499794186517647	0.0	0.7084188911704312	0.7295539033457249	0.584817003899249	0.41518299610075104	58.481700389924896	41.518299610075104	elevated
64.5	202	119.66315483284706	5.33917120750914	7.702795823530575	208.33996811415656	0.004799847139517973	0.9004019651630192	0.09959803483698082	0.0	0.8204249797300801	10.60112324400335	10.566487456019852	0.0	0.6529774127310062	0.7304832713754646	0.5709656623173726	0.42903433768262744	57.096566231737256	42.903433768262744	elevated
64.75	200	116.88015980294043	5.32106186226583	7.676669560954305	204.60102479246936	0.004887561052122387	0.8995087092451988	0.10049129075480123	0.0	0.6794460568918645	10.742007480963968	10.724453392173483	0.0	0.5934291581108829	0.7360594795539034	0.5572493367274962	0.4427506632725038	55.72493367274962	44.27506632725038	elevated
65.0	189	114.96755898744848	5.298683958836554	7.6443850706513965	200.07333189833636	0.004998167374491129	0.8981688253684681	0.1018311746315319	0.0	0.5286006405563333	10.981237445870388	10.9728797203571	0.0	0.5318275154004107	0.741635687732342	0.5429080071253052	0.4570919928746948	54.29080071253052	45.70919928746948	elevated
65.25	182	113.82959106273506	5.275547946975725	7.611006861073831	195.4975694711933	0.005115153107554878	0.8968289414917374	0.10317105850826258	0.0	0.38632870867888375	11.291814533273392	11.28807640231678	0.0	0.47638603696098564	0.75	0.5308037446131808	0.4691962553868192	53.08037446131808	46.91962553868192	elevated
65.5	184	113.28072957459625	5.25594390868917	7.582724212256421	191.7023499952263	0.005216420143127622	0.8959356855739169	0.1040643144260831	0.0	0.26524235466967927	11.623111940171789	11.621541297057707	0.0	0.42505133470225875	0.7555762081784386	0.5191408071136535	0.4808591928863465	51.91408071136535	48.08591928863465	elevated
65.75	182	113.11543364655769	5.242668370248397	7.563571658782787	189.17421637593137	0.005286132640892123	0.8954890576150067	0.10451094238499326	0.00048406401935176117	0.17144882170056475	11.907795112197263	11.907175161557694	0.01	0.36344969199178645	0.7602230483271375	0.5072904494834827	0.4927095505165173	50.72904494834827	49.27095505165173	elevated
66.0	177	113.16407001924779	5.235769742465536	7.553619042691514	187.87366503871448	0.005322725778484885	0.8950424296560965	0.10495757034390352	0.0012461064939532297	0.10463298361721197	12.071257863406533	12.071257863406533	0.03666666666666667	0.31211498973305957	0.7639405204460966	0.5019411516254798	0.4980588483745202	50.19411516254798	49.80588483745202	elevated
66.25	182	113.32274059433412	5.233365847131213	7.55015095481387	187.42257881114955	0.005335536445732179	0.8941491737382761	0.10585082626172393	0.0030134508394709034	0.061405758759736424	12.053638123147929	12.053638123147929	0.06333333333333334	0.26078028747433263	0.7620817843866171	0.49508614473313983	0.5049138552668602	49.50861447331398	50.49138552668602	elevated
66.5	178	113.53385979078092	5.232389785258045	7.54874279518985	187.23973202720478	0.005340746801831067	0.8937025457793658	0.10629745422063419	0.0068458859141905535	0.037105587198041204	11.819236273756031	11.819236273756031	0.09666666666666666	0.2135523613963039	0.758364312267658	0.4905714715274986	0.5094285284725014	49.057147152749856	50.942852847250144	elevated
66.75	180	113.75605230620675	5.230453781829363	7.5459497326441465	186.87758593516614	0.005351096521264633	0.8932559178204555	0.10674408217954445	0.014610053247888161	0.027904918307676177	11.370051760852164	11.370051760852164	0.13	0.19301848049281314	0.7527881040892194	0.49226562560062204	0.507734374399378	49.226562560062206	50.773437439937794	elevated
67.0	184	113.93304961423968	5.226673377369224	7.540495761876949	186.17244677120573	0.005371364116135495	0.8928092898615453	0.10719071013845471	0.02929075289552474	0.032051140740891666	10.745600211658658	10.745600211658658	0.16333333333333333	0.20123203285420946	0.7369888475836431	0.49859087590818285	0.5014091240918171	49.859087590818284	50.140912409181716	elevated
67.25	181	113.9911107153984	5.221937819064502	7.533663795394887	185.29290050977835	0.005396860847063202	0.8923626619026351	0.10763733809736487	0.05516528499211689	0.05035761000519811	10.016325536076115	10.016325536076115	0.19666666666666666	0.24435318275154005	0.7202602230483272	0.5134106835922922	0.48658931640770775	51.341068359229226	48.658931640770774	elevated
67.5	180	113.8635685389472	5.21830510757705	7.52842290054696	184.62100599989844	0.005416501738705454	0.8910227780259045	0.10897722197409554	0.0976017921433773	0.08598112033497482	9.271531035476029	9.271085107009679	0.23666666666666666	0.29568788501026694	0.7091078066914498	0.533121284098572	0.46687871590142804	53.312128409857195	46.687871590142805	elevated
67.75	183	113.5071927862517	5.2166069018272525	7.525972907533317	184.30774760985943	0.005425707887857155	0.8896828941491738	0.11031710585082621	0.16222071567290888	0.14346577512324424	8.599322306326611	8.59816834386246	0.30333333333333334	0.34496919917864477	0.7007434944237918	0.5596822302712359	0.44031776972876413	55.968223027123585	44.031776972876415	elevated
68.0	180	112.9473950567292	5.217207493426432	7.526839378055053	184.418474542242	0.005422450231638506	0.8901295221080839	0.10987047789191606	0.25328614192260834	0.22683145003892136	8.08427401626712	8.081468745650525	0.36333333333333334	0.39630390143737165	0.6821561338289963	0.5829807226769463	0.41701927732305366	58.298072267694636	41.701927732305364	elevated
68.25	179	112.26428332763294	5.21899380997684	7.5294164880837835	184.74819872372174	0.00541277266521787	0.8914694059848146	0.10853059401518539	0.371512250866746	0.33892821098779485	7.793162047507058	7.786010965740029	0.44333333333333336	0.45585215605749485	0.6775092936802974	0.617041047263985	0.382958952736015	61.7041047263985	38.2958952736015	high
68.5	178	111.56148500362207	5.219740206516098	7.530493310669509	184.88614561502027	0.00540873409780662	0.8919160339437249	0.10808396605627513	0.5119074440586897	0.47551489958759696	7.765080868121986	7.749472812311538	0.5233333333333333	0.5133470225872689	0.6765799256505576	0.6512940788787211	0.34870592112127885	65.12940788787212	34.87059211212789	high
68.75	176	110.936402078757	5.218013991101878	7.528002908251907	184.56726760583442	0.005418078801142682	0.8905761500669942	0.1094238499330058	0.6626227544121976	0.6279522403348579	8.012693035759915	7.980610347015904	0.6066666666666667	0.5749486652977412	0.6802973977695167	0.6881222199502297	0.3118777800497703	68.81222199502297	31.18777800497703	high
69.0	180	110.43610987735255	5.213163378680569	7.521004953766411	183.6741711085967	0.005444423644132051	0.8892362661902635	0.11076373380973648	0.8057454110086483	0.7809374547457693	8.517528110462813	8.455402618084841	0.7033333333333334	0.6344969199178645	0.6970260223048327	0.7310231354365735	0.2689768645634265	73.10231354365735	26.89768645634265	high
69.25	180	110.0560134137133	5.206188285481074	7.510942021397761	182.39748432751816	0.0054825317557799826	0.8887896382313533	0.11121036176864674	0.9204197540336662	0.9168933411909377	9.236384530213918	9.12301751632587	0.7833333333333333	0.7002053388090349	0.70817843866171	0.7701266872588579	0.2298733127411421	77.01266872588579	22.987331274114208	high
69.5	179	109.7533858392204	5.199110283727162	7.500730623367988	181.1110327375719	0.005521474781986309	0.8878963823135329	0.11210361768646715	0.9877126500102617	1.0203338682850067	10.109653388782156	9.914638083455419	0.8633333333333333	0.7905544147843943	0.7221189591078067	0.8159757723847667	0.1840242276152333	81.59757723847667	18.40242276152333	high
69.75	172	109.47259735911472	5.19367391402512	7.492887599758413	180.12911765150525	0.005551573299407896	0.8874497543546226	0.11255024564537741	0.9957077694585464	1.0835366835560598	11.078194980732146	10.761845205476773	0.89	0.8028747433264887	0.7444237918215614	0.8311870723756682	0.16881292762433175	83.11870723756682	16.881292762433176	high
70.0	170	109.17378625054457	5.1904925296187105	7.488297832252125	179.55696828158034	0.005569263112260868	0.8870031263957123	0.11299687360428767	0.9429524011466855	1.110448717031729	12.090261525715295	11.606160211674961	0.8133333333333334	0.8090349075975359	0.7657992565055762	0.8187926559580394	0.1812073440419606	81.87926559580394	18.12073440419606	high
70.25	170	108.85200353445987	5.18917435029347	7.486396101476599	179.3204359285673	0.005576609240445703	0.8865564984368022	0.11344350156319782	0.8388884991984211	1.1170240877762758	13.109979065773643	12.410901134757195	0.7333333333333333	0.811088295687885	0.7769516728624535	0.8019824500801185	0.19801754991988152	80.19824500801185	19.80175499198815	high
70.5	175	108.52623072304728	5.188160387967967	7.484933263057947	179.13870391262185	0.00558226657979935	0.8861098704778919	0.11389012952210809	0.7014735685226083	1.1272367434635715	14.110665840914713	13.157313907632506	0.64	0.813141683778234	0.783457249070632	0.7806772008316895	0.21932279916831054	78.06772008316895	21.932279916831053	high
70.75	178	108.21862663447328	5.185459417825597	7.48103658682796	178.65550846400302	0.005597364495489308	0.8856632425189817	0.11433675748101835	0.5514271478349584	1.1656807120302304	15.060819263670993	13.833143606477385	0.5533333333333333	0.8172484599589322	0.7881040892193308	0.7610872812576445	0.23891271874235553	76.10872812576444	23.891271874235553	high
71.0	175	107.9318855454635	5.179660211172126	7.472670100147908	177.62244661543508	0.005629919073038496	0.8852166145600715	0.1147833854399285	0.4084093055603372	1.2491013262191657	15.92084427639951	14.426988922324309	0.47	0.8295687885010267	0.7946096654275093	0.7448487671221519	0.25515123287784813	74.48487671221518	25.515123287784814	high
71.25	173	107.62303432366869	5.17001412363208	7.458753737489902	175.91732205805286	0.005684488533028028	0.8847699866011612	0.11523001339883876	0.2869138561883008	1.3797646684736846	16.632862066353187	14.914158522916967	0.39666666666666667	0.8480492813141683	0.8029739776951673	0.7331149780692908	0.2668850219307092	73.31149780692908	26.688502193070917	high
71.5	168	107.201571149553	5.156799492788037	7.439689055104024	173.60793206273513	0.0057601054751267875	0.8838767306833408	0.11612326931665917	0.19529603155835945	1.5430407275888962	17.130835474464497	15.259390250043875	0.33	0.86652977412731	0.8066914498141264	0.7217744886561943	0.2782255113438057	72.17744886561943	27.822551134380568	high
71.75	163	106.54653523150509	5.141304494482693	7.41733449789032	170.93861141639962	0.005850053371289182	0.8834301027244306	0.11656989727556943	0.13681759127837986	1.71017527280236	17.354025884613975	15.422303545375181	0.2833333333333333	0.891170431211499	0.8094795539033457	0.7168533552931522	0.2831466447068478	71.68533552931522	28.314664470684782	high
72.0	162	105.53725111842394	5.125240311006247	7.394158780052922	168.21456060541576	0.005944788586677225	0.88253684680661	0.11746315319338996	0.11187032943227504	1.8454900188347296	17.265793172530348	15.370067843348615	0.2633333333333333	0.9075975359342916	0.8076208178438662	0.7152721334795253	0.28472786652047466	71.52721334795254	28.472786652047468	high
72.25	163	104.0912360341415	5.109994058092441	7.372163086582034	165.66937047872028	0.006036118789552875	0.8820902188476999	0.11790978115230011	0.1201518838414016	1.9157925081656397	16.869391435783445	15.091223809337176	0.26666666666666666	0.9158110882956879	0.8048327137546468	0.7173501718911753	0.28264982810882466	71.73501718911753	28.264982810882465	high
72.5	161	102.20486303628964	5.096836874705101	7.353181283357053	163.50390514076986	0.006116061871054656	0.8816435908887896	0.11835640911121037	0.16179616287295273	1.8994482941581934	16.213916489211243	14.604459929044806	0.3	0.9137577002053389	0.7964684014869888	0.7229674231452794	0.2770325768547206	72.29674231452793	27.70325768547206	high
72.75	158	99.94191535800798	5.08478038456627	7.335787444823234	161.544457685453	0.006190246414687425	0.8807503349709692	0.11924966502903078	0.2369838953491834	1.7913797858977374	15.381714883794105	13.95404545792788	0.35	0.8993839835728953	0.7899628252788105	0.7300242859556687	0.2699757140443313	73.00242859556687	26.99757140443313	high
73.0	152	97.43823756278135	5.07243447614909	7.317976063974499	159.56230551694856	0.0062671443406399074	0.880303707012059	0.11969629298794104	0.34419396491280374	1.6037787372449899	14.475030055661279	13.206217363573314	0.43	0.8788501026694046	0.7843866171003717	0.7433851066954588	0.25661489330454124	74.33851066954588	25.661489330454124	high
73.25	153	94.8576485493463	5.058079450479859	7.297266139629666	157.28814638402548	0.006357758184513528	0.8794104510942385	0.12058954890576146	0.47785550321772646	1.36332195828723	13.588722085532963	12.429761869740684	0.5033333333333333	0.8439425051334702	0.7806691449814126	0.7518388586356137	0.24816114136438627	75.18388586356137	24.816114136438628	high
73.5	150	92.34686084605855	5.040278283010467	7.271584483599541	154.51300738844375	0.00647194703476331	0.8789638231353283	0.12103617686467172	0.6265619911660738	1.1040879121540854	12.792394030386019	11.6838544320893	0.5833333333333334	0.8069815195071869	0.7723048327137546	0.7603958771724008	0.23960412282759924	76.03958771724008	23.960412282759926	high
73.75	149	90.00997713025947	5.019135659684228	7.2410821257753915	151.28048944212313	0.006610237735795929	0.8780705672175079	0.12192943278249213	0.7727860229307368	0.8605520200263822	12.119068062964766	11.006456559977163	0.6833333333333333	0.6714579055441479	0.7676579925650557	0.7501299496650112	0.24987005033498877	75.01299496650113	24.98700503349888	high
74.0	147	87.89692808592511	4.996268708629335	7.208092088888248	147.86041822265784	0.006763135205624367	0.8776239392585976	0.12237606074140239	0.8962766186180169	0.6642606881700152	11.569871160408404	10.41398376181578	0.7666666666666667	0.5872689938398358	0.7546468401486989	0.7465516099784497	0.2534483900215503	74.65516099784497	25.344839002155027	high
74.25	139	86.00427039324221	4.973181243143447	7.174783916925062	144.48580149050923	0.006921095288838375	0.8767306833407771	0.12326931665922292	0.9765207373189776	0.5371122163520485	11.126712492006341	9.906042759805505	0.8533333333333334	0.5379876796714579	0.7462825278810409	0.7535835560566524	0.2464164439433476	75.35835560566524	24.64164439433476	high
74.5	138	84.32488281961923	4.952926538693185	7.145562555259996	141.588723061661	0.0070627093625564115	0.8762840553818669	0.12371594461813307	0.9994877337360611	0.4947300391828929	10.774782190178438	9.480207725348683	0.8966666666666666	0.5236139630390144	0.7379182156133829	0.7586207251752327	0.2413792748247673	75.86207251752327	24.13792748247673	high
74.75	131	82.8425693051119	4.9365831719790565	7.121984061150094	139.29349361518013	0.007179086216063006	0.8758374274229567	0.12416257257704333	0.9610147682759015	0.5450789939684828	10.511625400702066	9.136781995365407	0.8266666666666667	0.5420944558521561	0.7286245353159851	0.7433057713144412	0.2566942286855588	74.33057713144412	25.66942286855588	high
75.0	126	81.57502631835517	4.925540995621306	7.106053568078146	137.76385112662288	0.007258798239320924	0.8736042876284056	0.12639571237159442	0.8680390233836266	0.6885722117823361	10.351981395088771	8.884671347690912	0.7433333333333333	0.5995893223819302	0.724907063197026	0.7353585016351738	0.2646414983648262	73.53585016351738	26.46414983648262	high
75.25	127	80.56024819604627	4.919679596908015	7.097597357221808	136.95872415705983	0.007301469885578318	0.8722644037516748	0.1277355962483252	0.7365547464938029	0.9169127554528317	10.317131079988407	8.736798758013819	0.66	0.702258726899384	0.7239776951672863	0.7396252064545863	0.2603747935454137	73.96252064545862	26.03747935454137	high
75.5	130	79.85939999073908	4.918308701892689	7.095619573781619	136.7710967629221	0.007311486298405516	0.8713711478338544	0.1286288521661456	0.5871207240533961	1.21156364966753	10.416282705453888	8.700157586999335	0.56	0.8213552361396304	0.7267657992565055	0.7448730458074977	0.2551269541925023	74.48730458074976	25.51269541925023	high
75.75	132	79.54520449807362	4.9205455689920345	7.098846690852971	137.077377956867	0.0072951497534090685	0.8727110317105851	0.12728896828941494	0.4396492968419448	1.5434194552429388	10.635652585581166	8.770442778402158	0.4866666666666667	0.8685831622176592	0.7323420074349443	0.7400757170074639	0.2599242829925361	74.00757170074638	25.99242829925361	high
76.0	138	79.67259871077819	4.924329250155376	7.1043053889036285	137.59701750500722	0.0072675993864736894	0.8731576596694953	0.12684234033050468	0.30927295963176277	1.8751947746488076	10.922399023149836	8.919514994093698	0.4066666666666667	0.9096509240246407	0.7407063197026023	0.7325453925158512	0.26745460748414884	73.25453925158511	26.745460748414885	high
76.25	131	80.26360568427268	4.927628597258691	7.109065340607753	138.051747569794	0.007243660566444014	0.874497543546226	0.125502456453774	0.20437798488055883	2.166771023588116	11.19637037534993	9.100338045194832	0.3333333333333333	0.9383983572895277	0.7481412639405205	0.7235926245274019	0.2764073754725981	72.3592624527402	27.640737547259807	high
76.5	133	81.27687845116999	4.928241366792446	7.109949380175309	138.1363673983651	0.007239223231606678	0.8749441715051363	0.12505582849486374	0.12687699089612256	2.3832067114914226	11.367545159508333	9.25429632279608	0.2733333333333333	0.9507186858316222	0.7518587360594795	0.7127137316823928	0.2872862683176072	71.27137316823928	28.728626831760717	high
76.75	130	82.60308286747679	4.9256296163051925	7.1061814206993095	137.7760603943134	0.007258154988159861	0.8740509155873157	0.12594908441268426	0.07399258877245272	2.5003235896916634	11.358513314248624	9.323642780054861	0.21666666666666667	0.9568788501026694	0.7509293680297398	0.6996314500965979	0.3003685499034021	69.96314500965978	30.03685499034021	high
77.0	137	84.04760754170005	4.919461586028563	7.097282834007162	136.9288689196592	0.007303061858976822	0.8718177757927646	0.12818222420723535	0.04053686599163175	2.5099368935249053	11.125441829288564	9.265218102051287	0.18333333333333332	0.9589322381930184	0.7453531598513011	0.6898591267926044	0.3101408732073956	68.98591267926044	31.01408732073956	high
77.25	135	85.37370648221071	4.91170743248936	7.086095955149863	135.87120738057698	0.007359911045752227	0.8709245198749441	0.12907548012505587	0.02086261343967425	2.4179032720121296	10.67131442299047	9.061463582671426	0.15	0.9548254620123203	0.733271375464684	0.6772553393379871	0.3227446606620129	67.72553393379872	32.27446606620129	high
77.5	128	86.32984572002839	4.9042300341321905	7.075308349621223	134.85903316862695	0.00741515029808649	0.8700312639571237	0.1299687360428763	0.010572253421277433	2.242095667096762	10.042900811800322	8.725658389687064	0.12	0.944558521560575	0.7211895910780669	0.6639448441489414	0.3360551558510586	66.39448441489414	33.60551558510586	high
77.75	127	86.71578075677942	4.899059122010054	7.067848300345744	134.16348880842483	0.007453592694119063	0.8682447521214828	0.13175524787851722	0.005831150252575246	2.007045460758919	9.31853693820933	8.296168054436716	0.09	0.9301848049281314	0.7100371747211895	0.6496166829427009	0.3503833170572991	64.9616682942701	35.03833170572991	high
78.0	128	86.43217455255194	4.897631555924832	7.065788757834053	133.97209820579718	0.007464240788883371	0.8677981241625726	0.13220187583742737	0.0049768240992632655	1.7398556605169642	8.592397148240762	7.830863750872652	0.08333333333333333	0.8952772073921971	0.699814126394052	0.6365556978205388	0.3634443021794612	63.65556978205388	36.34443021794612	high
78.25	135	85.49590190407405	4.899259994217836	7.0681380976837636	134.19044123153125	0.007452095624863525	0.868691380080393	0.13130861991960696	0.007647740877909033	1.4675881617823638	7.951652064032288	7.389510699692444	0.10666666666666667	0.8603696098562629	0.679368029739777	0.6287739215857749	0.37122607841422506	62.87739215857749	37.12260784142251	high
78.5	127	84.04630457049547	4.90244100182208	7.072727321579436	134.61798168971328	0.0074284281152345805	0.8691380080393033	0.1308619919606967	0.014646226190871246	1.2157165504323488	7.469142668350895	7.028147918430636	0.13333333333333333	0.8234086242299795	0.6719330855018587	0.6244532627761187	0.3755467372238813	62.44532627761187	37.55467372238813	high
78.75	134	82.29912256139784	4.904517447805887	7.075722999902949	134.8977990694392	0.007413019388739218	0.870477891916034	0.12952210808396603	0.029357029524268073	1.0066206793198085	7.192377947446886	6.785204543703099	0.16666666666666666	0.7823408624229979	0.6644981412639405	0.6209958905674098	0.3790041094325902	62.09958905674098	37.90041094325902	high
79.0	132	80.49265521683616	4.902680050017287	7.073072195225196	134.65016572189282	0.007426652575128689	0.8695846359982135	0.13041536400178655	0.05527835074176221	0.8573882102013601	7.140736018945098	6.678999602503657	0.2	0.6652977412731006	0.6635687732342007	0.5996127876263787	0.4003872123736213	59.96127876263787	40.03872123736213	high
79.25	134	78.82734980041823	4.8946851388652295	7.061537976553774	133.57794149031997	0.007486265987056458	0.8673514962036624	0.13264850379633764	0.09778103718102034	0.7770312528402934	7.31204229900878	6.711424698159831	0.24	0.6324435318275154	0.6700743494423792	0.6024673443683892	0.3975326556316108	60.24673443683892	39.75326556316108	high
79.5	130	77.42986948673581	4.880241718895352	7.040700526189755	131.66248535026884	0.0075951779076602255	0.8669048682447521	0.1330951317552479	0.1624840729557658	0.7640311395896789	7.679042247864193	6.866327736569996	0.30666666666666664	0.6201232032854209	0.6747211895910781	0.6171039819469795	0.38289601805302054	61.710398194697945	38.289601805302055	high
79.75	122	76.33004446958786	4.8604928053967225	7.012208866622337	129.08780160028408	0.007746665351823602	0.8660116123269317	0.1339883876730683	0.2536433900619045	0.8054494843257054	8.18948427721088	7.111803165990862	0.36666666666666664	0.6447638603696099	0.6877323420074349	0.6412936203426608	0.3587063796573392	64.12936203426608	35.87063796573392	high
80.0	118	75.47222545303632	4.837597670219938	6.979178168642307	126.1658952873551	0.007926072237845281	0.8655649843680214	0.13443501563197857	0.3719571369517178	0.8785542382193654	8.76804543214567	7.403309012041775	0.44666666666666666	0.6817248459958932	0.7035315985130112	0.6743720238858981	0.3256279761141019	67.43720238858981	32.56279761141019	high
80.25	123	74.74768094131025	4.813982976756654	6.945109367490716	123.22142950448767	0.008115471505413597	0.8651183564091112	0.13488164359088883	0.5124114647522694	0.9551238200162888	9.320432248687952	7.6858463299330575	0.5266666666666666	0.7248459958932238	0.7109665427509294	0.7068993904299827	0.29310060957001727	70.68993904299828	29.310060957001728	high
80.5	117	74.02736563815269	4.79117076531924	6.912198303178248	120.44229581371636	0.008302731139787163	0.864671728450201	0.13532827154979898	0.6631341213591395	1.0072792737587442	9.750623941139793	7.905612149392273	0.61	0.784394250513347	0.7156133828996283	0.7436698404657941	0.2563301595342059	74.3669840465794	25.63301595342059	high
80.75	118	73.19656911653416	4.770046999152759	6.881723150484968	117.92478419537599	0.008479981598636764	0.8637784725323805	0.1362215274676195	0.806195754322812	1.0149824544709225	9.983085091179118	8.022236511152895	0.71	0.7885010266940452	0.7193308550185874	0.7704025885612532	0.2295974114387468	77.04025885612532	22.95974114387468	high
81.0	109	72.16427623712278	4.750159007841967	6.853030844047645	115.60266479610036	0.008650319625103773	0.8633318445734703	0.13666815542652966	0.9207383517218204	0.9690535333815731	9.98067046111905	8.019351016769813	0.7866666666666666	0.7330595482546202	0.7184014869888475	0.7753648866209012	0.2246351133790988	77.53648866209012	22.463511337909882	high
81.25	106	70.8773016562491	4.731073612094831	6.825496438249848	113.41726315272588	0.008816999918728563	0.8615453327378294	0.1384546672621706	0.9878444285683992	0.8733875887091642	9.758001107321645	7.912299107576272	0.8666666666666667	0.6796714579055442	0.716542750929368	0.781106552059852	0.21889344794014798	78.1106552059852	21.889344794014796	high
81.5	110	69.3341862375067	4.713963390687681	6.80081160667724	111.49317638511256	0.008969158763096535	0.8602054488610987	0.13979455113890127	0.9956288468257769	0.7415524998178558	9.382335226420885	7.748223085328518	0.8866666666666667	0.6160164271047228	0.7128252788104089	0.7689284553607243	0.2310715446392757	76.89284553607243	23.10715446392757	high
81.75	108	67.58389219067642	4.700547042305218	6.781455907399023	110.00733466093031	0.009090302961000248	0.8570790531487271	0.14292094685127288	0.9426771548702628	0.5940586033381828	8.951430898845793	7.5902831299017794	0.81	0.5585215605749486	0.7053903345724907	0.7327477370740416	0.2672522629259584	73.27477370740417	26.72522629259584	high
82.0	107	65.73693205520455	4.692867625116566	6.770376850304038	109.16577791272395	0.009160379920523095	0.8548459133541759	0.14515408664582408	0.838465289437266	0.45152144969755853	8.565903963893666	7.499243806833997	0.73	0.5030800821355236	0.6988847583643123	0.6967026884635029	0.3032973115364971	69.6702688463503	30.329731153649707	high
82.25	100	63.96173771369111	4.691958106082114	6.76906469170344	109.06653469843916	0.009168715250419622	0.8543992853952658	0.14560071460473423	0.7005897668470741	0.33178496749826275	8.299645437162804	7.513257823198612	0.6366666666666667	0.44763860369609854	0.6933085501858736	0.6580032764859762	0.34199672351402377	65.80032764859763	34.19967235140238	high
82.5	103	62.46053951189636	4.696137636674446	6.77509447976224	109.52333555842763	0.009130474294827589	0.8566324251898169	0.14336757481018314	0.5499194562860987	0.24644799496984354	8.183314344390427	7.637898520431631	0.55	0.41478439425051333	0.6868029739776952	0.6270549483545064	0.37294505164549363	62.70549483545064	37.29450516454936	high
82.75	100	61.442686482672734	4.702454424431762	6.784207678134068	110.21736092134408	0.009072980804844744	0.8579723090665475	0.14202769093345247	0.4055001098220005	0.2023938623364212	8.20580147667136	7.849933966280529	0.4666666666666667	0.3798767967145791	0.6895910780669146	0.598526712628677	0.40147328737132304	59.852671262867695	40.147328737132305	high
83.0	109	61.06703942037096	4.706535120160518	6.790094877625321	110.66804335883964	0.009036032170167801	0.8588655649843681	0.14113443501563194	0.28089205914686155	0.20253897700069168	8.330721781254764	8.112294923758764	0.39	0.38193018480492813	0.6942379182156134	0.5812584170012274	0.4187415829987726	58.125841700122734	41.874158299877266	elevated
83.25	105	61.40947534649888	4.706167615515707	6.789564680496748	110.62737981135207	0.009039353564237492	0.8584189370254578	0.1415810629745422	0.1827866790023799	0.24687448850929186	8.517868188614328	8.391753111461673	0.3233333333333333	0.41683778234086244	0.6979553903345725	0.5741363607585566	0.42586363924144344	57.413636075855656	42.586363924144344	elevated
83.5	105	62.426968452512185	4.701205717554128	6.782406174914182	110.07981763822097	0.009084317374929849	0.8575256811076374	0.14247431889236262	0.111739369827905	0.33246240180139297	8.746023750567872	8.677529169696292	0.26	0.44969199178644764	0.7016728624535316	0.5672226338369042	0.4327773661630958	56.72226338369042	43.27773661630958	elevated
83.75	106	63.967694831493645	4.694461258463833	6.772675977231135	109.33988683282833	0.009145793259589866	0.8557391692719964	0.14426083072800355	0.0641688842617904	0.4523890459089967	9.019757067624736	8.98476597344522	0.21333333333333335	0.5051334702258727	0.7072490706319703	0.5703637608657932	0.4296362391342068	57.036376086579324	42.963623913420676	elevated
84.0	104	65.79605224239994	4.689309989857718	6.765244267558805	108.77809591663136	0.00919302725032446	0.8539526574363555	0.1460473425636445	0.034617791128854686	0.5944990831920342	9.364168395635163	9.347355059493951	0.18	0.5605749486652978	0.7118959107806692	0.5766058792205806	0.4233941207794194	57.660587922058056	42.339412077941944	elevated
84.25	102	67.65279690794232	4.689089136050324	6.764925642866117	108.75407451269398	0.009195057789612087	0.8535060294774452	0.14649397052255475	0.017544088654810292	0.741143464577115	9.808768915514992	9.801170421692856	0.14666666666666667	0.6139630390143738	0.7174721189591078	0.5829019635293984	0.4170980364706016	58.29019635293984	41.70980364706016	elevated
84.5	106	69.30572582019303	4.695128129138533	6.773638068246439	109.41282671496326	0.00913969623145876	0.8561857972309067	0.1438142027690933	0.008352545848149455	0.8709227729197121	10.36697041133416	10.363740727951637	0.11333333333333333	0.675564681724846	0.7258364312267658	0.592730060878963	0.40726993912103704	59.2730060878963	40.7269939121037	elevated
84.75	108	70.59606697274756	4.706546393916708	6.790111142217468	110.66929101041133	0.009035930300718416	0.8593121929432782	0.1406878070567218	0.0037356271061094455	0.9622369001585255	11.019610816968667	11.01861828071967	0.07666666666666666	0.728952772073922	0.7425650557620818	0.6018741718614871	0.39812582813851294	60.18741718614871	39.81258281385129	high
85.0	113	71.45703708618957	4.720785221308088	6.810653427883086	112.2563641588778	0.008908180907985652	0.8606520768200089	0.13934792317999112	0.0015695124416119604	0.99962279048954	11.70889121867632	11.708511557493885	0.05	0.7761806981519507	0.7574349442379182	0.6110669298024695	0.38893307019753054	61.10669298024695	38.89330701975305	high
85.25	115	71.88864195484297	4.732893758237695	6.828122354063851	113.62388713266324	0.008800966286538281	0.8619919606967397	0.13800803930326033	0.0006194733139393744	0.9755440528647574	12.343708818128498	12.343708818128498	0.023333333333333334	0.7371663244353183	0.7695167286245354	0.5980020867724817	0.4019979132275183	59.800208677248165	40.199791322751835	elevated
85.5	109	71.94819748004421	4.739877908009397	6.838198352304312	114.4202310335519	0.008739713169315015	0.8628852166145601	0.13711478338543992	0.0	0.894363809649678	12.82148882414792	12.82148882414792	0.0	0.6858316221765913	0.7732342007434945	0.5804877598836615	0.4195122401163385	58.04877598836615	41.95122401163385	elevated
85.75	115	71.68456038611086	4.738943141797267	6.836849769725681	114.31332484153013	0.008747886577407108	0.8624385886556498	0.13756141134435018	0.0	0.7702614158316817	13.052306543828589	13.052306543828589	0.0	0.6262833675564682	0.7760223048327137	0.5661860652612078	0.43381393473879215	56.618606526120786	43.381393473879214	elevated
86.0	114	71.1215084363296	4.729661018388671	6.8234584963151805	113.25716374495649	0.008829463558277845	0.8610987047789191	0.13890129522108086	0.0	0.6231874013627687	12.980013023812294	12.980013023812294	0.0	0.5708418891170431	0.775092936802974	0.5517583826747341	0.4482416173252659	55.17583826747341	44.82416173252659	elevated
86.25	114	70.2515010494044	4.713747637503897	6.80050034062894	111.46912397212296	0.008971094096425191	0.8597588209021885	0.14024117909781153	0.0	0.4736480798215416	12.601295860619523	12.601295860619523	0.0	0.5112936344969199	0.7704460966542751	0.5353746380133458	0.46462536198665416	53.53746380133458	46.46253619866542	elevated
86.5	107	69.05068312057679	4.694023952024309	6.772045077399484	109.29208224960736	0.009149793648511007	0.8552925413130862	0.14470745868691381	0.0	0.3381812242815238	11.964894447064594	11.964894447064594	0.0	0.4537987679671458	0.7611524163568774	0.5175609314092774	0.4824390685907226	51.75609314092774	48.24390685907226	elevated
86.75	104	67.50382034953428	4.672909899175586	6.741583938061565	107.00867427594787	0.009345036809083879	0.8526127735596248	0.14738722644037516	0.0	0.22682963708867737	11.16075633211134	11.16075633211134	0.0	0.3942505133470226	0.7472118959107806	0.498518795704357	0.501481204295643	49.8518795704357	50.1481204295643	elevated
87.0	100	65.63391035663173	4.652108973580322	6.711574545859377	104.8057852971439	0.009541458013646994	0.8521661456007146	0.14783385439928542	0.0	0.14292450564622425	10.297489446448786	10.297489446448786	0.0	0.34291581108829566	0.7230483271375465	0.4795325709566392	0.5204674290433609	47.95325709566392	52.046742904336085	elevated
87.25	98	63.509605590697234	4.631870110494935	6.682376038452858	102.70595611136179	0.009736533672065934	0.8517195176418044	0.14828048235819558	0.0	0.08459996714969338	9.473931667701699	9.473255278545675	0.0	0.2915811088295688	0.7137546468401487	0.46426381832788044	0.5357361816721196	46.426381832788046	53.573618167211954	elevated
87.5	99	61.23570664218117	4.6108517259338235	6.652052919279045	100.5697710503862	0.009943345694791257	0.8512728896828942	0.14872711031710584	0.0	0.04704248823344817	8.754225402034074	8.752521485148721	0.0	0.23613963039014374	0.7026022304832714	0.44750368763907733	0.5524963123609227	44.75036876390773	55.24963123609227	elevated
87.75	97	58.93744176652123	4.58774713511536	6.618720040683479	98.27278528063155	0.010175757175746689	0.8508262617239839	0.1491737382760161	0.0	0.024573497340660874	8.159901020659825	8.155868684113905	0.0	0.17864476386036962	0.6849442379182156	0.4286038158756423	0.5713961841243578	42.86038158756423	57.13961841243578	elevated
88.0	94	56.72198376628316	4.5607086166552255	6.579711704188059	95.65123587953562	0.010454647980287602	0.8499330058061635	0.1500669941938365	0.0	0.012759134115093065	7.676395103281424	7.66638936468323	0.0	0.13347022587268995	0.6737918215613383	0.41429876331004795	0.5857012366899521	41.42987633100479	58.57012366899521	elevated
88.25	89	54.66506161229554	4.529597618699739	6.534828021720572	92.7212442799884	0.010785014888069459	0.8494863778472532	0.15051362215274677	0.0	0.007319387938518213	7.265011612658994	7.243632308694737	0.0	0.10677618069815195	0.6682156133828996	0.4061195429820762	0.5938804570179238	40.61195429820762	59.38804570179238	elevated
88.5	82	52.80186545388731	4.496435682056494	6.4869854601790875	89.69685275057348	0.011148663184211961	0.849039749888343	0.15096025011165703	0.0	0.006563983803051726	6.895209479327739	6.852104377925353	0.0	0.10061601642710473	0.6598513011152416	0.4023767668576723	0.5976232331423277	40.237676685767234	59.762323314232766	elevated
88.75	79	51.13880053629654	4.465171897417555	6.441881353121071	86.93597232453776	0.011502718302464411	0.8472532380527021	0.15274676194729786	0.0	0.01019899726700049	6.563401789580897	6.481334423974106	0.0	0.11909650924024641	0.6552044609665427	0.4053885520648728	0.5946114479351272	40.53885520648728	59.46114479351272	elevated
89.0	76	49.67911568067016	4.44053530646379	6.406338265527664	84.8203343964984	0.011789625767394788	0.8441268423403305	0.15587315765966947	0.0	0.019584909519396686	6.3078113422896624	6.160151906099845	0.0	0.16427104722792607	0.6514869888475836	0.41497121960396005	0.5850287803960399	41.49712196039601	58.50287803960399	elevated
89.25	79	48.44561175160658	4.425651674801978	6.384865723938749	83.56724815111444	0.01196641055107741	0.8401071907101385	0.1598928092898615	0.0	0.03760326551848178	6.205730811606391	5.954448796342534	0.0	0.21765913757700206	0.6486988847583643	0.42661630326137623	0.5733836967386238	42.661630326137626	57.338369673862374	elevated
89.5	81	47.49456965045532	4.4205323479851435	6.377480096527412	83.14053327502687	0.012027827590328586	0.835194283162126	0.16480571683787404	0.0	0.06914585855140772	6.353582753241996	5.94878453013241	0.0	0.26899383983572894	0.6533457249070632	0.4393834619762296	0.5606165380237704	43.938346197622955	56.061653802377045	elevated
89.75	77	46.89877688653729	4.420658176771138	6.377661629092967	83.15099540560057	0.01202631423859835	0.8356409111210362	0.16435908887896378	0.0	0.11944373641511621	6.840767368720075	6.222961605784597	0.0	0.3203285420944558	0.6589219330855018	0.4537228465752485	0.5462771534247515	45.372284657524844	54.62771534247515	elevated
90.0	80	46.72842537813169	4.420861830150997	6.37795543881415	83.16793111130193	0.012023865288433359	0.8369807949977669	0.1630192050022331	0.0	0.19382829804098625	7.71567507711382	6.821682209597375	0.0	0.3737166324435318	0.6756505576208178	0.47158699626552913	0.5284130037344709	47.15869962655292	52.84130037344708	elevated
90.25	78	47.000229062358954	4.416253050765963	6.371306375650811	82.78551038818424	0.012079408525851492	0.8343010272443055	0.16569897275569445	0.0	0.29547965217891325	8.959766595270306	7.73240931370347	0.0	0.4353182751540041	0.7063197026022305	0.493984751250135	0.506015248749865	49.398475125013505	50.6015248749865	elevated
90.5	81	47.66030281252481	4.406647928988324	6.357449114095076	81.994152109907	0.01219599171730656	0.829388119696293	0.170611880303707	0.0	0.4231502197861068	10.480752136174974	8.88125615689738	0.0	0.49075975359342916	0.7276951672862454	0.5119607601439919	0.48803923985600806	51.196076014399196	48.803923985600804	elevated
90.75	78	48.574585422828434	4.395001940228271	6.340647503864699	81.04478800796385	0.012338856385209315	0.8267083519428317	0.17329164805716835	0.0	0.569269816265801	12.116098287000048	10.136138286520296	0.0	0.5462012320328542	0.766728624535316	0.5349095521277505	0.4650904478722495	53.49095521277505	46.50904478722495	elevated
91.0	76	49.56550089152694	4.3863055552834895	6.328101272431201	80.34304706092966	0.012446627761598725	0.8244752121482805	0.17552478785171954	0.0	0.7194462259992025	13.657082268020057	11.329471057943127	0.0	0.6057494866529775	0.7815985130111525	0.5529558029531025	0.44704419704689746	55.29558029531025	44.70441970468975	elevated
91.25	78	50.458770223943475	4.384282725977139	6.325182946622364	80.18069105537754	0.012471830646973854	0.8240285841893703	0.1759714158106297	0.0	0.8541519074282019	14.893565366827024	12.294245522585213	0.0	0.6611909650924025	0.7871747211895911	0.5680985676178409	0.43190143238215906	56.8098567617841	43.1901432382159	elevated
91.5	82	51.133545358887815	4.39029244140991	6.333853133274378	80.66400502689963	0.012397103263922024	0.825368468066101	0.17463153193389902	0.0	0.952639283322959	15.653268611679348	12.895490637639341	0.0	0.7186858316221766	0.79182156133829	0.5839689652566419	0.4160310347433581	58.39689652566419	41.60310347433581	elevated
91.75	80	51.53298771247026	4.400968981780059	6.349256125120242	81.52983132318465	0.012265449146288493	0.8280482358195623	0.17195176418043767	0.0007931267804495651	0.998110104644238	15.838153902007152	13.057267284198936	0.02666666666666667	0.7679671457905544	0.7936802973977695	0.6040905864186381	0.3959094135813619	60.40905864186381	39.59094135813619	high
92.0	80	51.67359457294593	4.412407682677136	6.365758682178668	82.4677809132304	0.01212594772074883	0.8325145154086646	0.1674854845913354	0.0019771743398415966	0.9823924435340745	15.447629528629653	12.779344624005969	0.05333333333333334	0.7494866529774127	0.7908921933085502	0.6065566737569903	0.3934433262430097	60.65566737569903	39.34433262430097	high
92.25	77	51.6090841763575	4.4208073726902075	6.37787687330553	83.16340212027426	0.012024520095435247	0.8365341670388566	0.16346583296114336	0.004630244360437687	0.9083394347121655	14.574454974051086	12.131546483345627	0.08	0.6940451745379876	0.7862453531598513	0.5992061736841738	0.40079382631582616	59.92061736841738	40.07938263158262	high
92.5	82	51.398890966224464	4.424391985932846	6.38304837705419	83.46204569388811	0.011981494003486061	0.839213934792318	0.16078606520768202	0.01018637012395147	0.7889834979812684	13.379023835561721	11.232440461516909	0.11666666666666667	0.6406570841889117	0.7788104089219331	0.5938370236424574	0.4061629763575426	59.383702364245735	40.616297635754265	elevated
92.75	84	51.092643978558016	4.42442736736421	6.383099421669757	83.4649987527707	0.011981070088577747	0.8396605627512282	0.16033943724877175	0.021051914041625267	0.6437900576521361	12.054746690429617	10.22418195892085	0.15333333333333332	0.5831622176591376	0.7630111524163569	0.584791816540014	0.415208183459986	58.4791816540014	41.5208183459986	elevated
93.0	86	50.73095525769877	4.424155320945647	6.382706941650805	83.44229548709572	0.011984329939181134	0.8387673068334077	0.16123269316659228	0.04087147570999518	0.4934886923901251	10.786272302708781	9.24264210386361	0.18666666666666668	0.5215605749486653	0.7388475836431226	0.5714605330229655	0.4285394669770345	57.14605330229655	42.85394669770345	elevated
93.25	79	50.358482075644936	4.426484899335824	6.3860678128416755	83.63690744938793	0.011956443996989492	0.8405538186690487	0.15944618133095134	0.07454279010580313	0.35535852716912364	9.713541186726744	8.392392754961445	0.22	0.46611909650924027	0.7146840148698885	0.5603392325120444	0.4396607674879556	56.03392325120444	43.96607674879556	elevated
93.5	83	50.035470419428435	4.432038949514648	6.394080613491513	84.10272341535149	0.011890221379174356	0.8423403305046896	0.1576596694953104	0.1277166635490745	0.24038804829668192	8.916255413618668	7.738079439478658	0.27666666666666667	0.4106776180698152	0.7044609665427509	0.5585363954459805	0.44146360455401945	55.85363954459805	44.14636045540195	elevated
93.75	83	49.838978425857434	4.4393916252935455	6.404688282374994	84.72338242883302	0.011803117053783733	0.8436802143814203	0.15631978561857973	0.20556353611754732	0.15276209178204134	8.411532884269477	7.303238550026041	0.33666666666666667	0.35523613963039014	0.6960966542750929	0.5579199187383925	0.44208008126160747	55.79199187383925	44.20800812616075	elevated
94.0	78	49.83143073656581	4.444325719416694	6.41180667549774	85.14244857789	0.011745022802406021	0.8445734702992407	0.15542652970075932	0.31081444192006075	0.09119581660976803	8.163392570258521	7.075274082364485	0.41	0.30184804928131415	0.6858736059479554	0.5605737813821275	0.43942621861787245	56.057378138212755	43.942621861787245	elevated
94.25	81	50.04542819892836	4.444364440398902	6.4118625380667496	85.14574544095501	0.011744568032391682	0.8450200982581509	0.15497990174184906	0.44148189193726944	0.05114354543705752	8.104896061434028	7.019119797149809	0.49	0.24845995893223818	0.6830855018587361	0.5666413897622813	0.4333586102377187	56.66413897622813	43.33586102377187	elevated
94.5	81	50.45235878379704	4.438704267176696	6.403696634228501	84.66516713390342	0.011811232810991036	0.84323358642251	0.15676641357749	0.5890893820457609	0.02694407887763644	8.153937156936502	7.0833065719869195	0.5633333333333334	0.19096509240246407	0.6840148698884758	0.5703867205116958	0.4296132794883042	57.038672051169584	42.961327948830416	elevated
94.75	84	50.96918533071505	4.429578658289957	6.3905311635425095	83.89606055261869	0.01191951080197396	0.8418937025457793	0.15810629745422067	0.7384244865989658	0.013334982369640373	8.234804209831138	7.2134514946551045	0.6633333333333333	0.13963039014373715	0.6905204460966543	0.583844468029876	0.416155531970124	58.3844468029876	41.6155531970124	elevated
95.0	85	51.480193898631796	4.4207978897429	6.377863192304477	83.16261348985333	0.01202463412386637	0.8360875390799464	0.16391246092005363	0.8695360246043509	0.0061998066465314495	8.288017540209632	7.357826981376884	0.75	0.09856262833675565	0.6923791821561338	0.594257337393209	0.40574266260679104	59.4257337393209	40.5742662606791	elevated
95.25	82	51.86171516119438	4.414310995124052	6.3685045816070955	82.62489233574581	0.012102890203311917	0.833407771326485	0.16659222867351497	0.9618905630184664	0.002707824041153607	8.277349249783073	7.474833181229704	0.83	0.06981519507186858	0.6914498141263941	0.6061681951311869	0.3938318048688131	60.61681951311869	39.38318048688131	high
95.5	74	52.0316681994973	4.411895571809417	6.365019862369424	82.42555907844104	0.012132159140690097	0.8311746315319339	0.16882536846806606	0.9995864109079802	0.001111013481915733	8.193870987426084	7.540334479149831	0.9	0.04106776180698152	0.6886617100371747	0.6152260258440225	0.38477397415597747	61.52260258440225	38.47739741559775	high
95.75	80	51.95000697712037	4.412182144581511	6.365433299486577	82.44918338427725	0.01212868289233652	0.8316212594908441	0.1683787405091559	0.9763851457270475	0.00042822775611620555	8.046422191651077	7.545329730224654	0.8466666666666667	0.012320328542094456	0.6812267657992565	0.5929587551247154	0.4070412448752846	59.29587551247154	40.70412448752846	elevated
96.0	79	51.62635956469297	4.412855645205726	6.366404955497168	82.50473166455356	0.012120516967024198	0.8329611433675748	0.16703885663242524	0.8963404786281592	0.0	7.854593366639023	7.493727948830056	0.77	0.0	0.6784386617100372	0.570349951269403	0.429650048730597	57.0349951269403	42.9650048730597	elevated
96.25	84	51.108717977591255	4.412314357164271	6.365624041924068	82.46008492440346	0.012127079433846876	0.8320678874497544	0.16793211255024565	0.774407583105027	0.0	7.64633872988532	7.401569724662311	0.6866666666666666	0.0	0.6728624535315985	0.5478992519120048	0.45210074808799516	54.78992519120048	45.21007480879952	elevated
96.5	80	50.45623938754898	4.4092104713045925	6.361146081186825	82.20453503682619	0.012164778981500445	0.8307280035730237	0.16927199642697632	0.6316818349900345	0.0	7.4360563793259615	7.280092447391195	0.59	0.0	0.671003717472119	0.5229329302612856	0.4770670697387144	52.29329302612856	47.70670697387144	elevated
96.75	79	49.731689535412116	4.403953408661993	6.353561742982704	81.77351459004134	0.012228898378813026	0.8289414917373827	0.17105850826261726	0.49069684885507486	0.0	7.231753147994225	7.138395796393814	0.51	0.0	0.6663568773234201	0.5013245922652008	0.49867540773479924	50.132459226520076	49.867540773479924	elevated
97.0	80	48.992607657701335	4.397980345118114	6.344944433829035	81.28653202794152	0.01230216094907652	0.8276016078606521	0.17239839213934793	0.37119510436169034	0.0	7.026704459875194	6.974208066744177	0.44	0.0	0.662639405204461	0.48256025326627827	0.5174397467337217	48.25602532662783	51.74397467337217	elevated
97.25	79	48.29644896657168	4.3936006302471595	6.338625840904202	80.9312986730514	0.012356159068197198	0.8262617239839214	0.1737382760160786	0.28772391751380383	0.0	6.808312395103817	6.780581301124214	0.4	0.0	0.6579925650557621	0.47106357225992085	0.5289364277400792	47.106357225992085	52.89364277400792	elevated
97.5	74	47.700081737588675	4.392097394952554	6.336457130799385	80.80973128353543	0.012374747250319652	0.8258150960250111	0.17418490397498887	0.24912527915448118	0.0	6.561975534933316	6.548214181949671	0.36	0.0	0.654275092936803	0.46002254724045355	0.5399774527595465	46.00225472404536	53.99774527595464	elevated
97.75	75	47.27315442765031	4.395045538622325	6.340710403051592	81.04832150759435	0.012338318442613256	0.8271549799017418	0.1728450200982582	0.2590915460929324	0.0	6.2808852997218745	6.274087933942226	0.37333333333333335	0.0	0.6505576208178439	0.46276148351322977	0.5372385164867702	46.27614835132297	53.72385164867703	elevated
98.0	79	47.07888696439959	4.401077770329325	6.349413073820773	81.53870131772436	0.012264114878447622	0.8284948637784725	0.17150513622152752	0.3166942600270408	0.0	5.968010701605287	5.9642026552850975	0.41333333333333333	0.0	0.645910780669145	0.47193474444523775	0.5280652555547622	47.19347444452377	52.80652555547623	elevated
98.25	79	47.17637946804661	4.408697091505125	6.360405430696041	82.16234372012521	0.012171025736636278	0.8302813756141134	0.16971862438588659	0.4162305785190359	0.0	5.643196307199741	5.639589047528871	0.47333333333333333	0.0	0.6384758364312267	0.4855226363446684	0.5144773636553316	48.55226363446684	51.44773636553316	elevated
98.5	81	47.595450568695455	4.4153836221216896	6.37005205525731	82.71356557409497	0.012089915276402853	0.8338543992853953	0.1661456007146047	0.5465658910758122	0.0005766337591535776	5.335455725780622	5.328779003885659	0.5466666666666666	0.022587268993839837	0.6328996282527881	0.5090019907996725	0.49099800920032755	50.900199079967244	49.099800920032756	elevated
98.75	79	48.328249723632275	4.419952739528024	6.376643898280669	83.09235828147676	0.012034801041661174	0.8347476552032157	0.1652523447967843	0.6908784378130249	0.0014677823014227415	5.078828791641615	5.065113392485383	0.6266666666666667	0.0513347022587269	0.6263940520446096	0.5347857690433047	0.46521423095669534	53.47857690433047	46.52142309566953	elevated
99.0	77	49.311678557323845	4.421686792156468	6.379145607408365	83.23656980280589	0.0120139501467814	0.837427422956677	0.16257257704332295	0.8278810868854724	0.0035097794233824994	4.906330011832093	4.877894381086966	0.72	0.07802874743326489	0.6245353159851301	0.564997871593768	0.435002128406232	56.4997871593768	43.5002128406232	elevated
99.25	82	50.441492680222716	4.422208788318077	6.379898688682082	83.28003031487187	0.01200768054741478	0.8378740509155873	0.1621259490844127	0.9350410003946759	0.007884144860934425	4.839370647199097	4.783831883137692	0.8033333333333333	0.11088295687885011	0.6226765799256505	0.5936917302633553	0.4063082697366447	59.36917302633553	40.63082697366447	elevated
99.5	82	51.581244009805594	4.423250666157191	6.381401800673784	83.36684314922881	0.011995176526115713	0.8383206788744976	0.16167932112550243	0.9932766744976281	0.01663741929901954	4.883067754665807	4.780841601515358	0.88	0.15195071868583163	0.6236059479553904	0.6234693363789299	0.3765306636210701	62.34693363789299	37.65306636210701	high
99.75	80	52.602028165902894	4.427584158208729	6.387653708166269	83.72889661269295	0.011943307991095683	0.8410004466279589	0.15899955337204108	0.9915044789560545	0.03298176731464856	5.0313644887593885	4.853976868918032	0.8766666666666667	0.2032854209445585	0.6254646840148699	0.6366043045635135	0.36339569543648653	63.66043045635135	36.33956954364865	high
100.0	82	53.39975120128247	4.435908074177091	6.399662580454601	84.42875766354064	0.011844305514776464	0.8427869584635999	0.15721304153640014	0.9301226975582825	0.06142122584178982	5.265197941359029	4.974895799569916	0.8	0.26283367556468173	0.6282527881040892	0.6334683555330928	0.3665316444669072	63.346835553309276	36.653164446690724	high
100.25	82	53.92291945092484	4.447195103986178	6.415946322386537	85.38710584607975	0.011711370119542604	0.8454667262170612	0.1545332737829388	0.8196763402291778	0.10745326868666966	5.564111830907124	5.115865326813227	0.7166666666666667	0.3162217659137577	0.6356877323420075	0.6285107227848733	0.3714892772151267	62.85107227848733	37.14892772151267	high
100.5	87	54.18128640736698	4.459447191872978	6.433622348821359	86.43971131113433	0.011568756822897784	0.8468066100937919	0.15319338990620812	0.6785801498514689	0.17659458287681318	5.907764973399997	5.254488181402537	0.6233333333333333	0.36960985626283366	0.6440520446096655	0.620950461074906	0.37904953892509397	62.0950461074906	37.9049538925094	high
100.75	90	54.219869978630875	4.46868862656801	6.446954920826581	87.24224080864263	0.011462337403659801	0.8481464939705226	0.15185350602947745	0.5277357290809795	0.2726413467145557	6.274438441447124	5.3754378150937985	0.5366666666666666	0.42915811088295686	0.6496282527881041	0.6158998810770625	0.3841001189229375	61.58998810770625	38.41001189229375	high
101.0	85	54.09644791980017	4.471475057055009	6.450974890271956	87.48567424585603	0.011430442853875214	0.8485931219294328	0.15140687807056719	0.3855568644028224	0.39542366240338955	6.638081030948593	5.469487922279379	0.4533333333333333	0.48459958932238195	0.6570631970260223	0.6108973104027926	0.3891026895972074	61.08973104027926	38.91026895972074	high
101.25	85	53.843704779204685	4.465508066130991	6.442366342056847	86.9652023913471	0.011498852098336499	0.8476998660116123	0.1523001339883877	0.2646165336831518	0.5387535998021736	6.962402165839135	5.527082193393491	0.37666666666666665	0.5400410677618069	0.6607806691449815	0.6062970673962669	0.3937029326037331	60.629706739626684	39.370293260373316	high
101.5	84	53.44903483318167	4.450510503682	6.420729433086263	85.67066803208161	0.011672606540496731	0.8459133541759715	0.15408664582402853	0.17060906681993707	0.689563572024074	7.199529964382273	5.533298741935243	0.31666666666666665	0.6016427104722792	0.6654275092936803	0.6074125601521494	0.3925874398478506	60.74125601521494	39.25874398478506	high
101.75	82	52.8652478168035	4.429367363153484	6.390226329096956	83.87833559571924	0.011922029602731357	0.8414470745868692	0.15855292541313082	0.10333414104074952	0.8291154943996344	7.3031430261038945	5.4745621521243475	0.25	0.6570841889117043	0.6691449814126395	0.6044190612278032	0.3955809387721968	60.44190612278032	39.55809387721968	high
102.0	82	52.035016304055404	4.406912862321719	6.357831332101331	82.01587797176981	0.012192761020545362	0.8298347476552033	0.17016525234479674	0.058795238298300946	0.9365098438647279	7.23998135190128	5.342644278736356	0.20666666666666667	0.7125256673511293	0.6672862453531598	0.6040783317565398	0.3959216682434602	60.40783317565398	39.59216682434602	high
102.25	79	50.91712743135497	4.386497200542838	6.328377758096473	80.35844590053065	0.012444242652948027	0.8249218401071907	0.17507815989280928	0.03142657634354806	0.9937250941495812	7.005787949244724	5.144343181681506	0.17333333333333334	0.7597535934291582	0.6617100371747212	0.6049297010111009	0.3950702989888991	60.49297010111009	39.50702989888991	high
102.5	76	49.52961109249678	4.37049158875797	6.3052865413480506	79.08249821268481	0.012645022888763525	0.82358195623046	0.17641804376953996	0.015780057516413055	0.9905508209119839	6.634800327914929	4.908092956497253	0.14	0.7535934291581109	0.6561338289962825	0.5933273035962133	0.40667269640378667	59.33273035962133	40.66726964037867	elevated
102.75	75	47.94718513720417	4.357461329708265	6.286487851235543	78.05871732516795	0.012810868974881	0.8231353282715498	0.17686467172845022	0.007443491342985984	0.9275639521073584	6.1934685892902355	4.679202712997213	0.10333333333333333	0.7063655030800822	0.6477695167286245	0.5701509203533974	0.42984907964660257	57.01509203533974	42.98490796466026	elevated
103.0	76	46.29155621071472	4.343810675130225	6.266794119570916	77.00040450335615	0.012986944762821523	0.8226887003126395	0.17731129968736048	0.0032983853152056177	0.8159575349959696	5.76863682214694	4.513419507784397	0.07	0.648870636550308	0.6421933085501859	0.5459381613532834	0.45406183864671656	54.593816135328346	45.406183864671654	elevated
103.25	74	44.68803222845238	4.324509894620565	6.238948979244343	75.52848686943395	0.013240037520263042	0.8217954443948191	0.1782045556051809	0.0013730384013130677	0.6742917516240635	5.442516643920252	4.459279330610583	0.043333333333333335	0.5913757700205339	0.6347583643122676	0.5228157280152385	0.47718427198476154	52.28157280152384	47.71842719847616	elevated
103.5	73	43.21676670872225	4.294296027201568	6.1953595825528796	73.2806087274479	0.013646174852603827	0.8213488164359088	0.17865118356409115	0.0005369335905123719	0.523461483780774	5.273009110138139	4.545421273144628	0.016666666666666666	0.5297741273100616	0.6301115241635687	0.49947528364405147	0.5005247163559485	49.947528364405144	50.052471635594856	elevated
103.75	69	41.895511945642376	4.252344121757515	6.134835776612902	70.26994073103303	0.014230835967652582	0.8209021884769987	0.1790978115230013	0.0	0.3817492666839415	5.277605896921391	4.769157746678044	0.0	0.47433264887063653	0.6310408921933085	0.4815689323852359	0.5184310676147641	48.156893238523594	51.843106761476406	elevated
104.0	67	40.6621332905155	4.200460150926028	6.059983029192687	66.71702387903439	0.014988678179247244	0.8200089325591782	0.17999106744082183	0.0	0.2615340781962275	5.429114627249627	5.093704596438272	0.0	0.42299794661190965	0.6338289962825279	0.4692089688634039	0.5307910311365961	46.920896886340394	53.079103113659606	elevated
104.25	63	39.40607632713798	4.143593611373744	5.977941954588091	63.02891638801998	0.01586573365538729	0.819562304600268	0.18043769539973198	0.0	0.16831970268235424	5.659883064219793	5.451097387830389	0.0	0.3613963039014374	0.6403345724907064	0.45532329524810294	0.544676704751897	45.532329524810294	54.4676704751897	elevated
104.5	58	38.00676742960783	4.0873834589958475	5.896847846504887	59.58378414789176	0.016783089800371177	0.8186690486824475	0.1813309513175525	0.0	0.10176494907270654	5.8790708587261005	5.75648337992352	0.0	0.31006160164271046	0.6431226765799256	0.4429633317262709	0.5570366682737291	44.29633317262709	55.70366682737291	elevated
104.75	51	36.378250702281335	4.0366003233806556	5.823583268592058	56.63347963842642	0.01765739994053781	0.8182224207235373	0.18177757927646265	0.0	0.05779870110330514	5.9919531719131705	5.924089011870517	0.0	0.25667351129363447	0.6468401486988847	0.4304340201790141	0.5695659798209859	43.043402017901414	56.956597982098586	elevated
105.0	50	34.497745402699685	3.9937417919244513	5.761751477800408	54.25753039568112	0.018430621384853883	0.8173291648057168	0.18267083519428318	0.0	0.030838591398813862	5.922338202412756	5.886928831553643	0.0	0.19917864476386038	0.6449814126394052	0.4153723055522456	0.5846276944477544	41.53723055522456	58.46276944477544	elevated
105.25	51	32.42194576118914	3.9600835631286735	5.713192918031634	52.46170963053172	0.019061521384694236	0.8168825368468066	0.18311746315319344	0.0	0.015457084519025558	5.630144064691785	5.612737119645368	0.0	0.14784394250513347	0.637546468401487	0.40056823693835675	0.5994317630616433	40.056823693835675	59.943176306164325	elevated
105.5	47	30.2809317468219	3.936890308104509	5.679732124026199	51.258953648941144	0.01950878683261333	0.8164359088878964	0.1835640911121036	0.0	0.007278086710427005	5.119915098552628	5.111855611813318	0.0	0.10472279260780287	0.6273234200743495	0.38712053039251215	0.6128794696074878	38.71205303925122	61.28794696074878	elevated
105.75	48	28.239913042546952	3.9217134551490935	5.657836553531119	50.48687770801476	0.019807127027806883	0.8124162572577043	0.18758374274229572	0.0	0.0032193149329060623	4.4374002543208455	4.4341809393879394	0.0	0.07392197125256673	0.612453531598513	0.37469794002719603	0.625302059972804	37.4697940027196	62.5302059972804	elevated
106.0	46	26.488750823488722	3.913987592485854	5.6466904897802745	50.09832590616182	0.019960746829606246	0.8097364895042429	0.19026351049575707	0.0	0.0013377233187834507	3.6598918164570216	3.658554093138238	0.0	0.049281314168377825	0.5910780669144982	0.36252396764677974	0.6374760323532203	36.252396764677975	63.747603235322025	elevated
106.25	45	25.189903763239272	3.909436243814488	5.640124281622739	49.87082905856072	0.02005180220336325	0.8092898615453328	0.19071013845466722	0.0	0.0005221866035916738	2.872591233396702	2.87206904679311	0.0	0.02053388090349076	0.5529739776951673	0.3456994300359977	0.6543005699640023	34.56994300359977	65.43005699640022	elevated
106.5	45	24.464608716867577	3.90468240826336	5.633265946647925	49.63431396077399	0.020147352107864336	0.8070567217507816	0.19294327824921842	0.0	0.0	2.153834839581313	2.153834839581313	0.0	0.0	0.49814126394052044	0.3262994964228255	0.6737005035771745	32.629949642282554	67.37005035771745	routine
106.75	45	24.370208442146954	3.897713810735562	5.623212385552619	49.289634763353995	0.020288241225586905	0.8052702099151406	0.19472979008485936	0.0	0.0	1.564062337877619	1.564062337877619	0.0	0.0	0.4312267657992565	0.3091242439285993	0.6908757560714007	30.912424392859926	69.08757560714007	routine
107.0	43	24.897683450500264	3.890491994016639	5.61279350638602	48.934956307859444	0.020435289524094048	0.8034836980794998	0.19651630192050018	0.0	0.0	1.1384354039733529	1.1384354039733529	0.0	0.0	0.39312267657992567	0.2991515936648564	0.7008484063351437	29.91515936648564	70.08484063351436	routine
107.25	42	25.968773839088055	3.885623858989735	5.605770272124328	48.69731324160439	0.02053501381151462	0.8016971862438589	0.19830281375614112	0.0	0.0	0.8919412446053745	0.8919412446053745	0.0	0.0	0.3336431226765799	0.2838350772301097	0.7161649227698903	28.383507723010972	71.61649227698904	routine
107.5	47	27.456145886680694	3.8864077835924324	5.60690123626107	48.73550323061996	0.0205189222170935	0.8025904421616793	0.1974095578383207	0.0	0.0	0.8240765484674528	0.8240765484674528	0.0	0.0	0.32063197026022305	0.2808056031054756	0.7191943968945245	28.080560310547558	71.91943968945245	routine
107.75	47	29.197300161576543	3.8936564643166487	5.617358871994885	49.09005479658048	0.020370724867670307	0.80393032603841	0.19606967396159003	0.0	0.0	0.9255305381066614	0.9255305381066614	0.0	0.0	0.3466542750929368	0.2876461502828367	0.7123538497171633	28.764615028283668	71.23538497171633	routine
108.0	49	31.011065323749893	3.9051688729124527	5.633967766784738	49.658465173777266	0.02013755351681835	0.8075033497096918	0.19249665029030816	0.0	0.0	1.1780630385289648	1.1780630385289648	0.0	0.0	0.395910780669145	0.3008535325947092	0.6991464674052907	30.08535325947092	69.91464674052908	routine
108.25	50	32.71644762993493	3.9179314605784232	5.652380288719344	50.2962972249727	0.019882179308887343	0.8101831174631532	0.1898168825368468	0.0	0.0	1.5550133802303052	1.5550133802303052	0.0	0.0	0.43029739776951675	0.3101201288081675	0.6898798711918326	31.012012880816748	68.98798711918326	routine
108.5	50	34.13991933708223	3.928123066464034	5.6670836679892105	50.81151826909846	0.01968057704365351	0.8146493970522555	0.18535060294774452	0.0	0.0	2.019360604437277	2.019360604437277	0.0	0.0	0.4851301115241636	0.32494487714410475	0.6750551228558952	32.494487714410475	67.50551228558952	routine
108.75	51	35.133520910904	3.9338861233667113	5.675398001603064	51.10519336051155	0.019567482955121535	0.8155426529700759	0.1844573470299241	0.0	0.0	2.520322044797965	2.520322044797965	0.0	0.0	0.5213754646840149	0.3342295294135227	0.6657704705864773	33.42295294135227	66.57704705864774	elevated
109.0	52	35.58325683736316	3.9343741029289814	5.676102007297605	51.130137736075085	0.019557936752719635	0.8159892809289861	0.18401071907101385	0.0	0.0	2.996504049391239	2.996504049391239	0.0	0.0	0.5594795539033457	0.34386720870808296	0.656132791291917	34.3867208708083	65.61327912919171	elevated
109.25	50	35.42819256326179	3.9305863558884746	5.670637443426124	50.93683602827907	0.01963215774620985	0.8150960250111657	0.18490397498883426	0.0	0.0	3.385287381817099	3.385287381817099	0.0	0.0	0.5762081784386617	0.3478260508624569	0.6521739491375431	34.78260508624569	65.2173949137543	elevated
109.5	52	34.67708534524172	3.92526370449518	5.662958480656638	50.66643726458134	0.01973693146762967	0.8142027690933452	0.1857972309066548	0.0	0.0	3.6325696433904606	3.6325696433904606	0.0	0.0	0.5901486988847584	0.3510878669945259	0.6489121330054741	35.10878669945259	64.8912133005474	elevated
109.75	49	33.41046566404481	3.920660637318263	5.6563176584676205	50.43375219359236	0.01982799130553389	0.8119696292987941	0.18803037070120587	0.0	0.0	3.702183967727603	3.702183967727603	0.0	0.0	0.5947955390334573	0.3516912920830628	0.6483087079169372	35.16912920830628	64.83087079169371	elevated
110.0	48	31.781643235756917	3.918772629760296	5.653593839326581	50.33862271911563	0.01986546206438539	0.8110763733809736	0.1889236266190264	0.0	0.0	3.5880071041610258	3.5880071041610258	0.0	0.0	0.5845724907063197	0.3489122160218233	0.6510877839781767	34.891221602182334	65.10877839781767	elevated
110.25	49	29.998372082384726	3.920455281542621	5.656021392708484	50.423396394640065	0.019832063516179537	0.8115230013398839	0.18847699866011614	0.0	0.0	3.3134105353288694	3.3134105353288694	0.0	0.0	0.5734200743494424	0.34623576892233154	0.6537642310776685	34.62357689223315	65.37642310776684	elevated
110.5	47	28.28796105969637	3.923748681676501	5.660772764749296	50.589734573818966	0.019766856031648697	0.8133095131755248	0.1866904868244752	0.0	0.0	2.928196604942892	2.928196604942892	0.0	0.0	0.5576208178438662	0.34273258275484775	0.6572674172451523	34.27325827548478	65.72674172451522	elevated
110.75	48	26.86199663342481	3.9246244619781354	5.6620362486473725	50.63405947342755	0.019749552186800152	0.8137561411344351	0.18624385886556494	0.0	0.0	2.495043458515389	2.495043458515389	0.0	0.0	0.5204460966542751	0.33355055944717754	0.6664494405528225	33.355055944717755	66.64494405528225	elevated
111.0	49	25.879620262501767	3.918267521927756	5.652865122761461	50.313202706964994	0.019875498799474502	0.8106297454220635	0.18937025457793655	0.0	0.0	2.0782676020099324	2.0782676020099324	0.0	0.0	0.4888475836431227	0.32486933226629655	0.6751306677337034	32.48693322662965	67.51306677337034	routine
111.25	47	25.424892787500546	3.9025391287797038	5.630173847965614	49.52804767383195	0.020190579822276098	0.8061634658329612	0.19383653416703883	0.0	0.0	1.7293870411753987	1.7293870411753987	0.0	0.0	0.4507434944237918	0.31422674006418827	0.6857732599358117	31.422674006418827	68.57732599358117	routine
111.5	43	25.495027215825274	3.87925487186771	5.596581765987897	48.38814626602106	0.020666218426768215	0.8003573023671282	0.1996426976328718	0.0	0.0	1.479171811609593	1.479171811609593	0.0	0.0	0.42100371747211895	0.30534025495981176	0.6946597450401882	30.534025495981176	69.46597450401882	routine
111.75	44	26.01165260713193	3.8544489271508158	5.560794352560268	47.20259770268031	0.02118527472362431	0.7976775346136669	0.20232246538633314	0.0	0.0	1.3338071364683675	1.3338071364683675	0.0	0.0	0.4079925650557621	0.30141752491735724	0.6985824750826428	30.141752491735723	69.85824750826428	routine
112.0	42	26.840701512177453	3.834561234936913	5.532102477628544	46.273120184672074	0.02161081846240507	0.7945511389012953	0.20544886109870475	0.0	0.0	1.280026101379271	1.280026101379271	0.0	0.0	0.4024163568773234	0.2992418739446547	0.7007581260553453	29.924187394465466	70.07581260553452	routine
112.25	43	27.821050358989467	3.823324000363109	5.515890575035611	45.75604894520483	0.02185503388191472	0.7927646270656543	0.20723537293434569	0.0	0.0	1.2923289287288138	1.2923289287288138	0.0	0.0	0.40427509293680297	0.29925993000061435	0.7007400699993857	29.925993000061435	70.07400699993856	routine
112.5	45	28.795655213667477	3.821249216090106	5.512897294054035	45.66121343009631	0.021900425435055958	0.7918713711478339	0.2081286288521661	0.0	0.0	1.3431056557260421	1.3431056557260421	0.0	0.0	0.40985130111524165	0.3004306680657689	0.6995693319342311	30.04306680657689	69.95693319342311	routine
112.75	45	29.637464429221797	3.8271278816672307	5.521378415729197	45.93043097834726	0.0217720578426844	0.7932112550245646	0.20678874497543542	0.0	0.0	1.4096989546172547	1.4096989546172547	0.0	0.0	0.41263940520446096	0.3014626650572564	0.6985373349427436	30.146266505725638	69.85373349427437	routine
113.0	44	30.255541355240137	3.8373777809709906	5.536165894624343	46.40363427099879	0.02155003623552341	0.7949977668602054	0.2050022331397946	0.0	0.0	1.4802036713777964	1.4802036713777964	0.0	0.0	0.42193308550185876	0.304232713090516	0.695767286909484	30.423271309051604	69.5767286909484	routine
113.25	46	30.606536000541965	3.8495048126889477	5.553661503144543	46.969798623604255	0.02129027650328181	0.7972309066547566	0.2027690933452434	0.0	0.0	1.5522917952708444	1.5522917952708444	0.0	0.0	0.4284386617100372	0.30641739209119845	0.6935826079088016	30.641739209119844	69.35826079088015	routine
113.5	44	30.68711187607696	3.8613935016857566	5.570813255802911	47.53154052263898	0.0210386616761076	0.7985707905314873	0.20142920946851273	0.0	0.0	1.629269935391313	1.629269935391313	0.0	0.0	0.4368029739776952	0.3088434411272956	0.6911565588727044	30.88434411272956	69.11565588727045	routine
113.75	49	30.53449328788559	3.8731706117097864	5.587804034030582	48.094634003502556	0.020792340366436173	0.7994640464493077	0.20053595355069231	0.0	0.0	1.717712256347108	1.717712256347108	0.0	0.0	0.4479553903345725	0.31185485919597006	0.68814514080403	31.185485919597006	68.814514080403	routine
114.0	51	30.212856209201902	3.8847346854112508	5.604487465812159	48.654032122392216	0.02055328112343163	0.8012505582849486	0.19874944171505138	0.0	0.0	1.8230653446722793	1.8230653446722793	0.0	0.0	0.4591078066914498	0.31508959124409963	0.6849104087559004	31.508959124409962	68.49104087559003	routine
114.25	49	29.803700801380803	3.895140525118349	5.619499919153875	49.162961508272865	0.02034051589491259	0.8048235819562305	0.1951764180437695	0.0	0.0	1.95043148453221	1.95043148453221	0.0	0.0	0.47304832713754646	0.3194679772734442	0.6805320227265558	31.94679772734442	68.05320227265558	routine
114.5	48	29.39857863688646	3.9037678658001695	5.631946540771597	49.588942023469556	0.02016578614495784	0.8066100937918713	0.19338990620812868	0.0	0.0	2.107140242576439	2.107140242576439	0.0	0.0	0.49349442379182157	0.32502612939592324	0.6749738706040768	32.502612939592325	67.49738706040768	routine
114.75	47	29.07574107747169	3.9085532312644466	5.638850363795751	49.82681192732075	0.02006951601596822	0.8083966056275123	0.19160339437248775	0.0	0.0	2.303011772338439	2.303011772338439	0.0	0.0	0.5092936802973977	0.3294225714812275	0.6705774285187724	32.94225714812275	67.05774285187725	elevated
115.0	46	28.89297431913181	3.909080133516024	5.639610523061135	49.85307270453794	0.020058944128211655	0.8088432335864225	0.19115676641357748	0.0	0.0	2.552597667919327	2.552597667919327	0.0	0.0	0.5241635687732342	0.33325170058991416	0.6667482994100858	33.32517005899142	66.67482994100858	elevated
115.25	49	28.87249449502104	3.9056289716790746	5.634631548993663	49.68131822928424	0.020128290384423785	0.8079499776686021	0.1920500223313979	0.0	0.0	2.871426968190965	2.871426968190965	0.0	0.0	0.5520446096654275	0.3399986468335074	0.6600013531664926	33.99986468335074	66.00013531664925	elevated
115.5	48	29.004806558398123	3.9000527884877583	5.626586817156462	49.40505705494425	0.020240842934112636	0.8057168378740509	0.1942831621259491	0.0	0.0	3.2696714917895005	3.2696714917895005	0.0	0.0	0.5697026022304833	0.3438548600261335	0.6561451399738665	34.385486002613355	65.61451399738665	elevated
115.75	47	29.25784758012913	3.895039675947325	5.6193544245549605	49.15800371435858	0.020342567322519437	0.8043769539973202	0.19562304600267977	0.0	0.0	3.74396283146605	3.74396283146605	0.0	0.0	0.5975836431226765	0.3504901492799992	0.6495098507200008	35.04901492799992	64.95098507200008	elevated
116.0	50	29.578990855636544	3.890451422492144	5.61273497404883	48.932970982355044	0.020436118631762507	0.8030370701205896	0.19696292987941044	0.0	0.0	4.2702822266773435	4.2702822266773435	0.0	0.0	0.6087360594795539	0.35294328240003586	0.6470567175999642	35.29432824000359	64.70567175999642	elevated
116.25	47	29.91423466120019	3.886081530694054	5.606430552822504	48.71960572488171	0.020525617667084023	0.8021438142027691	0.19785618579723085	0.0	0.0	4.801995349857466	4.801995349857466	0.0	0.0	0.6189591078066915	0.35527573050236516	0.6447242694976348	35.52757305023652	64.47242694976349	elevated
116.5	46	30.208966936443176	3.881306182455007	5.599541181599513	48.48750725804212	0.02062386904482784	0.8008039303260384	0.19919606967396164	0.0	0.0	5.27253792278313	5.27253792278313	0.0	0.0	0.629182156133829	0.3574965216149668	0.6425034783850332	35.749652161496684	64.25034783850332	elevated
116.75	46	30.40171193191644	3.8738407075961656	5.5887707780427816	48.12687282024811	0.020778412171822566	0.799910674408218	0.20008932559178205	0.0	0.0	5.609147413022716	5.609147413022716	0.0	0.0	0.6366171003717472	0.3591319436949913	0.6408680563050086	35.91319436949913	64.08680563050086	elevated
117.0	48	30.44200270009982	3.864507150588089	5.5753053016333745	47.67976769554773	0.02097325654741767	0.7990174184903975	0.20098258150960246	0.0	0.0	5.749360259310267	5.749360259310267	0.0	0.0	0.6412639405204461	0.3600703397527109	0.639929660247289	36.00703397527109	63.9929660247289	elevated
117.25	46	30.292610439573902	3.855297565749063	5.5620186792574655	47.242672651197275	0.02116730370830654	0.798124162572577	0.201875837427423	0.0	0.0	5.655949173923887	5.655949173923887	0.0	0.0	0.6394052044609665	0.3593823417583859	0.6406176582416141	35.93823417583859	64.06176582416141	elevated
117.5	47	29.9369730603067	3.847646772564869	5.550980917871762	46.88260788017572	0.02132987146439969	0.7967842786958463	0.20321572130415366	0.0	0.0	5.329416901543539	5.329416901543539	0.0	0.0	0.6319702602230484	0.3571886347297237	0.6428113652702763	35.718863472972366	64.28113652702763	elevated
117.75	45	29.393547075697086	3.8429122607348845	5.544150461133613	46.66116624122162	0.02143109743186349	0.7963376507369362	0.2036623492630638	0.0	0.0	4.809453079818226	4.809453079818226	0.0	0.0	0.6217472118959108	0.3545212156582117	0.6454787843417883	35.45212156582117	64.54787843417883	elevated
118.0	42	28.714487477205473	3.840706405002868	5.540968084008116	46.558351878720785	0.021478423519047374	0.7958910227780259	0.20410897722197408	0.0	0.0	4.165274548990071	4.165274548990071	0.0	0.0	0.6068773234200744	0.3506920865495251	0.6493079134504749	35.06920865495251	64.9307913450475	elevated
118.25	43	27.978227565205582	3.839129440107385	5.538693004573747	46.48498885287806	0.021512320959459288	0.7954443948191157	0.20455560518088434	0.0	0.0	3.4813617650468465	3.4813617650468465	0.0	0.0	0.5808550185873605	0.344074853351619	0.655925146648381	34.4074853351619	65.59251466483809	elevated
118.5	49	27.268107469882843	3.8342090071561152	5.531594320355923	46.256824376325525	0.02161843173375743	0.794104510942385	0.205895489057615	0.0	0.0	2.8383340454112145	2.8383340454112145	0.0	0.0	0.5483271375464684	0.33560791212221336	0.6643920878777867	33.56079121222134	66.43920878777867	elevated
118.75	46	26.654487069108505	3.822497423942979	5.514698077333374	45.71824370068273	0.02187310620563201	0.792317999106744	0.20768200089325595	0.0	0.0	2.2982106034382452	2.2982106034382452	0.0	0.0	0.5074349442379182	0.32493823583616555	0.6750617641638345	32.49382358361655	67.50617641638344	routine
119.0	43	26.17017932828816	3.801271880548127	5.484076091137447	44.75807523177866	0.02234233699330284	0.7914247431889236	0.20857525681107636	0.0	0.0	1.8942462958388737	1.8942462958388737	0.0	0.0	0.4684014869888476	0.3149565575444428	0.6850434424555571	31.49565575444428	68.50434424555571	routine
119.25	40	25.804538881042124	3.77105065801925	5.440476083265434	43.42566640047687	0.0230278561709998	0.7909781152300134	0.20902188476998662	0.0	0.0	1.6311839660334921	1.6311839660334921	0.0	0.0	0.43866171003717475	0.307409956316797	0.692590043683203	30.740995631679702	69.2590043683203	routine
119.5	40	25.503443034195897	3.7347236413455955	5.388067276460062	41.87645104415535	0.02387976953790999	0.7887449754354623	0.2112550245645377	0.0	0.0	1.4891937233853083	1.4891937233853083	0.0	0.0	0.4228624535315985	0.3029018572417652	0.6970981427582348	30.29018572417652	69.70981427582348	routine
119.75	41	25.191237455884004	3.697802894425513	5.334801897972543	40.35853491581484	0.024777906385500165	0.78427869584636	0.21572130415364	0.0	0.0	1.4367526765899923	1.4367526765899923	0.0	0.0	0.4154275092936803	0.29992655128501006	0.70007344871499	29.992655128501006	70.007344871499	routine
120.0	36	24.794733296614773	3.6661469102273823	5.28913196655544	39.1009557422107	0.025574822431270364	0.7807056721750781	0.21929432782492186	0.0	0.0	1.4395982072600428	1.4395982072600428	0.0	0.0	0.4163568773234201	0.2992656373746245	0.7007343626253755	29.926563737462452	70.07343626253754	routine
120.25	38	24.26702212006867	3.6435184413728487	5.256485986756094	38.22609667407542	0.026160138936659746	0.7775792764627065	0.22242072353729347	0.0	0.0	1.4694570508573213	1.4694570508573213	0.0	0.0	0.41821561338289964	0.29894872246140153	0.7010512775385984	29.894872246140153	70.10512775385985	routine
120.5	36	23.607794995089368	3.631702514863485	5.239439208177527	37.777077935419015	0.026471078618349686	0.7757927646270657	0.2242072353729343	0.0	0.0	1.5091941189836977	1.5091941189836977	0.0	0.0	0.4247211895910781	0.30012848855453594	0.6998715114454641	30.012848855453594	69.98715114454642	routine
120.75	35	22.86502215643227	3.6298243974552316	5.236729657506433	37.70619473204034	0.02652084112720776	0.7748995087092452	0.22510049129075482	0.0	0.0	1.5531187822772545	1.5531187822772545	0.0	0.0	0.42936802973977695	0.3010668846122555	0.6989331153877445	30.106688461225552	69.89331153877446	routine
121.0	34	22.12600673015883	3.6357875272359474	5.245332635269248	37.9317133950259	0.026363164500002072	0.7762393925859759	0.22376060741402415	0.0	0.0	1.602974446152546	1.602974446152546	0.0	0.0	0.43308550185873607	0.302331223611178	0.6976687763888221	30.233122361117797	69.7668776388822	routine
121.25	37	21.495453285805652	3.646413043499152	5.260662014889059	38.33690631232548	0.026084525231460726	0.7780259044216168	0.2219740955783832	0.0	0.0	1.6672147319881776	1.6672147319881776	0.0	0.0	0.4423791821561338	0.3051012716444377	0.6948987283555623	30.510127164443766	69.48987283555623	routine
121.5	36	21.077016430912742	3.659705462206987	5.279838921440272	38.84989842266369	0.02574009304015669	0.7793657882983475	0.22063421170165254	0.0	0.0	1.7582598133113807	1.7582598133113807	0.0	0.0	0.45260223048327136	0.3079920046954047	0.6920079953045952	30.799200469540473	69.20079953045952	routine
121.75	36	20.950776838859625	3.673331957783596	5.299497799033341	39.38290968195862	0.02539172468656123	0.7811523001339884	0.2188476998660116	0.0	0.0	1.891922152015987	1.891922152015987	0.0	0.0	0.4674721189591078	0.31215610477327405	0.687843895226726	31.215610477327406	68.7843895226726	routine
122.0	39	21.16587458113893	3.6860164471113106	5.317797648882644	39.885643499738684	0.025071677733030723	0.7820455560518088	0.2179544439481912	0.0	0.0	2.085003102132772	2.085003102132772	0.0	0.0	0.48977695167286245	0.3179556269311678	0.6820443730688321	31.79556269311678	68.20443730688322	routine
122.25	39	21.73428720891689	3.6973403776753564	5.334134627350764	40.33987273352314	0.024789369232912393	0.7838320678874497	0.21616793211255025	0.0	0.0	2.3537609210613275	2.3537609210613275	0.0	0.0	0.5148698884758365	0.32467548909082156	0.6753245109091784	32.467548909082154	67.53245109091785	routine
122.5	37	22.620892587527454	3.705067782423762	5.34528291586023	40.6528027689965	0.0245985499617911	0.7860652076820009	0.21393479231799906	0.0	0.0	2.704949063831325	2.704949063831325	0.0	0.0	0.5399628252788105	0.33150700824020285	0.6684929917597972	33.150700824020284	66.84929917597971	elevated
122.75	40	23.74964897858556	3.7087879147458143	5.350649932312706	40.804318228598724	0.024507210104520876	0.7869584635998214	0.21304153640017864	0.0	0.0	3.129425500883321	3.129425500883321	0.0	0.0	0.5631970260223048	0.33753887240553154	0.6624611275944685	33.753887240553155	66.24611275944685	elevated
123.0	42	25.000775121628003	3.708365147943292	5.350040008743255	40.787071163452296	0.024517573129792684	0.7865118356409111	0.2134881643590889	0.0	0.0	3.597172979351916	3.596803427980652	0.0	0.0	0.587360594795539	0.3434681076091125	0.6565318923908875	34.346810760911254	65.65318923908875	elevated
123.25	41	26.220303695493346	3.704447576803036	5.344388148286877	40.62759748925694	0.02461381085269508	0.7856185797230907	0.21438142027690932	0.0	0.0	4.0539672850681185	4.052999536166128	0.0	0.0	0.6050185873605948	0.34765929177092136	0.6523407082290786	34.76592917709213	65.23407082290787	elevated
123.5	40	27.236860305517794	3.6979451559185086	5.3350071379229975	40.36427678966117	0.024774381694264325	0.7847253238052702	0.21527467619472984	0.0	0.0	4.433110189425476	4.430729475834525	0.0	0.0	0.6105947955390335	0.3488300298360759	0.6511699701639241	34.88300298360759	65.1169970163924	elevated
123.75	38	27.89437989844025	3.6914223518995777	5.325596720912195	40.10184534769977	0.02493650831600346	0.7833854399285395	0.21661456007146052	0.0	0.0	4.668134857754025	4.662633014540235	0.0	0.0	0.6143122676579925	0.349424426896633	0.650575573103367	34.9424426896633	65.0575573103367	elevated
124.0	39	28.08191242793272	3.6879343471443744	5.320564593749266	39.96221358013456	0.02502363884309716	0.7824921840107191	0.21750781598928093	0.0	0.0	4.711480722484689	4.699536280540889	0.0	0.0	0.6171003717472119	0.34989813893948274	0.6501018610605173	34.98981389394827	65.01018610605172	elevated
124.25	38	27.764106185586556	3.690816645941697	5.324722871930524	40.077562775842274	0.024951617082932358	0.7829388119696293	0.21706118803037067	0.0	0.0	4.55002206662144	4.525661907963424	0.0	0.0	0.6133828996282528	0.3490804278994705	0.6509195721005294	34.908042789947054	65.09195721005294	elevated
124.5	38	26.992682842045248	3.7013020611037324	5.339850128386454	40.50000352314533	0.024691355876759625	0.7851719517641804	0.21482804823581958	0.0	0.0	4.213887375070187	4.16721596137183	0.0	0.0	0.6078066914498141	0.34824466080349864	0.6517553391965014	34.824466080349865	65.17553391965014	elevated
124.75	40	25.91314919499903	3.720559858931431	5.367633257810917	41.28750281640721	0.024220404039611974	0.7878517195176418	0.21214828048235823	0.0	0.0	3.7693896759745185	3.68538984842362	0.0	0.0	0.5985130111524164	0.34659118266751454	0.6534088173324855	34.659118266751456	65.34088173324855	elevated
125.0	44	24.725604350442328	3.744109341851156	5.401607980034703	42.27134113308192	0.023656689690817294	0.7891916033943724	0.21080839660562756	0.0	0.0	3.307045803925507	3.1650215790343843	0.0	0.0	0.5715613382899628	0.3401882354210838	0.6598117645789162	34.01882354210838	65.98117645789162	elevated
125.25	44	23.646083019089275	3.7633621170228952	5.429383863298322	43.09306662599449	0.023205589165399117	0.790084859312193	0.20991514068780703	0.0	0.0	2.918172222104439	2.6925909424611874	0.0	0.0	0.5566914498141264	0.33669407728157985	0.6633059227184201	33.669407728157985	66.33059227184202	elevated
125.5	44	22.856461011585093	3.768607381978112	5.436951181037362	43.319695021572905	0.023084188369793625	0.7905314872711031	0.20946851272889688	0.0	0.0	2.6727726901216857	2.336183410957291	0.0	0.0	0.5362453531598513	0.3316942101077386	0.6683057898922614	33.16942101077386	66.83057898922614	elevated
125.75	40	22.4568541442803	3.752871539029376	5.414249158451013	42.64335842333658	0.02345031059872503	0.7896382313532827	0.2103617686467173	0.0	0.0	2.6028099782685823	2.131014149479738	0.0	0.0	0.5315985130111525	0.3303091860911088	0.6696908139088912	33.030918609110884	66.96908139088912	elevated
126.0	36	22.450341881044075	3.7190244012997065	5.365418060700133	41.224156250542556	0.024257622009834074	0.7874050915587316	0.21259490844126838	0.0	0.0	2.6976344743813	2.076387180872231	0.0	0.0	0.5390334572490706	0.3316096372019506	0.6683903627980494	33.160963720195056	66.83903627980494	elevated
126.25	39	22.743069897431344	3.67642080779397	5.303954067625358	39.5047456525882	0.025313414464028676	0.7815989280928987	0.21840107190710134	0.0	0.0	2.9059777561974593	2.1374996174842003	0.0	0.0	0.5557620817843866	0.3343402524693213	0.6656597475306787	33.43402524693213	66.56597475306786	elevated
126.5	36	23.18396093199999	3.6374726289384727	5.247763723138875	37.99568607494559	0.026318777295599394	0.7766860205448861	0.2233139794551139	0.0	0.0	3.1546758957974252	2.2616683677751497	0.0	0.0	0.5650557620817844	0.3354354456566676	0.6645645543433324	33.543544565666764	66.45645543433324	elevated
126.75	35	23.610787810537918	3.61110676539016	5.209725822548969	37.006988211450306	0.02702192338069248	0.7726663689146941	0.2273336310853059	0.0	0.0	3.3675003003773183	2.392655863958252	0.0	0.0	0.5752788104089219	0.33698629483090403	0.663013705169096	33.6986294830904	66.3013705169096	elevated
127.0	35	23.894464085081967	3.600240557082522	5.194049197710274	36.60703946719414	0.02731715032285423	0.7713264850379634	0.22867351496203658	0.0	0.0	3.4848472431740762	2.485141677924284	0.0	0.0	0.5817843866171004	0.33827771791376593	0.6617222820862341	33.82777179137659	66.17222820862341	elevated
127.25	34	23.966098347289314	3.6026032639037457	5.197457863124328	36.69363342683425	0.02725268409284033	0.7722197409557838	0.22778025904421617	0.0	0.0	3.476350150635895	2.5132632031423294	0.0	0.0	0.5799256505576208	0.33803634787835113	0.6619636521216489	33.803634787835115	66.19636521216489	elevated
127.5	34	23.822836461713262	3.6136817834374817	5.21344078831604	37.10240467080094	0.02695243095084308	0.7731129968736042	0.22688700312639576	0.0	0.00036795388094466397	3.345732078020405	2.4741355750404233	0.0	0.002053388090349076	0.5743494423791822	0.3373789568357839	0.6626210431642161	33.73789568357839	66.26210431642161	elevated
127.75	34	23.512522058117167	3.628059882947961	5.2341840011772165	37.63972026924608	0.02656767884688719	0.7744528807503349	0.22554711924966508	0.0	0.0009638280205688687	3.1203816395258617	2.3793750738054973	0.0	0.030800821355236138	0.5622676579925651	0.34188034002453405	0.658119659975466	34.188034002453406	65.8119659975466	elevated
128.0	38	23.117079397381822	3.6425924541278443	5.2551500695498	38.190716179600315	0.02618437411064192	0.7771326485037964	0.22286735149620363	0.0	0.0023717139224531253	2.8430071117553513	2.251193120898136	0.0	0.059548254620123205	0.550185873605948	0.34671669418246687	0.6532833058175331	34.67166941824669	65.3283305817533	elevated
128.25	42	22.730020051056773	3.6556472189607607	5.27398411403422	38.69255556850528	0.02584476484706463	0.7789191603394372	0.2210808396605628	0.0	0.005482538029514097	2.5591397714606385	2.115117254119529	0.0	0.08829568788501027	0.525092936802974	0.34807694625685537	0.6519230537431446	34.807694625685535	65.19230537431446	elevated
128.5	42	22.431250793670337	3.6634299238391965	5.285212183767042	38.994863168997455	0.02564440335810799	0.780259044216168	0.21974095578383201	0.0	0.011905772991446831	2.3041311507183613	1.9911765385812492	0.0	0.1273100616016427	0.5102230483271375	0.3544480385362371	0.6455519614637629	35.44480385362371	64.55519614637629	elevated
128.75	39	22.28141588844992	3.6633365455702145	5.285077467401455	38.991222066178125	0.025646798099909333	0.7798124162572577	0.22018758374274228	0.0	0.024287909566249894	2.102097586313642	1.8948858676840001	0.0	0.17659137577002054	0.49256505576208176	0.36224221194734	0.6377577880526599	36.224221194734	63.77577880526599	elevated
129.0	35	22.294364869842372	3.650874397769791	5.267098388570958	38.50832292382255	0.025968412126859106	0.778472532380527	0.22152746761947295	0.0	0.04654566844898527	1.963640988008438	1.8347555463208614	0.0	0.23408624229979466	0.474907063197026	0.37186645946933694	0.6281335405306631	37.186645946933695	62.813354053066305	elevated
129.25	33	22.43459415195958	3.625357117623119	5.23028473504638	37.53812629264901	0.026639582173173817	0.7740062527914248	0.22599374720857524	0.0	0.08379633050569427	1.890810765278286	1.815501222576837	0.0	0.28952772073921973	0.46654275092936803	0.38251918111500316	0.6174808188849968	38.251918111500316	61.748081888499684	elevated
129.5	35	22.614554542630945	3.5900780483228463	5.179387796719698	36.23690404569596	0.02759617650390238	0.7708798570790532	0.22912014292094685	0.0	0.1417187539773481	1.8798182278240023	1.8384799146010753	0.0	0.3408624229979466	0.4656133828996282	0.394338915744157	0.605661084255843	39.4338915744157	60.5661084255843	elevated
129.75	36	22.714422841601014	3.5516849975256863	5.1239983327300385	34.87202729047503	0.02867627946233974	0.7699866011612327	0.23001339883876726	0.0	0.22515741004871168	1.924195129594115	1.9028788166421324	0.0	0.3921971252566735	0.47026022304832715	0.4081109873665584	0.5918890126334416	40.811098736655836	59.188901263344164	elevated
130.0	36	22.615776226213995	3.5173574928028475	5.074474211900306	33.695270720352795	0.02967775532356755	0.7690933452434122	0.23090665475658778	0.0	0.3360483430756054	2.0160648628920224	2.0057389604265956	0.0	0.4517453798767967	0.483271375464684	0.4260275251462232	0.5739724748537768	42.602752514622324	57.397247485377676	elevated
130.25	32	22.23794115354557	3.4919443049262844	5.037810731777609	32.84975559676678	0.030441626789406755	0.7682000893255918	0.2317999106744082	0.0	0.47116591720580286	2.146375823198965	2.141676876223312	0.0	0.5092402464065708	0.4962825278810409	0.44343071590330085	0.5565692840966991	44.343071590330084	55.656928409669916	elevated
130.5	30	21.56246477261153	3.4765543259746843	5.01560768546475	32.34806892528681	0.030913746422071273	0.7659669495310406	0.2340330504689594	0.0	0.6205868532253531	2.3013530199539622	2.2993442524922028	0.0	0.5687885010266941	0.508364312267658	0.46077994070634815	0.5392200592936518	46.077994070634816	53.92200592936518	elevated
130.75	30	20.6360823825815	3.468135319402837	5.003461626434334	32.076873520218555	0.031175108115498985	0.7655203215721305	0.23447967842786954	0.0	0.7678702993380818	2.463072992710171	2.462266286536537	0.0	0.62217659137577	0.5185873605947955	0.476571068385674	0.523428931614326	47.6571068385674	52.3428931614326	elevated
131.0	29	19.561070811938734	3.4632055234758674	4.9963494342979	31.919130220395175	0.03132917448236218	0.7646270656543099	0.23537293434569007	0.0	0.8925442638870401	2.609522719224658	2.609522719224658	0.0	0.6837782340862423	0.5325278810408922	0.4952332951953611	0.5047667048046389	49.523329519536105	50.476670480463895	elevated
131.25	31	18.46552810074418	3.4586799984577947	4.989820481796908	31.775005763422374	0.031471276746427676	0.7641804376953998	0.23581956230460022	0.0	0.9746041395310604	2.7226141961315404	2.7226141961315404	0.0	0.7351129363449692	0.54182156133829	0.5102787338446648	0.4897212661553352	51.02787338446648	48.97212661553352	elevated
131.5	32	17.46790577444794	3.449898947535008	4.9771521031768104	31.497209277286213	0.03174884451496903	0.762840553818669	0.237159446181331	0.0	0.9997314049119539	2.785949660029156	2.785949660029156	0.0	0.7782340862422998	0.5464684014869888	0.5218857603869894	0.4781142396130106	52.18857603869894	47.81142396130106	elevated
131.75	32	16.664412802851462	3.4352046522690785	4.955952716267296	31.037763864404017	0.03221881590338602	0.7601607860652076	0.23983921393479235	0.0	0.9633742039808927	2.796050575152246	2.796050575152246	0.0	0.731006160164271	0.5473977695167286	0.5096411789365518	0.4903588210634482	50.96411789365518	49.03588210634482	elevated
132.0	28	16.111056085371942	3.4135414744002177	4.924699356985995	30.372617865375837	0.03292439276826314	0.7597141581062975	0.2402858418937025	0.0	0.8720939751906721	2.764470905310501	2.764470905310501	0.0	0.6776180698151951	0.5455390334572491	0.4957178153446854	0.5042821846553146	49.57178153446854	50.42821846553146	elevated
132.25	24	15.825954184117295	3.387362427317196	4.886930975584121	29.58780926428229	0.03379770334017857	0.7592675301473872	0.24073246985261276	0.0	0.7416314768156761	2.714217774808924	2.714217774808924	0.0	0.6180698151950719	0.5408921933085502	0.47955738466275233	0.5204426153372477	47.955738466275236	52.044261533724764	elevated
132.5	26	15.788940905185424	3.3604593279665633	4.84811800756642	28.80241759721643	0.034719307732578794	0.7579276462706566	0.24207235372934344	0.0	0.5924744370248324	2.6749175282611373	2.6749175282611373	0.0	0.5564681724845996	0.5371747211895911	0.4628926349862118	0.5371073650137882	46.28926349862118	53.71073650137882	elevated
132.75	26	15.9508396435409	3.3369968541712005	4.814268812974863	28.134507677987948	0.03554354003437516	0.7565877623939259	0.2434122376060741	0.0	0.44463912487047913	2.678144627126874	2.678144627126874	0.0	0.4989733059548255	0.5381040892193308	0.4484162893920205	0.5515837106079795	44.84162893920205	55.15837106079795	elevated
133.0	25	16.24914961418873	3.32156308047747	4.792002584204715	27.70361972025606	0.0360963661101957	0.754801250558285	0.24519874944171505	0.0	0.313474578608506	2.7484421180145535	2.7484421180145535	0.0	0.44353182751540043	0.5436802973977695	0.4355033438678637	0.5644966561321363	43.550334386786375	56.449665613213625	elevated
133.25	27	16.61669478879431	3.315358906577334	4.783051853286176	27.532273725639456	0.03632101038821029	0.7534613666815543	0.24653863331844572	0.0	0.20761253662119972	2.8998448863791895	2.8998448863791895	0.0	0.3860369609856263	0.5539033457249071	0.4233504183480219	0.5766495816519781	42.33504183480219	57.66495816519781	elevated
133.5	25	16.996172738136952	3.3175000009850177	4.786140799570217	27.591286075906694	0.036243326869537316	0.7539079946404645	0.24609200535953546	0.0	0.1291699278680595	3.1326122819298137	3.1326122819298137	0.0	0.3326488706365503	0.5641263940520446	0.41267081483226487	0.5873291851677351	41.267081483226484	58.732918516773516	elevated
133.75	27	17.346008029524647	3.3253368583996994	4.797446994898531	27.80836454626876	0.03596040314906534	0.7552478785171952	0.24475212148280479	0.0	0.07549633241705545	3.4331131851017695	3.4331131851017695	0.0	0.2813141683778234	0.5780669144981413	0.40365724034829	0.59634275965171	40.365724034829	59.634275965171	elevated
134.0	27	17.634820320278546	3.33311241690675	4.808664754596795	28.025432932101396	0.03568187518896673	0.7561411344350156	0.24385886556498437	0.0	0.04145213333039516	3.7742506664693996	3.7742506664693996	0.0	0.22792607802874743	0.5994423791821561	0.3958773979114798	0.6041226020885202	39.58773979114798	60.41226020885202	elevated
134.25	29	17.846683609039626	3.3383400744692744	4.816206670237715	28.172323911858	0.03549582928013583	0.7574810183117463	0.2425189816882537	0.0	0.021380827683304914	4.121070200153434	4.121070200153434	0.0	0.1704312114989733	0.6059479553903345	0.38346504630026357	0.6165349536997364	38.34650463002636	61.65349536997364	elevated
134.5	29	17.96496754816779	3.3383005935815846	4.816149711356835	28.17121166545806	0.03549723071464985	0.757034390352836	0.24296560964716396	0.0	0.010359975664250815	4.433177206754205	4.433177206754205	0.0	0.12114989733059549	0.6115241635687733	0.3724271128130512	0.6275728871869488	37.24271128130512	62.75728871869488	elevated
134.75	27	17.9710792756916	3.331852345333241	4.806846855586529	27.990141120502305	0.03572686524497431	0.7556945064761054	0.24430549352389463	0.0	0.004715736737323167	4.671451832583208	4.671451832583208	0.0	0.08624229979466119	0.6161710037174721	0.3645269524970597	0.6354730475029403	36.45269524970597	63.54730475029403	elevated
135.0	28	17.850265592165503	3.3214126631967504	4.7917855779397565	27.699452930498104	0.036101796035796926	0.7543546225993747	0.2456453774006253	0.0	0.0020164941370087565	4.802793641513925	4.802793641513925	0.0	0.057494866529774126	0.6198884758364313	0.357934491241395	0.642065508758605	35.7934491241395	64.2065508758605	elevated
135.25	26	17.596249798695315	3.3110156057384574	4.77678579470484	27.41295209052581	0.036479106544151076	0.7521214828048236	0.2478785171951764	0.0	0.0008100297511450728	4.804941274168972	4.804941274168972	0.0	0.028747433264887063	0.620817843866171	0.3504216899839704	0.6495783100160296	35.04216899839704	64.95783100160295	elevated
135.5	26	17.221408319553653	3.3050540948420046	4.768185152498322	27.250015634221963	0.03669722665201516	0.7507815989280929	0.24921840107190707	0.0	0.0	4.66987921890828	4.66987921890828	0.0	0.0	0.6152416356877324	0.3415058086539563	0.6584941913460437	34.15058086539563	65.84941913460437	elevated
135.75	28	16.76130247812056	3.305392690875111	4.7686736433161485	27.25924394366411	0.036684803220025874	0.7512282268870031	0.24877177311299692	0.0	0.0	4.408416391771872	4.408416391771872	0.0	0.0	0.6096654275092936	0.34022341359907415	0.6597765864009258	34.022341359907415	65.97765864009259	elevated
136.0	27	16.27416330926933	3.310443202301104	4.775959991104383	27.397265312532323	0.036499993287380045	0.7516748548459133	0.24832514515408666	0.0	0.0	4.045315354104658	4.045315354104658	0.0	0.0	0.604089219330855	0.3389410185441921	0.6610589814558079	33.89410185441921	66.1058981455808	elevated
136.25	27	15.829562613266782	3.3148928821931514	4.782379522218182	27.519446003979024	0.036337940809397486	0.753014738722644	0.24698526127735598	0.0	0.0	3.6186627543699474	3.6186627543699474	0.0	0.0	0.5882899628252788	0.33532617538698073	0.6646738246130193	33.53261753869808	66.46738246130192	elevated
136.5	26	15.488374382171534	3.31135036364711	4.7772687482795515	27.422130329195912	0.03646689691848323	0.7525681107637338	0.24743188923626624	0.0	0.0	3.171036232551913	3.171036232551913	0.0	0.0	0.5659851301115242	0.3296383102188145	0.6703616897811855	32.963831021881454	67.03616897811855	elevated
136.75	27	15.280529818920217	3.2929355595361818	4.7507018017097735	26.92177825286029	0.037144648864112666	0.7503349709691827	0.24966502903081733	0.0	0.0	2.7401147072080736	2.7401147072080736	0.0	0.0	0.5427509293680297	0.3232714750843031	0.6767285249156969	32.32714750843031	67.67285249156969	routine
137.0	27	15.197760137742073	3.260107227590806	4.7033405300115225	26.052330521388708	0.03838428194280008	0.7498883430102724	0.2501116569897276	0.0	0.0	2.3523788357461295	2.3523788357461295	0.0	0.0	0.5139405204460966	0.31595721586409226	0.6840427841359078	31.595721586409226	68.40427841359077	routine
137.25	23	15.18816221581763	3.2177967950611572	4.642299478823132	24.97303880340721	0.04004318448676596	0.7494417150513623	0.25055828494863774	0.0	0.0	2.01682248926418	2.01682248926418	0.0	0.0	0.48420074349442377	0.3084106146364465	0.6915893853635535	30.84106146364465	69.15893853635535	routine
137.5	25	15.17510666018342	3.1747710061409045	4.580226386517547	23.92134140084924	0.04180367577398894	0.7476552032157213	0.2523447967842787	0.0	0.0	1.7288315641507639	1.7288315641507639	0.0	0.0	0.44981412639405205	0.29936733240244334	0.7006326675975567	29.936733240244333	70.06326675975568	routine
137.75	22	15.07982710137411	3.1386639594723484	4.528134929347676	23.073019767324116	0.04334066412131257	0.7472085752568111	0.25279142474318894	0.0	0.0	1.4754177723097577	1.4754177723097577	0.0	0.0	0.4200743494423792	0.29182073117479757	0.7081792688252024	29.182073117479757	70.81792688252024	routine
138.0	22	14.846823849182607	3.113762308412262	4.492209440853341	22.505558168445795	0.04443346805777351	0.7467619472979008	0.2532380527020992	0.0	0.0	1.2428010627106458	1.2428010627106458	0.0	0.0	0.3996282527881041	0.2865975500215012	0.7134024499784988	28.65975500215012	71.34024499784988	routine
138.25	20	14.463330188574874	3.1019853142238394	4.475218829741126	22.242064965133217	0.04495985429264798	0.74497543546226	0.25502456453774003	0.0	0.0	1.0222461952068986	1.0222461952068986	0.0	0.0	0.3819702602230483	0.2817364239213271	0.7182635760786729	28.17364239213271	71.82635760786728	routine
138.5	22	13.957120279272344	3.100430906503596	4.4729762934316115	22.20751858417376	0.045029794581041234	0.7445288075033497	0.2554711924966503	0.0	0.0	0.8126949060312167	0.8126949060312167	0.0	0.0	0.31691449814126393	0.26536082641115344	0.7346391735888466	26.536082641115343	73.46391735888466	routine
138.75	21	13.391517634068808	3.1051120701655	4.47972978503223	22.311719313242595	0.0448194953495347	0.7454220634211701	0.2545779365788299	0.0	0.0	0.6195468904315271	0.6195468904315271	0.0	0.0	0.28066914498141265	0.2565228021006457	0.7434771978993543	25.65228021006457	74.34771978993543	routine
139.0	20	12.843478403521152	3.1098277589588035	4.486533085868705	22.417182909277248	0.04460863811688643	0.7463153193389906	0.25368468066100935	0.0	0.0	0.44973849576538044	0.44973849576538044	0.0	0.0	0.24721189591078066	0.24838180381244282	0.7516181961875572	24.838180381244282	75.16181961875571	routine
139.25	22	12.385525992660577	3.1086811537188432	4.484878884175156	22.391493980233093	0.0446598159498775	0.7458686913800804	0.2541313086199196	0.0	0.0	0.3097651068440894	0.3097651068440894	0.0	0.0	0.21468401486988847	0.2401381765624922	0.7598618234375079	24.01381765624922	75.98618234375078	routine
139.5	23	12.068734844362632	3.0975145837473037	4.468768929053477	22.14284863741912	0.045161307669786606	0.7440821795444394	0.25591782045556055	0.0	0.0	0.2021703050883548	0.2021703050883548	0.0	0.0	0.18401486988847585	0.23202426235822882	0.7679757376417712	23.20242623582288	76.79757376417712	routine
139.75	21	11.912028409986732	3.074768233712447	4.435952882659865	21.64486478017887	0.04620033482102151	0.7436355515855293	0.2563644484144707	0.0	0.0	0.1267280430199048	0.1267280430199048	0.0	0.0	0.15613382899628253	0.22494234514545297	0.775057654854547	22.494234514545298	77.5057654854547	routine
140.0	20	11.898186293276336	3.0414426082387873	4.387874168054493	20.93542307482629	0.04776593223962337	0.743188923626619	0.25681107637338096	0.0	0.0	0.07895409629522873	0.07895409629522873	0.0	0.0	0.13289962825278812	0.2190221379698518	0.7809778620301482	21.90221379698518	78.09778620301482	routine
140.25	19	11.97930662688885	3.001535201210443	4.330299949839963	20.11639594512764	0.049710693840374943	0.7422956677087986	0.2577043322912014	0.0	0.0	0.05583057467527383	0.05583057467527383	0.0	0.0	0.11988847583643122	0.21554603588630747	0.7844539641136925	21.554603588630748	78.44539641136925	routine
140.5	18	12.088818025522196	2.961786633657522	4.272954888548925	19.332480979854285	0.05172641840651832	0.739169271996427	0.260830728003573	0.0	0.0	0.055545227976334044	0.055545227976334044	0.0	0.0	0.11895910780669144	0.21453209495077963	0.7854679050492204	21.453209495077964	78.54679050492204	routine
140.75	17	12.153025364621122	2.9271335101434626	4.2229609991038775	18.674024800614664	0.0535503197986052	0.7355962483251451	0.26440375167485486	0.0	0.0	0.07923693565511453	0.07923693565511453	0.0	0.0	0.13382899628252787	0.21735631115191825	0.7826436888480818	21.735631115191826	78.26436888480818	routine
141.0	17	12.114603671895258	2.903315792356632	4.188599295767524	18.234507079892662	0.054841076625685596	0.7320232246538634	0.2679767753461366	0.0	0.0	0.13209289073345926	0.13209289073345926	0.0	0.0	0.1607806691449814	0.22320097344971118	0.7767990265502889	22.320097344971117	77.67990265502888	routine
141.25	19	11.944265659650384	2.893040015056166	4.173774482814863	18.048092762275253	0.05540751663744961	0.7293434569004019	0.2706565430995981	0.0	0.0	0.22221249882121727	0.22221249882121727	0.0	0.0	0.19237918215613384	0.23043065976413393	0.7695693402358661	23.043065976413395	76.95693402358661	routine
141.5	16	11.645053773068494	2.8925740260417405	4.1731022027746425	18.039684508545783	0.0554333419482075	0.7288968289414918	0.27110317105850823	0.0	0.0	0.3584153541201619	0.3584153541201619	0.0	0.0	0.22769516728624536	0.2391479990569343	0.7608520009430657	23.914799905693428	76.08520009430657	routine
141.75	19	11.258757330986136	2.898774225473897	4.182047199747937	18.15188161297592	0.055090707471623625	0.7306833407771326	0.2693166592228674	0.0	0.0	0.5463912524213425	0.5463912524213425	0.0	0.0	0.26579925650557623	0.2491206493206772	0.7508793506793228	24.91206493206772	75.08793506793228	routine
142.0	18	10.842411536139604	2.9036419500654262	4.18906984187655	18.24045537493124	0.05482319270243381	0.7324698526127735	0.26753014738722647	0.0	0.0	0.7856220867580468	0.7856220867580468	0.0	0.0	0.31226765799256506	0.2611843776513346	0.7388156223486654	26.11843776513346	73.88156223486654	routine
142.25	17	10.452923180602378	2.9000448557201284	4.183880331702979	18.174960602105113	0.055020752005601324	0.7311299687360429	0.26887003126395714	0.0	0.0	1.0633044772333156	1.0633044772333156	0.0	0.0	0.3856877323420074	0.27920442526951256	0.7207955747304875	27.920442526951256	72.07955747304875	routine
142.5	15	10.131700293780831	2.8863637148067776	4.164142617553584	17.927999611108547	0.05577867144644403	0.7280035730236712	0.27199642697632875	0.0	0.0	1.355328562512932	1.355328562512932	0.0	0.0	0.4107806691449814	0.2846960605421632	0.7153039394578369	28.469606054216317	71.53039394578369	routine
142.75	15	9.899201632468174	2.8685019615778793	4.138373554748671	17.6106170488289	0.05678392740170905	0.7262170611880304	0.2737829388119696	0.0	0.0	1.6263806738211624	1.6263806738211624	0.0	0.0	0.4358736059479554	0.29052266678399646	0.7094773332160036	29.052266678399647	70.94773332160035	routine
143.0	17	9.761242722547122	2.8573804245256698	4.122328568396385	17.41584500862473	0.05741897677114013	0.7230906654756588	0.2769093345243412	0.0	0.0	1.8382961802644866	1.8382961802644866	0.0	0.0	0.4600371747211896	0.2957819600492121	0.7042180399507879	29.57819600492121	70.42180399507879	routine
143.25	19	9.721372613975566	2.8621634630084642	4.129229034295894	17.499345198633158	0.05714499534977504	0.7239839213934792	0.2760160786065208	0.0	0.0	1.958351616381848	1.958351616381848	0.0	0.0	0.4739776951672863	0.29949040414019135	0.7005095958598087	29.949040414019134	70.05095958598086	routine
143.5	16	9.788334943062956	2.881823067083092	4.1575918476002	17.84677941617703	0.056032518623139384	0.7266636891469406	0.2733363108530594	0.0	0.0	1.9687391271609398	1.9687391271609398	0.0	0.0	0.47769516728624534	0.3010897141082965	0.6989102858917036	30.10897141082965	69.89102858917036	routine
143.75	17	9.979966812965408	2.9080227039293205	4.195389933751345	18.320537602486567	0.05458355107790474	0.7329164805716838	0.2670835194283162	0.0	0.0	1.8724521480444247	1.8724521480444247	0.0	0.0	0.4637546468401487	0.2991677818529581	0.7008322181470419	29.91677818529581	70.08322181470419	routine
144.0	18	10.303392078587846	2.9245141526558296	4.219182065046154	18.625174859588416	0.0536907710955095	0.7351496203662349	0.2648503796337651	0.0	0.0	1.6934765096072097	1.6934765096072097	0.0	0.0	0.44423791821561337	0.29484688464546205	0.705153115354538	29.484688464546206	70.51531153545379	routine
144.25	18	10.742360381869547	2.9212027874831916	4.214404774933017	18.563602105423755	0.053868855533583566	0.7347029924073247	0.26529700759267527	0.0	0.0	1.47100609482407	1.47100609482407	0.0	0.0	0.4191449814126394	0.288461993454991	0.711538006545009	28.8461993454991	71.1538006545009	routine
144.5	18	11.241546486408907	2.8978127816323616	4.180660129485661	18.134437985064864	0.05514369956342616	0.7302367128182224	0.26976328718177756	0.0	0.0	1.2495449581074203	1.2495449581074203	0.0	0.0	0.40055762081784385	0.28269858340901655	0.7173014165909835	28.269858340901656	71.73014165909835	routine
144.75	18	11.709793532193556	2.8632838683581108	4.130845437537614	17.518962546247472	0.05708100564517721	0.7244305493523895	0.2755694506476105	0.0	0.0	1.0680376891163517	1.0680376891163517	0.0	0.0	0.38661710037174724	0.2777619124310342	0.7222380875689658	27.77619124310342	72.22380875689657	routine
145.0	17	12.037216637439093	2.8281826874941425	4.08020513797582	16.914693591973034	0.05912019597414143	0.7199642697632872	0.2800357302367128	0.0	0.0	0.9511673372646605	0.9511673372646605	0.0	0.0	0.35315985130111527	0.2682810302661006	0.7317189697338994	26.828103026610062	73.17189697338993	routine
145.25	16	12.128505449212344	2.8013751405847787	4.041530022991283	16.467276027913044	0.060726497710060764	0.7146047342563644	0.2853952657436356	0.0	0.0	0.9049325693059354	0.9049325693059354	0.0	0.0	0.3382899628252788	0.2632236742704108	0.7367763257295892	26.322367427041083	73.67763257295891	routine
145.5	17	11.931382876885047	2.787056751841768	4.020872954558222	16.233171169982956	0.061602258088001786	0.7123715944618133	0.2876284055381867	0.0	0.0	0.9171840805602817	0.9171840805602817	0.0	0.0	0.3429368029739777	0.26382709935894777	0.7361729006410522	26.382709935894777	73.61729006410522	routine
145.75	15	11.455070989986014	2.785988696755942	4.019332076782503	16.215842504587666	0.06166808784169477	0.711924966502903	0.28807503349709696	0.0	0.0	0.9625013646375126	0.9625013646375126	0.0	0.0	0.35687732342007433	0.26720057248074436	0.7327994275192556	26.720057248074436	73.27994275192556	routine
146.0	16	10.764526561736217	2.793637183421449	4.030366510565136	16.340344679425257	0.061198219475696716	0.7132648503796337	0.2867351496203663	0.0	0.0	1.0098560855521612	1.0098560855521612	0.0	0.0	0.38011152416356875	0.2733440936358006	0.7266559063641994	27.334409363580058	72.66559063641994	routine
146.25	16	9.963022850607908	2.802446086523374	4.043075071385955	16.484921037033835	0.060661497725920076	0.7154979901741849	0.2845020098258151	0.0	0.0	1.0309672531302185	1.0309672531302185	0.0	0.0	0.3847583643122677	0.27506408862161313	0.7249359113783869	27.506408862161315	72.49359113783869	routine
146.5	17	9.16461321377375	2.8040034967944867	4.0453219394607185	16.51061482506667	0.060567096416166435	0.7163912460920053	0.28360875390799467	0.0	0.0	1.0071503615267403	1.0071503615267403	0.0	0.0	0.379182156133829	0.2738933505564586	0.7261066494435414	27.38933505564586	72.61066494435414	routine
146.75	17	8.465451696961345	2.7904455876031076	4.025762011105493	16.288276038902644	0.0613938514801454	0.7128182224207236	0.28718177757927643	0.0	0.0	0.9329094011159025	0.9329094011159025	0.0	0.0	0.3475836431226766	0.26510046638585005	0.73489953361415	26.510046638585006	73.48995336141499	routine
147.0	15	7.927450467369633	2.758925449605475	3.980288064328173	15.782874339232423	0.06335981510758411	0.7074586869138008	0.29254131308619924	0.0	0.0	0.815530556890336	0.815530556890336	0.0	0.0	0.31784386617100374	0.25632563827120114	0.7436743617287989	25.632563827120116	74.36743617287989	routine
147.25	12	7.573227692486617	2.7128231071328424	3.913776443469541	15.071764717348511	0.06634923107902153	0.7016525234479678	0.2983474765520322	0.0	0.0	0.6709749434211931	0.6709749434211931	0.0	0.0	0.2899628252788104	0.24790383718169456	0.7520961628183054	24.790383718169455	75.20961628183053	routine
147.5	13	7.39789061202337	2.664898281110736	3.8446355346319816	14.366488128456076	0.06960643346227907	0.698079499776686	0.30192050022331396	0.0	0.0	0.5198881967204366	0.5198881967204366	0.0	0.0	0.26394052044609667	0.24050500505569566	0.7594949949443044	24.050500505569566	75.94949949443044	routine
147.75	13	7.372783874584514	2.6223719483207066	3.7832830052086126	13.76834268168165	0.07263038283688775	0.6931665922286735	0.3068334077713265	0.0	0.0	0.37888073669555855	0.37888073669555855	0.0	0.0	0.23327137546468402	0.23160949192333938	0.7683905080766606	23.160949192333938	76.83905080766607	routine
148.0	13	7.4632234415650585	2.5904815465366737	3.7372748807028318	13.336192054294871	0.07498392314153526	0.6887003126395712	0.3112996873604288	0.0	0.0	0.2609323683168626	0.2609323683168626	0.0	0.0	0.2053903345724907	0.22352266180301547	0.7764773381969845	22.352266180301548	77.64773381969844	routine
148.25	12	7.629244169263823	2.567006286906435	3.703407240050706	13.026767602881229	0.07676501419882722	0.6864671728450201	0.3135328271549799	0.0	0.0	0.17186042722700906	0.17186042722700906	0.0	0.0	0.17657992565055763	0.21576177462389445	0.7842382253761055	21.576177462389445	78.42382253761056	routine
148.5	11	7.828921110987544	2.548294656321321	3.6764120633986153	12.785281881394308	0.078214935679693	0.6837874050915588	0.3162125949084412	0.0	0.0	0.11351543186329394	0.11351543186329394	0.0	0.0	0.1524163568773234	0.20905094049222056	0.7909490595077795	20.905094049222058	79.09490595077796	routine
148.75	11	8.021512429037513	2.535016255624055	3.657255380561733	12.616635937660606	0.07926043082649346	0.6811076373380973	0.3188923626619027	0.0	0.0	0.08457674890701754	0.08457674890701754	0.0	0.0	0.13847583643122677	0.20489586844233101	0.795104131557669	20.489586844233102	79.5104131557669	routine
149.0	13	8.166708522856501	2.527495548663029	3.6464052939250817	12.522105828125548	0.07985877245614138	0.6793211255024565	0.3206788744975435	0.0	0.0	0.08424741356170373	0.08424741356170373	0.0	0.0	0.137546468401487	0.20421689847598587	0.7957831015240141	20.421689847598586	79.57831015240141	routine
149.25	12	8.241293091182461	2.533072776669151	3.654451533111421	12.592139583019389	0.07941462159048085	0.6806610093791872	0.31933899062081283	0.0	0.0	0.11419395487866066	0.11419395487866066	0.0	0.0	0.1533457249070632	0.2085016835715626	0.7914983164284374	20.85016835715626	79.14983164284374	routine
149.5	13	8.24211923566544	2.556501952534232	3.6882526889440883	12.890646263866893	0.07757562961005675	0.6842340330504689	0.3157659669495311	0.0	0.0	0.178835278172277	0.178835278172277	0.0	0.0	0.1775092936802974	0.2154358316826916	0.7845641683173084	21.54358316826916	78.45641683173083	routine
149.75	13	8.189967649146356	2.5957013735852486	3.7448054993001088	13.405986669743593	0.07459353978450035	0.6891469405984815	0.31085305940151853	0.0	0.0	0.28481534668164027	0.28481534668164027	0.0	0.0	0.21096654275092938	0.22502837083735272	0.7749716291626473	22.502837083735272	77.49716291626473	routine
150.0	12	8.134093013545687	2.648387367414061	3.820815321321243	14.131231775926656	0.07076523942545164	0.6958463599821348	0.30415364001786516	0.0	0.0	0.439132098915889	0.439132098915889	0.0	0.0	0.2425650557620818	0.23460285393605415	0.7653971460639458	23.460285393605414	76.53971460639458	routine
150.25	13	8.1306645824118	2.7026235268121868	3.8990615595217823	14.918820352622426	0.06702942835719718	0.699866011612327	0.300133988387673	0.0	0.0	0.6464562712107921	0.6464562712107921	0.0	0.0	0.2853159851301115	0.2462954991856096	0.7537045008143903	24.62954991856096	75.37045008143903	routine
150.5	13	8.23450897779375	2.7486721938610783	3.9654957431127653	15.621875284963002	0.06401280139283665	0.7056721750781599	0.29432782492184006	0.0	0.0	0.9060687855605363	0.9060687855605363	0.0	0.0	0.34014869888475835	0.26145521849072956	0.7385447815092705	26.145521849072956	73.85447815092705	routine
150.75	17	8.48124832939786	2.780855396622128	4.0119262901360555	16.132815002951393	0.061985462538128436	0.7110317105850826	0.28896828941491737	0.0	0.0	1.2103807316929154	1.2103807316929154	0.0	0.0	0.3986988847583643	0.2774326488358617	0.7225673511641383	27.74326488358617	72.25673511641382	routine
151.0	17	8.87761193534527	2.7990918868601917	4.0382359841657305	16.429719949931737	0.06086531012381345	0.713711478338544	0.286288521661456	0.0	0.0	1.5422287216741668	1.5422287216741668	0.0	0.0	0.42657992565055763	0.2850728509972754	0.7149271490027246	28.507285099727543	71.49271490027246	routine
151.25	17	9.400638111407066	2.8077072055570618	4.050665261725382	16.571878715641894	0.060343188431382755	0.7168378740509156	0.2831621259490844	0.0	0.0	1.8766799040033701	1.8766799040033701	0.0	0.0	0.4646840148698885	0.29538047223020103	0.704619527769799	29.538047223020104	70.4619527769799	routine
151.5	17	10.001588514864679	2.8114184433567253	4.056019446094517	16.633495164267703	0.06011965555791385	0.7172845020098259	0.28271549799017415	0.0	0.0	2.1828255271981725	2.1828255271981725	0.0	0.0	0.5009293680297398	0.30455346750989143	0.6954465324901086	30.455346750989143	69.54465324901086	routine
151.75	15	10.613385623362575	2.8129402317828642	4.05821492271019	16.65882709472549	0.06002823574035531	0.717731129968736	0.282268870031264	0.0	0.0	2.4276777335100386	2.4276777335100386	0.0	0.0	0.516728624535316	0.30861493862601297	0.691385061373987	30.861493862601296	69.1385061373987	routine
152.0	16	11.160321803653732	2.8135468466935407	4.059090083033552	16.668935653326738	0.05999183275990527	0.7181777579276463	0.28182224207235373	0.0	0.0	2.5812445351936155	2.5812445351936155	0.0	0.0	0.5288104089219331	0.31174704171239487	0.6882529582876051	31.174704171239487	68.82529582876052	routine
152.25	16	11.571560523825676	2.815549938647181	4.0619799338615135	16.702358527579477	0.05987178387703554	0.7186243858865565	0.2813756141134435	0.0	0.0	2.6220240806963093	2.6220240806963093	0.0	0.0	0.533457249070632	0.31302040873929715	0.6869795912607028	31.302040873929716	68.69795912607029	routine
152.5	16	11.793784577723773	2.8219351161069604	4.071191797717933	16.80934725829248	0.05949070981960198	0.7190710138454667	0.2809289861545333	0.0	0.0	2.541769708471105	2.541769708471105	0.0	0.0	0.5232342007434945	0.3105763036472403	0.6894236963527597	31.05763036472403	68.94236963527597	routine
152.75	17	11.805885224130376	2.836533075822802	4.092252201807074	17.056529219038477	0.0586285748500229	0.7208575256811076	0.2791424743188924	0.0	0.0	2.348142943984875	2.348142943984875	0.0	0.0	0.5130111524163569	0.30846716952436615	0.6915328304756339	30.846716952436616	69.15328304756339	routine
153.0	17	11.626661997178157	2.8612852177623314	4.127961994234614	17.48398322867797	0.05719520471512221	0.723537293434569	0.27646270656543104	0.0	0.0	2.064105583218118	2.064105583218118	0.0	0.0	0.4879182156133829	0.30286387726198793	0.6971361227380121	30.286387726198793	69.7136122738012	routine
153.25	19	11.316352490382652	2.8953281323815534	4.177075538333171	18.08943619729206	0.055280882670610675	0.7297900848593122	0.2702099151406878	0.0	0.0	1.7237539813898826	1.7237539813898826	0.0	0.0	0.44888475836431224	0.2946687108059061	0.7053312891940939	29.46687108059061	70.53312891940939	routine
153.5	19	10.963580651705163	2.9325920261046217	4.230835973011655	18.776235969912342	0.053258810850184926	0.7369361322018758	0.2630638677981242	0.0	0.0	1.3664936031256254	1.3660090077405567	0.0	0.0	0.4117100371747212	0.28716154234414926	0.7128384576558507	28.716154234414926	71.28384576558507	routine
153.75	19	10.6609305222255	2.960846025750963	4.27159787818671	19.314305244851326	0.05177509557412494	0.7387226440375168	0.26127735596248325	0.0	0.0	1.0272124209259446	1.02596503412827	0.0	0.0	0.38382899628252787	0.28063791008001115	0.7193620899199888	28.063791008001115	71.93620899199888	routine
154.0	19	10.482033812301841	2.9691507306224905	4.283579034720909	19.47537273297592	0.05134689916906128	0.7405091558731577	0.2594908441268423	0.0	0.0	0.7335752021451059	0.7305588669100389	0.0	0.0	0.2992565055762082	0.2599414153623415	0.7400585846376585	25.99414153623415	74.00585846376585	routine
154.25	18	10.455334411907367	2.951200721227981	4.25768264518354	19.128908430795406	0.05227689826723786	0.7382760160786065	0.2617239839213935	0.0	0.0	0.5019110496885338	0.4950590920973648	0.0	0.0	0.25929368029739774	0.24939242409400106	0.7506075759059989	24.939242409400105	75.06075759059989	routine
154.5	19	10.561123554197135	2.9129632106639605	4.202517578316889	18.411274299963402	0.054314545734728846	0.7338097364895042	0.2661902635104958	0.0	0.0	0.33859687224100965	0.3239748877065626	0.0	0.0	0.22397769516728624	0.23944685791419762	0.7605531420858024	23.94468579141976	76.05531420858024	routine
154.75	17	10.738934875625795	2.867908135913338	4.1375168454072835	17.60016251684881	0.05681765716894319	0.7257704332291202	0.27422956677087984	0.0	0.0	0.24358847670812903	0.21427586136398505	0.0	0.0	0.19981412639405205	0.23139613990579305	0.7686038600942069	23.139613990579306	76.8603860094207	routine
155.0	17	10.909412802602514	2.828861951132568	4.081185108258433	16.926187031380987	0.059080051410634285	0.7204108977221975	0.27958910227780254	0.0	0.0	0.21469221163313906	0.1594896269486875	0.0	0.0	0.19052044609665428	0.22773283595471294	0.7722671640452871	22.773283595471295	77.2267164045287	routine
155.25	16	11.00013011148637	2.802324401251579	4.042899516647787	16.482915186980605	0.06066887978589322	0.7150513622152747	0.28494863778472534	0.0	0.0	0.25074209463713576	0.15308116563734508	0.0	0.0	0.2016728624535316	0.22918105616720158	0.7708189438327984	22.91810561672016	77.08189438327983	routine
155.5	16	10.962070055005801	2.7856439069090633	4.0188346501802625	16.210252410492725	0.061689354038232655	0.7114783385439929	0.2885216614560071	0.0	0.0	0.3520824773411155	0.1897748666461604	0.0	0.0	0.22676579925650558	0.2345610344501246	0.7654389655498754	23.45610344501246	76.54389655498754	routine
155.75	16	10.777641211659715	2.771480712008886	3.998401479134633	15.982281654172619	0.06256928901881305	0.709691826708352	0.29030817329164804	0.0	0.0	0.519793007305748	0.2663889799129341	0.0	0.0	0.26301115241635686	0.2431757447811772	0.7568242552188228	24.31757447811772	75.68242552188228	routine
156.0	15	10.451854732329522	2.7504049122285714	3.967995527308805	15.64896705963357	0.06390198127386279	0.7061188030370701	0.2938811969629299	0.0	0.0	0.7490940924293787	0.37743502219655256	0.0	0.0	0.3048327137546468	0.2527378791979292	0.7472621208020708	25.273787919792923	74.72621208020708	routine
156.25	15	10.000822767596215	2.7156757646783394	3.917891958363784	15.114820683458833	0.06616022915140286	0.7020991514068781	0.29790084859312194	0.0	0.0	1.0265648785988155	0.5144910806958309	0.0	0.0	0.3828996282527881	0.2712496949149166	0.7287503050850834	27.124969491491658	72.87503050850835	routine
156.5	15	9.441911729586119	2.6662377219948543	3.846567939353063	14.385744083244154	0.06951326217214955	0.6989727556945065	0.30102724430549355	0.0	0.0	1.3271934994466017	0.6644019430472478	0.0	0.0	0.40613382899628253	0.27627664617269726	0.7237233538273027	27.627664617269726	72.37233538273027	routine
156.75	14	8.791187087443836	2.6067212940094002	3.7607038838470235	13.554536576823665	0.07377603758950034	0.6900401965163019	0.3099598034836981	0.0	0.0	1.613845420427906	0.8079513229369482	0.0	0.0	0.4340148698884758	0.2810137666011944	0.7189862333988055	28.101376660119442	71.89862333988056	routine
157.0	13	8.068973247011025	2.546312462899994	3.6735523627795836	12.759964080438102	0.0783701265690135	0.6833407771326485	0.3166592228673515	0.0	0.0	1.8458541198651193	0.9253291412893405	0.0	0.0	0.4628252788104089	0.28654151398576433	0.7134584860142357	28.65415139857643	71.34584860142357	routine
157.25	11	7.307466984442975	2.495973374464319	3.6009284095305647	12.13353824873912	0.08241619052084144	0.6757481018311746	0.3242518981688254	0.0	0.0	1.9864037421519978	0.9986475174386964	0.0	0.0	0.4795539033457249	0.2888255012942249	0.7111744987057751	28.88255012942249	71.1174498705775	routine
157.5	10	6.553889427384299	2.464227540733331	3.555128852637983	11.754398849875882	0.08507453360837414	0.6735149620366235	0.32648503796337647	0.0	0.0	2.0140082483418826	1.0183264507766567	0.0	0.0	0.48234200743494426	0.288964242367892	0.711035757632108	28.896424236789198	71.1035757632108	routine
157.75	9	5.87080293488861	2.4574036738824585	3.5452840937725423	11.674461448495231	0.08565705616586657	0.672621706118803	0.327378293881197	0.0	0.0	1.9300548334603083	0.9871932193520477	0.0	0.0	0.4711895910780669	0.2859528242992175	0.7140471757007825	28.59528242992175	71.40471757007825	routine
158.0	9	5.3242420709195	2.471990672551508	3.5663286844138344	11.84600491249854	0.08441664572879885	0.674408217954444	0.32559178204555606	0.0	0.0	1.7592631995738615	0.9205143504232749	0.0	0.0	0.45353159851301117	0.28198495411686375	0.7180150458831362	28.198495411686373	71.80150458831362	routine
158.25	10	4.976876098599636	2.49909753745179	3.6054356239795182	12.171504675615099	0.08215911069758218	0.6761947297900849	0.3238052702099151	0.0	0.0	1.5440318771088328	0.8431053211320125	0.0	0.0	0.4275092936802974	0.2759260058675956	0.7240739941324044	27.59260058675956	72.40739941324044	routine
158.5	10	4.873315237549257	2.5220745279076575	3.638584414164751	12.454406896977348	0.08029286406586711	0.6779812416257258	0.3220187583742742	0.0	0.0	1.33379722929858	0.7835350214386138	0.0	0.0	0.4070631970260223	0.27126110966293704	0.728738890337063	27.126110966293705	72.87388903370629	routine
158.75	11	5.0342573099214105	2.5300355237586527	3.6500697033995197	12.55395209231144	0.07965619054834863	0.6802143814202769	0.3197856185797231	0.0	0.0	1.1730947584560028	0.7672840964105191	0.0	0.0	0.3949814126394052	0.26879894851492053	0.7312010514850795	26.879894851492054	73.12010514850795	routine
159.0	10	5.453156012975175	2.5259753272086805	3.64421207797184	12.503083916614422	0.079980267801864	0.6788744975435462	0.32112550245645377	0.0	0.0	1.0918979390853891	0.8107507051808573	0.0	0.0	0.38847583643122674	0.26683758349369324	0.7331624165063068	26.683758349369324	73.31624165063067	routine
159.25	12	6.097825668702498	2.524099363345863	3.6415056342100662	12.479650569941146	0.08013044871694	0.678427869584636	0.32157213041536403	0.0	0.0	1.1009125581482724	0.9179337596029943	0.0	0.0	0.3903345724907063	0.2671906105188356	0.7328093894811645	26.719061051883557	73.28093894811644	routine
159.5	12	6.905473793880392	2.528965424399908	3.6485258763614	12.540525301509124	0.0797414762107023	0.6797677534613666	0.32023224653863336	0.0	0.0	1.1905481090455319	1.0786753566374412	0.0	0.0	0.39684014869888473	0.26915197554006287	0.7308480244599371	26.915197554006287	73.08480244599372	routine
159.75	13	7.797526416292917	2.54568119916304	3.6726416417167873	12.751911719678361	0.07841961440627215	0.6828941491737383	0.31710585082626175	0.0	0.0	1.3363195442386007	1.2720649079576631	0.0	0.0	0.40892193308550184	0.27295402056481	0.72704597943519	27.295402056481	72.704597943519	routine
160.0	12	8.682518563677652	2.572515632047967	3.7113555449649396	13.098734625232701	0.0763432521240375	0.6869138008039303	0.3130861991960697	0.0	0.0	1.5048686267381748	1.4701996350488074	0.0	0.0	0.42379182156133827	0.2776764055913171	0.7223235944086829	27.767640559131713	72.2323594408683	routine
160.25	13	9.47325448480614	2.6084297326492445	3.76316863980039	13.577713463363631	0.07365010336226879	0.6909334524341224	0.3090665475658776	0.0	0.00041663648609230347	1.6624476815700802	1.644458504823249	0.0	0.008213552361396304	0.44144981412639406	0.2851492047304782	0.7148507952695218	28.514920473047823	71.48507952695218	routine
160.5	14	10.101056163216937	2.6523949738882275	3.8265970753073577	14.187977823844909	0.07048220771245908	0.6962929879410451	0.3037070120589549	0.0	0.0010828233810299163	1.7803442129801144	1.7708941062134165	0.0	0.03696098562628337	0.4544609665427509	0.2969287350275198	0.7030712649724802	29.692873502751983	70.30712649724802	routine
160.75	15	10.530430618237133	2.7040343704821552	3.9010969766879153	14.93988333067116	0.06693492699149987	0.7003126395712371	0.2996873604287629	0.0	0.0026437144492895037	1.8414381865458282	1.835051720502726	0.0	0.06570841889117043	0.46096654275092935	0.30674690030333424	0.6932530996966657	30.674690030333423	69.32530996966658	routine
161.0	14	10.766611639575716	2.7625358321395246	3.985496745305758	15.83995954078307	0.06313147438447078	0.7083519428316213	0.2916480571683787	0.0	0.006063565307462543	1.8437987708823995	1.8361624757426211	0.0	0.0944558521560575	0.46189591078066916	0.316175926442087	0.6838240735579131	31.6175926442087	68.38240735579132	routine
161.25	18	10.85299989309566	2.824822999028806	4.075358132087948	16.857960846556832	0.05931915544840323	0.7195176418043769	0.28048235819562306	0.0	0.013064661721124351	1.8006350144605292	1.786949521101823	0.0	0.13552361396303902	0.45724907063197023	0.32807258159984654	0.6719274184001535	32.807258159984656	67.19274184001534	routine
161.5	17	10.858669718864741	2.8841883050946686	4.1610041647500235	17.8890412571905	0.05590014498949462	0.7271103171058508	0.27288968289414917	0.0	0.026443861491300368	1.73784018963698	1.7113963281456794	0.0	0.18480492813141683	0.4516728624535316	0.3408970269226998	0.6591029730773001	34.08970269226998	65.91029730773002	elevated
161.75	19	10.863195883869166	2.9338313451382554	4.232623932435558	18.799520141808358	0.05319284707571309	0.7373827601607861	0.2626172398392139	0.0	0.05028149398800846	1.6912731464810293	1.6409916524930208	0.0	0.24229979466119098	0.4433085501858736	0.3557477762519627	0.6442522237480373	35.57477762519627	64.42522237480372	elevated
162.0	20	10.930546116606623	2.96521362951842	4.277898998482589	19.398846965179814	0.051549455583363366	0.7396158999553372	0.26038410004466284	0.0	0.08981483316209465	1.6960063312569846	1.60619149809489	0.0	0.29774127310061604	0.4451672862453532	0.3706311148253266	0.6293688851746734	37.06311148253266	62.93688851746734	elevated
162.25	21	11.096731625385859	2.9755726324053713	4.2928438805761475	19.600844115086705	0.05101821095706298	0.7414024117909781	0.2585975882090219	0.0	0.15071086300032285	1.7817496683183363	1.6310388053180134	0.0	0.351129363449692	0.45539033457249073	0.3869805274532902	0.6130194725467097	38.69805274532902	61.30194725467098	elevated
162.5	21	11.35523742843551	2.965700931187069	4.278602026183365	19.408302359303367	0.05152434156718762	0.7400625279142474	0.2599374720857526	0.0	0.23757330575167065	1.9649454955680787	1.727372189816408	0.0	0.40451745379876797	0.4758364312267658	0.4051041032349453	0.5948958967650547	40.510410323494526	59.489589676505474	elevated
162.75	18	11.663045875865215	2.9424065291181716	4.244995307838094	18.96142266561523	0.052738658782887984	0.7378293881196963	0.26217061188030366	0.0	0.35180930324309895	2.2421123740877	1.8903030708446011	0.0	0.4620123203285421	0.5037174721189591	0.42588979514179937	0.5741102048582006	42.58897951417994	57.41102048582006	elevated
163.0	18	11.950866703931773	2.914049620221656	4.204084935998151	18.43128735355016	0.05425556993485775	0.7342563644484145	0.26574363555158553	0.0	0.4894108504309132	2.589574746030657	2.100163895599744	0.0	0.5174537987679672	0.5297397769516728	0.4453624850420136	0.5546375149579864	44.53624850420136	55.46375149579864	elevated
163.25	17	12.140038837125813	2.886802792446926	4.164776072687592	17.935873123285457	0.055754185654989845	0.7284502009825815	0.2715497990174185	0.0	0.6395823381298228	2.9646175375450667	2.325035199415244	0.0	0.5790554414784395	0.5585501858736059	0.4665139570836567	0.5334860429163433	46.65139570836567	53.34860429163433	elevated
163.5	16	12.16506156425362	2.865226828787302	4.133648536913452	17.553034286538217	0.056970207183319896	0.7253238052702099	0.2746761947297901	0.0	0.7851921081873451	3.3121982806054873	2.5270061724181425	0.0	0.6365503080082136	0.5724907063197026	0.48359120489953145	0.5164087951004686	48.35912048995314	51.64087951004686	elevated
163.75	16	11.991963675536102	2.853167768099575	4.116250989861489	17.342632355382523	0.057661373401001394	0.7217507815989281	0.27824921840107186	0.0	0.9055490607076128	3.575767320557172	2.670218259849559	0.0	0.6899383983572895	0.5836431226765799	0.4988330756581994	0.5011669243418007	49.88330756581994	50.11669243418007	elevated
164.0	16	11.626510363390114	2.8524836676720002	4.115264041567157	17.330772310366402	0.057700833066847805	0.7213041536400179	0.2786958463599821	0.0	0.9810804865851903	3.7093233664958425	2.7282428799106517	0.0	0.7453798767967146	0.595724907063197	0.5156022343749824	0.4843977656250176	51.560223437498244	48.439776562501756	elevated
164.25	17	11.117486113361041	2.8640113780861514	4.131895012214457	17.531712399183725	0.057039493760264966	0.7248771773112996	0.27512282268870036	0.0	0.9985133737918273	3.6888321131750157	2.690318739383188	0.0	0.7720739219712526	0.5938661710037175	0.5227043175715674	0.47729568242843257	52.27043175715674	47.72956824284326	elevated
164.5	17	10.548556717032373	2.8862895145866223	4.164035569263934	17.92666939894209	0.05578281038969867	0.7275569450647611	0.2724430549352389	0.0	0.9546841870960586	3.5203656504172227	2.5656814633211638	0.0	0.7227926078028748	0.5827137546468402	0.508265826878619	0.491734173121381	50.8265826878619	49.1734173121381	elevated
164.75	18	10.019376707123856	2.912394461120383	4.201697046170862	18.40080587334724	0.05434544589421793	0.733363108530594	0.26663689146940595	0.0	0.8574763827252198	3.239320754785436	2.3818443720602165	0.0	0.6673511293634496	0.5678438661710037	0.4921395260162619	0.5078604739837381	49.21395260162619	50.78604739837381	elevated
165.0	21	9.625026922178025	2.9317409844615385	4.22960817945359	18.760263408822947	0.0533041556084815	0.7364895042429657	0.26351049575703434	0.0	0.7235044391044109	2.9010303078202027	2.177525868715792	0.0	0.6098562628336756	0.5548327137546468	0.475294620207822	0.524705379792178	47.5294620207822	52.4705379792178	elevated
165.25	17	9.42709182114168	2.929457907981072	4.22631439633725	18.717481148836008	0.053425992100555014	0.7360428762840554	0.2639571237159446	0.0	0.5734780870298464	2.5673264311868835	1.9938483441570374	0.0	0.5523613963039015	0.5269516728624535	0.4538389863626026	0.5461610136373973	45.38389863626026	54.61610136373973	elevated
165.5	17	9.445983867057326	2.9023328326258717	4.187181184638563	18.216592100017234	0.054895009698276875	0.7315765966949531	0.2684234033050469	0.0	0.4270208203536211	2.292888448647975	1.8658676282943538	0.0	0.4948665297741273	0.5065055762081785	0.43323717566931474	0.5667628243306853	43.32371756693148	56.67628243306852	elevated
165.75	16	9.64704559435684	2.855751625089005	4.119978707526506	17.38750117955837	0.05751257697544549	0.7226440375167485	0.27735596248325145	0.0	0.2987018195152323	2.1123632198503524	1.8136614003351201	0.0	0.4394250513347023	0.4944237918215613	0.41412322016825304	0.585876779831747	41.41232201682531	58.5876779831747	elevated
166.0	16	9.953892384169652	2.803686339134577	4.044864377677587	16.50537918741027	0.060586308781246614	0.7159446181330952	0.2840553818669048	0.0	0.1962832681734402	2.0369711193171565	1.8406878511437161	0.0	0.37782340862423	0.48605947955390333	0.3949568765778071	0.6050431234221929	39.49568765778071	60.50431234221929	elevated
166.25	15	10.26794916723949	2.759379444605029	3.980943040662617	15.790041312022824	0.06333105659695658	0.707905314872711	0.292094685127289	0.0	0.12116726018433722	2.0577404621278332	1.9365732019434962	0.0	0.324435318275154	0.48698884758364314	0.3798323701828771	0.6201676298171229	37.98323701828771	62.01676298171229	elevated
166.5	14	10.495959007133157	2.7311205987483964	3.940174143884008	15.350078664579739	0.0651462459477486	0.7052255471192497	0.2947744528807503	0.0	0.07026578297419352	2.150431317956803	2.08016553498261	0.0	0.2751540041067762	0.4972118959107807	0.36939786178420164	0.6306021382157984	36.939786178420164	63.060213821579836	elevated
166.75	14	10.570199559217244	2.7190028454891157	3.9226919213501277	15.165192662669908	0.06594047449601903	0.7025457793657883	0.2974542206342117	0.0	0.038278868079698616	2.2824598648280934	2.244180996748395	0.0	0.21971252566735114	0.5055762081784386	0.3569586283028945	0.6430413716971055	35.69586283028945	64.30413716971056	elevated
167.0	15	10.464955123189569	2.719349468301372	3.923191992362429	15.170450175533361	0.06591762198413748	0.7029924073246985	0.2970075926753015	0.0	0.01958983955259289	2.418733120635918	2.3991432810833255	0.0	0.16632443531827515	0.5157992565055762	0.34627902478713746	0.6537209752128625	34.62790247871374	65.37209752128625	elevated
167.25	14	10.195481635471957	2.7258049078496587	3.9325052229855006	15.26869887764993	0.06549346529217258	0.7034390352836087	0.29656096471639126	0.0	0.009418012571446047	2.5262988784361897	2.516880865864744	0.0	0.11704312114989733	0.5223048327137546	0.3356967472868152	0.6643032527131848	33.56967472868152	66.43032527131848	elevated
167.5	16	9.806239847871016	2.731008396226968	3.940012269862768	15.348356443670015	0.06515355593089715	0.7047789191603394	0.2952210808396606	0.0	0.004253478554837621	2.5802665123913	2.5760130338364626	0.0	0.08418891170431211	0.5278810408921933	0.3292122179392112	0.6707877820607888	32.92122179392112	67.07877820607888	elevated
167.75	16	9.352644335191336	2.72734040662347	3.934720479451769	15.292161955207645	0.06539297732584219	0.703885663242519	0.296114336757481	0.0	0.001804620240641738	2.5657408879530275	2.563936267712386	0.0	0.055441478439425054	0.5260223048327137	0.32133736162866444	0.6786626383713356	32.13373616286644	67.86626383713356	routine
168.0	16	8.889014451133004	2.712246926031532	3.912945189852026	15.063083152671904	0.0663874712676348	0.7012058954890577	0.29879410451094235	0.0	0.0007192568316154081	2.4823742677988223	2.481655010967207	0.0	0.026694045174537988	0.5195167286245354	0.31185416732203275	0.6881458326779673	31.185416732203276	68.81458326779672	routine
168.25	14	8.454380439274548	2.6859063229626923	3.874943732430587	14.671492466864096	0.06815939157236546	0.6994193836534167	0.3005806163465833	0.0	0.0	2.3423726719304194	2.3423726719304194	0.0	0.0	0.5120817843866171	0.30287529201000846	0.6971247079899916	30.287529201000847	69.71247079899916	routine
168.5	14	8.075243671611881	2.655562145272728	3.8311663377574217	14.23298481601938	0.07025933161078687	0.6967396158999554	0.30326038410004463	0.0	0.0	2.168024758261377	2.168024758261377	0.0	0.0	0.5	0.29918490397498887	0.7008150960250111	29.918490397498886	70.08150960250111	routine
168.75	12	7.763931824327047	2.628188044857466	3.791673858839527	13.848654014711757	0.07220918357391816	0.694059848146494	0.305940151853506	0.0	0.0	1.9806534679703236	1.9806534679703236	0.0	0.0	0.47862453531598514	0.2931710958656198	0.7068289041343803	29.31710958656198	70.68289041343803	routine
169.0	9	7.5301604815467895	2.6117810151174505	3.768003518397889	13.62329254798676	0.07340369418608568	0.6918267083519428	0.3081732916480572	0.0	0.0	1.7956414657700437	1.7956414657700437	0.0	0.0	0.4563197026022305	0.2870366027385433	0.7129633972614566	28.703660273854332	71.29633972614566	routine
169.25	13	7.383541412044879	2.608563553887588	3.7633617030373134	13.579530571374283	0.0736402480736709	0.6913800803930326	0.30861991960696744	0.0	0.0	1.618807929888224	1.618807929888224	0.0	0.0	0.4349442379182156	0.28158107957781203	0.718418920422188	28.158107957781205	71.8418920422188	routine
169.5	14	7.338122366224919	2.616683945032027	3.7750769510714743	13.690250607760326	0.07304468184338053	0.6922733363108531	0.3077266636891469	0.0	0.0	1.447099625301557	1.447099625301557	0.0	0.0	0.41728624535315983	0.27738989541600323	0.7226101045839968	27.738989541600322	72.26101045839968	routine
169.75	14	7.405013552363882	2.6271530270971026	3.7901806438494186	13.83432782705766	0.0722839600521946	0.6936132201875838	0.30638677981241624	0.0	0.0	1.2735091700675556	1.2735091700675556	0.0	0.0	0.40148698884758366	0.27377505225879184	0.7262249477412082	27.377505225879183	72.62249477412081	routine
170.0	13	7.586622946165027	2.6310494442074117	3.7958019854916962	13.888337292083197	0.0720028595914093	0.6945064761054042	0.30549352389459583	0.0	0.0	1.0929124450118668	1.0929124450118668	0.0	0.0	0.38940520446096655	0.27097792014159267	0.7290220798584073	27.097792014159268	72.90220798584073	routine
170.25	12	7.865560483027262	2.6222429328581427	3.783096875240574	13.766566467163868	0.07263975388381762	0.6927199642697632	0.30728003573023677	0.0	0.0	0.9059502479896506	0.9059502479896506	0.0	0.0	0.3392193308550186	0.25798482378119547	0.7420151762188045	25.798482378119548	74.20151762188046	routine
170.5	13	8.202941096777353	2.603098678355378	3.7554775542079186	13.505522533559976	0.07404378449742262	0.6895935685573917	0.31040643144260827	0.0	0.0	0.7192768697638278	0.7192768697638278	0.0	0.0	0.2983271375464684	0.24698017652596505	0.753019823474035	24.698017652596505	75.3019823474035	routine
170.75	13	8.538483542910248	2.578766365101823	3.720373446543658	13.180867747406154	0.07586753916082564	0.6878070567217508	0.3121929432782492	0.0	0.0	0.5439292698727111	0.5439292698727111	0.0	0.0	0.2648698884758364	0.2381692362993968	0.7618307637006032	23.81692362993968	76.18307637006032	routine
171.0	14	8.807057152076727	2.5580855635069932	3.6905373566411885	12.911076205006262	0.07745287721346193	0.6851272889682894	0.31487271103171055	0.0	0.0	0.38982307346927597	0.38982307346927597	0.0	0.0	0.23513011152416358	0.23006435012311327	0.7699356498768868	23.00643501231133	76.99356498768867	routine
171.25	14	8.949333349980208	2.5448267091394183	3.6714088731972194	12.74101999243065	0.07848665182176097	0.6820008932559178	0.31799910674408216	0.0	0.0	0.26396737483207205	0.26396737483207205	0.0	0.0	0.20631970260223048	0.2220801489645371	0.7779198510354629	22.208014896453708	77.7919851035463	routine
171.5	12	8.930583183019328	2.54063743562033	3.665365029066303	12.687756021340578	0.07881614355745949	0.6815542652970076	0.3184457347029924	0.0	0.0	0.16854161713337676	0.16854161713337676	0.0	0.0	0.17565055762081785	0.21430120572945635	0.7856987942705437	21.430120572945636	78.56987942705437	routine
171.75	11	8.748054692854728	2.5448466127566047	3.67143758804703	12.741273587338862	0.07848508966903517	0.6824475212148281	0.3175524787851719	0.0	0.0	0.10107889499104056	0.10107889499104056	0.0	0.0	0.14591078066914498	0.20708957547099327	0.7929104245290067	20.708957547099327	79.29104245290067	routine
172.0	11	8.432642714466443	2.557578917042827	3.689806420299852	12.904536510694802	0.07749212838223496	0.6846806610093792	0.3153193389906208	0.0	0.0	0.05705676256296567	0.05705676256296567	0.0	0.0	0.120817843866171	0.20137462621888755	0.7986253737811124	20.137462621888755	79.86253737811124	routine
172.25	12	8.040112196825834	2.5783716324055237	3.7198039676402304	13.17566585468677	0.0758974924705066	0.6873604287628405	0.31263957123715946	0.0	0.0	0.030401623961107852	0.030401623961107852	0.0	0.0	0.09479553903345725	0.19553899194907445	0.8044610080509256	19.553899194907444	80.44610080509256	routine
172.5	13	7.642829125896697	2.6071892127964618	3.761378947960656	13.560880483238622	0.0737415244707753	0.6904868244752121	0.30951317552478785	0.0	0.0	0.015217490342567275	0.015217490342567275	0.0	0.0	0.07434944237918216	0.19120906671359858	0.8087909332864014	19.120906671359858	80.87909332864014	routine
172.75	14	7.315084438779339	2.6389149968482646	3.807149579280506	13.998007483065672	0.07143873877834163	0.6953997320232247	0.3046002679767753	0.0	0.0	0.007155597136503783	0.007155597136503783	0.0	0.0	0.05483271375464684	0.18755811144446788	0.8124418885555321	18.75581114444679	81.24418885555322	routine
173.0	17	7.121928397922153	2.663129703896418	3.842084017055456	14.341102339882882	0.06972964673845056	0.6976328718177758	0.3023671281822242	0.0	0.0	0.0031608604560762455	0.0031608604560762455	0.0	0.0	0.03717472118959108	0.18370189825184172	0.8162981017481583	18.370189825184173	81.62981017481583	routine
173.25	13	7.103758720190972	2.6656976897073315	3.845788837449934	14.37797741427392	0.06955081171620407	0.6985261277355963	0.3014738722644037	0.0	0.0	0.0013116602573000759	0.0013116602573000759	0.0	0.0	0.019516728624535316	0.1795107140900329	0.8204892859099671	17.95107140900329	82.04892859099671	routine
173.5	13	7.26337786087425	2.6374111084182723	3.804979926900506	13.976971863146305	0.07154625549735447	0.6949531040643144	0.30504689593568557	0.0	0.0	0.0005113214257884165	0.0005113214257884165	0.0	0.0	0.0055762081784386614	0.17513232806068826	0.8248676719393118	17.513232806068828	82.48676719393117	routine
173.75	12	7.561427112875527	2.5840120869900693	3.7279414234977137	13.250192584290916	0.07547060117341796	0.6882536846806611	0.31174631531933894	0.0	0.0	0.0005833273560252063	0.0005833273560252063	0.0	0.0	0.006505576208178439	0.1736898152222099	0.8263101847777901	17.368981522220988	82.63101847777901	routine
174.0	12	7.916775996277936	2.5197404989173844	3.635217122115193	12.42537184772765	0.08048048881393274	0.6775346136668156	0.32246538633318445	0.0	0.0	0.0014837111343592587	0.0014837111343592587	0.0	0.0	0.02137546468401487	0.1747275195877076	0.8252724804122924	17.47275195877076	82.52724804122924	routine
174.25	12	8.223084410263152	2.4587727449840275	3.5472592458614005	11.690455562332051	0.08553986580489739	0.6730683340777133	0.32693166592228673	0.0	0.0	0.0035452181391298298	0.0035452181391298298	0.0	0.0	0.039962825278810406	0.17825778983913093	0.8217422101608691	17.825778983913093	82.17422101608692	routine
174.5	11	8.380820591361415	2.4141596887225933	3.482896210834129	11.180371416900643	0.08944246686548936	0.6703885663242519	0.3296114336757481	0.0	0.0	0.008429552209608407	0.008429552209608407	0.0	0.0	0.0604089219330855	0.18269937206433434	0.8173006279356656	18.269937206433433	81.73006279356656	routine
174.75	11	8.32157669512579	2.391356253103797	3.449997807351661	10.928305444877779	0.09150549506911076	0.66681554265297	0.33318445734702995	0.0	0.0	0.017996717425966376	0.017996717425966376	0.0	0.0	0.08085501858736059	0.18691764031008265	0.8130823596899174	18.691764031008265	81.30823596899174	routine
175.0	10	8.030704497475195	2.3917793897530477	3.4506082644971534	10.932930589890884	0.0914667839311674	0.6672621706118803	0.3327378293881197	0.0	0.0	0.036186660473892004	0.036186660473892004	0.0	0.0	0.10223048327137546	0.19237316347081396	0.8076268365291861	19.237316347081396	80.76268365291861	routine
175.25	10	7.551371588360441	2.413159747393159	3.4814536004369745	11.169197289109627	0.08953194881560883	0.6694953104064314	0.3305046895935686	0.0	0.0	0.06918438862882835	0.06918438862882835	0.0	0.0	0.12546468401486988	0.19873999860532532	0.8012600013946747	19.873999860532532	80.12600013946746	routine
175.5	10	6.972569661575694	2.4505465954178622	3.535391420676683	11.594682587861355	0.08624643170886927	0.6721750781598929	0.32782492184010714	0.0	0.0	0.12404471851062948	0.12404471851062948	0.0	0.0	0.15520446096654275	0.2068448847816089	0.7931551152183911	20.68448847816089	79.31551152183911	routine
175.75	11	6.400843105039665	2.4910411797732066	3.593812756708998	12.073840616995168	0.08282368731887992	0.6753014738722644	0.32469852612773564	0.0	0.0	0.21011748420852316	0.21011748420852316	0.0	0.0	0.18773234200743494	0.21575845396992482	0.7842415460300751	21.57584539699248	78.42415460300751	routine
176.0	13	5.934730289141943	2.5173411202069897	3.631755550348492	12.395594413004707	0.08067382383460857	0.6770879857079053	0.3229120142920947	0.0	0.0	0.33664826103284895	0.33664826103284895	0.0	0.0	0.2211895910780669	0.22456939419649305	0.775430605803507	22.456939419649306	77.5430605803507	routine
176.25	12	5.640736976972162	2.51216605815099	3.6242895139840083	12.331612141602694	0.08109239801877467	0.6766413577489951	0.32335864225100486	0.0	0.0	0.5113155221545861	0.5113155221545861	0.0	0.0	0.2611524163568773	0.2344484435264681	0.7655515564735319	23.44484435264681	76.55515564735319	routine
176.5	12	5.54209607148891	2.46950694015908	3.562745416008383	11.816619114711989	0.08462657468200653	0.6739615899955337	0.3260384100044663	0.0	0.0	0.7372406027673295	0.7372406027673295	0.0	0.0	0.30111524163568776	0.24376920790780537	0.7562307920921947	24.376920790780538	75.62307920921947	routine
176.75	11	5.62053128350655	2.4027031283388482	3.4663678879828552	11.053013750051413	0.09047306215423359	0.668602054488611	0.331397945511389	0.0	0.0	1.011377963031321	1.011377963031321	0.0	0.0	0.38104089219330856	0.26241073667047987	0.7375892633295201	26.24107366704799	73.75892633295202	routine
177.0	8	5.820697493394426	2.3292033284911398	3.360330091236235	10.269756650618557	0.0973732907234729	0.6632425189816883	0.3367574810183117	0.0	0.0	1.3227884265525784	1.3227884265525784	0.0	0.0	0.4052044609665427	0.26711174498705775	0.7328882550129423	26.711174498705777	73.28882550129423	routine
177.25	9	6.070999958810196	2.2677406989517768	3.2716582603998003	9.657556819039652	0.10354585727401809	0.6583296114336757	0.34167038856632426	0.0	0.0	1.6552789445273115	1.6552789445273115	0.0	0.0	0.44052044609665425	0.2747125143825825	0.7252874856174175	27.47125143825825	72.52874856174175	routine
177.5	8	6.295321521948987	2.2258169449971246	3.2111750684739744	9.261045479113749	0.10797916955005567	0.6547565877623939	0.34524341223760613	0.0	0.0	1.9891890581461253	1.9891890581461253	0.0	0.0	0.4804832713754647	0.28380996478446463	0.7161900352155354	28.380996478446463	71.61900352155354	routine
177.75	8	6.432735595850347	2.2067741692478795	3.183702150335778	9.086358012813477	0.11005509562685198	0.6534167038856632	0.3465832961143368	0.0	0.0	2.305896960855414	2.305896960855414	0.0	0.0	0.5111524163568774	0.29114228006063514	0.7088577199393649	29.114228006063513	70.88577199393649	routine
178.0	8	6.449035581869868	2.210850128314486	3.1895825162680373	9.123469216633353	0.10960742851818484	0.6543099598034837	0.3456900401965163	0.0	0.0	2.5920568129192394	2.5920568129192394	0.0	0.0	0.5306691449814126	0.2962447761962241	0.7037552238037759	29.624477619622407	70.37552238037759	routine
178.25	9	6.34448980683412	2.236766124073867	3.226971394829796	9.363003484133195	0.10680333524329322	0.6556498436802144	0.3443501563197856	0.0	0.0	2.842421356416085	2.842421356416085	0.0	0.0	0.5492565055762082	0.3012265873141057	0.6987734126858943	30.122658731410567	69.87734126858943	routine
178.5	9	6.154368836012145	2.2817188231272123	3.291824430828631	9.79349924408434	0.10210854926078027	0.6596694953104064	0.3403305046895936	0.0	0.0	3.060019429727207	3.060019429727207	0.0	0.0	0.5604089219330854	0.30501960431087294	0.6949803956891271	30.501960431087294	69.4980395689127	routine
178.75	11	5.93931167796779	2.3382770883738098	3.37342075962118	10.363366008676973	0.09649374529112707	0.664582402858419	0.33541759714158104	0.0	0.0	3.253124287008531	3.253124287008531	0.0	0.0	0.5687732342007435	0.30833890926479063	0.6916610907352094	30.833890926479064	69.16610907352094	routine
179.0	11	5.7648182826327545	2.3877584428639085	3.4448072643605143	10.88905812019244	0.09183530742164202	0.6663689146940599	0.3336310853059401	0.0	0.0	3.429509784256201	3.429509784256201	0.0	0.0	0.5771375464684015	0.3108766152906154	0.6891233847093846	31.08766152906154	68.91233847093847	routine
179.25	11	5.687328067234146	2.4134103192253784	3.481815099176704	11.171996326004033	0.08950951744160456	0.6699419383653417	0.33005806163465834	0.0	0.0	3.5897388413828963	3.5897388413828963	0.0	0.0	0.5855018587360595	0.3138609492753503	0.6861390507246496	31.38609492753503	68.61390507246496	routine
179.5	11	5.730775959829575	2.4018234209116462	3.4650987384401977	11.04329460739031	0.09055268699712019	0.6681554265297007	0.3318445734702993	0.0	0.0	3.7221901424131913	3.7221901424131913	0.0	0.0	0.5966542750929368	0.31620242540565935	0.6837975745943407	31.620242540565936	68.37975745943406	routine
179.75	11	5.883693210166378	2.359044801578335	3.403382236471953	10.580839822397836	0.09451045633288677	0.6654756587762394	0.3345243412237606	0.0	0.0	3.802552576876247	3.802552576876247	0.0	0.0	0.6013011152416357	0.31669419350446876	0.6833058064955313	31.669419350446876	68.33058064955313	routine
180.0	10	6.099146922454985	2.301958976584485	3.32102479984827	9.993740795604161	0.1000626312461355	0.6623492630638678	0.33765073693613223	0.0	0.0	3.7991627961127965	3.7991627961127965	0.0	0.0	0.6003717472118959	0.31568025256894094	0.6843197474310591	31.568025256894096	68.43197474310591	routine
180.25	10	6.309665273569643	2.247946974577138	3.243101952403786	9.468277254797087	0.10561583412582808	0.6565430995980348	0.3434569004019652	0.0	0.0	3.6830934477209616	3.6830934477209616	0.0	0.0	0.5929368029739777	0.3123699756430031	0.6876300243569968	31.23699756430031	68.76300243569969	routine
180.5	8	6.447664781839344	2.2077375703739928	3.185092044362808	9.095116038423768	0.10994911948075654	0.6538633318445735	0.34613666815542654	0.0	0.0	3.4399067313479357	3.4399067313479357	0.0	0.0	0.578996282527881	0.30821490359311365	0.6917850964068863	30.821490359311365	69.17850964068863	routine
180.75	9	6.4633623635817345	2.183520471834388	3.1501541563950015	8.877504314459676	0.11264427079705276	0.6516301920500224	0.34836980794997763	0.0	0.0	3.0762769723258887	3.0762769723258887	0.0	0.0	0.5613382899628253	0.3032421205032119	0.6967578794967881	30.324212050321194	69.6757879496788	routine
181.0	9	6.333702149604751	2.1692984504699684	3.129636116701136	8.752141825474204	0.11425774626839054	0.6502903081732917	0.3497096918267083	0.0	0.0	2.622489095818997	2.622489095818997	0.0	0.0	0.5343866171003717	0.2961692313184159	0.7038307686815841	29.616923131841588	70.38307686815841	routine
181.25	8	6.066673027080938	2.1589733896696597	3.1147402026876536	8.662240346784941	0.11544357579170127	0.6493970522554712	0.3506029477445288	0.0	0.0	2.1252306510416368	2.1252306510416368	0.0	0.0	0.49535315985130113	0.2861875530266931	0.7138124469733069	28.618755302669307	71.38124469733069	routine
181.5	8	5.69155145963226	2.145568411626511	3.0954009073415776	8.546898013040643	0.11700151311905502	0.6489504242965609	0.3510495757034391	0.0	0.0	1.6366720272531357	1.6366720272531357	0.0	0.0	0.4395910780669145	0.27213537559086887	0.7278646244091311	27.213537559086888	72.78646244091311	routine
181.75	8	5.249975198673691	2.1254437773817423	3.0663671973169455	8.376614015246485	0.11937997837549574	0.6476105404198302	0.35238945958016976	0.0	0.0	1.2028531745707995	1.2028531745707995	0.0	0.0	0.39776951672862454	0.2613450142871137	0.7386549857128863	26.13450142871137	73.86549857128864	routine
182.0	9	4.7868233596656475	2.0995569695054592	3.0290204279693866	8.162552851566105	0.12251069220435558	0.6471639124609201	0.3528360875390799	0.0	0.0	0.8566981105969533	0.8566981105969533	0.0	0.0	0.3271375464684015	0.24357536473233038	0.7564246352676696	24.357536473233036	75.64246352676696	routine
182.25	8	4.344064512072554	2.071961907147967	2.9892091683532107	7.940386146587488	0.1259384596087643	0.6458240285841894	0.3541759714158106	0.0	0.0	0.6138050783793438	0.6138050783793438	0.0	0.0	0.27973977695167285	0.23139095138396557	0.7686090486160344	23.139095138396556	76.86090486160344	routine
182.5	8	3.9566507170661804	2.0435798515725967	2.9482625175243893	7.718189776045577	0.129564059580866	0.6444841447074587	0.35551585529254126	0.0	0.0	0.47534125199060534	0.47534125199060534	0.0	0.0	0.25464684014869887	0.2247827462140394	0.7752172537859606	22.47827462140394	77.52172537859606	routine
182.75	7	3.6523101375215896	2.0121995054476804	2.9029902477885936	7.479751020834334	0.13369428971827652	0.6426976328718178	0.3573023671281822	0.0	0.0	0.43253657216181085	0.43253657216181085	0.0	0.0	0.24070631970260223	0.22085098814360501	0.779149011856395	22.085098814360503	77.9149011856395	routine
183.0	6	3.4467471183216998	1.9690320413261233	2.8407127613726706	7.163738928019677	0.13959191004137236	0.6382313532827155	0.3617686467172845	0.0	0.0	0.4683488222613217	0.4683488222613217	0.0	0.0	0.25	0.22205783832067888	0.7779421616793212	22.205783832067887	77.79421616793212	routine
183.25	6	3.3402832149870894	1.9057712976562076	2.7494468001971355	6.724592290191255	0.148707900322617	0.6355515855292542	0.36444841447074583	0.0	0.0	0.5612317369539043	0.5612317369539043	0.0	0.0	0.2695167286245353	0.22626707853844735	0.7737329214615527	22.626707853844735	77.37329214615526	routine
183.5	6	3.316319376784587	1.825120491493327	2.6330922821022504	6.203542448168036	0.1611982199453329	0.631531933899062	0.36846806610093796	0.0	0.0	0.6866182820687751	0.6866182820687751	0.0	0.0	0.2908921933085502	0.23060603180190306	0.7693939681980969	23.060603180190306	76.93939681980969	routine
183.75	5	3.3440262043612274	1.7433588907159299	2.5151352261255564	5.7165123517466006	0.17493183578873295	0.629298794104511	0.37070120589548905	0.0	0.0	0.8169002425883362	0.8169002425883362	0.0	0.0	0.3187732342007435	0.2370180070763136	0.7629819929236864	23.70180070763136	76.29819929236864	routine
184.0	4	3.3874591207283102	1.6849851785612273	2.4309197610816873	5.3923710090604695	0.18544718052963372	0.6266190263510496	0.3733809736489504	0.0	0.0	0.9253546187815482	0.9253546187815482	0.0	0.0	0.34572490706319703	0.24308598335356166	0.7569140166464383	24.308598335356166	75.69140166464383	routine
184.25	4	3.4175144092398337	1.6716343276782333	2.4116585547211438	5.320856718381697	0.18793965951861663	0.6248325145154087	0.37516748548459133	0.0	0.0	0.9894184872417331	0.9894184872417331	0.0	0.0	0.3680297397769517	0.2482155635730901	0.75178443642691	24.82155635730901	75.178443642691	routine
184.5	5	3.426708728402091	1.7206718287065437	2.4824047142722745	5.588281571392249	0.17894588653500199	0.6279589102277803	0.3720410897722197	0.0	0.0	0.9959381256690403	0.9959381256690403	0.0	0.0	0.370817843866171	0.24969418852348782	0.7503058114765122	24.96941885234878	75.03058114765122	routine
184.75	4	3.4340052534321677	1.8320887344491956	2.6431453316583915	6.246921200450196	0.16007885611362171	0.6319785618579723	0.3680214381420277	0.0	0.0	0.9424508657061442	0.9424508657061442	0.0	0.0	0.34851301115241634	0.24512289325259717	0.7548771067474028	24.51228932525972	75.48771067474028	routine
185.0	6	3.4856972489357267	1.9871673031273787	2.8668764136385647	7.294840395554421	0.1370831911016743	0.6391246092005359	0.36087539079946407	0.0	0.0	0.8381177519690663	0.8381177519690663	0.0	0.0	0.3215613382899628	0.24017148687262468	0.7598285131273753	24.01714868726247	75.98285131273754	routine
185.25	9	3.641749654760459	2.143393089724276	3.0922625812208864	8.52832596601066	0.11725630610104075	0.6485037963376508	0.35149620366234924	0.0	0.0	0.7001771861519369	0.7001771861519369	0.0	0.0	0.29182156133828996	0.23508133941898518	0.7649186605810148	23.508133941898517	76.49186605810148	routine
185.5	10	3.954958311304267	2.252596089483352	3.2498092074235037	9.51239884742421	0.1051259536148216	0.6569897275569451	0.34301027244305493	0.0	0.0	0.549499709998222	0.549499709998222	0.0	0.0	0.266728624535316	0.23092958802306526	0.7690704119769347	23.092958802306526	76.90704119769347	routine
185.75	10	4.4508495721052785	2.296541042823532	3.3132083736794784	9.93974178357516	0.10060623522961545	0.6614560071460474	0.33854399285395265	0.0	0.0	0.4051198973314565	0.4051198973314565	0.0	0.0	0.23605947955390336	0.22437887167498768	0.7756211283250123	22.43788716749877	77.56211283250123	routine
186.0	9	5.111884286640625	2.2936954000126657	3.3091029789081	9.911497035119304	0.10089293236498084	0.6605627512282269	0.33943724877177306	0.0	0.0	0.28057971852173813	0.28057971852173813	0.0	0.0	0.20817843866171004	0.21718529747248425	0.7828147025275157	21.718529747248425	78.28147025275157	routine
186.25	9	5.874676059816377	2.2762649330227434	3.2839561306213603	9.740231964449388	0.10266695943688747	0.6592228673514962	0.34077713264850384	0.0	0.0004199788514748503	0.1825515695693601	0.1825515695693601	0.0	0.01026694045174538	0.17843866171003717	0.21198211737831968	0.7880178826216804	21.19821173783197	78.80178826216803	routine
186.5	9	6.6405710400494335	2.2658447369643	3.2689229654427536	9.639263805327957	0.10374236250773271	0.6574363555158553	0.34256364448414467	0.0	0.0010909574415151949	0.1115761732813625	0.1115761732813625	0.0	0.039014373716632446	0.1496282527881041	0.21151974550514796	0.788480254494852	21.151974550514797	78.8480254494852	routine
186.75	9	7.303005614678719	2.2730713930035034	3.2793488262727224	9.709175759884697	0.10299535457290719	0.658776239392586	0.341223760607414	0.0	0.0026622252078677246	0.06406398477821844	0.06406398477821844	0.0	0.06776180698151951	0.12174721189591078	0.21207131456750408	0.787928685432496	21.207131456750407	78.7928685432496	routine
187.0	10	7.772676122863362	2.297566503016263	3.3146878000141604	9.949939821047314	0.1005031204193496	0.6619026351049576	0.3380973648950424	0.0	0.00610292971724642	0.03455516961526043	0.03455516961526043	0.0	0.09650924024640657	0.09665427509293681	0.21376653761107525	0.7862334623889248	21.376653761107526	78.62334623889248	routine
187.25	11	8.000694799456808	2.3339065857592494	3.3671154571729613	10.318171723250797	0.0969163943789205	0.6641357748995087	0.3358642251004913	0.0	0.013142819415069036	0.017509296808897606	0.017509296808897606	0.0	0.1375770020533881	0.07713754646840149	0.21971258085532458	0.7802874191446754	21.971258085532458	78.02874191446753	routine
187.5	11	7.986596432653131	2.37370169953698	3.424527670471705	10.737064197627367	0.09313532839088137	0.6659222867351496	0.33407771326485036	0.0	0.026588590026648512	0.008334527334623662	0.008334527334623662	0.0	0.188911704312115	0.05855018587360595	0.22834604423021765	0.7716539557697824	22.834604423021766	77.16539557697824	routine
187.75	11	7.772435967796711	2.4085547362185076	3.4748099736520666	11.117881256916728	0.08994519521225085	0.6690486824475212	0.33095131755247875	0.0	0.050531090352835595	0.004169055915453343	0.004169055915453343	0.0	0.2464065708418891	0.04275092936802974	0.23955154566436002	0.76044845433564	23.955154566436	76.044845433564	routine
188.0	11	7.419442199043921	2.426552049807865	3.500774608716756	11.319784662059805	0.08834090310495668	0.6712818222420723	0.32871817775792767	0.0	0.09021497357038394	0.0027103550468558736	0.0027103550468558736	0.0	0.2997946611909651	0.03345724907063197	0.25113343312591735	0.7488665668740826	25.113343312591734	74.88665668740826	routine
188.25	12	6.993980249071246	2.422842960941706	3.4954235246033316	11.27787634368655	0.08866917578501456	0.6708351942831621	0.3291648057168379	0.0	0.15130566123803246	0.003402261191542821	0.003402261191542821	0.0	0.3531827515400411	0.03810408921933085	0.2655305087606335	0.7344694912393666	26.55305087606335	73.44694912393666	routine
188.5	11	6.5472772908416275	2.396357984430598	3.4572137803326957	10.983102819201942	0.09104895187284265	0.6677087985707906	0.3322912014292094	0.0	0.23839015957722282	0.006362307191770892	0.006362307191770892	0.0	0.406570841889117	0.05111524163568773	0.2813487205238988	0.7186512794761012	28.13487205238988	71.86512794761012	routine
188.75	12	6.113831960109066	2.354266436700226	3.3964885131587472	10.53040131178428	0.09496314246646306	0.6650290308173291	0.3349709691826709	0.0	0.35284020500283253	0.013656732146167071	0.013656732146167071	0.0	0.46406570841889117	0.06970260223048327	0.29969933536667587	0.7003006646333241	29.969933536667586	70.0300664633324	routine
189.0	10	5.714007891098707	2.3077569226014805	3.329389467814331	10.051852266038825	0.09948415212772264	0.662795891022778	0.337204108977222	0.0	0.4905964508035094	0.027538199611255858	0.027538199611255858	0.0	0.5195071868583162	0.09200743494423792	0.318577628206333	0.6814223717936669	31.8577628206333	68.14223717936669	routine
189.25	7	5.360933813091039	2.2661899675684474	3.26942102792332	9.64259214868494	0.10370655365076084	0.6578829834747655	0.3421170165252345	0.0	0.640807126789483	0.05216520165208789	0.05216520165208789	0.0	0.5811088295687885	0.11431226765799256	0.33832602017538665	0.6616739798246134	33.83260201753867	66.16739798246134	elevated
189.5	6	5.065971929600418	2.232434297328262	3.2207218898659216	9.322532295595767	0.10726699230341404	0.6552032157213041	0.34479678427869587	0.0	0.7862974354092666	0.09282882052434094	0.09282882052434094	0.0	0.6386036960985626	0.14312267657992564	0.3592323970999481	0.640767602900052	35.92323970999481	64.0767602900052	elevated
189.75	9	4.840235445325457	2.203285422105867	3.1786689521350806	9.054713239667553	0.11043972056664661	0.652970075926753	0.34702992407324695	0.0	0.9063646943096407	0.15518200867939183	0.15518200867939183	0.0	0.6919917864476386	0.17286245353159851	0.3794560789764975	0.6205439210235024	37.94560789764975	62.05439210235024	elevated
190.0	9	4.690105662488925	2.170825703719848	3.131839477390919	8.765518774915174	0.11408337893950575	0.6511835640911121	0.3488164359088879	0.0	0.9814669865099577	0.2437005451431714	0.2437005451431714	0.0	0.7474332648870636	0.20074349442379183	0.3998400808504919	0.6001599191495082	39.98400808504919	60.01599191495082	elevated
190.25	9	4.613066938348046	2.1290160833367042	3.0715209454027073	8.406591355611997	0.11895427738763928	0.6480571683787405	0.3519428316212595	0.0	0.9984009981852708	0.35952428159795535	0.35952428159795535	0.0	0.7700205338809035	0.2295539033457249	0.41190790140134226	0.5880920985986577	41.190790140134226	58.809209859865774	elevated
190.5	8	4.592136605669249	2.074015140466392	2.992171357879491	7.956706360855154	0.12568014384943624	0.6462706565430996	0.35372934345690044	0.0	0.9540934450139525	0.49826060211554435	0.49826060211554435	0.0	0.7207392197125256	0.258364312267658	0.4063435471308208	0.5936564528691792	40.63435471308208	59.365645286917925	elevated
190.75	7	4.6001206200740805	2.012057739487045	2.9027857227402176	7.478690721904474	0.13371324436121976	0.6422510049129075	0.35774899508709246	0.0	0.8565119222510748	0.6486963655740088	0.6486963655740088	0.0	0.6632443531827515	0.2871747211895911	0.3981675198213125	0.6018324801786875	39.81675198213125	60.18324801786875	elevated
191.0	6	4.5995105320298855	1.9480436133515449	2.810432860417691	7.0149501922536235	0.14255268713158745	0.6368914694059848	0.36310853059401516	0.0	0.7223247697843627	0.7933831558950273	0.7933831558950273	0.0	0.6078028747433265	0.3141263940520446	0.389705184550339	0.610294815449661	38.9705184550339	61.0294815449661	elevated
191.25	6	4.5562265531144694	1.8928062114218163	2.7307421345820813	6.637970116614599	0.15064846367672494	0.6351049575703439	0.3648950424296561	0.0	0.5722531580091179	0.9115512308893406	0.9115512308893406	0.0	0.5482546201232033	0.3420074349442379	0.38134175315944624	0.6186582468405537	38.134175315944624	61.86582468405537	elevated
191.5	6	4.445938210722203	1.854578464201558	2.6755911532430576	6.389004488793833	0.1565189070932689	0.633318445734703	0.366681554265297	0.0	0.425892981426638	0.9838656149712992	0.9838656149712992	0.0	0.4928131416837782	0.3652416356877323	0.3728433057765534	0.6271566942234466	37.28433057765534	62.715669422344654	elevated
191.75	6	4.2616755929795005	1.8372897405992341	2.650648797438685	6.279496113764273	0.1592484463535316	0.6324251898168826	0.36757481018311744	0.0	0.2977620618483213	0.9975784951772185	0.9975784951772185	0.0	0.43737166324435317	0.37267657992565056	0.36061835824672156	0.6393816417532785	36.06183582467216	63.93816417532785	elevated
192.0	6	4.019185335753945	1.8432042334465568	2.659181606938891	6.316746197703697	0.1583093524263372	0.6328718177757927	0.3671281822242073	0.0	0.1955666686491996	0.950199875355161	0.950199875355161	0.0	0.3757700205338809	0.3513011152416357	0.3399857383878273	0.6600142616121727	33.99857383878273	66.00142616121727	elevated
192.25	6	3.754027122505229	1.8717323117987972	2.7003389241037596	6.499545892695148	0.1538569026989873	0.6342117016525235	0.3657882983474765	0.0	0.12066377483338434	0.8502359316149578	0.8502359316149578	0.0	0.32238193018480493	0.3252788104089219	0.3204681105615626	0.6795318894384375	32.04681105615626	67.95318894384374	routine
192.5	6	3.5114580138958003	1.914060191767202	2.7614051466255205	6.780563372349935	0.14748037074291523	0.6359982134881643	0.3640017865118357	0.0	0.06993838061164137	0.7146946564583313	0.7146946564583313	0.0	0.2731006160164271	0.29646840148698883	0.3013918077478951	0.6986081922521049	30.13918077478951	69.86081922521049	routine
192.75	6	3.338428121329266	1.9600200228904565	2.827711167067134	7.0994692156279005	0.14085560055654903	0.6377847253238053	0.36221527467619474	0.0	0.03886740337987794	0.56514876544194	0.56514876544194	0.0	0.22176591375770022	0.27137546468401486	0.28273152594138007	0.7172684740586199	28.273152594138008	71.72684740586199	routine
193.0	6	3.270097625179114	1.9938816234364114	2.8765631302513466	7.3439850925633525	0.1361658537423527	0.6395712371594462	0.3604287628405538	0.0	0.021439831635400593	0.42061234481216553	0.42061234481216553	0.0	0.17248459958932238	0.23977695167286245	0.26295819710540774	0.7370418028945922	26.295819710540773	73.70418028945922	routine
193.25	8	3.327006622639234	2.009791568277236	2.8995163287740207	7.461761917333064	0.13401660506978674	0.6413577489950871	0.35864225100491287	0.0	0.013954958571519311	0.2963400089598713	0.2963400089598713	0.0	0.14168377823408623	0.2128252788104089	0.24896670150989555	0.7510332984901045	24.896670150989557	75.10332984901045	routine
193.5	9	3.5110007393100413	2.0109971152104897	2.901255565356185	7.470762845960007	0.13385513910949187	0.6418043769539973	0.3581956230460027	0.0	0.014339937299859759	0.20110492292639953	0.20110492292639953	0.0	0.1457905544147844	0.18308550185873607	0.24267010830687943	0.7573298916931206	24.267010830687944	75.73298916931206	routine
193.75	6	3.8071573089017106	2.0076837585687697	2.896475402160479	7.446050507269747	0.13429938448895526	0.6409111210361769	0.35908887896382313	0.0	0.022707921639091234	0.13837215877308232	0.13837215877308232	0.0	0.17453798767967146	0.1654275092936803	0.24521915450238216	0.7547808454976178	24.521915450238215	75.47808454976177	routine
194.0	6	4.183005471005125	2.003669072903164	2.8906834350599815	7.416216881418641	0.13483963805124197	0.6400178651183565	0.35998213488164355	0.0	0.04134544390210575	0.10848884398341709	0.10848884398341709	0.0	0.22587268993839835	0.14776951672862454	0.25341501794634486	0.7465849820536552	25.341501794634485	74.65849820536552	routine
194.25	7	4.5963839604865235	2.0039671240818953	2.8911134320174683	7.418427623042582	0.13479945492679238	0.6404644930772666	0.3595355069227334	0.0	0.07414859551819865	0.11097613930139962	0.11097613930139962	0.0	0.2792607802874743	0.14869888475836432	0.26710603953077633	0.7328939604692237	26.710603953077634	73.28939604692238	routine
194.5	7	4.999527405419404	2.012477046180211	2.9033906544270596	7.481827244516794	0.1336571892558559	0.643144260830728	0.35685573916927205	0.0	0.12711516000914957	0.14589131207715972	0.14589131207715972	0.0	0.33059548254620125	0.17007434944237917	0.2859535232048271	0.7140464767951729	28.595352320482707	71.40464767951728	routine
194.75	8	5.354802984604525	2.0452268900441073	2.9506386917593908	7.730912405991539	0.129350838230296	0.6449307726663689	0.3550692273336311	0.0	0.20471438572591777	0.21370722907504147	0.21370722907504147	0.0	0.3839835728952772	0.18866171003717472	0.3043940138997052	0.6956059861002948	30.43940138997052	69.56059861002947	routine
195.0	8	5.621426459627161	2.092842858546159	3.019334013384426	8.107932135970549	0.1233360101231652	0.6467172845020098	0.3532827154979902	0.0	0.3097105300831634	0.31375669944755163	0.31375669944755163	0.0	0.4414784394250513	0.2184014869888476	0.3266493027289772	0.6733506972710228	32.66493027289772	67.33506972710228	routine
195.25	7	5.796298724681361	2.1704123782312883	3.1312431747583007	8.761896511223577	0.11413054225407103	0.6507369361322018	0.34926306386779815	0.0	0.4401697321065425	0.4418799351760815	0.4418799351760815	0.0	0.49691991786447637	0.24442379182156135	0.3480201614545599	0.6519798385454401	34.80201614545599	65.197983854544	elevated
195.5	7	5.911985775295299	2.293756697209819	3.3091914120704535	9.912104600727993	0.10088674810055527	0.6610093791871371	0.3389906208128629	0.0	0.587680085357292	0.5883591449686423	0.5883591449686423	0.0	0.5544147843942505	0.2741635687732342	0.37239693308865546	0.6276030669113446	37.23969330886555	62.76030669113446	elevated
195.75	9	6.043282200762561	2.473993168707624	3.569217675687662	11.869750258848658	0.0842477708622825	0.6748548459133542	0.3251451540866458	0.0	0.7370863483863699	0.7370863483863699	0.7370863483863699	0.0	0.6119096509240246	0.30018587360594795	0.3967375926108317	0.6032624073891684	39.67375926108317	60.32624073891684	elevated
196.0	9	6.311527805067633	2.710516280847008	3.9104483966267756	15.037036845308869	0.0665024639021199	0.7007592675301474	0.2992407324698526	0.0	0.8684650710524763	0.8684650710524763	0.8684650710524763	0.0	0.6735112936344969	0.32806691449814124	0.42558436891569634	0.5744156310843036	42.558436891569634	57.44156310843036	elevated
196.25	9	6.872409376171633	2.9711591410134846	4.286476558432066	19.514526579275913	0.051243877013239084	0.7409557838320678	0.25904421616793216	0.0	0.9612645789054115	0.9612645789054115	0.9612645789054115	0.0	0.7268993839835729	0.354089219330855	0.4554860967866239	0.5445139032133761	45.54860967866239	54.45139032133761	elevated
196.5	12	7.898817278899037	3.2023399102236754	4.619999907720505	24.590001327751207	0.0406669355837506	0.7481018311746316	0.2518981688253684	0.0	0.9995168450914581	0.9995168450914581	0.9995168450914581	0.0	0.7741273100616016	0.3745353159851301	0.47419111430534083	0.5258088856946592	47.41911143053408	52.58088856946592	elevated
196.75	30	9.547521400849963	3.363148173276371	4.851997191360597	28.879967055209196	0.03462607828077927	0.7583742742295668	0.24162572577043318	0.0	0.9763238328333986	0.9763238328333986	0.9763238328333986	0.0	0.7392197125256673	0.36338289962825276	0.46524422159587175	0.5347557784041282	46.524422159587175	53.475577840412825	elevated
197.0	35	11.910546230728437	3.4490291337197347	4.9758972270990185	31.469824481077872	0.031776472112238136	0.7619472979008486	0.23805270209915141	0.0	0.8958891128326946	0.8958891128326946	0.8958891128326946	0.0	0.6878850102669405	0.33736059479553904	0.44679822574083206	0.5532017742591679	44.679822574083204	55.320177425916796	elevated
197.25	33	14.961725047678394	3.4815196830881363	5.02277118154857	32.50908806737868	0.030760629087084494	0.7668602054488611	0.23313979455113887	0.0	0.7722736586416045	0.7722736586416045	0.7722736586416045	0.0	0.6303901437371663	0.31133828996282525	0.4271471597872131	0.5728528402127868	42.714715978721316	57.285284021278684	elevated
197.5	32	18.51484063341974	3.4856384527948694	5.028713310179038	32.643261639847374	0.030634193697706598	0.7677534613666815	0.23224653863331846	0.0	0.6253811396548807	0.6253811396548807	0.6253811396548807	0.0	0.5728952772073922	0.2843866171003718	0.40625883891861136	0.5937411610813886	40.625883891861136	59.374116108138864	elevated
197.75	32	22.211635409671768	3.4776771902770074	5.017227636225303	32.38441181738169	0.03087905396087107	0.7664135774899509	0.23358642251004913	0.0	0.47574576638685495	0.47574576638685495	0.47574576638685495	0.0	0.5154004106776181	0.2555762081784387	0.3843475490865019	0.6156524509134981	38.43475490865019	61.56524509134981	elevated
198.0	32	25.565307512482097	3.4667092882585453	5.001404298374311	32.03116349927016	0.03121959650397293	0.7650736936132202	0.2349263063867798	0.0	0.3399865055683999	0.3399865055683999	0.3399865055683999	0.0	0.45790554414784396	0.2258364312267658	0.3622039172469575	0.6377960827530424	36.22039172469575	63.77960827530424	elevated
198.25	32	28.052471894534882	3.4569263516644733	4.987290504264712	31.71933245638333	0.03152651466972332	0.7632871817775793	0.23671281822242074	0.0	0.22824697065026178	0.22824697065026178	0.22824697065026178	0.0	0.39835728952772076	0.1970260223048327	0.3396676234025332	0.6603323765974668	33.96676234025332	66.03323765974667	elevated
198.5	32	29.23380901273012	3.4490845644502466	4.975977196739041	31.471568924785387	0.03177471076799261	0.7623939258597588	0.23760607414024115	0.0	0.14394777602711648	0.14394777602711648	0.14394777602711648	0.0	0.3470225872689938	0.16821561338289961	0.3194080316279131	0.6805919683720869	31.94080316279131	68.05919683720869	routine
198.75	31	28.881206237739587	3.4448718733453925	4.969899568173271	31.33926779387852	0.03190885015492702	0.7606074140241179	0.2393925859758821	0.0	0.08528280805234016	0.08528280805234016	0.08528280805234016	0.0	0.2936344969199179	0.14033457249070633	0.2986441208586855	0.7013558791413145	29.86441208586855	70.13558791413145	routine
199.0	31	27.04309402626369	3.4465967451357766	4.972388032151428	31.393370659667138	0.03185385891948064	0.7615006699419383	0.23849933005806168	0.0	0.047465123883094436	0.047465123883094436	0.047465123883094436	0.0	0.23819301848049282	0.11152416356877323	0.2778044629978011	0.7221955370021989	27.78044629978011	72.21955370021989	routine
199.25	31	24.03463102602865	3.4570033709687147	4.987401619632994	31.721775551381654	0.03152408661300312	0.7637338097364895	0.23626619026351048	0.0	0.024816717711052285	0.024816717711052285	0.024816717711052285	0.0	0.1806981519507187	0.08921933085501858	0.2584128231355567	0.7415871768644433	25.84128231355567	74.15871768644433	routine
199.5	31	20.3652644512068	3.481793056349203	5.0231655757966225	32.51797639765853	0.030752221102909878	0.7673068334077713	0.23269316659222872	0.0	0.01218907242293034	0.01218907242293034	0.01218907242293034	0.0	0.1293634496919918	0.06691449814126393	0.24089619531025674	0.7591038046897433	24.089619531025676	75.91038046897432	routine
199.75	29	16.609598447473306	3.5253521255541704	5.086008028924368	33.96573171285048	0.029441438460802053	0.7695399732023225	0.23046002679767752	0.0	0.005624106929064935	0.005624106929064935	0.005624106929064935	0.0	0.09240246406570841	0.04925650557620818	0.22779973571105977	0.7722002642889403	22.779973571105977	77.22002642889403	routine
200.0	33	13.290717216818514	3.585230312752808	5.172393992653263	36.06166222320335	0.027730280257479773	0.7704332291201429	0.2295667708798571	0.0	0.002437771951029226	0.002437771951029226	0.002437771951029226	0.0	0.06365503080082136	0.031598513011152414	0.21642169323302918	0.7835783067669708	21.642169323302916	78.35783067669708	routine
200.25	39	10.782141930225619	3.6309809830272957	5.238398257775613	37.749830402173856	0.026490185236498813	0.7753461366681554	0.22465386333184456	0.0	0.0009926340697418352	0.0009926340697418352	0.0009926340697418352	0.0	0.03490759753593429	0.015799256505576207	0.2065132476774165	0.7934867523225835	20.65132476774165	79.34867523225834	routine
200.5	36	9.27318382580339	3.600432684259597	5.19432637863586	36.61407335002643	0.02731190246002165	0.7717731129968736	0.22822688700312643	0.0	0.0003797011159643281	0.0003797011159643281	0.0003797011159643281	0.0	0.006160164271047228	0.0027881040892193307	0.19518034533928505	0.8048196546607149	19.518034533928503	80.48196546607149	routine
200.75	17	8.76302684148339	3.4465148283847906	4.972269851261014	31.39079912206764	0.03185646839098795	0.7610540419830282	0.23894595801697183	0.0	0.0	0.0	0.0	0.0	0.0	0.0	0.19026351049575704	0.8097364895042429	19.026351049575705	80.97364895042429	routine
201.0	13	9.09385876588848	3.214273391947433	4.63721628262391	24.88520355109713	0.040184521615291846	0.748995087092452	0.251004912907548	0.0	0.0	0.0	0.0	0.0	0.0	0.0	0.187248771773113	0.812751228226887	18.7248771773113	81.2751228226887	routine
201.25	13	9.995997529908319	2.9993816703125793	4.327193061493214	20.07312127829676	0.049817862709832225	0.7418490397498884	0.25815096025011164	0.0	0.0	0.0	0.0	0.0	0.0	0.0	0.1854622599374721	0.8145377400625279	18.54622599374721	81.45377400625279	routine
201.5	14	11.144974859819483	2.8549954189519537	4.118887732682692	17.374357614706945	0.05755608478747588	0.7221974095578383	0.2778025904421617	0.0	0.0	0.0	0.0	0.0	0.0	0.0	0.18054935238945957	0.8194506476105404	18.05493523894596	81.94506476105404	routine
201.75	14	12.220923775491451	2.78035053848129	4.011197933799917	16.124672275596573	0.06201676430431529	0.7105850826261724	0.28941491737382763	0.0	0.0	0.0	0.0	0.0	0.0	0.0	0.1776462706565431	0.8223537293434569	17.76462706565431	82.23537293434569	routine
202.0	17	12.966087528215052	2.7550701422431865	3.9747260315154964	15.722143650551896	0.06360455814591777	0.7065654309959803	0.29343456900401965	0.0	0.0	0.0	0.0	0.0	0.0	0.0	0.1766413577489951	0.8233586422510049	17.66413577489951	82.33586422510048	routine
202.25	16	13.2230272968974	2.7571329836344414	3.9777020825608003	15.754609413580727	0.0634734872663986	0.7070120589548906	0.2929879410451094	0.0	0.0	0.0	0.0	0.0	0.0	0.0	0.17675301473872265	0.8232469852612774	17.675301473872267	82.32469852612773	routine
202.5	16	12.952152528036331	2.7692785287611907	3.9952244002840547	15.947124466746667	0.06270722988870027	0.7092451987494417	0.2907548012505583	0.0	0.0	0.0	0.0	0.0	0.0	0.0	0.17731129968736042	0.8226887003126395	17.73112996873604	82.26887003126396	routine
202.75	16	12.212351043851562	2.7748809323515187	4.003306960160879	16.036717427740562	0.062356900937231986	0.7101384546672622	0.2898615453327378	0.0	0.0	0.0	0.0	0.0	0.0	0.0	0.17753461366681555	0.8224653863331844	17.753461366681556	82.24653863331845	routine
203.0	16	11.13443053960315	2.765826913420001	3.990244771948264	15.89217601230658	0.0629240450914727	0.7087985707905314	0.29120142920946857	0.0	0.0	0.0	0.0	0.0	0.0	0.0	0.17719964269763286	0.8228003573023671	17.719964269763285	82.2800357302367	routine
203.25	16	9.857074618510774	2.729306758146256	3.9375573250423366	15.322261304407167	0.06526451808470127	0.7043322912014293	0.29566770879857074	0.0	0.0	0.0	0.0	0.0	0.0	0.0	0.17608307280035732	0.8239169271996427	17.60830728003573	82.39169271996427	routine
203.5	16	8.504456240025116	2.6594874336590664	3.836829331846451	14.288963179755482	0.06998408403884714	0.6971862438588655	0.3028137561411345	0.0	0.0	0.0	0.0	0.0	0.0	0.0	0.17429656096471638	0.8257034390352836	17.42965609647164	82.57034390352837	routine
203.75	16	7.169485191509	2.56016559455166	3.6935382071142246	12.937959593781706	0.07729194025931446	0.6855739169271996	0.3144260830728004	0.0	0.0	0.0	0.0	0.0	0.0	0.0	0.1713934792317999	0.8286065207682001	17.13934792317999	82.86065207682	routine
204.0	12	5.914167027605791	2.444386343566087	3.5265040558794998	11.523475973500798	0.08677937128515598	0.6717284502009826	0.3282715497990174	0.0	0.0	0.0	0.0	0.0	0.0	0.0	0.16793211255024565	0.8320678874497544	16.793211255024566	83.20678874497544	routine
204.25	5	4.78155752284388	2.331824021803619	3.3641109524818393	10.296705830537432	0.09711843928125559	0.6636891469405984	0.33631085305940156	0.0	0.0	0.0	0.0	0.0	0.0	0.0	0.1659222867351496	0.8340777132648504	16.59222867351496	83.40777132648503	routine
204.5	6	3.8089402042800224	2.246182196077928	3.2405559152147076	9.451582578209292	0.10580238724311725	0.6560964716391247	0.34390352836087534	0.0	0.0	0.0	0.0	0.0	0.0	0.0	0.16402411790978116	0.8359758820902188	16.402411790978118	83.59758820902188	routine
204.75	6	3.0305901500053904	2.202317921243251	3.1772731434385286	9.045957033299068	0.11054662279722317	0.6525234479678428	0.3474765520321572	0.0	0.0	0.0	0.0	0.0	0.0	0.0	0.1631308619919607	0.8368691380080393	16.31308619919607	83.68691380080394	routine
205.0	6	2.4760601533295086	2.190765712008622	3.1606068284644184	8.942057534773179	0.11183108541980162	0.6520768200089325	0.3479231799910675	0.0	0.0	0.0	0.0	0.0	0.0	0.0	0.16301920500223313	0.8369807949977669	16.301920500223314	83.6980794997767	routine
205.25	6	2.1625884848868977	2.163606759302433	3.121424742079461	8.7024688329134	0.11490992029961933	0.6498436802143814	0.35015631978561856	0.0	0.0	0.0	0.0	0.0	0.0	0.0	0.16246092005359536	0.8375390799464046	16.246092005359536	83.75390799464046	routine
205.5	6	2.0884339073418747	2.0686294589012593	2.9844014617936665	7.913969261593238	0.1263588430717104	0.6453774006252792	0.35462259937472085	0.0	0.0	0.0	0.0	0.0	0.0	0.0	0.1613443501563198	0.8386556498436802	16.13443501563198	83.86556498436802	routine
205.75	7	2.229747823577452	1.9191846659271268	2.7687982000832077	6.815399376008127	0.14672654452507136	0.6364448414470746	0.3635551585529254	0.0	0.0	0.0	0.0	0.0	0.0	0.0	0.15911121036176865	0.8408887896382313	15.911121036176864	84.08887896382313	routine
206.0	5	2.5410268729382035	1.7775234125147554	2.564424212299065	5.9151887807367185	0.16905631199068055	0.6301920500223314	0.36980794997766864	0.0	0.0	0.0	0.0	0.0	0.0	0.0	0.15754801250558284	0.8424519874944172	15.754801250558284	84.24519874944171	routine
206.25	5	2.9623652509673715	1.687275006294152	2.4342232841964675	5.40473275747904	0.18502302424041328	0.6270656543099598	0.37293434569004025	0.0	0.0	0.0	0.0	0.0	0.0	0.0	0.15676641357748994	0.84323358642251	15.676641357748993	84.323358642251	routine
206.5	5	3.425019474202694	1.6510856682117059	2.3820131056118687	5.212635949437719	0.19184151928121296	0.623492630638678	0.376507369361322	0.0	0.0	0.0004406485424798982	0.0004406485424798982	0.0	0.0	0.0037174721189591076	0.15680252568940928	0.8431974743105908	15.680252568940928	84.31974743105908	routine
206.75	5	3.8537687366854305	1.6414240603684223	2.3680743518893492	5.162516014519401	0.19370399959778023	0.6221527467619473	0.3778472532380527	0.0	0.0	0.001141163599201457	0.001141163599201457	0.0	0.0	0.016728624535315983	0.15972034282431583	0.8402796571756842	15.972034282431583	84.02796571756842	routine
207.0	5	4.183628708530022	1.6433460824193995	2.3708472435707733	5.172448025852684	0.19333205379770807	0.6225993747208576	0.3774006252791424	0.0	0.0	0.002776259624368111	0.002776259624368111	0.0	0.0	0.03438661710037175	0.16424649795530732	0.8357535020446927	16.424649795530733	83.57535020446927	routine
207.25	5	4.36712985154355	1.6525829484658074	2.384173224409282	5.220446572203065	0.19155449369497005	0.6239392585975883	0.37606074140241175	0.0	0.0	0.006344959276231842	0.006344959276231842	0.0	0.0	0.05018587360594796	0.16853128305088405	0.831468716949116	16.853128305088404	83.1468716949116	routine
207.5	5	4.376866221328812	1.6636184310761828	2.400094060445087	5.278375770003813	0.18945221855610284	0.6243858865564984	0.3756141134435016	0.0	0.0	0.013622417794257753	0.013622417794257753	0.0	0.0	0.0687732342007435	0.17328978018931046	0.8267102198106895	17.328978018931046	82.67102198106895	routine
207.75	5	4.218552467983252	1.6837893139648696	2.4291944931589473	5.385926317737445	0.18566908290347472	0.6261723983921393	0.37382760160786066	0.0	0.0	0.027474901711426476	0.027474901711426476	0.0	0.0	0.09107806691449814	0.17931261632665937	0.8206873836733406	17.931261632665937	82.06873836733406	routine
208.0	6	3.9272322467061205	1.7202874901140603	2.4818502308908768	5.586134191805558	0.17901467556345593	0.62751228226887	0.37248771773113	0.0	0.0	0.05205646750188633	0.05205646750188633	0.0	0.0	0.11338289962825279	0.1852237954742807	0.8147762045257193	18.52237954742807	81.47762045257193	routine
208.25	6	3.5658239138151746	1.7843109539359763	2.5742165646472888	5.955474936909611	0.1679127207474935	0.6306386779812416	0.3693613220187584	0.0	0.0	0.09265520801869497	0.09265520801869497	0.0	0.0	0.1421933085501859	0.19320799663285687	0.8067920033671432	19.320799663285687	80.67920033671432	routine
208.5	6	3.2101241878375992	1.8740962233271365	2.7037493275427953	6.51492841846163	0.15349362813661274	0.6346583296114336	0.36534167038856635	0.0	0.0	0.15492502386689425	0.15492502386689425	0.0	0.0	0.17193308550185873	0.2016478537783231	0.7983521462216769	20.16478537783231	79.8352146221677	routine
208.75	6	2.9363898747248705	1.9701138239403724	2.842273443785568	7.171492729452661	0.13944098358952411	0.6386779812416258	0.3613220187583742	0.0	0.0	0.24334918882422896	0.24334918882422896	0.0	0.0	0.19888475836431227	0.20939068490148452	0.7906093150985155	20.93906849014845	79.06093150985156	routine
209.0	5	2.8043868247409565	2.031736158946439	2.9311756809068186	7.627317104946497	0.13110769963287303	0.6440375167485485	0.3559624832514515	0.0	0.0	0.35908298684530976	0.35908298684530976	0.0	0.0	0.22862453531598512	0.2181655130161334	0.7818344869838666	21.81655130161334	78.18344869838666	routine
209.25	8	2.844804726398766	2.0250545132299926	2.9215361037667242	7.57652395417236	0.13198664797321788	0.6435908887896382	0.3564091112103618	0.0	0.0	0.4977558236890834	0.4977558236890834	0.0	0.0	0.25743494423791824	0.2252564582568891	0.7747435417431109	22.525645825688912	77.47435417431109	routine
209.5	7	3.052778341859386	1.9573250381767844	2.823823125985448	7.080362012990653	0.1412357162197718	0.637338097364895	0.362661902635105	0.0	0.0	0.6481782676425492	0.6481782676425492	0.0	0.0	0.2862453531598513	0.23089586263118655	0.7691041373688134	23.089586263118655	76.91041373688134	routine
209.75	6	3.3886453508210925	1.8671753453452307	2.6937646111997022	6.4699950623076505	0.1545596233644312	0.6337650736936132	0.36623492630638677	0.0	0.0	0.7929196424590825	0.7929196424590825	0.0	0.0	0.3131970260223048	0.2367405249289795	0.7632594750710204	23.67405249289795	76.32594750710204	routine
210.0	5	3.78540275178249	1.7868053031513487	2.5778151498905517	5.9703485133808885	0.16749440970803897	0.6310853059401519	0.3689146940598481	0.0	0.0	0.9112142064228036	0.9112142064228036	0.0	0.0	0.34107806691449816	0.2430408432136625	0.7569591567863375	24.30408432136625	75.69591567863375	routine
210.25	5	4.161213796542279	1.7265128564595733	2.490831536045265	5.621018394413287	0.17790370531323949	0.6284055381866905	0.37159446181330946	0.0	0.0	0.9837129361211718	0.9837129361211718	0.0	0.0	0.3643122676579926	0.24817945146117076	0.7518205485388292	24.817945146117076	75.18205485388292	routine
210.5	5	4.434446564619626	1.6819715974867628	2.4265720826102406	5.376145123132293	0.1860068835748563	0.6257257704332291	0.3742742295667709	0.0	0.0	0.9976377584188599	0.9976377584188599	0.0	0.0	0.3736059479553903	0.24983292959715486	0.7501670704028451	24.983292959715484	75.01670704028452	routine
210.75	5	4.54103016329464	1.6483059256129267	2.378002784749662	5.198166283527719	0.19237553118853928	0.6230460026797677	0.37695399732023227	0.0	0.0	0.9504602708605334	0.9504602708605334	0.0	0.0	0.35223048327137546	0.24381912148778578	0.7561808785122142	24.38191214877858	75.61808785122142	routine
211.0	5	4.443700296551688	1.6182815933515846	2.3346868294902214	5.044414508986466	0.19823906188092422	0.6217061188030371	0.37829388119696294	0.0	0.0	0.850651462931677	0.850651462931677	0.0	0.0	0.32620817843866173	0.23697857431042468	0.7630214256895753	23.69785743104247	76.30214256895754	routine
211.25	5	4.1426015651609305	1.5908147178988714	2.295060504485877	4.907745728261245	0.20375953754928697	0.6208128628852166	0.37918713711478336	0.0	0.0	0.7151974103004077	0.7151974103004077	0.0	0.0	0.29739776951672864	0.2295526581004863	0.7704473418995137	22.95526581004863	77.04473418995137	routine
211.5	5	3.6723711241348953	1.5663441498899608	2.259756937371686	4.789107890343021	0.2088071563425093	0.619472979008486	0.38052702099151403	0.0	0.0	0.5648807929229142	0.5648807929229142	0.0	0.0	0.2704460966542751	0.22247976891569027	0.7775202310843097	22.247976891569028	77.75202310843096	routine
211.75	5	3.096169343797806	1.551906056370186	2.2389271714508157	4.720459074290928	0.21184380253317045	0.6181330951317553	0.3818669048682447	0.0	0.0	0.4191256865787514	0.4191256865787514	0.0	0.0	0.23884758364312267	0.21424516969371948	0.7857548303062805	21.424516969371947	78.57548303062805	routine
212.0	4	2.4899514623751116	1.5577538129181099	2.2473637008228313	4.748144038323202	0.2106086066321501	0.6190263510495757	0.3809736489504243	0.0	0.0	0.29213819559905124	0.29213819559905124	0.0	0.0	0.21189591078066913	0.20773056545756122	0.7922694345424388	20.773056545756123	79.22694345424388	routine
212.25	4	1.9285402576466901	1.598955989400428	2.3068058765077035	4.9478641044038865	0.20210741016713493	0.6212594908441268	0.3787405091558732	0.0	0.0	0.19128856183851314	0.19128856183851314	0.0	0.0	0.1821561338289963	0.20085390616828078	0.7991460938317192	20.08539061682808	79.91460938317192	routine
212.5	3	1.47185866564049	1.6788140262019062	2.4220166701763244	5.359196334254784	0.1865951418141231	0.6252791424743189	0.3747208575256811	0.0	0.0	0.11766471749275609	0.11766471749275609	0.0	0.0	0.15427509293680297	0.19488855885278047	0.8051114411472196	19.48885588527805	80.51114411472196	routine
212.75	4	1.158922419714718	1.7578833658033082	2.536089614305632	5.800147601733515	0.17240940552980508	0.6297454220634212	0.3702545779365788	0.0	0.0	0.06799235843537635	0.06799235843537635	0.0	0.0	0.12453531598513011	0.18857018451213783	0.8114298154878622	18.857018451213783	81.14298154878622	routine
213.0	5	1.0061150804922476	1.7347443675671064	2.5027070962991256	5.667478827209192	0.1764452996628882	0.6288521661456007	0.3711478338543993	0.0	0.0	0.03770473557575101	0.03770473557575101	0.0	0.0	0.10315985130111524	0.183003004361679	0.816996995638321	18.3003004361679	81.6996995638321	routine
213.25	2	1.0058542789727578	1.5335114401838665	2.2123893498997567	4.634421778874479	0.21577664867673332	0.6163465832961144	0.38365341670388564	0.0	0.0	0.020805234238868535	0.020805234238868535	0.0	0.0	0.08271375464684015	0.17476508448573863	0.8252349155142613	17.476508448573863	82.52349155142613	routine
213.5	2	1.1336166337205988	1.2584531422252319	1.8155641074794755	3.519972377313979	0.2840931384703309	0.5958016971862439	0.4041983028137561	0.0	0.0	0.013660767174334012	0.013660767174334012	0.0	0.0	0.07063197026022305	0.16660841686161673	0.8333915831383832	16.660841686161675	83.33915831383833	routine
213.75	2	1.3503548251224449	1.0466747911177072	1.5100325305690079	2.8481646122306485	0.3511033020022013	0.5819562304600268	0.41804376953997324	0.0	0.0	0.01427244163565387	0.01427244163565387	0.0	0.0	0.07156133828996282	0.1633793921874974	0.8366206078125026	16.33793921874974	83.66206078125026	routine
214.0	2	1.6087102528420951	0.938247855677453	1.3536055285105653	2.5554998887111866	0.3913128716684583	0.5752568110763734	0.4247431889236266	0.0	0.0	0.022821125968107443	0.022821125968107443	0.0	0.0	0.08643122676579926	0.16542200946054317	0.8345779905394568	16.542200946054315	83.45779905394568	routine
214.25	2	1.860932469516969	0.9160475854701727	1.3215773087761271	2.4993922078842723	0.40009727038658605	0.5748101831174631	0.4251898168825369	0.0	0.0	0.04164773740766719	0.04164773740766719	0.0	0.0	0.10780669144981413	0.17065421864181932	0.8293457813581807	17.065421864181932	82.93457813581807	routine
214.5	2	2.067084767609452	0.9542887842243349	1.376747696576406	2.5968230244894226	0.38508592636828465	0.5770433229120143	0.4229566770879857	0.0	0.0	0.07469885828585196	0.07469885828585196	0.0	0.0	0.13011152416356878	0.17678871176889577	0.8232112882311042	17.678871176889576	82.32112882311043	routine
214.75	2	2.205480948066166	1.0394615987345783	1.4996260936888899	2.8276941703182437	0.35364503364501215	0.5815096025011166	0.4184903974988834	0.0	0.0	0.12795469142717972	0.12795469142717972	0.0	0.0	0.1579925650557621	0.18487554188921967	0.8151244581107804	18.48755418892197	81.51244581107804	routine
215.0	4	2.2764120622407833	1.1594581266930024	1.672744489498402	3.1882052046629346	0.3136560967084058	0.58820902188477	0.41179097811523	0.0	0.0	0.2058993893010642	0.2058993893010642	0.0	0.0	0.18587360594795538	0.19352065695818133	0.8064793430418187	19.352065695818133	80.64793430418187	routine
215.25	4	2.3015090417711956	1.297204259984866	1.871470152900204	3.6590525946529824	0.27329478714280087	0.6016078606520768	0.39839213934792317	0.0	0.0	0.3112508155548561	0.3112508155548561	0.0	0.0	0.21654275092936803	0.20453765289536122	0.7954623471046388	20.453765289536122	79.54623471046388	routine
215.5	4	2.3177011467829165	1.433496867494923	2.068098821864789	4.193337127843546	0.23847355209292634	0.6114336757481018	0.3885663242518982	0.0	0.0	0.44200026783210417	0.44200026783210417	0.0	0.0	0.24535315985130113	0.21419670889985074	0.7858032911001492	21.419670889985074	78.58032911001493	routine
215.75	4	2.360184259905878	1.5348204862998676	2.2142779042396064	4.640492423213834	0.21549437188983425	0.6172398392139348	0.38276016078606523	0.0	0.0	0.5896457353700122	0.5896457353700122	0.0	0.0	0.2760223048327137	0.22331553601166212	0.7766844639883379	22.331553601166213	77.6684463988338	routine
216.0	5	2.4527125095095035	1.5810431099776983	2.2809630541964894	4.860022706290381	0.2057603555443659	0.6203662349263064	0.3796337650736936	0.0	0.0	0.738952267377575	0.738952267377575	0.0	0.0	0.30297397769516726	0.2308350531553684	0.7691649468446315	23.08350531553684	76.91649468446316	routine
216.25	5	2.5998592208737374	1.5790922759373287	2.2781485956008507	4.850550850571223	0.20616215164144405	0.6199196069673961	0.3800803930326039	0.0	0.0	0.8699578376768229	0.8699578376768229	0.0	0.0	0.3299256505576208	0.23746131438125423	0.7625386856187457	23.746131438125424	76.25386856187457	routine
216.5	6	2.7860171388461428	1.553767617343162	2.2416128362348404	4.729254680917141	0.21144980921308104	0.6185797230906654	0.38142027690933455	0.0	0.0	0.9621363417693618	0.9621363417693618	0.0	0.0	0.3559479553903346	0.24363191962025	0.75636808037975	24.363191962025	75.636808037975	routine
216.75	5	2.9820289764482144	1.5295155878693087	2.2066245535814195	4.615940263177301	0.21664058522968568	0.6158999553372041	0.3841000446627959	0.0	0.0	0.999612384195043	0.999612384195043	0.0	0.0	0.3763940520446097	0.24807350184545346	0.7519264981545466	24.807350184545346	75.19264981545466	routine
217.0	4	3.1550152098772637	1.5183920914682507	2.1905767404862666	4.56487938252184	0.21906383853839223	0.6141134435015632	0.38588655649843684	0.0	0.0	0.9756256992946014	0.9756256992946014	0.0	0.0	0.36152416356877326	0.2439094017675841	0.7560905982324159	24.39094017675841	75.60905982324158	routine
217.25	4	3.2774425374884353	1.5201790952272187	2.1931548419473796	4.573044132184047	0.2186727202045191	0.6145600714604734	0.3854399285395266	0.0	0.0	0.8945228324816166	0.8945228324816166	0.0	0.0	0.3355018587360595	0.23751548254913324	0.7624845174508668	23.751548254913324	76.24845174508667	routine
217.5	4	3.3325173766294296	1.5280080828343747	2.204449683543405	4.608986952381948	0.21696741829203808	0.6154533273782938	0.38454667262170616	0.0	0.0	0.7704708704697596	0.7704708704697596	0.0	0.0	0.30947955390334575	0.23123322032040988	0.7687667796795901	23.12332203204099	76.87667796795901	routine
217.75	5	3.3159008036336477	1.5352398856665792	2.214882969626113	4.642439050976051	0.21540401263636505	0.617686467172845	0.38231353282715497	0.0	0.0	0.6234155232917208	0.6234155232917208	0.0	0.0	0.2825278810408922	0.2250535870534343	0.7749464129465657	22.505358705343433	77.49464129465657	routine
218.0	5	3.2317864605762123	1.5337985777445118	2.2128036018345525	4.635752686506708	0.21571469999051104	0.6167932112550245	0.3832067887449755	0.0	0.0	0.4738660505762759	0.4738660505762759	0.0	0.0	0.2527881040892193	0.21739532883606094	0.7826046711639391	21.739532883606095	78.26046711639391	routine
218.25	5	3.0916710198861344	1.5207388157446387	2.1939623479621453	4.575604475283336	0.21855035884369725	0.6150066994193837	0.3849933005806163	0.0	0.0	0.33836869278363424	0.33836869278363424	0.0	0.0	0.22304832713754646	0.20951375663923255	0.7904862433607674	20.951375663923255	79.04862433607674	routine
218.5	5	2.9098647183130457	1.494628581931813	2.1562932431239306	4.457680582227713	0.2243319101837155	0.613666815542653	0.386333184457347	0.0	0.0	0.22697673608850055	0.22697673608850055	0.0	0.0	0.19516728624535315	0.20220852544700155	0.7977914745529985	20.220852544700154	79.77914745529985	routine
218.75	5	2.7010456741054054	1.4549674924688938	2.0990743860395233	4.284344189886351	0.2334079512940641	0.6123269316659223	0.38767306833407766	0.0	0.0	0.1430306507266996	0.1430306507266996	0.0	0.0	0.16728624535315986	0.19490329425477054	0.8050967057452294	19.490329425477054	80.50967057452294	routine
219.0	3	2.4793284381056613	1.4043575032536657	2.02605960557927	4.072909069609473	0.2455247546432172	0.6100937918713711	0.38990620812862886	0.0	0.0	0.0846707637594111	0.0846707637594111	0.0	0.0	0.13940520446096655	0.18737474908308444	0.8126252509169156	18.737474908308442	81.26252509169156	routine
219.25	3	2.2568219513208545	1.3469323462739566	1.9432126163823733	3.8456104164998512	0.2600367410358138	0.6047342563644484	0.39526574363555156	0.0	0.0	0.04708628586545956	0.04708628586545956	0.0	0.0	0.11059479553903345	0.17883226297587046	0.8211677370241295	17.883226297587047	82.11677370241294	routine
219.5	3	2.04351375092732	1.2869397769092863	1.8566616340697764	3.621686411572729	0.2761144633628693	0.5998213488164359	0.4001786511835641	0.0	0.0	0.024598690456351407	0.024598690456351407	0.0	0.0	0.08828996282527882	0.17202782791042867	0.8279721720895713	17.202782791042868	82.79721720895714	routine
219.75	4	1.8491121170203135	1.2317636559450165	1.7770593179791347	3.4272687320669837	0.2917775284568656	0.5935685573916927	0.4064314426083073	0.0	0.0	0.012072192025696026	0.012072192025696026	0.0	0.0	0.06598513011152417	0.16488842187580421	0.8351115781241958	16.48884218758042	83.51115781241958	routine
220.0	3	1.6814400155250757	1.180400577384886	1.7029580592556441	3.2556780927342617	0.3071556743376173	0.5886556498436802	0.41134435015631976	0.0	0.0	0.00556566262678394	0.00556566262678394	0.0	0.0	0.048327137546468404	0.15924569684753717	0.8407543031524628	15.924569684753717	84.07543031524628	routine
220.25	3	1.5472553670704068	1.1273770783301853	1.626461320118847	3.087547474926172	0.32388165951161985	0.5868691380080393	0.4131308619919607	0.0	0.0	0.002410483785048969	0.002410483785048969	0.0	0.0	0.03066914498141264	0.15438457074736298	0.845615429252637	15.438457074736297	84.5615429252637	routine
220.5	2	1.4495178554893102	1.0613978910383912	1.5312734738110914	2.8904086428497098	0.3459718412044605	0.584189370254578	0.41581062974542204	0.0	0.0	0.000980727033000687	0.000980727033000687	0.0	0.0	0.01486988847583643	0.1497648146826036	0.8502351853173964	14.97648146826036	85.02351853173964	routine
220.75	2	1.3857194653568154	0.9759010101948935	1.4079275478067026	2.653557016125794	0.3768526524672173	0.5779365788298347	0.42206342117016526	0.0	0.0	0.0003748423685346616	0.0003748423685346616	0.0	0.0	0.0018587360594795538	0.14494882872232856	0.8550511712776714	14.494882872232855	85.50511712776714	routine
221.0	2	1.3482926630330343	0.8825013812861828	1.2731803663592363	2.4169378345076757	0.41374667801652315	0.572577043322912	0.42742295667708796	0.0	0.0	0.0006323263833071398	0.0006323263833071398	0.0	0.0	0.008364312267657992	0.1452353388976425	0.8547646611023575	14.52353388976425	85.47646611023575	routine
221.25	2	1.3257944488283524	0.8038994096153764	1.1597816916256691	2.234236166317562	0.44758025811039776	0.5640911121036177	0.43590888789638227	0.0	0.0	0.0015999372842680937	0.0015999372842680937	0.0	0.0	0.024163568773234202	0.147063670219213	0.852936329780787	14.706367021921299	85.2936329780787	routine
221.5	2	1.3074360815705959	0.7631192706853097	1.100948387424499	2.1449564962060985	0.4662099216318627	0.5582849486377848	0.4417150513622152	0.0	0.0	0.0038029552092885997	0.0038029552092885997	0.0	0.0	0.041821561338289966	0.15002662749401868	0.8499733725059813	15.002662749401868	84.99733725059812	routine
221.75	2	1.2890479654382525	0.7781082787452428	1.122572955020409	2.177349428905203	0.459274008445586	0.5609647163912461	0.4390352836087539	0.0	0.0	0.008491727643043788	0.008491727643043788	0.0	0.0	0.06133828996282528	0.15557575158851786	0.8444242484114821	15.557575158851785	84.44242484114821	routine
222.0	2	1.2750249775651687	0.8483022832044439	1.2238414971538363	2.3356781639771262	0.4281411777627909	0.5707905314872711	0.4292094685127289	0.0	0.0	0.017812607465238293	0.017812607465238293	0.0	0.0	0.07899628252788105	0.16244670350378804	0.837553296496212	16.244670350378804	83.7553296496212	routine
222.25	2	1.2787960496382091	0.9590108934246245	1.3835602601022001	2.6091145044001407	0.3832717952062089	0.5774899508709245	0.4225100491290755	0.0	0.0	0.03510068026830677	0.03510068026830677	0.0	0.0	0.09851301115241635	0.16900074050583522	0.8309992594941648	16.900074050583523	83.09992594941647	routine
222.5	2	1.3161421714669321	1.0702444148564065	1.544036309852448	2.9160921491263263	0.34292469128576897	0.5855292541313086	0.41447074586869137	0.0	0.0	0.0649770760247319	0.0649770760247319	0.0	0.0	0.12360594795539033	0.17728380052167475	0.8227161994783252	17.728380052167473	82.27161994783252	routine
222.75	2	1.4021494521939049	1.1541836307156945	1.6651350003087513	3.1714332996920365	0.3153148452143406	0.5877623939258597	0.4122376060741403	0.0	0.0	0.11299556285242174	0.11299556285242174	0.0	0.0	0.15148698884758363	0.18481234569336083	0.8151876543066392	18.481234569336085	81.51876543066392	routine
223.0	4	1.54311468620618	1.198310190472984	1.7287961692420832	3.314511295085091	0.30170360302674054	0.5891022778025904	0.4108977221974096	0.0	0.0	0.18459469265655598	0.18459469265655598	0.0	0.0	0.1812267657992565	0.1925822609004617	0.8074177390995383	19.258226090046172	80.74177390995384	routine
223.25	4	1.733922257625775	1.2106468637852505	1.7465942266507575	3.3556546020803704	0.2980044487832688	0.592228673514962	0.407771326485038	0.0	0.0	0.2832915533419023	0.2832915533419023	0.0	0.0	0.2100371747211896	0.2005664620590379	0.7994335379409621	20.05664620590379	79.94335379409621	routine
223.5	4	1.9586777077579172	1.209390252856289	1.7447813202952176	3.351440498132645	0.2983791598141694	0.5917820455560518	0.40821795444394815	0.0	0.0	0.40841777593964346	0.40841777593964346	0.0	0.0	0.2379182156133829	0.20742506529235868	0.7925749347076413	20.742506529235868	79.25749347076413	routine
223.75	3	2.1918300625287768	1.204095446032883	1.7371425287486248	3.333742164092495	0.29996320974397195	0.5904421616793212	0.4095578383206788	0.0	0.0	0.5531364030044977	0.5531364030044977	0.0	0.0	0.26858736059479554	0.21475738056852917	0.7852426194314708	21.475738056852915	78.52426194314708	routine
224.0	3	2.4041672048359315	1.2028071706188386	1.7352839401974838	3.329450151266636	0.30034989399663065	0.5899955337204109	0.4100044662795891	0.0	0.0	0.703746813214504	0.703746813214504	0.0	0.0	0.29460966542750927	0.22115129978698006	0.77884870021302	22.115129978698008	77.88487002130199	routine
224.25	3	2.564367973508316	1.2020933698479888	1.7342541433651961	3.3270744351770154	0.3005643605165676	0.5895489057615007	0.41045109423849935	0.0	0.0	0.8411185987634677	0.8411185987634677	0.0	0.0	0.32342007434944237	0.22824224502773577	0.7717577549722643	22.82422450277358	77.17577549722643	routine
224.5	3	2.6487910936658983	1.2055499480517196	1.7392409315981634	3.338594626903446	0.29952722979354407	0.5908887896382313	0.4091112103617687	0.0	0.0	0.9443970590877182	0.9443970590877182	0.0	0.0	0.3503717472118959	0.2353151342125318	0.7646848657874682	23.53151342125318	76.46848657874682	routine
224.75	3	2.646126833525847	1.2192750325536137	1.759042042944828	3.3847330226799333	0.29544427678618773	0.5926753014738723	0.40732469852612774	0.0	0.0	0.996113006164924	0.996113006164924	0.0	0.0	0.37174721189591076	0.24110562834244575	0.7588943716575542	24.110562834244575	75.88943716575542	routine
225.0	4	2.560836358466877	1.2478221591566727	1.8002268409266906	3.4827498173383886	0.28712943864691004	0.5944618133095132	0.4055381866904868	0.0	0.0	0.9870046307390555	0.9870046307390555	0.0	0.0	0.36617100371747213	0.24015820425674633	0.7598417957432537	24.015820425674633	75.98417957432537	routine
225.25	4	2.4150431958553074	1.2953541715304349	1.8688010394617902	3.652289281985935	0.2738008746821526	0.6007146047342564	0.3992853952657436	0.0	0.0	0.918726756495626	0.918726756495626	0.0	0.0	0.34386617100371747	0.23614519393449346	0.7638548060655066	23.614519393449346	76.38548060655066	routine
225.5	4	2.2435632596427597	1.3579985438590678	1.9591777647599107	3.88840304031895	0.25717498665415456	0.6069673961589995	0.39303260384100047	0.0	0.0	0.8033598705536845	0.8033598705536845	0.0	0.0	0.3150557620817844	0.23050578956019596	0.769494210439804	23.050578956019596	76.94942104398041	routine
225.75	3	2.0854316668680113	1.4192260205949379	2.047510341812895	4.13391963307358	0.24190117098539177	0.6109870477891916	0.38901295221080845	0.0	0.0	0.6599187960452686	0.6599187960452686	0.0	0.0	0.28810408921933084	0.2247727842521306	0.7752272157478695	22.47727842521306	77.52272157478694	routine
226.0	4	1.9750287100886186	1.457553321649075	2.1028049489743568	4.29543710812526	0.232805177873143	0.6127735596248325	0.3872264403751675	0.0	0.0	0.5092458017855237	0.5092458017855237	0.0	0.0	0.26022304832713755	0.2182491519879925	0.7817508480120074	21.82491519879925	78.17508480120074	routine
226.25	4	1.931305353035813	1.4507718115878612	2.093021298039305	4.266406106432745	0.23438931387526218	0.6118803037070121	0.3881196962929879	0.0	0.0	0.369165418112356	0.369165418112356	0.0	0.0	0.23048327137546468	0.21059089377061918	0.7894091062293809	21.05908937706192	78.94091062293809	routine
226.5	4	1.956866882610528	1.404096275276093	2.025682733271484	4.071845250766054	0.24558890095635774	0.6096471639124609	0.3903528360875391	0.0	0.0	0.2514034077504699	0.2514034077504699	0.0	0.0	0.20353159851301114	0.203294690606368	0.796705309393632	20.3294690606368	79.6705309393632	routine
226.75	5	2.038524407799014	1.3427264781247183	1.9371448312608344	3.8294702516297714	0.2611327244478302	0.6042876284055382	0.3957123715944618	0.0	0.0	0.16083401511488613	0.16083401511488613	0.0	0.0	0.1737918215613383	0.19451986249171913	0.8054801375082808	19.451986249171913	80.54801375082809	routine
227.0	3	2.1532150859451975	1.2924514394955273	1.8646132823499995	3.641703036836006	0.2745967998721891	0.6002679767753462	0.39973202322465384	0.0	0.0	0.09665876515143922	0.09665876515143922	0.0	0.0	0.14405204460966542	0.1860800053462529	0.8139199946537471	18.60800053462529	81.39199946537471	routine
227.25	3	2.2750551686299985	1.265029470515717	1.8250517436914162	3.543197154417771	0.2822309785254733	0.5971415810629745	0.40285841893702545	0.0	0.0	0.05457090750453346	0.05457090750453346	0.0	0.0	0.1171003717472119	0.1785604882025466	0.8214395117974533	17.85604882025466	82.14395117974533	routine
227.5	3	2.381271214073024	1.25859042374562	1.815762162848145	3.5204556376442584	0.28405414040926763	0.5962483251451541	0.40375167485484587	0.0	0.0	0.02894261079390469	0.02894261079390469	0.0	0.0	0.09293680297397769	0.17229628202978295	0.827703717970217	17.229628202978294	82.7703717970217	routine
227.75	3	2.4554661479692426	1.2639442687128954	1.8234861284321218	3.539354156069559	0.2825374223387966	0.5966949531040643	0.4033050468959357	0.0	0.0	0.014420184855546012	0.014420184855546012	0.0	0.0	0.0724907063197026	0.1672964148559417	0.8327035851440583	16.729641485594172	83.27035851440583	routine
228.0	4	2.4895370547098845	1.2738630048657786	1.8377958398917724	3.574634756332337	0.27974886055940007	0.598034836980795	0.40196516301920504	0.0	0.0	0.006749328180803208	0.006749328180803208	0.0	0.0	0.05297397769516728	0.16275220366899057	0.8372477963310094	16.275220366899056	83.72477963310094	routine
228.25	4	2.4809726996388153	1.2789373637652601	1.8451165923117452	3.5928198358096726	0.27833290999815513	0.5989280928986155	0.4010719071013845	0.0	0.0	0.002967610225858547	0.002967610225858547	0.0	0.0	0.03531598513011153	0.15856101950718177	0.8414389804928182	15.856101950718177	84.14389804928182	routine
228.5	4	2.4323644489939804	1.2729797603568223	1.8365215874188086	3.5714788737254373	0.27999605635547054	0.5975882090218848	0.4024117909781152	0.0	0.0	0.0012257721980594013	0.0012257721980594013	0.0	0.0	0.017657992565055763	0.15381155039673514	0.8461884496032649	15.381155039673514	84.61884496032648	routine
228.75	4	2.3485172848458373	1.2506910373448386	1.804365757261672	3.492755748360034	0.2863068797380216	0.5949084412684233	0.40509155873157665	0.0	0.0	0.00047563003286645814	0.00047563003286645814	0.0	0.0	0.004646840148698885	0.14988882035428056	0.8501111796457195	14.988882035428055	85.01111796457195	routine
229.0	3	2.2339166208595134	1.2063534538831675	1.7404001454765186	3.3412782851781553	0.29928665458246334	0.5913354175971416	0.4086645824028584	0.0	0.0	0.0	0.0	0.0	0.0	0.0	0.1478338543992854	0.8521661456007146	14.783385439928539	85.21661456007146	routine
229.25	3	2.092908617832846	1.1415676063640392	1.6469339245408836	3.1316737510267916	0.31931806423709586	0.5873157659669496	0.41268423403305043	0.0	0.0	0.0	0.0	0.0	0.0	0.0	0.1468289414917374	0.8531710585082626	14.68289414917374	85.31710585082625	routine
229.5	3	1.9264555761096982	1.0545117616203434	1.5213388890487543	2.870573287656091	0.34836246971995266	0.582402858418937	0.417597141581063	0.0	0.0	0.0	0.0	0.0	0.0	0.0	0.14560071460473425	0.8543992853952658	14.560071460473425	85.43992853952658	routine
229.75	3	1.7357528280201273	0.9500175089208298	1.3705855488777678	2.585754932697903	0.38673425209581963	0.5761500669941938	0.4238499330058062	0.0	0.0	0.0	0.0	0.0	0.0	0.0	0.14403751674854845	0.8559624832514515	14.403751674854846	85.59624832514515	routine
230.0	2	1.5233291105541005	0.8353027589509229	1.2050871479793657	2.30551195701407	0.4337431419332679	0.56855739169272	0.43144260830728	0.0	0.0	0.0	0.0	0.0	0.0	0.0	0.14213934792318	0.8578606520768199	14.213934792318	85.786065207682	routine
230.25	2	1.2949545674264202	0.7182285525309778	1.0361847709613001	2.050797111662634	0.4876152761836466	0.5524787851719518	0.4475212148280482	0.0	0.0	0.0	0.0	0.0	0.0	0.0	0.13811969629298795	0.8618803037070121	13.811969629298796	86.18803037070121	routine
230.5	2	1.0603190700458205	0.6056234471907981	0.8737299439082434	1.8323942538964313	0.5457340841762545	0.5364001786511836	0.4635998213488164	0.0	0.0	0.0	0.0	0.0	0.0	0.0	0.1341000446627959	0.8658999553372041	13.41000446627959	86.58999553372041	routine
230.75	1	0.8325604941450151	0.5079530925265788	0.7328214075923081	1.6618859842181106	0.6017259965463173	0.5261277355962484	0.47387226440375163	0.0	0.0	0.0	0.0	0.0	0.0	0.0	0.1315319338990621	0.8684680661009379	13.153193389906209	86.84680661009378	routine
231.0	1	0.6240732074667605	0.42438727173512336	0.6122614123486595	1.5286534834525292	0.6541704911053206	0.5185350602947745	0.4814649397052255	0.0	0.0	0.0	0.0	0.0	0.0	0.0	0.12963376507369362	0.8703662349263064	12.963376507369361	87.03662349263064	routine
231.25	1	0.4466759941846545	0.375985989175239	0.5424331220268488	1.4564267278884733	0.6866119529746612	0.5154086645824029	0.48459133541759714	0.0	0.0	0.0	0.0	0.0	0.0	0.0	0.12885216614560072	0.8711478338543993	12.885216614560072	87.11478338543994	routine
231.5	1	0.30697374060957855	0.38215320651011525	0.5513305358919592	1.4654365823598812	0.6823904985295505	0.5167485484591335	0.48325145154086646	0.0	0.0	0.0	0.0	0.0	0.0	0.0	0.12918713711478338	0.8708128628852166	12.918713711478338	87.08128628852167	routine
231.75	1	0.20779630820737693	0.4807658099736171	0.6935984498779032	1.617312482094661	0.6183097027142528	0.5234479678427869	0.4765520321572131	0.0	0.0	0.0	0.0	0.0	0.0	0.0	0.13086199196069673	0.8691380080393033	13.086199196069673	86.91380080393033	routine
232.0	0	0.14865632956396566	0.6597940965706035	0.9518816711302235	1.9343939950363362	0.5169577669109833	0.5439928539526574	0.4560071460473426	0.0	0.0	0.0	0.0	0.0	0.0	0.0	0.13599821348816435	0.8640017865118357	13.599821348816436	86.40017865118357	routine
232.25	0	0.12839286574209507	0.7565655177227576	1.0914933205262136	2.130944945487158	0.46927538044460776	0.5564984368021438	0.44350156319785616	0.0	0.0	0.0	0.0	0.0	0.0	0.0	0.13912460920053596	0.8608753907994641	13.912460920053595	86.08753907994641	routine
232.5	0	0.14525083779810904	0.5742999081878604	0.8285396295256132	1.7758868077926278	0.5630989518093042	0.5346136668155427	0.4653863331844573	0.0	0.0	0.0	0.0	0.0	0.0	0.0	0.13365341670388567	0.8663465832961144	13.365341670388567	86.63465832961144	routine
232.75	1	0.1981931604383283	0.29556425898906713	0.4264090907075484	1.3438844436656368	0.744111597327786	0.5091558731576596	0.49084412684234036	0.0	0.0	0.0	0.0	0.0	0.0	0.0	0.1272889682894149	0.8727110317105851	12.72889682894149	87.27110317105851	routine
233.0	1	0.28664563566215034	0.12983602127199967	0.18731378401786788	1.1386416550050682	0.8782394316985961	0.4984368021438142	0.5015631978561859	0.0	0.0	0.0	0.0	0.0	0.0	0.0	0.12460920053595355	0.8753907994640464	12.460920053595355	87.53907994640464	routine
233.25	1	0.40618316719222974	0.051413799796880766	0.07417443400021788	1.0527584343898932	0.9498855267585974	0.49129075480125056	0.5087092451987494	0.0	0.0	0.0	0.0	0.0	0.0	0.0	0.12282268870031264	0.8771773112996873	12.282268870031263	87.71773112996874	routine
233.5	1	0.5481645486024647	0.019264409372602095	0.02779266786750791	1.0194511654275016	0.9809199635184636	0.4868244752121483	0.5131755247878518	0.0	0.0	0.0	0.0	0.0	0.0	0.0	0.12170611880303707	0.8782938811969629	12.170611880303706	87.82938811969629	routine
233.75	1	0.6979564974395128	0.006980439356013442	0.010070645242146743	1.0070048594106502	0.9930438673208094	0.48503796337650734	0.5149620366234926	0.0	0.0	0.0	0.0	0.0	0.0	0.0	0.12125949084412684	0.8787405091558732	12.125949084412683	87.87405091558732	routine
234.0	1	0.8357324660505048	-0.0	-0.0	1.0	1.0	0.41045109423849935	0.5895489057615007	0.0	0.0	0.0	0.0	0.0	0.0	0.0	0.10261277355962484	0.8973872264403752	10.261277355962484	89.73872264403752	routine
234.25	1	0.9414917334592048	0.0053281733212654095	0.007686929227586484	1.0053423932809884	0.9946859962171164	0.48414470745868693	0.5158552925413131	0.0	0.0	0.0	0.0	0.0	0.0	0.0	0.12103617686467173	0.8789638231353283	12.103617686467173	87.89638231353283	routine
234.5	1	0.9966277454942879	0.011440685074245364	0.01650541962098617	1.0115063800043618	0.9886245106982794	0.4859312192943278	0.5140687807056722	0.0	0.0	0.0	0.0	0.0	0.0	0.0	0.12148280482358195	0.878517195176418	12.148280482358196	87.8517195176418	routine
234.75	1	0.9923101837109366	0.02420148184805613	0.034915357844354844	1.024496714588712	0.9760890257236732	0.48771773112996875	0.5122822688700313	0.0	0.0	0.0	0.0	0.0	0.0	0.0	0.12192943278249219	0.8780705672175078	12.192943278249219	87.80705672175077	routine
235.0	1	0.9309182191299896	0.050162118185522964	0.07236863914674006	1.051441540354322	0.951075225411974	0.4899508709245199	0.5100491290754801	0.0	0.0	0.0	0.0	0.0	0.0	0.0	0.12248771773112997	0.87751228226887	12.248771773112997	87.75122822688701	routine
235.25	1	0.8262248035122967	0.1009195284720083	0.14559610325541894	1.1061876215735227	0.9040057766850856	0.49620366234926305	0.503796337650737	0.0	0.0	0.0	0.0	0.0	0.0	0.0	0.12405091558731576	0.8759490844126843	12.405091558731577	87.59490844126843	routine
235.5	1	0.700310639718053	0.19374628018329046	0.2795167976111168	1.2137882817445114	0.8238669091142936	0.502009825815096	0.497990174184904	0.0	0.0	0.0	0.0	0.0	0.0	0.0	0.125502456453774	0.874497543546226	12.5502456453774	87.4497543546226	routine
235.75	1	0.5786026977293591	0.34397289486805604	0.49624798962636524	1.4105404021058088	0.7089481439220676	0.511835640911121	0.488164359088879	0.0	0.0	0.0	0.0	0.0	0.0	0.0	0.12795891022778025	0.8720410897722197	12.795891022778024	87.20410897722198	routine
236.0	1	0.4846591918082414	0.5351582523431417	0.7720701567462551	1.707718471320969	0.5855766139406289	0.5288075033497097	0.4711924966502903	0.0	0.0	0.0	0.0	0.0	0.0	0.0	0.13220187583742743	0.8677981241625725	13.220187583742742	86.77981241625726	routine
236.25	2	0.43598679161043896	0.6779110612942345	0.9780189262929663	1.9697587263084229	0.5076763903334124	0.5475658776239393	0.45243412237606073	0.0	0.0	0.0	0.0	0.0	0.0	0.0	0.13689146940598482	0.8631085305940152	13.689146940598482	86.31085305940151	routine
236.5	2	0.4422116222927931	0.6719093614086136	0.9693603036310771	1.9579722304709015	0.510732473340286	0.5462259937472086	0.4537740062527914	0.0	0.0	0.0007911205287426439	0.0007911205287426439	0.0	0.0	0.00929368029739777	0.13887991851115158	0.8611200814888484	13.887991851115158	86.11200814888484	routine
236.75	1	0.5019545460500319	0.5211955177350963	0.7519261887699793	1.684039746093835	0.5938102128049654	0.527467619472979	0.47253238052702096	0.0	0.0	0.001972503449095	0.001972503449095	0.0	0.0	0.02509293680297398	0.13814013906898825	0.8618598609310117	13.814013906898825	86.18598609310118	routine
237.0	1	0.6056199458348608	0.352301445766917	0.5082635487059433	1.4223372166345818	0.703068153110778	0.5136221527467619	0.48637784725323807	0.0	0.0	0.00462007986771138	0.00462007986771138	0.0	0.0	0.04368029739776952	0.13932561253613285	0.8606743874638672	13.932561253613285	86.06743874638671	routine
237.25	1	0.7356866683521058	0.24180511081493167	0.3488510342343082	1.2735459682929353	0.7852091914203952	0.5055828494863779	0.4944171505136221	0.0	0.0	0.010165711729911415	0.010165711729911415	0.0	0.0	0.062267657992565055	0.14196262686973574	0.8580373731302643	14.196262686973574	85.80373731302643	routine
237.5	1	0.8702574931459445	0.19986432319697367	0.28834326792690296	1.2212370533801367	0.8188418433851173	0.5029030817329165	0.49709691826708347	0.0	0.0	0.021012740249771806	0.021012740249771806	0.0	0.0	0.08364312267657993	0.1466365511023741	0.8533634488976258	14.66365511023741	85.33634488976259	routine
237.75	1	0.9881940944834019	0.21743665205549045	0.3136947796279551	1.2428866926966091	0.8045785717042042	0.503796337650737	0.49620366234926305	0.0	0.0	0.04080225715594826	0.04080225715594826	0.0	0.0	0.10594795539033457	0.15243607326026787	0.8475639267397321	15.243607326026787	84.75639267397321	routine
238.0	1	1.073420640663957	0.2792568922690108	0.40288253361056536	1.3221469495764735	0.756345578923986	0.5082626172398392	0.49173738276016077	0.0	0.0	0.07442901648538422	0.07442901648538422	0.0	0.0	0.12825278810408922	0.15912885133598212	0.8408711486640179	15.912885133598213	84.08711486640179	routine
238.25	1	1.1205384757785675	0.37947297888174714	0.547463784784059	1.4615141376147196	0.6842219136053389	0.5163019205002233	0.4836980794997767	0.0	0.0	0.12754309944379996	0.12754309944379996	0.0	0.0	0.1570631970260223	0.1683412793815614	0.8316587206184386	16.83412793815614	83.16587206184386	routine
238.5	2	1.135654085656167	0.5084879005700085	0.7335929725043916	1.6627750119181257	0.6014042746808127	0.5265743635551585	0.4734256364448415	0.0	0.0	0.20531857808989676	0.20531857808989676	0.0	0.0	0.18494423791821563	0.17787965036834352	0.8221203496316565	17.78796503683435	82.21203496316565	routine
238.75	2	1.1340695817979634	0.6461096352225305	0.932139166606122	1.9081031534591255	0.5240806809564458	0.541313086199196	0.45868691380080395	0.0	0.0	0.31049608181239163	0.31049608181239163	0.0	0.0	0.21561338289962825	0.18923161727470608	0.810768382725294	18.923161727470607	81.0768382725294	routine
239.0	2	1.1355848958446142	0.7669176899749104	1.1064283480968227	2.153119433651606	0.46444241985408086	0.5596248325145154	0.44037516748548455	0.0	0.0	0.4411035928720439	0.4411035928720439	0.0	0.0	0.24349442379182157	0.20077981407658424	0.7992201859234158	20.077981407658424	79.92201859234159	routine
239.25	2	1.1562022908646203	0.8397998269569192	1.211575045690157	2.315903348958902	0.43179694888801945	0.5698972755694507	0.4301027244305493	0.0	0.0	0.5886832259973777	0.5886832259973777	0.0	0.0	0.275092936802974	0.21124755309310617	0.7887524469068938	21.124755309310615	78.87524469068939	routine
239.5	2	1.204049220390674	0.8570348464985856	1.2364399229125436	2.356163937854372	0.4244186849369423	0.5721304153640018	0.4278695846359982	0.0	0.0	0.7380390174188428	0.7380390174188428	0.0	0.0	0.3020446096654275	0.21854375625735734	0.7814562437426427	21.854375625735734	78.14562437426427	routine
239.75	3	1.2769460310837497	0.8366321785110786	1.2070050949860631	2.308578987939638	0.4331668984358558	0.5694506476105404	0.43054935238945957	0.0	0.0	0.8692277400502025	0.8692277400502025	0.0	0.0	0.32899628252788105	0.22461173253460537	0.7753882674653947	22.461173253460537	77.53882674653947	routine
240.0	3	1.364189594851526	0.8062964170988075	1.1632398424349888	2.2395980708232908	0.44650868967412244	0.5645377400625279	0.4354622599374721	0.0	0.0	0.9617106562884497	0.9617106562884497	0.0	0.0	0.3550185873605948	0.22988908185578066	0.7701109181442194	22.988908185578065	77.01109181442195	routine
240.25	2	1.450729797797038	0.7839867032340107	1.1310537288785947	2.1901865070395683	0.4565821206485653	0.5618579723090665	0.43814202769093347	0.0	0.0	0.9995669171614537	0.9995669171614537	0.0	0.0	0.3754646840148699	0.2343306640809841	0.7656693359190159	23.43306640809841	76.56693359190159	routine
240.5	2	1.5215633458752647	0.7717655610501477	1.1134223476559366	2.1635828211599533	0.46219631170110415	0.5600714604734256	0.4399285395265744	0.0	0.0	0.9759687547616718	0.9759687547616718	0.0	0.0	0.362453531598513	0.23063124801798465	0.7693687519820154	23.063124801798466	76.93687519820153	routine
240.75	2	1.5645764735101988	0.7609794802537034	1.097861322380279	2.140371645878125	0.4672085812413818	0.5578383206788745	0.4421616793211255	0.0	0.0	0.8951927357855947	0.8951927357855947	0.0	0.0	0.33643122676579923	0.22356738686116845	0.7764326131388315	22.356738686116845	77.64326131388314	routine
241.0	2	1.5713634158435275	0.7403943146738183	1.0681632060823003	2.0967621355868094	0.47692581958999153	0.5547119249665029	0.4452880750334971	0.0	0.0	0.7713540772744257	0.7713540772744257	0.0	0.0	0.3104089219330855	0.2162802117248971	0.7837197882751029	21.62802117248971	78.37197882751029	routine
241.25	2	1.5375947246430246	0.7062341127993079	1.0188804522421784	2.0263458818483073	0.49349916465784305	0.551138901295221	0.44886109870477897	0.0	0.0	0.6243780175716624	0.6243780175716624	0.0	0.0	0.28345724907063197	0.20864903759146325	0.7913509624085368	20.864903759146326	79.13509624085367	routine
241.5	2	1.4612478062659418	0.6569335480330842	0.9477547719409223	1.9288684739013737	0.5184386667782366	0.5435462259937472	0.45645377400625275	0.0	0.0	0.4747861311064846	0.4747861311064846	0.0	0.0	0.2537174721189591	0.1993159245281766	0.8006840754718234	19.93159245281766	80.06840754718235	routine
241.75	2	1.3445762629773752	0.599984256753292	0.865594311829425	1.822090114550508	0.5488202762390214	0.5359535506922734	0.46404644930772665	0.0	0.0	0.33916032216967895	0.33916032216967895	0.0	0.0	0.22490706319702602	0.19021515347232484	0.8097848465276751	19.021515347232484	80.97848465276752	routine
242.0	2	1.195829521654289	0.5546442313020221	0.8001824819570985	1.741321366924821	0.5742765344722113	0.5319338990620813	0.46806610093791867	0.0	0.0	0.22793960478506328	0.22793960478506328	0.0	0.0	0.19609665427509293	0.18200763833429356	0.8179923616657064	18.200763833429356	81.79923616657064	routine
242.25	2	1.0291703886055423	0.5451085106269683	0.786425345027896	1.7247955308668983	0.5797788677579601	0.5305940151853507	0.46940598481464935	0.0	0.0	0.14437788924122016	0.14437788924122016	0.0	0.0	0.1691449814126394	0.17493474914949753	0.8250652508505025	17.493474914949754	82.50652508505026	routine
242.5	1	0.8653214741008888	0.6080644536625057	0.8772515718397539	1.8368726037457028	0.5444035683045335	0.5368468066100938	0.46315319338990624	0.0	0.0	0.08719188201584564	0.08719188201584564	0.0	0.0	0.1412639405204461	0.16952768678263497	0.830472313217365	16.952768678263496	83.0472313217365	routine
242.75	1	0.7289199442408918	0.7753042875934456	1.1185276508910147	2.1712527119369502	0.4605636158804892	0.5605180884323359	0.43948191156766414	0.0	0.0	0.05243172267420514	0.05243172267420514	0.0	0.0	0.11524163568773234	0.16893993103001706	0.831060068969983	16.893993103001705	83.1060068969983	routine
243.0	1	0.6462442855240663	1.03447658827787	1.4924342438242169	2.8136331615670414	0.35541235924410775	0.5810629745422063	0.41893702545779365	0.0	0.0	0.03596372301789089	0.03596372301789089	0.0	0.0	0.10130111524163568	0.1705910224459605	0.8294089775540395	17.05910224459605	82.94089775540395	routine
243.25	2	0.6415729219763573	1.2749381056442313	1.839346882453302	3.578479915538015	0.27944826395641587	0.5984814649397052	0.4015185350602948	0.0	0.0	0.035204471800149226	0.035204471800149226	0.0	0.0	0.09944237918215613	0.17448096103046534	0.8255190389695346	17.448096103046534	82.55190389695346	routine
243.5	3	0.7339454109964512	1.3751777600854824	1.9839621348161183	3.9557798401881747	0.25279465501104087	0.6083072800357302	0.3916927199642698	0.0	0.0	0.05002322059362347	0.05002322059362347	0.0	0.0	0.11245353159851301	0.1801902029085608	0.8198097970914392	18.01902029085608	81.98097970914392	routine
243.75	2	0.9340309310090353	1.3579027863355055	1.9590396158555397	3.88803071429999	0.2571996142731198	0.6065207682000894	0.3934792317999106	0.0	0.0	0.08278472354145987	0.08278472354145987	0.0	0.0	0.13568773234200743	0.18555212513552422	0.8144478748644758	18.555212513552423	81.44478748644758	routine
244.0	3	1.2410578255922329	1.3178696830730479	1.901284056307396	3.7354551915989602	0.26770499141550413	0.6029477445288075	0.3970522554711925	0.0	0.0	0.13753276227555766	0.13753276227555766	0.0	0.0	0.16449814126394052	0.191861471448187	0.808138528551813	19.186147144818698	80.8138528551813	routine
244.25	4	1.6401424703197722	1.3017941833645694	1.8780920125981624	3.675885968098978	0.2720432594151337	0.6020544886109871	0.3979455113890129	0.0	0.0	0.21833435627688624	0.21833435627688624	0.0	0.0	0.19144981412639406	0.1983760756843453	0.8016239243156547	19.837607568434528	80.16239243156546	routine
244.5	4	2.100805646282133	1.3101229893381854	1.8901079396728244	3.7066295600939037	0.2697868734351393	0.6025011165698972	0.39749888343010276	0.0	0.0	0.3268278952072714	0.3268278952072714	0.0	0.0	0.22026022304832713	0.2056903349045561	0.7943096650954439	20.56903349045561	79.43096650954439	routine
244.75	4	2.5787966369758983	1.3323535893538172	1.9221799160713626	3.789952891576211	0.2638555223793581	0.6038410004466279	0.3961589995533721	0.0	0.0	0.46038771261619593	0.46038771261619593	0.0	0.0	0.24907063197026022	0.21322790810422204	0.7867720918957779	21.322790810422205	78.6772091895778	routine
245.0	4	3.0195516418921815	1.3562582846768922	1.9566671014679244	3.881642095828195	0.2576229274395887	0.6060741402411791	0.3939258597588209	0.0	0.0	0.609235113456898	0.609235113456898	0.0	0.0	0.2788104089219331	0.22122113729077805	0.7787788627092219	22.122113729077807	77.87788627092219	routine
245.25	4	3.367053813007335	1.3749399407980802	1.9836190341095554	3.9548391913021184	0.25285478160510316	0.60786065207682	0.39213934792317995	0.0	0.0	0.7573606257127172	0.7573606257127172	0.0	0.0	0.3076208178438662	0.22887036748017156	0.7711296325198285	22.887036748017156	77.11296325198285	routine
245.5	4	3.573330826063744	1.3845546867952887	1.997490180479135	3.993047352126586	0.2504352971089681	0.6092005359535507	0.3907994640464493	0.0	0.0	0.8844577965562122	0.8844577965562122	0.0	0.0	0.33271375464684017	0.23547857265009772	0.7645214273499022	23.54785726500977	76.45214273499022	routine
245.75	4	3.607671159502697	1.3827414752280085	1.9948742691429373	3.9858136725566164	0.25088980121807125	0.6087539079946405	0.39124609200535954	0.0	0.0	0.9703046244282652	0.9703046244282652	0.0	0.0	0.3596654275092937	0.24210483387598353	0.7578951661240165	24.21048338759835	75.78951661240166	routine
246.0	4	3.464383763676566	1.3710703494726832	1.978036393894138	3.9395651510800063	0.2538351218092831	0.6074140241179098	0.3925859758820902	0.0	0.0	0.9999900590656401	0.9999900590656401	0.0	0.0	0.37825278810408924	0.24641670305549976	0.7535832969445002	24.641670305549976	75.35832969445002	routine
246.25	4	3.162067720770833	1.3490288695355623	1.9462372600950002	3.8536812856193103	0.25949213904421103	0.6056275122822689	0.39437248771773115	0.0	0.0	0.96814377873613	0.96814377873613	0.0	0.0	0.3587360594795539	0.2410908929404557	0.7589091070595443	24.109089294045567	75.89091070595443	routine
246.5	4	2.7419817331292142	1.3199801140771668	1.9043287646511768	3.743346936612385	0.267140614250671	0.6033943724877178	0.39660562751228223	0.0	0.0	0.8805228493273206	0.8805228493273206	0.0	0.0	0.33178438661710036	0.23379468977620455	0.7662053102237955	23.379468977620455	76.62053102237955	routine
246.75	4	2.2571585952847784	1.2852166033718861	1.854175620152778	3.6154509912860786	0.27659066667206644	0.5993747208575256	0.40062527914247437	0.0	0.0	0.7523120123966365	0.7523120123966365	0.0	0.0	0.30576208178438663	0.22628420066047805	0.773715799339522	22.628420066047806	77.37157993395219	routine
247.0	4	1.7640489180754044	1.252492477249605	1.8069646856787382	3.499053408667936	0.2857915793805196	0.5953550692273336	0.4046449307726664	0.0	0.0	0.6038262059284095	0.6038262059284095	0.0	0.0	0.2778810408921933	0.21830902752988174	0.7816909724701182	21.830902752988173	78.16909724701182	routine
247.25	3	1.3102924469134667	1.229482936158395	1.7737689348533185	3.4194609994652514	0.29244375068362644	0.5931219294327825	0.4068780705672175	0.0	0.0	0.45528413109598004	0.45528413109598004	0.0	0.0	0.24814126394052044	0.21031579834332575	0.7896842016566743	21.031579834332575	78.96842016566742	routine
247.5	2	0.9304198239454903	1.2352331417782463	1.7820647279851698	3.439180243841673	0.29076696453773776	0.5940151853506029	0.40598481464939706	0.0	0.0	0.3224851078635509	0.3224851078635509	0.0	0.0	0.21933085501858737	0.20333651009229758	0.7966634899077024	20.333651009229758	79.66634899077025	routine
247.75	2	0.6433465444060111	1.2964433242291191	1.8703723546589528	3.656269349771123	0.2735028260602842	0.6011612326931666	0.39883876730683343	0.0	0.0	0.21458205971918945	0.21458205971918945	0.0	0.0	0.1895910780669145	0.19768807769002028	0.8023119223099797	19.768807769002027	80.23119223099798	routine
248.0	1	0.4551157782038791	1.418011098204664	2.045757579305382	4.128900291224559	0.24219524073404486	0.6105404198302814	0.3894595801697186	0.0	0.0	0.13413241692227304	0.13413241692227304	0.0	0.0	0.16171003717472118	0.19306261425125065	0.8069373857487494	19.306261425125065	80.69373857487494	routine
248.25	0	0.3636163991490027	1.4916138486655681	2.1519439023911158	4.444262101019968	0.22500923151460797	0.6132201875837427	0.38677981241625725	0.0	0.0	0.07876452995129044	0.07876452995129044	0.0	0.0	0.13197026022304834	0.18629761195169778	0.8137023880483022	18.629761195169777	81.37023880483022	routine
248.5	1	0.3634426420523224	1.3469842463380375	1.9432874923474446	3.8458100091062875	0.26002324546250427	0.6051808843233586	0.3948191156766414	0.0	0.0	0.04344944324802381	0.04344944324802381	0.0	0.0	0.1087360594795539	0.17847923595072812	0.8215207640492719	17.847923595072814	82.15207640492719	routine
248.75	1	0.44751841406617543	1.0642757414400186	1.5354253343139395	2.898738787228872	0.3449776173023086	0.5846359982134882	0.4153640017865118	0.0	0.0	0.022516160773907775	0.022516160773907775	0.0	0.0	0.08550185873605948	0.16753446423738694	0.8324655357626131	16.753446423738694	83.2465535762613	routine
249.0	2	0.6078244194232525	0.8556076745715238	1.2343809490508755	2.3528036852261724	0.4250248358072727	0.5712371594461814	0.42876284055381864	0.0	0.0	0.010961274683610717	0.010961274683610717	0.0	0.0	0.06412639405204461	0.15884088837455648	0.8411591116254435	15.884088837455648	84.11591116254435	routine
249.25	2	0.8322584318370313	0.7603356052508244	1.0969324071066728	2.138993957655573	0.46750950203526603	0.5573916927199642	0.44260830728003575	0.0	0.0	0.005012846152015368	0.005012846152015368	0.0	0.0	0.04553903345724907	0.15073268154430333	0.8492673184556967	15.073268154430334	84.92673184556966	routine
249.5	2	1.1023177894835228	0.7382304841987638	1.0650414585866148	2.0922300029306133	0.4779589235405702	0.5538186690486825	0.4461813309513175	0.0	0.0	0.0021535962474400756	0.0021535962474400756	0.0	0.0	0.02695167286245353	0.145192585477784	0.854807414522216	14.5192585477784	85.4807414522216	routine
249.75	2	1.3919182076239618	0.7553443056808153	1.0897314839694296	2.1283441982141773	0.4698488152616793	0.5556051808843233	0.4443948191156767	0.0	0.0	0.0008691621198796668	0.0008691621198796668	0.0	0.0	0.012081784386617101	0.1419217413177351	0.8580782586822648	14.19217413177351	85.80782586822649	routine
250.0	2	1.6680216894731097	0.7884314673627171	1.1374661680450007	2.1999430361340693	0.45455722424399075	0.5627512282268871	0.43724877177311294	0.0	0.0	0.0	0.0	0.0	0.0	0.0	0.14068780705672176	0.8593121929432782	14.068780705672177	85.93121929432782	routine
250.25	2	1.8987603487628462	0.8344788472851932	1.2038984947050868	2.3036132011281802	0.4341006552272995	0.5681107637338098	0.43188923626619025	0.0	0.0	0.0	0.0	0.0	0.0	0.0	0.14202769093345244	0.8579723090665475	14.202769093345244	85.79723090665475	routine
250.5	3	2.058505951024157	0.8904058112368506	1.2845840482501187	2.436118054804618	0.410489137842789	0.5739169271996427	0.4260830728003573	0.0	0.0	0.0	0.0	0.0	0.0	0.0	0.14347923179991068	0.8565207682000893	14.347923179991067	85.65207682000893	routine
250.75	3	2.134283792654751	0.95109328254134	1.372137562145197	2.5885381164130017	0.386318437290668	0.5765966949531041	0.42340330504689594	0.0	0.0	0.0	0.0	0.0	0.0	0.0	0.14414917373827602	0.8558508262617239	14.4149173738276	85.5850826261724	routine
251.0	3	2.129277583963989	1.0108527382586194	1.4583522325547396	2.747943292578235	0.3639085284986934	0.5801697186243859	0.41983028137561407	0.0	0.0	0.0	0.0	0.0	0.0	0.0	0.14504242965609648	0.8549575703439035	14.504242965609649	85.49575703439035	routine
251.25	3	2.05961411989129	1.0588338020589028	1.5275742753559853	2.8830068713579933	0.34686008206736124	0.5828494863778473	0.4171505136221527	0.0	0.0	0.0	0.0	0.0	0.0	0.0	0.14571237159446182	0.8542876284055382	14.571237159446182	85.42876284055382	routine
251.5	3	1.9476307654900205	1.0798677333459932	1.55791982371427	2.9442900939108476	0.3396404457794843	0.5859758820902189	0.4140241179097811	0.0	0.0	0.0	0.0	0.0	0.0	0.0	0.14649397052255472	0.8535060294774452	14.649397052255472	85.35060294774452	routine
251.75	3	1.8142880010312217	1.0611696892279856	1.5309442481908972	2.8897491216194306	0.3460508016140843	0.5837427422956677	0.4162572577043323	0.0	0.0	0.0	0.0	0.0	0.0	0.0	0.14593568557391692	0.8540643144260831	14.593568557391693	85.40643144260831	routine
252.0	3	1.6721465478246127	0.9945359864128492	1.4348121355834311	2.7034696035657877	0.3698950410542929	0.5788298347476553	0.42117016525234474	0.0	0.0	0.0	0.0	0.0	0.0	0.0	0.14470745868691381	0.8552925413130862	14.470745868691381	85.52925413130862	routine
252.25	3	1.525399747674427	0.8887302317492032	1.2821666980326747	2.4320395632351266	0.41117752158184	0.5730236712818222	0.4269763287181778	0.0	0.0	0.0	0.0	0.0	0.0	0.0	0.14325591782045555	0.8567440821795445	14.325591782045555	85.67440821795445	routine
252.5	2	1.372249168123759	0.7647890543822893	1.1033573760834885	2.148541101519073	0.46543210148177977	0.5591782045556052	0.4408217954443948	0.0	0.0	0.0	0.0	0.0	0.0	0.0	0.1397945511389013	0.8602054488610987	13.979455113890129	86.02054488610987	routine
252.75	2	1.2106781558007762	0.6502285843221901	0.9380815540458749	1.9159787416640002	0.5219264589185965	0.5422063421170166	0.45779365788298343	0.0	0.0	0.0	0.0	0.0	0.0	0.0	0.13555158552925414	0.8644484144707458	13.555158552925414	86.44484144707458	routine
253.0	1	1.0435457309600795	0.5725327427393319	0.8259901486965908	1.7727512932878318	0.5640949205826559	0.5341670388566324	0.4658329611433676	0.0	0.0	0.0	0.0	0.0	0.0	0.0	0.1335417597141581	0.8664582402858418	13.35417597141581	86.64582402858419	routine
253.25	1	0.8808264694803262	0.554711496262044	0.8002795247813477	1.7414385007764104	0.5742379070832279	0.5323805270209915	0.4676194729790085	0.0	0.0	0.0	0.0	0.0	0.0	0.0	0.13309513175524787	0.8669048682447521	13.309513175524787	86.69048682447522	routine
253.5	1	0.7387126740848815	0.6112768606231749	0.8818860954312285	1.8427828740980334	0.542657528489057	0.5377400625279143	0.4622599374720857	0.0	0.0	0.0	0.0	0.0	0.0	0.0	0.13443501563197857	0.8655649843680214	13.443501563197858	86.55649843680214	routine
253.75	2	0.6343940035603514	0.7137014028791144	1.0296534746091945	2.0415338301842603	0.48982778791853	0.5515855292541313	0.4484144707458687	0.0	0.0	0.0	0.0	0.0	0.0	0.0	0.13789638231353282	0.8621036176864671	13.789638231353281	86.21036176864672	routine
254.0	2	0.5824657940588649	0.7864495507625501	1.1346068667944842	2.1955872503392113	0.45545901209141343	0.5623046002679768	0.4376953997320232	0.0	0.0	0.0	0.0	0.0	0.0	0.0	0.1405761500669942	0.8594238499330058	14.05761500669942	85.94238499330058	routine
254.25	2	0.5899044523622353	0.750943569283941	1.0833825633933993	2.1189984955058274	0.47192105238436677	0.5551585529254132	0.44484144707458684	0.0	0.0	0.0	0.0	0.0	0.0	0.0	0.1387896382313533	0.8612103617686467	13.87896382313533	86.12103617686468	routine
254.5	1	0.6537580038307171	0.6220074885691074	0.8973671191544498	1.8626635668985456	0.5368656035212329	0.5395265743635551	0.4604734256364449	0.0	0.0	0.0	0.0	0.0	0.0	0.0	0.13488164359088878	0.8651183564091112	13.488164359088877	86.51183564091112	routine
254.75	1	0.7622137785919992	0.4936411121019096	0.7121735844083379	1.638270499819903	0.6103998088898819	0.5243412237606074	0.47565877623939257	0.0	0.0	0.0	0.0	0.0	0.0	0.0	0.13108530594015186	0.8689146940598481	13.108530594015185	86.89146940598481	routine
255.0	1	0.8955271828090118	0.41799641274901705	0.6030413517823832	1.5189152256623306	0.6583645901396142	0.5180884323358642	0.4819115676641358	0.0	0.0	0.0	0.0	0.0	0.0	0.0	0.12952210808396605	0.870477891916034	12.952210808396606	87.0477891916034	routine
255.25	1	1.0332586093871645	0.4141239408539259	0.5974545557833533	1.5130446433088014	0.6609190313202855	0.5171951764180438	0.4828048235819562	0.0	0.0	0.0	0.0	0.0	0.0	0.0	0.12929879410451095	0.870701205895489	12.929879410451095	87.0701205895489	routine
255.5	2	1.1561159680434523	0.4600368886144919	0.6636929378301158	1.584132420366834	0.6312603587574025	0.5216614560071461	0.4783385439928539	0.0	0.0	0.0	0.0	0.0	0.0	0.0	0.13041536400178652	0.8695846359982135	13.041536400178652	86.95846359982134	routine
255.75	2	1.252994172740233	0.5390166738745442	0.7776366823552686	1.7143202971634337	0.5833215657859446	0.5301473872264404	0.4698526127735596	0.0	0.0	0.0	0.0	0.0	0.0	0.0	0.1325368468066101	0.8674631531933898	13.25368468066101	86.74631531933899	routine
256.0	2	1.3212826725050235	0.6312820134103627	0.9107474301495304	1.8800192448472897	0.5319094486616429	0.5404198302813756	0.45958016971862437	0.0	0.0	0.0	0.0	0.0	0.0	0.0	0.1351049575703439	0.8648950424296561	13.510495757034391	86.48950424296561	routine
256.25	2	1.3655198957251395	0.7171850230312767	1.03467927612706	2.048658160602079	0.488124382696482	0.5520321572130416	0.44796784278695845	0.0	0.0	0.0	0.0	0.0	0.0	0.0	0.1380080393032604	0.8619919606967397	13.800803930326039	86.19919606967397	routine
256.5	2	1.3932274521512007	0.7787239638446346	1.1234612008600509	2.1786904032713568	0.4589913273122586	0.5614113443501563	0.43858865564984373	0.0	0.0	0.0	0.0	0.0	0.0	0.0	0.14035283608753907	0.859647163912461	14.035283608753907	85.9647163912461	routine
256.75	2	1.4122659291497208	0.8144308073726555	1.1749752869437247	2.2578901321078453	0.44289134611986347	0.5654309959803484	0.4345690040196516	0.0	0.0	0.0	0.0	0.0	0.0	0.0	0.1413577489950871	0.8586422510049129	14.13577489950871	85.86422510049128	routine
257.0	2	1.4255688262471613	0.8253833742235319	1.190776500824489	2.282755747307956	0.43806701666584164	0.5676641357748995	0.4323358642251005	0.0	0.0	0.0	0.0	0.0	0.0	0.0	0.14191603394372487	0.8580839660562751	14.191603394372487	85.80839660562751	routine
257.25	3	1.4335566887429838	0.8247736433792412	1.1898968451591538	2.2813643049646055	0.43833420108478227	0.5667708798570791	0.4332291201429209	0.0	0.0	0.0	0.0	0.0	0.0	0.0	0.14169271996426977	0.8583072800357302	14.169271996426977	85.83072800357301	routine
257.5	3	1.4352778719179273	0.8240770105672415	1.1888918164559612	2.27977558517506	0.4386396654577787	0.5663242518981688	0.4336757481018312	0.0	0.0	0.0	0.0	0.0	0.0	0.0	0.1415810629745422	0.8584189370254578	14.158106297454221	85.84189370254578	routine
257.75	2	1.4304200209238669	0.8253314305174397	1.1907015618973045	2.2826371755938912	0.43808977208119915	0.5672175078159892	0.43278249218401077	0.0	0.0	0.0	0.0	0.0	0.0	0.0	0.1418043769539973	0.8581956230460027	14.18043769539973	85.81956230460027	routine
258.0	2	1.419692431035244	0.8198167108411579	1.18274550316844	2.270083717663329	0.44051238825206523	0.5658776239392586	0.43412237606074144	0.0	0.0	0.0	0.0	0.0	0.0	0.0	0.14146940598481464	0.8585305940151854	14.146940598481464	85.85305940151854	routine
258.25	2	1.4032879342511482	0.7939361567930701	1.1454077561878047	2.2120864314587183	0.45206190218370856	0.5636444841447075	0.43635551585529253	0.0	0.0	0.0	0.0	0.0	0.0	0.0	0.14091112103617687	0.8590888789638231	14.091112103617686	85.90888789638231	routine
258.5	2	1.3786709039567997	0.7384429977099092	1.0653480507752662	2.092674677322645	0.4778573616035694	0.5542652970075926	0.44573470299240736	0.0	0.0	0.0	0.0	0.0	0.0	0.0	0.13856632425189816	0.8614336757481018	13.856632425189815	86.14336757481018	routine
258.75	2	1.3395908257365687	0.654509869466733	0.9442581428925384	1.9241991774464422	0.5196967194046281	0.543099598034837	0.456900401965163	0.0	0.0	0.0	0.0	0.0	0.0	0.0	0.13577489950870925	0.8642251004912908	13.577489950870925	86.42251004912907	routine
259.0	2	1.2775267686745124	0.5526555111908393	0.797313365314979	1.737861807290511	0.5754197461529427	0.5314872711031711	0.46851272889682893	0.0	0.0	0.0	0.0	0.0	0.0	0.0	0.13287181777579277	0.8671281822242072	13.287181777579276	86.71281822242072	routine
259.25	2	1.1852049054533116	0.4467136942441859	0.6444716313832757	1.5631666915920461	0.6397270395913599	0.5203215721304154	0.4796784278695846	0.0	0.0	0.0	0.0	0.0	0.0	0.0	0.13008039303260385	0.8699196069673961	13.008039303260386	86.99196069673961	routine
259.5	1	1.0604551631701393	0.3481136079858564	0.5022217759071597	1.4163931541732626	0.7060186622997991	0.5131755247878517	0.48682447521214833	0.0	0.0	0.0	0.0	0.0	0.0	0.0	0.12829388119696292	0.8717061188030371	12.829388119696292	87.17061188030371	routine
259.75	1	0.908126278469682	0.2610367470940157	0.376596420522323	1.2982753724043063	0.7702526145497752	0.5064761054041983	0.4935238945958017	0.0	0.0	0.0	0.0	0.0	0.0	0.0	0.12661902635104957	0.8733809736489504	12.661902635104957	87.33809736489503	routine
260.0	1	0.7405501823123511	0.1937088673829721	0.27946282234963177	1.2137428713753675	0.823897732859051	0.5015631978561857	0.49843680214381425	0.0	0.0	0.0	0.0	0.0	0.0	0.0	0.12539079946404644	0.8746092005359536	12.539079946404645	87.46092005359536	routine
260.25	1	0.5723509719501141	0.14103865193697135	0.20347576372313317	1.1514691536377746	0.868455743552273	0.49933005806163466	0.5006699419383653	0.0	0.0	0.0	0.0	0.0	0.0	0.0	0.12483251451540867	0.8751674854845913	12.483251451540866	87.51674854845913	routine
260.5	1	0.41802578026415055	0.10119677033865891	0.14599607872156256	1.1064943456110012	0.9037551831752059	0.4966502903081733	0.5033497096918267	0.0	0.0	0.0	0.0	0.0	0.0	0.0	0.12416257257704333	0.8758374274229567	12.416257257704332	87.58374274229567	routine
260.75	1	0.28794264525981417	0.07178576989957863	0.10356497424051832	1.0744251452001796	0.9307302648931274	0.49307726663689144	0.5069227333631086	0.0	0.0	0.0	0.0	0.0	0.0	0.0	0.12326931665922286	0.8767306833407771	12.326931665922286	87.67306833407771	routine
261.0	1	0.18680378336421843	0.050464250258865063	0.07280452359064422	1.051759262561525	0.95078791848672	0.4903974988834301	0.5096025011165699	0.0	0.0	0.0	0.0	0.0	0.0	0.0	0.12259937472085752	0.8774006252791424	12.259937472085753	87.74006252791425	routine
261.25	0	0.11403905765072976	0.03521776930485043	0.050808501127279276	1.0358452595418208	0.9653951599318261	0.4886109870477892	0.5113890129522107	0.0	0.0	0.0	0.0	0.0	0.0	0.0	0.1221527467619473	0.8778472532380527	12.21527467619473	87.78472532380526	routine
261.5	0	0.06522934370256389	-0.0	-0.0	1.0	1.0	0.41045109423849935	0.5895489057615007	0.0	0.0	0.0	0.0	0.0	0.0	0.0	0.10261277355962484	0.8973872264403752	10.261277355962484	89.73872264403752	routine
261.75	0	0.03525156214603476	-0.0	-0.0	1.0	1.0	0.41045109423849935	0.5895489057615007	0.0	0.0	0.0	0.0	0.0	0.0	0.0	0.10261277355962484	0.8973872264403752	10.261277355962484	89.73872264403752	routine
262.0	0	0.017896591298776243	-0.0	-0.0	1.0	1.0	0.41045109423849935	0.5895489057615007	0.0	0.0	0.0	0.0	0.0	0.0	0.0	0.10261277355962484	0.8973872264403752	10.261277355962484	89.73872264403752	routine
262.25	0	0.00853530153177696	-0.0	-0.0	1.0	1.0	0.41045109423849935	0.5895489057615007	0.0	0.0	0.0	0.0	0.0	0.0	0.0	0.10261277355962484	0.8973872264403752	10.261277355962484	89.73872264403752	routine
262.5	0	0.003824053954301151	-0.0	-0.0	1.0	1.0	0.41045109423849935	0.5895489057615007	0.0	0.0	0.0	0.0	0.0	0.0	0.0	0.10261277355962484	0.8973872264403752	10.261277355962484	89.73872264403752	routine
262.75	0	0.0016094806100227985	-0.0	-0.0	1.0	1.0	0.41045109423849935	0.5895489057615007	0.0	0.0	0.0	0.0	0.0	0.0	0.0	0.10261277355962484	0.8973872264403752	10.261277355962484	89.73872264403752	routine
263.0	0	0.0006363617706897427	-0.0	-0.0	1.0	1.0	0.41045109423849935	0.5895489057615007	0.0	0.0	0.0	0.0	0.0	0.0	0.0	0.10261277355962484	0.8973872264403752	10.261277355962484	89.73872264403752	routine
263.25	0	0.0			0.0		0.1688253684680661	0.8311746315319339	0.0	0.0	0.0	0.0	0.0	0.0	0.0	0.04220634211701652	0.9577936578829834	4.220634211701652	95.77936578829835	routine
263.5	0	0.0			0.0		0.1688253684680661	0.8311746315319339	0.0	0.0	0.0	0.0	0.0	0.0	0.0	0.04220634211701652	0.9577936578829834	4.220634211701652	95.77936578829835	routine
263.75	0	0.0			0.0		0.1688253684680661	0.8311746315319339	0.0	0.0	0.0	0.0	0.0	0.0	0.0	0.04220634211701652	0.9577936578829834	4.220634211701652	95.77936578829835	routine
264.0	0	0.0			0.0		0.1688253684680661	0.8311746315319339	0.0	0.0	0.0	0.0	0.0	0.0	0.0	0.04220634211701652	0.9577936578829834	4.220634211701652	95.77936578829835	routine
264.25	0	0.0			0.0		0.1688253684680661	0.8311746315319339	0.0	0.0	0.0	0.0	0.0	0.0	0.0	0.04220634211701652	0.9577936578829834	4.220634211701652	95.77936578829835	routine
264.5	0	0.0			0.0		0.1688253684680661	0.8311746315319339	0.0	0.0	0.0	0.0	0.0	0.0	0.0	0.04220634211701652	0.9577936578829834	4.220634211701652	95.77936578829835	routine
264.75	0	0.0			0.0		0.1688253684680661	0.8311746315319339	0.0	0.0	0.0	0.0	0.0	0.0	0.0	0.04220634211701652	0.9577936578829834	4.220634211701652	95.77936578829835	routine
265.0	0	0.0			0.0		0.1688253684680661	0.8311746315319339	0.0	0.0	0.0	0.0	0.0	0.0	0.0	0.04220634211701652	0.9577936578829834	4.220634211701652	95.77936578829835	routine
265.25	0	0.0			0.0		0.1688253684680661	0.8311746315319339	0.0	0.0	0.0	0.0	0.0	0.0	0.0	0.04220634211701652	0.9577936578829834	4.220634211701652	95.77936578829835	routine
265.5	0	0.0			0.0		0.1688253684680661	0.8311746315319339	0.0	0.0	0.0	0.0	0.0	0.0	0.0	0.04220634211701652	0.9577936578829834	4.220634211701652	95.77936578829835	routine
265.75	0	0.0			0.0		0.1688253684680661	0.8311746315319339	0.0	0.0	0.0	0.0	0.0	0.0	0.0	0.04220634211701652	0.9577936578829834	4.220634211701652	95.77936578829835	routine
266.0	0	0.000586325895465248	-0.0	-0.0	1.0	1.0	0.41045109423849935	0.5895489057615007	0.0	0.0	0.0	0.0	0.0	0.0	0.0	0.10261277355962484	0.8973872264403752	10.261277355962484	89.73872264403752	routine
266.25	0	0.001490842671768039	-0.0	-0.0	1.0	1.0	0.41045109423849935	0.5895489057615007	0.0	0.0	0.0	0.0	0.0	0.0	0.0	0.10261277355962484	0.8973872264403752	10.261277355962484	89.73872264403752	routine
266.5	0	0.003561075235182896	-0.0	-0.0	1.0	1.0	0.41045109423849935	0.5895489057615007	0.0	0.0	0.0	0.0	0.0	0.0	0.0	0.10261277355962484	0.8973872264403752	10.261277355962484	89.73872264403752	routine
266.75	0	0.007990741441188587	-0.0	-0.0	1.0	1.0	0.41045109423849935	0.5895489057615007	0.0	0.0	0.0	0.0	0.0	0.0	0.0	0.10261277355962484	0.8973872264403752	10.261277355962484	89.73872264403752	routine
267.0	0	0.016844169473684598	-0.0	-0.0	1.0	1.0	0.41045109423849935	0.5895489057615007	0.0	0.0	0.0	0.0	0.0	0.0	0.0	0.10261277355962484	0.8973872264403752	10.261277355962484	89.73872264403752	routine
267.25	0	0.033355597241840194	-0.0	-0.0	1.0	1.0	0.41045109423849935	0.5895489057615007	0.0	0.0	0.0	0.0	0.0	0.0	0.0	0.10261277355962484	0.8973872264403752	10.261277355962484	89.73872264403752	routine
267.5	0	0.062050378504147664	-0.0	-0.0	1.0	1.0	0.41045109423849935	0.5895489057615007	0.0	0.0	0.0	0.0	0.0	0.0	0.0	0.10261277355962484	0.8973872264403752	10.261277355962484	89.73872264403752	routine
267.75	0	0.10843681266866009	-0.0	-0.0	1.0	1.0	0.41045109423849935	0.5895489057615007	0.0	0.0	0.0	0.0	0.0	0.0	0.0	0.10261277355962484	0.8973872264403752	10.261277355962484	89.73872264403752	routine
268.0	1	0.17801870901940994	-0.0	-0.0	1.0	1.0	0.41045109423849935	0.5895489057615007	0.0	0.0	0.0	0.0	0.0	0.0	0.0	0.10261277355962484	0.8973872264403752	10.261277355962484	89.73872264403752	routine
268.25	1	0.2745434871733292	-0.0	-0.0	1.0	1.0	0.41045109423849935	0.5895489057615007	0.0	0.0	0.0	0.0	0.0	0.0	0.0	0.10261277355962484	0.8973872264403752	10.261277355962484	89.73872264403752	routine
268.5	1	0.39775279396593044	-0.0	-0.0	1.0	1.0	0.41045109423849935	0.5895489057615007	0.0	0.0	0.0	0.0	0.0	0.0	0.0	0.10261277355962484	0.8973872264403752	10.261277355962484	89.73872264403752	routine
268.75	1	0.5413422543460392	-0.0	-0.0	1.0	1.0	0.41045109423849935	0.5895489057615007	0.0	0.0	0.0	0.0	0.0	0.0	0.0	0.10261277355962484	0.8973872264403752	10.261277355962484	89.73872264403752	routine
269.0	1	0.6921292610657381	-0.0	-0.0	1.0	1.0	0.41045109423849935	0.5895489057615007	0.0	0.0	0.0	0.0	0.0	0.0	0.0	0.10261277355962484	0.8973872264403752	10.261277355962484	89.73872264403752	routine
269.25	1	0.8313025031187677	-0.0	-0.0	1.0	1.0	0.41045109423849935	0.5895489057615007	0.0	0.0	0.0	0.0	0.0	0.0	0.0	0.10261277355962484	0.8973872264403752	10.261277355962484	89.73872264403752	routine
269.5	1	0.9385899945808743	0.00552059993665071	0.007964542151337906	1.005535866529135	0.9944946105719298	0.48459133541759714	0.5154086645824029	0.0	0.0	0.0006229903863260304	0.0006229903863260304	0.0	0.0	0.007434944237918215	0.12300656991387884	0.8769934300861212	12.300656991387884	87.69934300861212	routine
269.75	1	0.9957752551962615	0.011799520816511375	0.017023110166847055	1.011869409777171	0.9882698205297215	0.48637784725323807	0.5136221527467619	0.0	0.0	0.0015778421384725003	0.0015778421384725003	0.0	0.0	0.023234200743494422	0.12740301199918314	0.8725969880008169	12.740301199918314	87.25969880008168	routine
270.0	1	0.9937064208204416	0.024845797646280733	0.0358449090512199	1.0251570267090726	0.975460318708607	0.48816435908887895	0.5118356409111211	0.0	0.0	0.0037540698635852134	0.0037540698635852134	0.0	0.0	0.040892193308550186	0.13226413809935728	0.8677358619006428	13.226413809935728	86.77358619006428	routine
270.25	1	0.9343940221549927	0.05125926148914085	0.07395148235001413	1.0525957554533714	0.9500323318036586	0.49084412684234036	0.5091558731576596	0.0	0.0	0.008390691347291711	0.008390691347291711	0.0	0.0	0.05947955390334572	0.1375809201864215	0.8624190798135785	13.75809201864215	86.24190798135784	routine
270.5	1	0.8313235017981856	0.10264404775396749	0.14808405867141886	1.1080969092849475	0.9024481447613619	0.4970969182670835	0.5029030817329165	0.0	0.0	0.017617721316158023	0.017617721316158023	0.0	0.0	0.07806691449814127	0.1437909581913062	0.8562090418086938	14.379095819130619	85.62090418086939	routine
270.75	1	0.7064556944931772	0.19612215461527965	0.2829444598719225	1.2166755187871394	0.8219118282225851	0.5024564537740063	0.4975435462259937	0.0	0.0	0.03475028100426204	0.03475028100426204	0.0	0.0	0.09758364312267657	0.1500100242241707	0.8499899757758294	15.00100242241707	84.99899757758294	routine
271.0	1	0.585281796700803	0.3465501818602742	0.499966228788986	1.4141804582559427	0.7071233336325857	0.5127288968289415	0.4872711031710585	0.0	0.0	0.06439075252275253	0.06439075252275253	0.0	0.0	0.12267657992565056	0.158851369188648	0.841148630811352	15.8851369188648	84.11486308113521	routine
271.25	1	0.49154925443753483	0.5368761832261695	0.7745486071117892	1.7106547350492918	0.5845714973987346	0.5292541313086199	0.47074586869138013	0.0	0.0	0.11208442684443402	0.11208442684443402	0.0	0.0	0.15055762081784388	0.16995293803161593	0.8300470619683841	16.995293803161594	83.00470619683841	routine
271.5	2	0.44297214108178995	0.6781974391687877	0.9784320822324045	1.9703229024057658	0.5075310238636516	0.5480125055828495	0.45198749441715047	0.0	0.0	0.18328361620299435	0.18328361620299435	0.0	0.0	0.17936802973977695	0.18184513383065662	0.8181548661693434	18.184513383065664	81.81548661693434	routine
271.75	2	0.4485035955401925	0.6601378171148007	0.9523775550547885	1.935059000274436	0.5167801084401958	0.5444394819115677	0.45556051808843234	0.0	0.0	0.28155199527706	0.28155199527706	0.0	0.0	0.20910780669144982	0.18838682215075436	0.8116131778492457	18.838682215075437	81.16131778492456	routine
272.0	1	0.5071320257656404	0.49876472742936717	0.7195653988326836	1.6466859079105391	0.6072803533424832	0.5247878517195177	0.4752121482804823	0.0	0.0	0.406303130733075	0.406303130733075	0.0	0.0	0.23698884758364314	0.1904441748257902	0.8095558251742098	19.04441748257902	80.95558251742098	routine
272.25	1	0.6080108374634574	0.3118906210006817	0.4499630522174627	1.3660052725681215	0.7320615960141771	0.5109423849933006	0.4890576150066994	0.0	0.0	0.5508055694873962	0.5508055694873962	0.0	0.0	0.26765799256505574	0.19465009438958908	0.805349905610411	19.46500943895891	80.5349905610411	routine
272.5	1	0.731949292352206	0.17316727135701845	0.24982756363104397	1.1890649849637327	0.8409969283810849	0.5002233139794551	0.4997766860205449	0.0	0.0	0.7014602603751603	0.7014602603751603	0.0	0.0	0.29275092936802977	0.19824356083687122	0.8017564391631288	19.82435608368712	80.17564391631288	routine
272.75	1	0.8544633413112166	0.08961138789650011	0.129281904925458	1.0937491569452766	0.9142864190111855	0.4948637784725324	0.5051362215274676	0.0	0.0	0.8391979534922047	0.8391979534922047	0.0	0.0	0.3224907063197026	0.20433862119805873	0.7956613788019413	20.433862119805873	79.56613788019413	routine
273.0	1	0.9503335134776595	0.044438224938217266	0.06411080674427432	1.0454403925707902	0.9565346882579789	0.4895042429656096	0.5104957570343904	0.0	0.0	0.9431534440569903	0.9431534440569903	0.0	0.0	0.34944237918215615	0.20973665553694143	0.7902633444630586	20.973665553694143	79.02633444630585	routine
273.25	1	0.9989376043663195	0.021439185900421945	0.030930207179235326	1.021670656467055	0.9787889998309315	0.4872711031710585	0.5127288968289415	0.0	0.0	0.9957650721620311	0.9957650721620311	0.0	0.0	0.36988847583643125	0.21428989475187243	0.7857101052481276	21.428989475187244	78.57101052481276	routine
273.5	1	0.9889326343412058	0.010147725278342318	0.014640072935368039	1.010199388047823	0.9899035891641818	0.4854845913354176	0.5145154086645825	0.0	0.0	0.9876157730549981	0.9876157730549981	0.0	0.0	0.3671003717472119	0.21314624077065736	0.7868537592293426	21.314624077065737	78.68537592293427	routine
273.75	1	0.9206997413518808	0.004735774581937979	0.006832278504129926	1.0047470060853403	0.995275421517467	0.48369807949977667	0.5163019205002233	0.0	0.0	0.9201862529767497	0.9201862529767497	0.0	0.0	0.3447955390334573	0.20712340463330847	0.7928765953666915	20.712340463330847	79.28765953666915	routine
274.0	1	0.80541564103941	-0.0	-0.0	1.0	1.0	0.41045109423849935	0.5895489057615007	0.0	0.0	0.80541564103941	0.80541564103941	0.0	0.0	0.3159851301115242	0.18160905608750588	0.8183909439124941	18.16090560875059	81.83909439124942	routine
274.25	1	0.6622484836414169	-0.0	-0.0	1.0	1.0	0.41045109423849935	0.5895489057615007	0.0	0.0	0.6622484836414169	0.6622484836414169	0.0	0.0	0.28903345724907065	0.1748711378718925	0.8251288621281074	17.48711378718925	82.51288621281074	routine
274.5	1	0.5115386826534509	-0.0	-0.0	1.0	1.0	0.41045109423849935	0.5895489057615007	0.0	0.0	0.5115386826534509	0.5115386826534509	0.0	0.0	0.2620817843866171	0.16813321965627911	0.8318667803437209	16.81332196562791	83.18667803437208	routine
274.75	1	0.37118685141270313	-0.0	-0.0	1.0	1.0	0.41045109423849935	0.5895489057615007	0.0	0.0	0.37118685141270313	0.37118685141270313	0.0	0.0	0.23234200743494424	0.1606982754183609	0.8393017245816391	16.06982754183609	83.93017245816391	routine
275.0	1	0.2530249115348081	-0.0	-0.0	1.0	1.0	0.41045109423849935	0.5895489057615007	0.0	0.0	0.2530249115348081	0.2530249115348081	0.0	0.0	0.20446096654275092	0.15372801519531257	0.8462719848046875	15.372801519531256	84.62719848046875	routine
275.25	1	0.16202818773253772	-0.0	-0.0	1.0	1.0	0.41045109423849935	0.5895489057615007	0.0	0.0	0.16202818773253772	0.16202818773253772	0.0	0.0	0.17472118959107807	0.14629307095739436	0.8537069290426056	14.629307095739435	85.37069290426057	routine
275.5	0	0.09747078464611962	-0.0	-0.0	1.0	1.0	0.41045109423849935	0.5895489057615007	0.0	0.0	0.09747078464611962	0.09747078464611962	0.0	0.0	0.1449814126394052	0.13885812671947614	0.8611418732805238	13.885812671947614	86.11418732805238	routine
275.75	0	0.05595390636650566	0.08025975326749017	0.11579034802197985	1.0835684915792239	0.9228765950388343	0.4944171505136222	0.5055828494863779	0.0	0.0	0.05508266508749833	0.05508266508749833	0.0	0.0	0.11802973977695168	0.15311172257264347	0.8468882774273565	15.311172257264346	84.68882774273565	routine
276.0	0	0.031400737761168016	0.2503606332255043	0.36119404398825566	1.2844885624232416	0.7785199722708764	0.506029477445288	0.49397052255471197	0.0	0.0	0.029242333256962048	0.029242333256962048	0.0	0.0	0.09386617100371747	0.14997391211225136	0.8500260878877486	14.997391211225136	85.00260878877486	routine
276.25	0	0.01960687076205672	0.5690423379549079	0.8209545590234072	1.7665744597877373	0.5660672803568976	0.5337204108977222	0.46627958910227785	0.0	0.0	0.014583631920120733	0.014583631920120733	0.0	0.0	0.07342007434944238	0.15178512131179114	0.8482148786882089	15.178512131179115	84.8214878688209	routine
276.5	0	0.017814694324814962	0.6657650832133952	0.9604959839489934	1.9459787876444998	0.5138802161407139	0.5448861098704779	0.4551138901295221	0.0	0.0	0.006832442126436308	0.006832442126436308	0.0	0.0	0.05390334572490706	0.14969736389884625	0.8503026361011538	14.969736389884625	85.03026361011537	routine
276.75	0	0.025562727786084902	0.36218575240664835	0.5225235888777096	1.436465744149054	0.6961530437277421	0.5149620366234926	0.4850379633765074	0.0	0.0	0.003007065055475659	0.003007065055475659	0.0	0.0	0.0362453531598513	0.13780184744583598	0.862198152554164	13.780184744583599	86.21981525541639	routine
277.0	0	0.044762017735221496	0.1269212509351847	0.18310865930761466	1.1353276082736645	0.8808030322811946	0.497990174184904	0.502009825815096	0.0	0.0	0.0012432723660673439	0.0012432723660673439	0.0	0.0	0.01858736059479554	0.12914438369492487	0.8708556163050751	12.914438369492487	87.08556163050751	routine
277.25	0	0.07987865959216768	0.07601613409233815	0.10966809968256672	1.0789799823795172	0.9268012533417538	0.4935238945958017	0.5064761054041983	0.0	0.000518163049973947	0.0015192140104824366	0.0010010509605084894	0.0	0.018480492813141684	0.022304832713754646	0.1335773050306745	0.8664226949693254	13.35773050306745	86.64226949693254	routine
277.5	0	0.1356316901619045	0.05504254927801468	0.07940961288127817	1.0565855706722576	0.9464448765505526	0.49173738276016077	0.5082626172398392	0.0	0.001328076131089238	0.002656152262178476	0.001328076131089238	0.0	0.04722792607802875	0.032527881040892194	0.14287329746977043	0.8571267025302296	14.287329746977043	85.71267025302296	routine
277.75	1	0.2187031576453078	0.09739927463347642	0.14051745049989864	1.1023004063589397	0.9071937143733323	0.49575703439035285	0.5042429656096472	0.0	0.003881403604795177	0.007762807209590354	0.003881403604795177	0.0	0.08213552361396304	0.056691449814126396	0.1586460019546106	0.8413539980453895	15.86460019546106	84.13539980453895	routine
278.0	1	0.3317479173608854	0.13732874964207842	0.19812350608010854	1.1472052298430284	0.8716836133468722	0.49888343010272446	0.5011165698972755	0.0	0.008953948207485005	0.01790789641497001	0.008953948207485005	0.0	0.11498973305954825	0.07992565055762081	0.17344970342997337	0.8265502965700267	17.34497034299734	82.65502965700267	routine
278.25	1	0.4750864687785441	0.19184146472000085	0.27676872978842026	1.2114784396661433	0.8254377191191102	0.5011165698972756	0.4988834301027244	0.0	0.019438791512396216	0.03887758302479243	0.019438791512396216	0.0	0.162217659137577	0.1050185873605948	0.19208820409886185	0.8079117959011382	19.208820409886187	80.79117959011381	routine
278.5	1	0.6439317311411049	0.2646612775054418	0.3818255125724387	1.3029895491515533	0.7674658639059337	0.5069227333631086	0.49307726663689144	0.0	0.039719511465243364	0.07943902293048673	0.039719511465243364	0.0	0.22381930184804927	0.13475836431226765	0.21637509988085635	0.7836249001191437	21.637509988085636	78.36249001191436	routine
278.75	1	0.8290689997827796	0.3589892270178159	0.5179119775511652	1.4318813758560165	0.6983818749665444	0.5140687807056722	0.4859312192943278	0.0	0.07639581705550752	0.15279163411101504	0.07639581705550752	0.0	0.28336755646817247	0.17100371747211895	0.2421100136614909	0.7578899863385091	24.21100136614909	75.78899863385091	routine
279.0	1	1.0191355622929639	0.4759627173618389	0.6866690519859604	1.609563006084627	0.621286645020855	0.5225547119249665	0.4774452880750335	0.0	0.13833014720990772	0.27666029441981543	0.13833014720990772	0.0	0.33880903490759756	0.20724907063197026	0.2671532043661336	0.7328467956338665	26.71532043661336	73.28467956338665	routine
279.25	2	1.204128167852902	0.6123383740733943	0.883417535621697	1.8447400515060133	0.542081795851734	0.5381866904868244	0.46181330951317556	0.0	0.23582778374055588	0.47165556748111176	0.23582778374055588	0.0	0.4024640657084189	0.25092936802973975	0.29789503105624576	0.7021049689437542	29.789503105624576	70.21049689437542	routine
279.5	2	1.378567145259748	0.758116952868447	1.0937315683171607	2.1342535342359152	0.4685478945958547	0.556945064761054	0.443054935238946	0.0	0.37857445090974773	0.7571489018194955	0.37857445090974773	0.0	0.4702258726899384	0.3066914498141264	0.3334655968162797	0.6665344031837204	33.346559681627966	66.65344031837203	elevated
279.75	3	1.5424616266562063	0.896051475755475	1.292729020453661	2.4499104570735097	0.4081781834567658	0.574363555158553	0.425636444841447	0.0	0.5723088184667409	1.1446176369334817	0.5723088184667409	0.0	0.5503080082135524	0.3940520446096654	0.3796809019954427	0.6203190980045573	37.96809019954427	62.03190980045573	elevated
280.0	3	1.6990208682542907	1.0054259585698968	1.4505230444098225	2.7330712000157327	0.3658887481578393	0.5792764627065654	0.4207235372934346	0.0	0.8148421489991943	1.6296842979983885	0.8148421489991943	0.0	0.6468172484599589	0.43773234200743494	0.4159565132934898	0.5840434867065102	41.59565132934898	58.40434867065102	elevated
280.25	3	1.8497423281936842	1.070025106910054	1.5437199153658177	2.9154526970667485	0.34299990564282007	0.5850826261723984	0.41491737382760163	0.0	1.09274113223105	2.1854822644621	1.09274113223105	0.0	0.8049281314168378	0.5018587360594795	0.4729673734121789	0.5270326265878211	47.29673734121789	52.703262658782116	elevated
280.5	3	1.9892134053300583	1.0855203434253196	1.566074816243793	2.96098014450624	0.33772600665876995	0.586422510049129	0.41357748995087096	0.0	1.3803643056022348	2.7607286112044696	1.3803643056022348	0.0	0.8501026694045175	0.5446096654275093	0.495283711220289	0.504716288779711	49.5283711220289	50.4716288779711	elevated
280.75	3	2.102612177974919	1.0603940012406468	1.5298251669782865	2.8875084470838774	0.34631933319880315	0.5832961143367574	0.41670388566324257	0.0	1.6425893688495465	3.285178737699093	1.6425893688495465	0.0	0.8829568788501027	0.570631970260223	0.5092212408617708	0.4907787591382292	50.92212408617708	49.07787591382292	elevated
281.0	3	2.167895926026902	1.010094391156116	1.4572581689506854	2.7458601877025695	0.3641846021434503	0.5797230906654757	0.42027690933452433	0.0	1.8413790309801046	3.682758061960209	1.8413790309801046	0.0	0.9055441478439425	0.5920074349442379	0.5193186683634141	0.4806813316365859	51.93186683634141	48.06813316365859	elevated
281.25	3	2.162401986456861	0.9497167891142149	1.3701517019040672	2.5849774618808845	0.38685056823372793	0.5757034390352836	0.42429656096471635	0.0	1.944686889511697	3.889373779023394	1.944686889511697	0.0	0.9219712525667351	0.6031598513011153	0.5252086357257835	0.47479136427421653	52.52086357257835	47.47913642742165	elevated
281.5	3	2.071257021633461	0.8897975054214932	1.2837064484669587	2.4346366006592515	0.41073891673575424	0.5734702992407325	0.42652970075926755	0.0	1.9348841369081482	3.8697682738162964	1.9348841369081482	0.0	0.919917864476386	0.6022304832713755	0.5239046617471235	0.47609533825287653	52.390466174712344	47.609533825287656	elevated
281.75	2	1.8939167809522301	0.8357535770503752	1.2057375410157887	2.3065515578506255	0.4335476467440668	0.5690040196516302	0.43099598034836983	0.0	1.8136706496070154	3.627341299214031	1.8136706496070154	0.0	0.9014373716632443	0.5892193308550185	0.5149151805424732	0.4850848194575268	51.49151805424732	48.50848194575268	elevated
282.0	2	1.6464427893407205	0.791704984443415	1.1421888549035888	2.2071563873120916	0.45307165624897794	0.5631978561857972	0.4368021438142028	0.0	1.601593886061531	3.203187772123062	1.601593886061531	0.0	0.8767967145790554	0.5669144981412639	0.5017272672265292	0.49827273277347084	50.17272672265292	49.82727327734708	elevated
282.25	2	1.3566585848645114	0.7564356825794227	1.0913060080087913	2.1306682919047892	0.46933631283638866	0.5560518088432336	0.4439481911567664	0.0	1.3323623071031514	2.664724614206303	1.3323623071031514	0.0	0.839835728952772	0.5353159851301115	0.48280088073152927	0.5171991192684707	48.280088073152925	51.719911926847075	elevated
282.5	2	1.0583969628254697	0.7334871683042253	1.0581983002681943	2.082329394522144	0.4802314190207556	0.5533720410897722	0.4466279589102278	0.0	1.0441120477117627	2.0882240954235254	1.0441120477117627	0.0	0.7967145790554415	0.491635687732342	0.46043057696938894	0.5395694230306111	46.043057696938895	53.956942303061105	elevated
282.75	2	0.7827929890822969	0.7305287278371091	1.0539301728775206	2.0761780506544056	0.4816542587399008	0.552925413130862	0.44707458686913804	0.0	0.7707250586034795	1.541450117206959	0.7707250586034795	0.0	0.6283367556468172	0.4256505576208178	0.40172818159962426	0.5982718184003757	40.172818159962425	59.82718184003757	elevated
283.0	2	0.5528235396235835	0.76429573767941	1.1026456705226568	2.1474814516998384	0.4656617635549077	0.5587315765966949	0.4412684234033051	0.0	0.5358542707435467	1.0717085414870935	0.5358542707435467	0.0	0.5359342915811088	0.387546468401487	0.3705530841448227	0.6294469158551773	37.05530841448227	62.94469158551773	elevated
283.25	1	0.3813218848391043	0.8568410653769498	1.2361603558493417	2.3557074019991804	0.42450093723496646	0.5716837874050915	0.4283162125949085	0.0	0.35087395895928875	0.7017479179185775	0.35087395895928875	0.0	0.459958932238193	0.2936802973977695	0.3313307542602635	0.6686692457397365	33.13307542602635	66.86692457397365	elevated
283.5	1	0.27230736561911845	0.9905053905872696	1.4289972149740398	2.6925949406747085	0.3713889471059545	0.578383206788745	0.421616793211255	0.0	0.2163570487501523	0.4327140975003046	0.2163570487501523	0.0	0.39014373716632444	0.241635687732342	0.30254065792185286	0.6974593420781472	30.254065792185287	69.74593420781471	routine
283.75	0	0.2246305965382062	1.027475426612597	1.4823337026092658	2.7940032571851465	0.3579093894856309	0.5806163465832961	0.4193836534167039	0.0	0.1256207294482323	0.2512414588964646	0.1256207294482323	0.0	0.3264887063655031	0.20260223048327136	0.2774268208580176	0.7225731791419824	27.74268208580176	72.25731791419824	routine
284.0	1	0.23369458398838608	0.8105775644644703	1.1694162325087454	2.249206673450539	0.44460120619591004	0.5649843680214381	0.43501563197856186	0.0	0.06867113226242555	0.1373422645248511	0.06867113226242555	0.0	0.2669404517453799	0.16356877323420074	0.2488733982502547	0.7511266017497453	24.88733982502547	75.11266017497454	routine
284.25	1	0.29420219217416227	0.503760999143609	0.726773495257754	1.654933785295258	0.6042537827708855	0.5252344796784278	0.47476552032157215	0.0	0.035339482588738924	0.07067896517747785	0.035339482588738924	0.0	0.20739219712525667	0.12732342007434944	0.2149875242195085	0.7850124757804915	21.49875242195085	78.50124757804915	routine
284.5	1	0.39963198126555216	0.30773153591777813	0.44396276079372243	1.3603357386254653	0.7351126428615614	0.5104957570343903	0.4895042429656097	0.0	0.017118612980062314	0.03423722596012463	0.017118612980062314	0.0	0.1540041067761807	0.09572490706319703	0.190056192718442	0.809943807281558	19.0056192718442	80.9943807281558	routine
284.75	1	0.5409677373921598	0.23577262536605517	0.34014799739297924	1.2658864469742295	0.7899602704415064	0.5046895935685574	0.49531040643144264	0.0	0.0078045567539941135	0.015609113507988227	0.0078045567539941135	0.0	0.10882956878850103	0.07527881040892194	0.17219949319149508	0.8278005068085049	17.219949319149507	82.7800506808505	routine
285.0	1	0.7057006485679609	0.24062262581273952	0.34714506898572	1.2720409093160339	0.7861382386968135	0.5051362215274676	0.4948637784725324	0.0	0.0033484839239207613	0.0066969678478415225	0.0033484839239207613	0.0	0.07597535934291581	0.05204460966542751	0.15828904763395274	0.8417109523660473	15.828904763395274	84.17109523660473	routine
285.25	1	0.8779941995325719	0.28608182718546027	0.41272883336891697	1.331201379257904	0.7512011447565231	0.5087092451987495	0.4912907548012505	0.0	0.0011372590332237853	0.0022745180664475706	0.0011372590332237853	0.0	0.043121149897330596	0.028810408921933085	0.1451602010045033	0.8548397989954967	14.51602010045033	85.48397989954967	routine
285.5	1	1.0418594484195884	0.36037209222483885	0.5199070303275551	1.433862844527548	0.697416774426215	0.5145154086645825	0.48548459133541755	0.0	0.0004390386430889893	0.0008780772861779786	0.0004390386430889893	0.0	0.014373716632443531	0.013011152416356878	0.13547506942834572	0.8645249305716542	13.547506942834572	86.45249305716543	routine
285.75	2	1.1824969544756596	0.44671459899030885	0.6444729366560206	1.5631681058616897	0.6397264608010629	0.5207682000893256	0.47923179991067444	0.0	0.0	0.0	0.0	0.0	0.0	0.0	0.1301920500223314	0.8698079499776686	13.01920500223314	86.98079499776686	routine
286.0	2	1.2914563282161267	0.5383645020787349	0.7766957973396469	1.7132026303116539	0.583702115737522	0.5297007592675301	0.47029924073246987	0.0	0.0	0.0	0.0	0.0	0.0	0.0	0.13242518981688253	0.8675748101831174	13.242518981688253	86.75748101831175	routine
286.25	2	1.3657203868954855	0.6193800014164196	0.8935764564692676	1.8577758663039294	0.5382780657978476	0.539079946404645	0.46092005359535504	0.0	0.0	0.0	0.0	0.0	0.0	0.0	0.13476998660116124	0.8652300133988388	13.476998660116124	86.52300133988388	routine
286.5	2	1.4072591828165635	0.6750121936858708	0.9738367443701863	1.964056924917009	0.5091502121519491	0.547119249665029	0.452880750334971	0.0	0.0	0.0	0.0	0.0	0.0	0.0	0.13677981241625725	0.8632201875837427	13.677981241625725	86.32201875837427	routine
286.75	2	1.419303239744223	0.6930370689656096	0.9998411425489074	1.999779788935447	0.5000550588284198	0.5502456453774006	0.4497543546225994	0.0	0.0	0.0	0.0	0.0	0.0	0.0	0.13756141134435015	0.8624385886556498	13.756141134435016	86.24385886556499	routine
287.0	2	1.40318203215898	0.6691241947780243	0.9653421575450766	1.9525265386507975	0.5121569311375421	0.5457793657882983	0.45422063421170167	0.0	0.0	0.0	0.0	0.0	0.0	0.0	0.13644484144707458	0.8635551585529254	13.644484144707459	86.35551585529254	routine
287.25	2	1.357160363322457	0.6089792393246827	0.878571328578053	1.838553717278899	0.5439057834437508	0.537293434569004	0.462706565430996	0.0	0.0	0.0	0.0	0.0	0.0	0.0	0.134323358642251	0.865676641357749	13.4323358642251	86.5676641357749	routine
287.5	2	1.2779679339419348	0.5255460268403866	0.7582026466815239	1.691382136329937	0.5912324474289768	0.5279142474318892	0.4720857525681108	0.0	0.0	0.0	0.0	0.0	0.0	0.0	0.1319785618579723	0.8680214381420277	13.19785618579723	86.80214381420276	routine
287.75	2	1.164108799657251	0.4334839334814079	0.6253851211386685	1.5426225668043845	0.6482467075997386	0.5189816882536846	0.4810183117463154	0.0	0.0	0.0	0.0	0.0	0.0	0.0	0.12974542206342116	0.8702545779365789	12.974542206342116	87.02545779365789	routine
288.0	1	1.0189956282660373	0.3446024173748241	0.49715619862500754	1.411428648591883	0.7085019855574376	0.5122822688700313	0.48771773112996875	0.0	0.0	0.0	0.0	0.0	0.0	0.0	0.1280705672175078	0.8719294327824922	12.807056721750781	87.19294327824923	routine
288.25	1	0.8520939651646685	0.2660572488831441	0.3838394735562727	1.3048097554499694	0.7663952509729248	0.5073693613220187	0.4926306386779813	0.0	0.0	0.0	0.0	0.0	0.0	0.0	0.12684234033050468	0.8731576596694953	12.684234033050467	87.31576596694953	routine
288.5	1	0.6774230634268767	0.20078725183981155	0.28967477250301954	1.2223646883196453	0.8180864594302666	0.5033497096918267	0.4966502903081733	0.0	0.0	0.0	0.0	0.0	0.0	0.0	0.12583742742295667	0.8741625725770433	12.583742742295668	87.41625725770433	routine
288.75	1	0.5101694317001007	0.14887282621212378	0.21477808809935547	1.1605253914140465	0.8616786908742653	0.49977668602054487	0.5002233139794552	0.0	0.0	0.0	0.0	0.0	0.0	0.0	0.12494417150513622	0.8750558284948637	12.494417150513621	87.50558284948637	routine
289.0	1	0.36300248809308716	0.10887006626054072	0.15706630469533495	1.1150174625402745	0.8968469406046454	0.4975435462259937	0.5024564537740063	0.0	0.0	0.0	0.0	0.0	0.0	0.0	0.12438588655649843	0.8756141134435016	12.438588655649843	87.56141134435016	routine
289.25	1	0.24358103697119837	0.07875707649591776	0.1136224436955733	1.081941461133107	0.9242644227282957	0.4939705225547119	0.506029477445288	0.0	0.0	0.0	0.0	0.0	0.0	0.0	0.12349263063867798	0.876507369361322	12.349263063867797	87.6507369361322	routine
289.5	1	0.15394438778062317	0.056481911494361346	0.08148617361284445	1.058107475044093	0.9450835794901915	0.49218401071907103	0.507815989280929	0.0	0.0	0.0	0.0	0.0	0.0	0.0	0.12304600267976776	0.8769539973202323	12.304600267976776	87.69539973202323	routine
289.75	0	0.09155788333745547	0.040223297709099264	0.058029952133117915	1.041043210804187	0.9605749210232284	0.4890576150066994	0.5109423849933006	0.0	0.0	0.0	0.0	0.0	0.0	0.0	0.12226440375167485	0.8777355962483251	12.226440375167485	87.77355962483252	routine
290.0	0	0.050986408620332144	-0.0	-0.0	1.0	1.0	0.41045109423849935	0.5895489057615007	0.0	0.0	0.0	0.0	0.0	0.0	0.0	0.10261277355962484	0.8973872264403752	10.261277355962484	89.73872264403752	routine
290.25	0	0.026852823388692014	-0.0	-0.0	1.0	1.0	0.41045109423849935	0.5895489057615007	0.0	0.0	0.0	0.0	0.0	0.0	0.0	0.10261277355962484	0.8973872264403752	10.261277355962484	89.73872264403752	routine
290.5	0	0.013285627868677133	-0.0	-0.0	1.0	1.0	0.41045109423849935	0.5895489057615007	0.0	0.0	0.0	0.0	0.0	0.0	0.0	0.10261277355962484	0.8973872264403752	10.261277355962484	89.73872264403752	routine
290.75	0	0.006174912482687258	-0.0	-0.0	1.0	1.0	0.41045109423849935	0.5895489057615007	0.0	0.0	0.0	0.0	0.0	0.0	0.0	0.10261277355962484	0.8973872264403752	10.261277355962484	89.73872264403752	routine
291.0	0	0.0026961007959426433	-0.0	-0.0	1.0	1.0	0.41045109423849935	0.5895489057615007	0.0	0.0	0.0	0.0	0.0	0.0	0.0	0.10261277355962484	0.8973872264403752	10.261277355962484	89.73872264403752	routine
291.25	0	0.0011058546219522925	-0.0	-0.0	1.0	1.0	0.41045109423849935	0.5895489057615007	0.0	0.0	0.0	0.0	0.0	0.0	0.0	0.10261277355962484	0.8973872264403752	10.261277355962484	89.73872264403752	routine
291.5	0	0.0004261049163906879	-0.0	-0.0	1.0	1.0	0.41045109423849935	0.5895489057615007	0.0	0.0	0.0	0.0	0.0	0.0	0.0	0.10261277355962484	0.8973872264403752	10.261277355962484	89.73872264403752	routine
291.75	0	0.0			0.0		0.1688253684680661	0.8311746315319339	0.0	0.0	0.0	0.0	0.0	0.0	0.0	0.04220634211701652	0.9577936578829834	4.220634211701652	95.77936578829835	routine
292.0	0	0.0			0.0		0.1688253684680661	0.8311746315319339	0.0	0.0	0.0	0.0	0.0	0.0	0.0	0.04220634211701652	0.9577936578829834	4.220634211701652	95.77936578829835	routine
292.25	0	0.0			0.0		0.1688253684680661	0.8311746315319339	0.0	0.0	0.0	0.0	0.0	0.0	0.0	0.04220634211701652	0.9577936578829834	4.220634211701652	95.77936578829835	routine
292.5	0	0.0			0.0		0.1688253684680661	0.8311746315319339	0.0	0.0	0.0	0.0	0.0	0.0	0.0	0.04220634211701652	0.9577936578829834	4.220634211701652	95.77936578829835	routine
292.75	0	0.00041210745579690244	-0.0	-0.0	1.0	1.0	0.41045109423849935	0.5895489057615007	0.0	0.0	0.0	0.0	0.0	0.0	0.0	0.10261277355962484	0.8973872264403752	10.261277355962484	89.73872264403752	routine
293.0	0	0.001071794365909812	-0.0	-0.0	1.0	1.0	0.41045109423849935	0.5895489057615007	0.0	0.0	0.0	0.0	0.0	0.0	0.0	0.10261277355962484	0.8973872264403752	10.261277355962484	89.73872264403752	routine
293.25	0	0.0026185993914171635	-0.0	-0.0	1.0	1.0	0.41045109423849935	0.5895489057615007	0.0	0.0	0.0	0.0	0.0	0.0	0.0	0.10261277355962484	0.8973872264403752	10.261277355962484	89.73872264403752	routine
293.5	0	0.00601012148050134	-0.0	-0.0	1.0	1.0	0.41045109423849935	0.5895489057615007	0.0	0.0	0.0	0.0	0.0	0.0	0.0	0.10261277355962484	0.8973872264403752	10.261277355962484	89.73872264403752	routine
293.75	0	0.012958479109885367	-0.0	-0.0	1.0	1.0	0.41045109423849935	0.5895489057615007	0.0	0.0	0.0	0.0	0.0	0.0	0.0	0.10261277355962484	0.8973872264403752	10.261277355962484	89.73872264403752	routine
294.0	0	0.026247105109316132	-0.0	-0.0	1.0	1.0	0.41045109423849935	0.5895489057615007	0.0	0.0	0.0	0.0	0.0	0.0	0.0	0.10261277355962484	0.8973872264403752	10.261277355962484	89.73872264403752	routine
294.25	0	0.049941937038148566	-0.0	-0.0	1.0	1.0	0.41045109423849935	0.5895489057615007	0.0	0.0	0.0	0.0	0.0	0.0	0.0	0.10261277355962484	0.8973872264403752	10.261277355962484	89.73872264403752	routine
294.5	0	0.08927008536150872	-0.0	-0.0	1.0	1.0	0.41045109423849935	0.5895489057615007	0.0	0.0	0.0	0.0	0.0	0.0	0.0	0.10261277355962484	0.8973872264403752	10.261277355962484	89.73872264403752	routine
294.75	1	0.14990051060528445	-0.0	-0.0	1.0	1.0	0.41045109423849935	0.5895489057615007	0.0	0.0	0.0	0.0	0.0	0.0	0.0	0.10261277355962484	0.8973872264403752	10.261277355962484	89.73872264403752	routine
295.0	1	0.23645955568610194	-0.0	-0.0	1.0	1.0	0.41045109423849935	0.5895489057615007	0.0	0.0	0.0	0.0	0.0	0.0	0.0	0.10261277355962484	0.8973872264403752	10.261277355962484	89.73872264403752	routine
295.25	1	0.3504025202079095	-0.0	-0.0	1.0	1.0	0.41045109423849935	0.5895489057615007	0.0	0.0	0.0	0.0	0.0	0.0	0.0	0.10261277355962484	0.8973872264403752	10.261277355962484	89.73872264403752	routine
295.5	1	0.4877914321753479	-0.0	-0.0	1.0	1.0	0.41045109423849935	0.5895489057615007	0.0	0.0	0.0	0.0	0.0	0.0	0.0	0.10261277355962484	0.8973872264403752	10.261277355962484	89.73872264403752	routine
295.75	1	0.6379075018529339	-0.0	-0.0	1.0	1.0	0.41045109423849935	0.5895489057615007	0.0	0.0	0.0	0.0	0.0	0.0	0.0	0.10261277355962484	0.8973872264403752	10.261277355962484	89.73872264403752	routine
296.0	1	0.7836783445947336	-0.0	-0.0	1.0	1.0	0.41045109423849935	0.5895489057615007	0.0	0.0	0.0	0.0	0.0	0.0	0.0	0.10261277355962484	0.8973872264403752	10.261277355962484	89.73872264403752	routine
296.25	1	0.9044292044610623	-0.0	-0.0	1.0	1.0	0.41045109423849935	0.5895489057615007	0.0	0.0	0.0	0.0	0.0	0.0	0.0	0.10261277355962484	0.8973872264403752	10.261277355962484	89.73872264403752	routine
296.5	1	0.9805458451124458	-0.0	-0.0	1.0	1.0	0.41045109423849935	0.5895489057615007	0.0	0.0	0.0	0.0	0.0	0.0	0.0	0.10261277355962484	0.8973872264403752	10.261277355962484	89.73872264403752	routine
296.75	1	0.9986603905124093	-0.0	-0.0	1.0	1.0	0.41045109423849935	0.5895489057615007	0.0	0.0	0.0	0.0	0.0	0.0	0.0	0.10261277355962484	0.8973872264403752	10.261277355962484	89.73872264403752	routine
297.0	1	0.9554860285290245	-0.0	-0.0	1.0	1.0	0.41045109423849935	0.5895489057615007	0.0	0.0	0.0	0.0	0.0	0.0	0.0	0.10261277355962484	0.8973872264403752	10.261277355962484	89.73872264403752	routine
297.25	1	0.8587909357682465	-0.0	-0.0	1.0	1.0	0.41045109423849935	0.5895489057615007	0.0	0.0	0.0	0.0	0.0	0.0	0.0	0.10261277355962484	0.8973872264403752	10.261277355962484	89.73872264403752	routine
297.5	1	0.7251154484495087	-0.0	-0.0	1.0	1.0	0.41045109423849935	0.5895489057615007	0.0	0.0	0.0	0.0	0.0	0.0	0.0	0.10261277355962484	0.8973872264403752	10.261277355962484	89.73872264403752	routine
297.75	1	0.5751530914838339	-0.0	-0.0	1.0	1.0	0.41045109423849935	0.5895489057615007	0.0	0.0	0.0	0.0	0.0	0.0	0.0	0.10261277355962484	0.8973872264403752	10.261277355962484	89.73872264403752	routine
298.0	1	0.42856465840700875	-0.0	-0.0	1.0	1.0	0.41045109423849935	0.5895489057615007	0.0	0.0	0.0	0.0	0.0	0.0	0.0	0.10261277355962484	0.8973872264403752	10.261277355962484	89.73872264403752	routine
298.25	1	0.2999893552182039	-0.0	-0.0	1.0	1.0	0.41045109423849935	0.5895489057615007	0.0	0.0	0.0	0.0	0.0	0.0	0.0	0.10261277355962484	0.8973872264403752	10.261277355962484	89.73872264403752	routine
298.5	1	0.19726585987201972	-0.0	-0.0	1.0	1.0	0.41045109423849935	0.5895489057615007	0.0	0.0	0.0	0.0	0.0	0.0	0.0	0.10261277355962484	0.8973872264403752	10.261277355962484	89.73872264403752	routine
298.75	0	0.12185815829524123	-0.0	-0.0	1.0	1.0	0.41045109423849935	0.5895489057615007	0.0	0.0	0.0	0.0	0.0	0.0	0.0	0.10261277355962484	0.8973872264403752	10.261277355962484	89.73872264403752	routine
299.0	0	0.07071538093924946	-0.0	-0.0	1.0	1.0	0.41045109423849935	0.5895489057615007	0.0	0.0	0.0	0.0	0.0	0.0	0.0	0.10261277355962484	0.8973872264403752	10.261277355962484	89.73872264403752	routine
299.25	0	0.03855047692098817	-0.0	-0.0	1.0	1.0	0.41045109423849935	0.5895489057615007	0.0	0.0	0.0	0.0	0.0	0.0	0.0	0.10261277355962484	0.8973872264403752	10.261277355962484	89.73872264403752	routine
299.5	0	0.020106875285688955	0.09063644514038162	0.13076074992783315	1.0948708872622654	0.913349703270044	0.4953104064314426	0.5046895935685574	0.0	0.0	0.0	0.0	0.0	0.0	0.0	0.12382760160786065	0.8761723983921393	12.382760160786065	87.61723983921394	routine
299.75	0	0.010453012999069438	0.3056830355639012	0.4410073994919249	1.3575519426604918	0.7366200648206714	0.5096025011165699	0.4903974988834301	0.0	0.0	0.0	0.0	0.0	0.0	0.0	0.12740062527914248	0.8725993747208576	12.740062527914247	87.25993747208575	routine
300.0	0	0.0066440809888168835	0.6498433904976961	0.9375258368254964	1.9152408606075861	0.5221275404926159	0.5417597141581063	0.4582402858418937	0.0	0.0	0.0	0.0	0.0	0.0	0.0	0.13543992853952658	0.8645600714604734	13.543992853952657	86.45600714604734	routine
300.25	0	0.007261654326054929	0.563399430166655	0.8128135639411009	1.7566339161731204	0.5692705752707599	0.5328271549799017	0.46717284502009826	0.0	0.0	0.0	0.0	0.0	0.0	0.0	0.13320678874497544	0.8667932112550245	13.320678874497544	86.67932112550245	routine
300.5	0	0.012545773785015753	0.2212546640468414	0.31920300659393175	1.2476411194468637	0.8015125378709429	0.5042429656096472	0.4957570343903528	0.0	0.0	0.0	0.0	0.0	0.0	0.0	0.1260607414024118	0.8739392585975883	12.60607414024118	87.39392585975882	routine
300.75	0	0.024125518241375817	-0.0	-0.0	1.0	1.0	0.41045109423849935	0.5895489057615007	0.0	0.0	0.0	0.0	0.0	0.0	0.0	0.10261277355962484	0.8973872264403752	10.261277355962484	89.73872264403752	routine
301.0	0	0.04626289211293062	-0.0	-0.0	1.0	1.0	0.41045109423849935	0.5895489057615007	0.0	0.0	0.0	0.0	0.0	0.0	0.0	0.10261277355962484	0.8973872264403752	10.261277355962484	89.73872264403752	routine
301.25	0	0.08333846593386765	-0.0	-0.0	1.0	1.0	0.41045109423849935	0.5895489057615007	0.0	0.0	0.0	0.0	0.0	0.0	0.0	0.10261277355962484	0.8973872264403752	10.261277355962484	89.73872264403752	routine
301.5	1	0.14103107603488607	-0.0	-0.0	1.0	1.0	0.41045109423849935	0.5895489057615007	0.0	0.0	0.0	0.0	0.0	0.0	0.0	0.10261277355962484	0.8973872264403752	10.261277355962484	89.73872264403752	routine
301.75	1	0.22420264509751583	-0.0	-0.0	1.0	1.0	0.41045109423849935	0.5895489057615007	0.0	0.0	0.0	0.0	0.0	0.0	0.0	0.10261277355962484	0.8973872264403752	10.261277355962484	89.73872264403752	routine
302.0	1	0.3348291338530959	-0.0	-0.0	1.0	1.0	0.41045109423849935	0.5895489057615007	0.0	0.0	0.0	0.0	0.0	0.0	0.0	0.10261277355962484	0.8973872264403752	10.261277355962484	89.73872264403752	routine
302.25	1	0.4697451898850726	-0.0	-0.0	1.0	1.0	0.41045109423849935	0.5895489057615007	0.0	0.0	0.0	0.0	0.0	0.0	0.0	0.10261277355962484	0.8973872264403752	10.261277355962484	89.73872264403752	routine
302.5	1	0.6190960581923821	-0.0	-0.0	1.0	1.0	0.41045109423849935	0.5895489057615007	0.0	0.0	0.0	0.0	0.0	0.0	0.0	0.10261277355962484	0.8973872264403752	10.261277355962484	89.73872264403752	routine
302.75	1	0.7664967731930147	-0.0	-0.0	1.0	1.0	0.41045109423849935	0.5895489057615007	0.0	0.0	0.0	0.0	0.0	0.0	0.0	0.10261277355962484	0.8973872264403752	10.261277355962484	89.73872264403752	routine
303.0	1	0.8914956282791184	-0.0	-0.0	1.0	1.0	0.41045109423849935	0.5895489057615007	0.0	0.0	0.0	0.0	0.0	0.0	0.0	0.10261277355962484	0.8973872264403752	10.261277355962484	89.73872264403752	routine
303.25	1	0.9740577354329155	-0.0	-0.0	1.0	1.0	0.41045109423849935	0.5895489057615007	0.0	0.0	0.0	0.0	0.0	0.0	0.0	0.10261277355962484	0.8973872264403752	10.261277355962484	89.73872264403752	routine
303.5	1	0.9997853675664938	-0.0	-0.0	1.0	1.0	0.41045109423849935	0.5895489057615007	0.0	0.0	0.0	0.0	0.0	0.0	0.0	0.10261277355962484	0.8973872264403752	10.261277355962484	89.73872264403752	routine
303.75	1	0.9640186766225689	-0.0	-0.0	1.0	1.0	0.41045109423849935	0.5895489057615007	0.0	0.0	0.0	0.0	0.0	0.0	0.0	0.10261277355962484	0.8973872264403752	10.261277355962484	89.73872264403752	routine
304.0	1	0.8732140488861483	-0.0	-0.0	1.0	1.0	0.41045109423849935	0.5895489057615007	0.0	0.0	0.0	0.0	0.0	0.0	0.0	0.10261277355962484	0.8973872264403752	10.261277355962484	89.73872264403752	routine
304.25	1	0.7430406534630681	-0.0	-0.0	1.0	1.0	0.41045109423849935	0.5895489057615007	0.0	0.0	0.0	0.0	0.0	0.0	0.0	0.10261277355962484	0.8973872264403752	10.261277355962484	89.73872264403752	routine
304.5	1	0.5939652426036206	-0.0	-0.0	1.0	1.0	0.41045109423849935	0.5895489057615007	0.0	0.0	0.0	0.0	0.0	0.0	0.0	0.10261277355962484	0.8973872264403752	10.261277355962484	89.73872264403752	routine
304.75	1	0.4460320669900085	-0.0	-0.0	1.0	1.0	0.41045109423849935	0.5895489057615007	0.0	0.0	0.0	0.0	0.0	0.0	0.0	0.10261277355962484	0.8973872264403752	10.261277355962484	89.73872264403752	routine
305.0	1	0.31464999482215783	-0.0	-0.0	1.0	1.0	0.41045109423849935	0.5895489057615007	0.0	0.0	0.0	0.0	0.0	0.0	0.0	0.10261277355962484	0.8973872264403752	10.261277355962484	89.73872264403752	routine
305.25	1	0.20851916146311913	-0.0	-0.0	1.0	1.0	0.41045109423849935	0.5895489057615007	0.0	0.0	0.0	0.0	0.0	0.0	0.0	0.10261277355962484	0.8973872264403752	10.261277355962484	89.73872264403752	routine
305.5	0	0.1298137827982089	-0.0	-0.0	1.0	1.0	0.41045109423849935	0.5895489057615007	0.0	0.0	0.0	0.0	0.0	0.0	0.0	0.10261277355962484	0.8973872264403752	10.261277355962484	89.73872264403752	routine
305.75	0	0.07591930717379389	-0.0	-0.0	1.0	1.0	0.41045109423849935	0.5895489057615007	0.0	0.0	0.0	0.0	0.0	0.0	0.0	0.10261277355962484	0.8973872264403752	10.261277355962484	89.73872264403752	routine
306.0	0	0.041710006895152564	-0.0	-0.0	1.0	1.0	0.41045109423849935	0.5895489057615007	0.0	0.0	0.0	0.0	0.0	0.0	0.0	0.10261277355962484	0.8973872264403752	10.261277355962484	89.73872264403752	routine
306.25	0	0.021527067967501284	-0.0	-0.0	1.0	1.0	0.41045109423849935	0.5895489057615007	0.0	0.0	0.0	0.0	0.0	0.0	0.0	0.10261277355962484	0.8973872264403752	10.261277355962484	89.73872264403752	routine
306.5	0	0.01043725026852983	-0.0	-0.0	1.0	1.0	0.41045109423849935	0.5895489057615007	0.0	0.0	0.0	0.0	0.0	0.0	0.0	0.10261277355962484	0.8973872264403752	10.261277355962484	89.73872264403752	routine
306.75	0	0.004753832850326634	-0.0	-0.0	1.0	1.0	0.41045109423849935	0.5895489057615007	0.0	0.0	0.0	0.0	0.0	0.0	0.0	0.10261277355962484	0.8973872264403752	10.261277355962484	89.73872264403752	routine
307.0	0	0.00203403448858836	-0.0	-0.0	1.0	1.0	0.41045109423849935	0.5895489057615007	0.0	0.0	0.0	0.0	0.0	0.0	0.0	0.10261277355962484	0.8973872264403752	10.261277355962484	89.73872264403752	routine
307.25	0	0.000817578217838109	-0.0	-0.0	1.0	1.0	0.41045109423849935	0.5895489057615007	0.0	0.0	0.0	0.0	0.0	0.0	0.0	0.10261277355962484	0.8973872264403752	10.261277355962484	89.73872264403752	routine
307.5	0	0.0			0.0		0.1688253684680661	0.8311746315319339	0.0	0.0	0.0	0.0	0.0	0.0	0.0	0.04220634211701652	0.9577936578829834	4.220634211701652	95.77936578829835	routine
307.75	0	0.0			0.0		0.1688253684680661	0.8311746315319339	0.0	0.0	0.0	0.0	0.0	0.0	0.0	0.04220634211701652	0.9577936578829834	4.220634211701652	95.77936578829835	routine
308.0	0	0.0			0.0		0.1688253684680661	0.8311746315319339	0.0	0.0	0.0	0.0	0.0	0.0	0.0	0.04220634211701652	0.9577936578829834	4.220634211701652	95.77936578829835	routine
308.25	0	0.0			0.0		0.1688253684680661	0.8311746315319339	0.0	0.0	0.0	0.0	0.0	0.0	0.0	0.04220634211701652	0.9577936578829834	4.220634211701652	95.77936578829835	routine
308.5	0	0.0			0.0		0.1688253684680661	0.8311746315319339	0.0	0.0	0.0	0.0	0.0	0.0	0.0	0.04220634211701652	0.9577936578829834	4.220634211701652	95.77936578829835	routine
308.75	0	0.0			0.0		0.1688253684680661	0.8311746315319339	0.0	0.0	0.0	0.0	0.0	0.0	0.0	0.04220634211701652	0.9577936578829834	4.220634211701652	95.77936578829835	routine
309.0	0	0.0			0.0		0.1688253684680661	0.8311746315319339	0.0	0.0	0.0	0.0	0.0	0.0	0.0	0.04220634211701652	0.9577936578829834	4.220634211701652	95.77936578829835	routine
309.25	0	0.0007806272642239534	-0.0	-0.0	1.0	1.0	0.41045109423849935	0.5895489057615007	0.0	0.0	0.0	0.0	0.0	0.0	0.0	0.10261277355962484	0.8973872264403752	10.261277355962484	89.73872264403752	routine
309.5	0	0.0019480595945195961	-0.0	-0.0	1.0	1.0	0.41045109423849935	0.5895489057615007	0.0	0.0	0.0	0.0	0.0	0.0	0.0	0.10261277355962484	0.8973872264403752	10.261277355962484	89.73872264403752	routine
309.75	0	0.004566856407646992	-0.0	-0.0	1.0	1.0	0.41045109423849935	0.5895489057615007	0.0	0.0	0.0	0.0	0.0	0.0	0.0	0.10261277355962484	0.8973872264403752	10.261277355962484	89.73872264403752	routine
310.0	0	0.010057477497191785	-0.0	-0.0	1.0	1.0	0.41045109423849935	0.5895489057615007	0.0	0.0	0.0	0.0	0.0	0.0	0.0	0.10261277355962484	0.8973872264403752	10.261277355962484	89.73872264403752	routine
310.25	0	0.020807378979490008	-0.0	-0.0	1.0	1.0	0.41045109423849935	0.5895489057615007	0.0	0.0	0.0	0.0	0.0	0.0	0.0	0.10261277355962484	0.8973872264403752	10.261277355962484	89.73872264403752	routine
310.5	0	0.04043917435600394	-0.0	-0.0	1.0	1.0	0.41045109423849935	0.5895489057615007	0.0	0.0	0.0	0.0	0.0	0.0	0.0	0.10261277355962484	0.8973872264403752	10.261277355962484	89.73872264403752	routine
310.75	0	0.07383185458531603	-0.0	-0.0	1.0	1.0	0.41045109423849935	0.5895489057615007	0.0	0.0	0.0	0.0	0.0	0.0	0.0	0.10261277355962484	0.8973872264403752	10.261277355962484	89.73872264403752	routine
311.0	0	0.12663153463385726	-0.0	-0.0	1.0	1.0	0.41045109423849935	0.5895489057615007	0.0	0.0	0.0	0.0	0.0	0.0	0.0	0.10261277355962484	0.8973872264403752	10.261277355962484	89.73872264403752	routine
311.25	1	0.20403118757497227	-0.0	-0.0	1.0	1.0	0.41045109423849935	0.5895489057615007	0.0	0.0	0.0	0.0	0.0	0.0	0.0	0.10261277355962484	0.8973872264403752	10.261277355962484	89.73872264403752	routine
311.5	1	0.3088217215333105	-0.0	-0.0	1.0	1.0	0.41045109423849935	0.5895489057615007	0.0	0.0	0.0	0.0	0.0	0.0	0.0	0.10261277355962484	0.8973872264403752	10.261277355962484	89.73872264403752	routine
311.75	1	0.43911241566788856	-0.0	-0.0	1.0	1.0	0.41045109423849935	0.5895489057615007	0.0	0.0	0.0	0.0	0.0	0.0	0.0	0.10261277355962484	0.8973872264403752	10.261277355962484	89.73872264403752	routine
312.0	1	0.5865434491411773	-0.0	-0.0	1.0	1.0	0.41045109423849935	0.5895489057615007	0.0	0.0	0.0	0.0	0.0	0.0	0.0	0.10261277355962484	0.8973872264403752	10.261277355962484	89.73872264403752	routine
312.25	1	0.736005831869153	-0.0	-0.0	1.0	1.0	0.41045109423849935	0.5895489057615007	0.0	0.0	0.0	0.0	0.0	0.0	0.0	0.10261277355962484	0.8973872264403752	10.261277355962484	89.73872264403752	routine
312.5	1	0.8675987493390519	-0.0	-0.0	1.0	1.0	0.41045109423849935	0.5895489057615007	0.0	0.0	0.0	0.0	0.0	0.0	0.0	0.10261277355962484	0.8973872264403752	10.261277355962484	89.73872264403752	routine
312.75	1	0.9607561516921643	-0.0	-0.0	1.0	1.0	0.41045109423849935	0.5895489057615007	0.0	0.0	0.0	0.0	0.0	0.0	0.0	0.10261277355962484	0.8973872264403752	10.261277355962484	89.73872264403752	routine
313.0	1	0.9994567960423696	-0.0	-0.0	1.0	1.0	0.41045109423849935	0.5895489057615007	0.0	0.0	0.0	0.0	0.0	0.0	0.0	0.10261277355962484	0.8973872264403752	10.261277355962484	89.73872264403752	routine
313.25	1	0.9767231285135975	-0.0	-0.0	1.0	1.0	0.41045109423849935	0.5895489057615007	0.0	0.0	0.0	0.0	0.0	0.0	0.0	0.10261277355962484	0.8973872264403752	10.261277355962484	89.73872264403752	routine
313.5	1	0.8966759324285427	-0.0	-0.0	1.0	1.0	0.41045109423849935	0.5895489057615007	0.0	0.0	0.0	0.0	0.0	0.0	0.0	0.10261277355962484	0.8973872264403752	10.261277355962484	89.73872264403752	routine
313.75	1	0.7733144924148739	-0.0	-0.0	1.0	1.0	0.41045109423849935	0.5895489057615007	0.0	0.0	0.0	0.0	0.0	0.0	0.0	0.10261277355962484	0.8973872264403752	10.261277355962484	89.73872264403752	routine
314.0	1	0.6265177509409485	-0.0	-0.0	1.0	1.0	0.41045109423849935	0.5895489057615007	0.0	0.0	0.0	0.0	0.0	0.0	0.0	0.10261277355962484	0.8973872264403752	10.261277355962484	89.73872264403752	routine
314.25	1	0.4768339907051847	-0.0	-0.0	1.0	1.0	0.41045109423849935	0.5895489057615007	0.0	0.0	0.0	0.0	0.0	0.0	0.0	0.10261277355962484	0.8973872264403752	10.261277355962484	89.73872264403752	routine
314.5	1	0.34092404053543135	-0.0	-0.0	1.0	1.0	0.41045109423849935	0.5895489057615007	0.0	0.0	0.0	0.0	0.0	0.0	0.0	0.10261277355962484	0.8973872264403752	10.261277355962484	89.73872264403752	routine
314.75	1	0.228983739032861	-0.0	-0.0	1.0	1.0	0.41045109423849935	0.5895489057615007	0.0	0.0	0.0	0.0	0.0	0.0	0.0	0.10261277355962484	0.8973872264403752	10.261277355962484	89.73872264403752	routine
315.0	1	0.14448017305466773	-0.0	-0.0	1.0	1.0	0.41045109423849935	0.5895489057615007	0.0	0.0	0.0	0.0	0.0	0.0	0.0	0.10261277355962484	0.8973872264403752	10.261277355962484	89.73872264403752	routine
315.25	0	0.08563838302273982	-0.0	-0.0	1.0	1.0	0.41045109423849935	0.5895489057615007	0.0	0.0	0.0	0.0	0.0	0.0	0.0	0.10261277355962484	0.8973872264403752	10.261277355962484	89.73872264403752	routine
315.5	0	0.04768538121520542	-0.0	-0.0	1.0	1.0	0.41045109423849935	0.5895489057615007	0.0	0.0	0.0	0.0	0.0	0.0	0.0	0.10261277355962484	0.8973872264403752	10.261277355962484	89.73872264403752	routine
315.75	0	0.024943572466784532	-0.0	-0.0	1.0	1.0	0.41045109423849935	0.5895489057615007	0.0	0.0	0.0	0.0	0.0	0.0	0.0	0.10261277355962484	0.8973872264403752	10.261277355962484	89.73872264403752	routine
316.0	0	0.012257125819840722	-0.0	-0.0	1.0	1.0	0.41045109423849935	0.5895489057615007	0.0	0.0	0.0	0.0	0.0	0.0	0.0	0.10261277355962484	0.8973872264403752	10.261277355962484	89.73872264403752	routine
316.25	0	0.005658160064648816	-0.0	-0.0	1.0	1.0	0.41045109423849935	0.5895489057615007	0.0	0.0	0.0	0.0	0.0	0.0	0.0	0.10261277355962484	0.8973872264403752	10.261277355962484	89.73872264403752	routine
316.5	0	0.0024536827456988954	-0.0	-0.0	1.0	1.0	0.41045109423849935	0.5895489057615007	0.0	0.0	0.0	0.0	0.0	0.0	0.0	0.10261277355962484	0.8973872264403752	10.261277355962484	89.73872264403752	routine
316.75	0	0.0009995814400716515	-0.0	-0.0	1.0	1.0	0.41045109423849935	0.5895489057615007	0.0	0.0	0.0	0.0	0.0	0.0	0.0	0.10261277355962484	0.8973872264403752	10.261277355962484	89.73872264403752	routine
317.0	0	0.0003825379738714516	-0.0	-0.0	1.0	1.0	0.41045109423849935	0.5895489057615007	0.0	0.0	0.0	0.0	0.0	0.0	0.0	0.10261277355962484	0.8973872264403752	10.261277355962484	89.73872264403752	routine
317.25	0	0.0			0.0		0.1688253684680661	0.8311746315319339	0.0	0.0	0.0	0.0	0.0	0.0	0.0	0.04220634211701652	0.9577936578829834	4.220634211701652	95.77936578829835	routine
317.5	0	0.0			0.0		0.1688253684680661	0.8311746315319339	0.0	0.0	0.0	0.0	0.0	0.0	0.0	0.04220634211701652	0.9577936578829834	4.220634211701652	95.77936578829835	routine
317.75	0	0.00080602971675147	-0.0	-0.0	1.0	1.0	0.41045109423849935	0.5895489057615007	0.0	0.0	0.00080602971675147	0.00080602971675147	0.0	0.0	0.010223048327137546	0.10516853564140922	0.8948314643585907	10.516853564140922	89.48314643585907	routine
318.0	0	0.0020071945528569073	-0.0	-0.0	1.0	1.0	0.41045109423849935	0.5895489057615007	0.0	0.0	0.0020071945528569073	0.0020071945528569073	0.0	0.0	0.026022304832713755	0.10911834976780327	0.8908816502321968	10.911834976780327	89.08816502321967	routine
318.25	0	0.0046955284970900965	-0.0	-0.0	1.0	1.0	0.41045109423849935	0.5895489057615007	0.0	0.0	0.0046955284970900965	0.0046955284970900965	0.0	0.0	0.04460966542750929	0.11376518991650215	0.8862348100834978	11.376518991650215	88.62348100834978	routine
318.5	0	0.01031896374046979	-0.0	-0.0	1.0	1.0	0.41045109423849935	0.5895489057615007	0.0	0.0	0.01031896374046979	0.01031896374046979	0.0	0.0	0.06319702602230483	0.11841203006520104	0.8815879699347989	11.841203006520104	88.1587969934799	routine
318.75	0	0.021303172648721787	-0.0	-0.0	1.0	1.0	0.41045109423849935	0.5895489057615007	0.0	0.0	0.021303172648721787	0.021303172648721787	0.0	0.0	0.0845724907063197	0.12375589623620475	0.8762441037637952	12.375589623620476	87.62441037637953	routine
319.0	0	0.04131512609834046	-0.0	-0.0	1.0	1.0	0.41045109423849935	0.5895489057615007	0.0	0.0	0.04131512609834046	0.04131512609834046	0.0	0.0	0.10687732342007435	0.12933210441464343	0.8706678955853566	12.933210441464343	87.06678955853566	routine
319.25	0	0.07527148307621481	-0.0	-0.0	1.0	1.0	0.41045109423849935	0.5895489057615007	0.0	0.0	0.07527148307621481	0.07527148307621481	0.0	0.0	0.13104089219330856	0.135372996607952	0.864627003392048	13.537299660795199	86.4627003392048	routine
319.5	0	0.12882746419541743	-0.0	-0.0	1.0	1.0	0.41045109423849935	0.5895489057615007	0.0	0.0	0.12882746419541743	0.12882746419541743	0.0	0.0	0.15892193308550187	0.1423432568310003	0.8576567431689996	14.23432568310003	85.76567431689996	routine
319.75	1	0.20713001590844185	-0.0	-0.0	1.0	1.0	0.41045109423849935	0.5895489057615007	0.0	0.0	0.20713001590844185	0.20713001590844185	0.0	0.0	0.18680297397769516	0.14931351705404863	0.8506864829459514	14.931351705404863	85.06864829459514	routine
320.0	1	0.31284859838139306	-0.0	-0.0	1.0	1.0	0.41045109423849935	0.5895489057615007	0.0	0.0	0.31284859838139306	0.31284859838139306	0.0	0.0	0.2174721189591078	0.15698080329940178	0.8430191967005982	15.69808032994018	84.30191967005982	routine
320.25	1	0.4438967686122327	-0.0	-0.0	1.0	1.0	0.41045109423849935	0.5895489057615007	0.0	0.0	0.4438967686122327	0.4438967686122327	0.0	0.0	0.24628252788104088	0.16418340552988506	0.8358165944701149	16.418340552988507	83.58165944701149	routine
320.5	1	0.591679262812044	-0.0	-0.0	1.0	1.0	0.41045109423849935	0.5895489057615007	0.0	0.0	0.591679262812044	0.591679262812044	0.0	0.0	0.27695167286245354	0.1718506917752382	0.8281493082247617	17.185069177523822	82.81493082247617	routine
320.75	1	0.7408790393856743	-0.0	-0.0	1.0	1.0	0.41045109423849935	0.5895489057615007	0.0	0.0	0.7408790393856743	0.7408790393856743	0.0	0.0	0.30390334572490707	0.1785886099908516	0.8214113900091484	17.85886099908516	82.14113900091485	routine
321.0	1	0.8714949255461216	-0.0	-0.0	1.0	1.0	0.41045109423849935	0.5895489057615007	0.0	0.0	0.8714949255461216	0.8714949255461216	0.0	0.0	0.3308550185873606	0.185326528206465	0.814673471793535	18.5326528206465	81.4673471793535	routine
321.25	1	0.9630282167751164	-0.0	-0.0	1.0	1.0	0.41045109423849935	0.5895489057615007	0.0	0.0	0.9630282167751164	0.9630282167751164	0.0	0.0	0.35780669144981414	0.19206444642207837	0.8079355535779216	19.20644464220784	80.79355535779216	routine
321.5	1	0.9997001482609917	-0.0	-0.0	1.0	1.0	0.41045109423849935	0.5895489057615007	0.0	0.0	0.9997001482609917	0.9997001482609917	0.0	0.0	0.37732342007434944	0.19694362857821218	0.8030563714217878	19.69436285782122	80.30563714217878	routine
321.75	1	0.9748933225860809	-0.0	-0.0	1.0	1.0	0.41045109423849935	0.5895489057615007	0.0	0.0	0.9748933225860809	0.9748933225860809	0.0	0.0	0.36059479553903345	0.1927614724443832	0.8072385275556169	19.27614724443832	80.7238527555617	routine
322.0	1	0.8931019340912176	-0.0	-0.0	1.0	1.0	0.41045109423849935	0.5895489057615007	0.0	0.0	0.8931019340912176	0.8931019340912176	0.0	0.0	0.3345724907063197	0.18625589623620475	0.8137441037637952	18.625589623620474	81.37441037637953	routine
322.25	1	0.7686020860991972	-0.0	-0.0	1.0	1.0	0.41045109423849935	0.5895489057615007	0.0	0.0	0.7686020860991972	0.7686020860991972	0.0	0.0	0.30855018587360594	0.17975032002802632	0.8202496799719736	17.97503200280263	82.02496799719736	routine
322.5	1	0.6213820202522561	-0.0	-0.0	1.0	1.0	0.41045109423849935	0.5895489057615007	0.0	0.0	0.6213820202522561	0.6213820202522561	0.0	0.0	0.2815985130111524	0.17301240181241295	0.826987598187587	17.301240181241294	82.6987598187587	routine
322.75	1	0.47192436650191383	-0.0	-0.0	1.0	1.0	0.41045109423849935	0.5895489057615007	0.0	0.0	0.47192436650191383	0.47192436650191383	0.0	0.0	0.25185873605947956	0.1655774575744947	0.8344225424255053	16.55774575744947	83.44225424255053	routine
323.0	1	0.3366996889289431	-0.0	-0.0	1.0	1.0	0.41045109423849935	0.5895489057615007	0.0	0.0	0.3366996889289431	0.3366996889289431	0.0	0.0	0.22211895910780668	0.1581425133365765	0.8418574866634235	15.81425133365765	84.18574866634235	routine
323.25	1	0.2256678148709482	-0.0	-0.0	1.0	1.0	0.41045109423849935	0.5895489057615007	0.0	0.0	0.2256678148709482	0.2256678148709482	0.0	0.0	0.19330855018587362	0.15093991110609323	0.8490600888939068	15.093991110609323	84.90600888939068	routine
323.5	1	0.14208660162248413	-0.0	-0.0	1.0	1.0	0.41045109423849935	0.5895489057615007	0.0	0.0	0.14208660162248413	0.14208660162248413	0.0	0.0	0.16635687732342008	0.14420199289047986	0.8557980071095201	14.420199289047986	85.57980071095201	routine
323.75	0	0.08404138972305471	-0.0	-0.0	1.0	1.0	0.41045109423849935	0.5895489057615007	0.0	0.0	0.08404138972305471	0.08404138972305471	0.0	0.0	0.1366171003717472	0.13676704865256165	0.8632329513474384	13.676704865256164	86.32329513474384	routine
324.0	0	0.046697100842559104	-0.0	-0.0	1.0	1.0	0.41045109423849935	0.5895489057615007	0.0	0.0	0.046697100842559104	0.046697100842559104	0.0	0.0	0.10966542750929369	0.13002913043694825	0.8699708695630517	13.002913043694825	86.99708695630517	routine
324.25	0	0.024374920425645163	-0.0	-0.0	1.0	1.0	0.41045109423849935	0.5895489057615007	0.0	0.0	0.024374920425645163	0.024374920425645163	0.0	0.0	0.08736059479553904	0.1244529222585096	0.8755470777414904	12.44529222585096	87.55470777414904	routine
324.5	0	0.01195234414964999	-0.0	-0.0	1.0	1.0	0.41045109423849935	0.5895489057615007	0.0	0.0	0.01195234414964999	0.01195234414964999	0.0	0.0	0.06505576208178439	0.11887671408007093	0.8811232859199291	11.887671408007092	88.1123285919929	routine
324.75	0	0.005505789044796704	-0.0	-0.0	1.0	1.0	0.41045109423849935	0.5895489057615007	0.0	0.0	0.005505789044796704	0.005505789044796704	0.0	0.0	0.047397769516728624	0.114462215938807	0.885537784061193	11.446221593880699	88.55377840611929	routine
325.0	0	0.002382553382288978	-0.0	-0.0	1.0	1.0	0.41045109423849935	0.5895489057615007	0.0	0.0	0.002382553382288978	0.002382553382288978	0.0	0.0	0.02973977695167286	0.11004771779754305	0.8899522822024569	11.004771779754305	88.99522822024569	routine
325.25	0	0.0009685505845542319	-0.0	-0.0	1.0	1.0	0.41045109423849935	0.5895489057615007	0.0	0.0	0.0009685505845542319	0.0009685505845542319	0.0	0.0	0.013940520446096654	0.106097903671149	0.893902096328851	10.6097903671149	89.3902096328851	routine
325.5	0	0.00036987805908471935	-0.0	-0.0	1.0	1.0	0.41045109423849935	0.5895489057615007	0.0	0.0	0.00036987805908471935	0.00036987805908471935	0.0	0.0	0.0009293680297397769	0.10284511556705977	0.8971548844329402	10.284511556705977	89.71548844329402	routine
325.75	0	0.0			0.0		0.1688253684680661	0.8311746315319339	0.0	0.0	0.0	0.0	0.0	0.0	0.0	0.04220634211701652	0.9577936578829834	4.220634211701652	95.77936578829835	routine
326.0	0	0.0			0.0		0.1688253684680661	0.8311746315319339	0.0	0.0	0.0	0.0	0.0	0.0	0.0	0.04220634211701652	0.9577936578829834	4.220634211701652	95.77936578829835	routine
326.25	0	0.0			0.0		0.1688253684680661	0.8311746315319339	0.0	0.0	0.0	0.0	0.0	0.0	0.0	0.04220634211701652	0.9577936578829834	4.220634211701652	95.77936578829835	routine
326.5	0	0.0			0.0		0.1688253684680661	0.8311746315319339	0.0	0.0	0.0	0.0	0.0	0.0	0.0	0.04220634211701652	0.9577936578829834	4.220634211701652	95.77936578829835	routine
326.75	0	0.0			0.0		0.1688253684680661	0.8311746315319339	0.0	0.0	0.0	0.0	0.0	0.0	0.0	0.04220634211701652	0.9577936578829834	4.220634211701652	95.77936578829835	routine
327.0	0	0.0			0.0		0.1688253684680661	0.8311746315319339	0.0	0.0	0.0	0.0	0.0	0.0	0.0	0.04220634211701652	0.9577936578829834	4.220634211701652	95.77936578829835	routine
327.25	0	0.0			0.0		0.1688253684680661	0.8311746315319339	0.0	0.0	0.0	0.0	0.0	0.0	0.0	0.04220634211701652	0.9577936578829834	4.220634211701652	95.77936578829835	routine
327.5	0	0.0			0.0		0.1688253684680661	0.8311746315319339	0.0	0.0	0.0	0.0	0.0	0.0	0.0	0.04220634211701652	0.9577936578829834	4.220634211701652	95.77936578829835	routine
327.75	0	0.0			0.0		0.1688253684680661	0.8311746315319339	0.0	0.0	0.0	0.0	0.0	0.0	0.0	0.04220634211701652	0.9577936578829834	4.220634211701652	95.77936578829835	routine
328.0	0	0.0			0.0		0.1688253684680661	0.8311746315319339	0.0	0.0	0.0	0.0	0.0	0.0	0.0	0.04220634211701652	0.9577936578829834	4.220634211701652	95.77936578829835	routine
328.25	0	0.0			0.0		0.1688253684680661	0.8311746315319339	0.0	0.0	0.0	0.0	0.0	0.0	0.0	0.04220634211701652	0.9577936578829834	4.220634211701652	95.77936578829835	routine
328.5	0	0.0			0.0		0.1688253684680661	0.8311746315319339	0.0	0.0	0.0	0.0	0.0	0.0	0.0	0.04220634211701652	0.9577936578829834	4.220634211701652	95.77936578829835	routine
328.75	0	0.0			0.0		0.1688253684680661	0.8311746315319339	0.0	0.0	0.0	0.0	0.0	0.0	0.0	0.04220634211701652	0.9577936578829834	4.220634211701652	95.77936578829835	routine
329.0	0	0.0			0.0		0.1688253684680661	0.8311746315319339	0.0	0.0	0.0	0.0	0.0	0.0	0.0	0.04220634211701652	0.9577936578829834	4.220634211701652	95.77936578829835	routine
329.25	0	0.0			0.0		0.1688253684680661	0.8311746315319339	0.0	0.0	0.0	0.0	0.0	0.0	0.0	0.04220634211701652	0.9577936578829834	4.220634211701652	95.77936578829835	routine
329.5	0	0.0			0.0		0.1688253684680661	0.8311746315319339	0.0	0.0	0.0	0.0	0.0	0.0	0.0	0.04220634211701652	0.9577936578829834	4.220634211701652	95.77936578829835	routine
329.75	0	0.0			0.0		0.1688253684680661	0.8311746315319339	0.0	0.0	0.0	0.0	0.0	0.0	0.0	0.04220634211701652	0.9577936578829834	4.220634211701652	95.77936578829835	routine
330.0	0	0.0			0.0		0.1688253684680661	0.8311746315319339	0.0	0.0	0.0	0.0	0.0	0.0	0.0	0.04220634211701652	0.9577936578829834	4.220634211701652	95.77936578829835	routine
330.25	0	0.0			0.0		0.1688253684680661	0.8311746315319339	0.0	0.0	0.0	0.0	0.0	0.0	0.0	0.04220634211701652	0.9577936578829834	4.220634211701652	95.77936578829835	routine
330.5	0	0.0			0.0		0.1688253684680661	0.8311746315319339	0.0	0.0	0.0	0.0	0.0	0.0	0.0	0.04220634211701652	0.9577936578829834	4.220634211701652	95.77936578829835	routine
330.75	0	0.0			0.0		0.1688253684680661	0.8311746315319339	0.0	0.0	0.0	0.0	0.0	0.0	0.0	0.04220634211701652	0.9577936578829834	4.220634211701652	95.77936578829835	routine
331.0	0	0.0			0.0		0.1688253684680661	0.8311746315319339	0.0	0.0	0.0	0.0	0.0	0.0	0.0	0.04220634211701652	0.9577936578829834	4.220634211701652	95.77936578829835	routine
331.25	0	0.0			0.0		0.1688253684680661	0.8311746315319339	0.0	0.0	0.0	0.0	0.0	0.0	0.0	0.04220634211701652	0.9577936578829834	4.220634211701652	95.77936578829835	routine
331.5	0	0.0			0.0		0.1688253684680661	0.8311746315319339	0.0	0.0	0.0	0.0	0.0	0.0	0.0	0.04220634211701652	0.9577936578829834	4.220634211701652	95.77936578829835	routine
331.75	0	0.0			0.0		0.1688253684680661	0.8311746315319339	0.0	0.0	0.0	0.0	0.0	0.0	0.0	0.04220634211701652	0.9577936578829834	4.220634211701652	95.77936578829835	routine
332.0	0	0.0			0.0		0.1688253684680661	0.8311746315319339	0.0	0.0	0.0	0.0	0.0	0.0	0.0	0.04220634211701652	0.9577936578829834	4.220634211701652	95.77936578829835	routine
332.25	0	0.0			0.0		0.1688253684680661	0.8311746315319339	0.0	0.0	0.0	0.0	0.0	0.0	0.0	0.04220634211701652	0.9577936578829834	4.220634211701652	95.77936578829835	routine
332.5	0	0.0			0.0		0.1688253684680661	0.8311746315319339	0.0	0.0	0.0	0.0	0.0	0.0	0.0	0.04220634211701652	0.9577936578829834	4.220634211701652	95.77936578829835	routine
332.75	0	0.0			0.0		0.1688253684680661	0.8311746315319339	0.0	0.0	0.0	0.0	0.0	0.0	0.0	0.04220634211701652	0.9577936578829834	4.220634211701652	95.77936578829835	routine
333.0	0	0.0			0.0		0.1688253684680661	0.8311746315319339	0.0	0.0	0.0	0.0	0.0	0.0	0.0	0.04220634211701652	0.9577936578829834	4.220634211701652	95.77936578829835	routine
333.25	0	0.0			0.0		0.1688253684680661	0.8311746315319339	0.0	0.0	0.0	0.0	0.0	0.0	0.0	0.04220634211701652	0.9577936578829834	4.220634211701652	95.77936578829835	routine
333.5	0	0.0			0.0		0.1688253684680661	0.8311746315319339	0.0	0.0	0.0	0.0	0.0	0.0	0.0	0.04220634211701652	0.9577936578829834	4.220634211701652	95.77936578829835	routine
333.75	0	0.0			0.0		0.1688253684680661	0.8311746315319339	0.0	0.0	0.0	0.0	0.0	0.0	0.0	0.04220634211701652	0.9577936578829834	4.220634211701652	95.77936578829835	routine
334.0	0	0.0			0.0		0.1688253684680661	0.8311746315319339	0.0	0.0	0.0	0.0	0.0	0.0	0.0	0.04220634211701652	0.9577936578829834	4.220634211701652	95.77936578829835	routine
334.25	0	0.0			0.0		0.1688253684680661	0.8311746315319339	0.0	0.0	0.0	0.0	0.0	0.0	0.0	0.04220634211701652	0.9577936578829834	4.220634211701652	95.77936578829835	routine
334.5	0	0.0008586708529726328	-0.0	-0.0	1.0	1.0	0.41045109423849935	0.5895489057615007	0.0	0.0	0.0	0.0	0.0	0.0	0.0	0.10261277355962484	0.8973872264403752	10.261277355962484	89.73872264403752	routine
334.75	0	0.0021293215650406375	-0.0	-0.0	1.0	1.0	0.41045109423849935	0.5895489057615007	0.0	0.0	0.0	0.0	0.0	0.0	0.0	0.10261277355962484	0.8973872264403752	10.261277355962484	89.73872264403752	routine
335.0	0	0.004960350655546043	-0.0	-0.0	1.0	1.0	0.41045109423849935	0.5895489057615007	0.0	0.0	0.0	0.0	0.0	0.0	0.0	0.10261277355962484	0.8973872264403752	10.261277355962484	89.73872264403752	routine
335.25	0	0.01085525674106129	-0.0	-0.0	1.0	1.0	0.41045109423849935	0.5895489057615007	0.0	0.0	0.0	0.0	0.0	0.0	0.0	0.10261277355962484	0.8973872264403752	10.261277355962484	89.73872264403752	routine
335.5	0	0.0223164142990357	-0.0	-0.0	1.0	1.0	0.41045109423849935	0.5895489057615007	0.0	0.0	0.0	0.0	0.0	0.0	0.0	0.10261277355962484	0.8973872264403752	10.261277355962484	89.73872264403752	routine
335.75	0	0.04309881467209042	-0.0	-0.0	1.0	1.0	0.41045109423849935	0.5895489057615007	0.0	0.0	0.0	0.0	0.0	0.0	0.0	0.10261277355962484	0.8973872264403752	10.261277355962484	89.73872264403752	routine
336.0	0	0.07819209182851675	-0.0	-0.0	1.0	1.0	0.41045109423849935	0.5895489057615007	0.0	0.0	0.0	0.0	0.0	0.0	0.0	0.10261277355962484	0.8973872264403752	10.261277355962484	89.73872264403752	routine
336.25	0	0.13326525425109711	-0.0	-0.0	1.0	1.0	0.41045109423849935	0.5895489057615007	0.0	0.0	0.0	0.0	0.0	0.0	0.0	0.10261277355962484	0.8973872264403752	10.261277355962484	89.73872264403752	routine
336.5	1	0.21336718503036547	-0.0	-0.0	1.0	1.0	0.41045109423849935	0.5895489057615007	0.0	0.0	0.0	0.0	0.0	0.0	0.0	0.10261277355962484	0.8973872264403752	10.261277355962484	89.73872264403752	routine
336.75	1	0.32091862134436544	-0.0	-0.0	1.0	1.0	0.41045109423849935	0.5895489057615007	0.0	0.0	0.0	0.0	0.0	0.0	0.0	0.10261277355962484	0.8973872264403752	10.261277355962484	89.73872264403752	routine
337.0	1	0.4534389291695994	-0.0	-0.0	1.0	1.0	0.41045109423849935	0.5895489057615007	0.0	0.0	0.0	0.0	0.0	0.0	0.0	0.10261277355962484	0.8973872264403752	10.261277355962484	89.73872264403752	routine
337.25	1	0.6018652691911732	-0.0	-0.0	1.0	1.0	0.41045109423849935	0.5895489057615007	0.0	0.0	0.0	0.0	0.0	0.0	0.0	0.10261277355962484	0.8973872264403752	10.261277355962484	89.73872264403752	routine
337.5	1	0.7504752217944445	-0.0	-0.0	1.0	1.0	0.41045109423849935	0.5895489057615007	0.0	0.0	0.0	0.0	0.0	0.0	0.0	0.10261277355962484	0.8973872264403752	10.261277355962484	89.73872264403752	routine
337.75	1	0.8790832955668229	-0.0	-0.0	1.0	1.0	0.41045109423849935	0.5895489057615007	0.0	0.0	0.0	0.0	0.0	0.0	0.0	0.10261277355962484	0.8973872264403752	10.261277355962484	89.73872264403752	routine
338.0	1	0.9673425522164097	-0.0	-0.0	1.0	1.0	0.41045109423849935	0.5895489057615007	0.0	0.0	0.0	0.0	0.0	0.0	0.0	0.10261277355962484	0.8973872264403752	10.261277355962484	89.73872264403752	routine
338.25	1	0.999970416390207	-0.0	-0.0	1.0	1.0	0.41045109423849935	0.5895489057615007	0.0	0.0	0.0	0.0	0.0	0.0	0.0	0.10261277355962484	0.8973872264403752	10.261277355962484	89.73872264403752	routine
338.5	1	0.9710701540259776	-0.0	-0.0	1.0	1.0	0.41045109423849935	0.5895489057615007	0.0	0.0	0.0	0.0	0.0	0.0	0.0	0.10261277355962484	0.8973872264403752	10.261277355962484	89.73872264403752	routine
338.75	1	0.8858713482593542	-0.0	-0.0	1.0	1.0	0.41045109423849935	0.5895489057615007	0.0	0.0	0.0	0.0	0.0	0.0	0.0	0.10261277355962484	0.8973872264403752	10.261277355962484	89.73872264403752	routine
339.0	1	0.7591844423614277	-0.0	-0.0	1.0	1.0	0.41045109423849935	0.5895489057615007	0.0	0.0	0.0	0.0	0.0	0.0	0.0	0.10261277355962484	0.8973872264403752	10.261277355962484	89.73872264403752	routine
339.25	1	0.6111960498802024	-0.0	-0.0	1.0	1.0	0.41045109423849935	0.5895489057615007	0.0	0.0	0.0	0.0	0.0	0.0	0.0	0.10261277355962484	0.8973872264403752	10.261277355962484	89.73872264403752	routine
339.5	1	0.4622430314825928	-0.0	-0.0	1.0	1.0	0.41045109423849935	0.5895489057615007	0.0	0.0	0.0	0.0	0.0	0.0	0.0	0.10261277355962484	0.8973872264403752	10.261277355962484	89.73872264403752	routine
339.75	1	0.32841032419228683	-0.0	-0.0	1.0	1.0	0.41045109423849935	0.5895489057615007	0.0	0.0	0.0	0.0	0.0	0.0	0.0	0.10261277355962484	0.8973872264403752	10.261277355962484	89.73872264403752	routine
340.0	1	0.21918953999675062	-0.0	-0.0	1.0	1.0	0.41045109423849935	0.5895489057615007	0.0	0.0	0.0	0.0	0.0	0.0	0.0	0.10261277355962484	0.8973872264403752	10.261277355962484	89.73872264403752	routine
340.25	1	0.137429334617317	-0.0	-0.0	1.0	1.0	0.41045109423849935	0.5895489057615007	0.0	0.0	0.0	0.0	0.0	0.0	0.0	0.10261277355962484	0.8973872264403752	10.261277355962484	89.73872264403752	routine
340.5	0	0.08094604931715761	-0.0	-0.0	1.0	1.0	0.41045109423849935	0.5895489057615007	0.0	0.0	0.0	0.0	0.0	0.0	0.0	0.10261277355962484	0.8973872264403752	10.261277355962484	89.73872264403752	routine
340.75	0	0.044788700872636256	-0.0	-0.0	1.0	1.0	0.41045109423849935	0.5895489057615007	0.0	0.0	0.0	0.0	0.0	0.0	0.0	0.10261277355962484	0.8973872264403752	10.261277355962484	89.73872264403752	routine
341.0	0	0.023280798333391053	-0.0	-0.0	1.0	1.0	0.41045109423849935	0.5895489057615007	0.0	0.0	0.0	0.0	0.0	0.0	0.0	0.10261277355962484	0.8973872264403752	10.261277355962484	89.73872264403752	routine
341.25	0	0.01136799481793227	-0.0	-0.0	1.0	1.0	0.41045109423849935	0.5895489057615007	0.0	0.0	0.0	0.0	0.0	0.0	0.0	0.10261277355962484	0.8973872264403752	10.261277355962484	89.73872264403752	routine
341.5	0	0.005214665554502021	-0.0	-0.0	1.0	1.0	0.41045109423849935	0.5895489057615007	0.0	0.0	0.0	0.0	0.0	0.0	0.0	0.10261277355962484	0.8973872264403752	10.261277355962484	89.73872264403752	routine
341.75	0	0.0022471168060208377	-0.0	-0.0	1.0	1.0	0.41045109423849935	0.5895489057615007	0.0	0.0	0.0	0.0	0.0	0.0	0.0	0.10261277355962484	0.8973872264403752	10.261277355962484	89.73872264403752	routine
342.0	0	0.0009096648854436964	-0.0	-0.0	1.0	1.0	0.41045109423849935	0.5895489057615007	0.0	0.0	0.0	0.0	0.0	0.0	0.0	0.10261277355962484	0.8973872264403752	10.261277355962484	89.73872264403752	routine
342.25	0	0.00034593444574212626	-0.0	-0.0	1.0	1.0	0.41045109423849935	0.5895489057615007	0.0	0.0	0.0	0.0	0.0	0.0	0.0	0.10261277355962484	0.8973872264403752	10.261277355962484	89.73872264403752	routine
342.5	0	0.0			0.0		0.1688253684680661	0.8311746315319339	0.0	0.0	0.0	0.0	0.0	0.0	0.0	0.04220634211701652	0.9577936578829834	4.220634211701652	95.77936578829835	routine
342.75	0	0.0			0.0		0.1688253684680661	0.8311746315319339	0.0	0.0	0.0	0.0	0.0	0.0	0.0	0.04220634211701652	0.9577936578829834	4.220634211701652	95.77936578829835	routine
343.0	0	0.0			0.0		0.1688253684680661	0.8311746315319339	0.0	0.0	0.0	0.0	0.0	0.0	0.0	0.04220634211701652	0.9577936578829834	4.220634211701652	95.77936578829835	routine
343.25	0	0.0			0.0		0.1688253684680661	0.8311746315319339	0.0	0.0	0.0	0.0	0.0	0.0	0.0	0.04220634211701652	0.9577936578829834	4.220634211701652	95.77936578829835	routine
343.5	0	0.0			0.0		0.1688253684680661	0.8311746315319339	0.0	0.0	0.0	0.0	0.0	0.0	0.0	0.04220634211701652	0.9577936578829834	4.220634211701652	95.77936578829835	routine
343.75	0	0.0			0.0		0.1688253684680661	0.8311746315319339	0.0	0.0	0.0	0.0	0.0	0.0	0.0	0.04220634211701652	0.9577936578829834	4.220634211701652	95.77936578829835	routine
344.0	0	0.0			0.0		0.1688253684680661	0.8311746315319339	0.0	0.0	0.0	0.0	0.0	0.0	0.0	0.04220634211701652	0.9577936578829834	4.220634211701652	95.77936578829835	routine
344.25	0	0.0			0.0		0.1688253684680661	0.8311746315319339	0.0	0.0	0.0	0.0	0.0	0.0	0.0	0.04220634211701652	0.9577936578829834	4.220634211701652	95.77936578829835	routine
344.5	0	0.0			0.0		0.1688253684680661	0.8311746315319339	0.0	0.0	0.0	0.0	0.0	0.0	0.0	0.04220634211701652	0.9577936578829834	4.220634211701652	95.77936578829835	routine
344.75	0	0.0			0.0		0.1688253684680661	0.8311746315319339	0.0	0.0	0.0	0.0	0.0	0.0	0.0	0.04220634211701652	0.9577936578829834	4.220634211701652	95.77936578829835	routine
345.0	0	0.0			0.0		0.1688253684680661	0.8311746315319339	0.0	0.0	0.0	0.0	0.0	0.0	0.0	0.04220634211701652	0.9577936578829834	4.220634211701652	95.77936578829835	routine
345.25	0	0.0			0.0		0.1688253684680661	0.8311746315319339	0.0	0.0	0.0	0.0	0.0	0.0	0.0	0.04220634211701652	0.9577936578829834	4.220634211701652	95.77936578829835	routine
345.5	0	0.0			0.0		0.1688253684680661	0.8311746315319339	0.0	0.0	0.0	0.0	0.0	0.0	0.0	0.04220634211701652	0.9577936578829834	4.220634211701652	95.77936578829835	routine
345.75	0	0.0			0.0		0.1688253684680661	0.8311746315319339	0.0	0.0	0.0	0.0	0.0	0.0	0.0	0.04220634211701652	0.9577936578829834	4.220634211701652	95.77936578829835	routine
346.0	0	0.0			0.0		0.1688253684680661	0.8311746315319339	0.0	0.0	0.0	0.0	0.0	0.0	0.0	0.04220634211701652	0.9577936578829834	4.220634211701652	95.77936578829835	routine
346.25	0	0.0			0.0		0.1688253684680661	0.8311746315319339	0.0	0.0	0.0	0.0	0.0	0.0	0.0	0.04220634211701652	0.9577936578829834	4.220634211701652	95.77936578829835	routine
346.5	0	0.0			0.0		0.1688253684680661	0.8311746315319339	0.0	0.0	0.0	0.0	0.0	0.0	0.0	0.04220634211701652	0.9577936578829834	4.220634211701652	95.77936578829835	routine
346.75	0	0.0			0.0		0.1688253684680661	0.8311746315319339	0.0	0.0	0.0	0.0	0.0	0.0	0.0	0.04220634211701652	0.9577936578829834	4.220634211701652	95.77936578829835	routine
347.0	0	0.0003634424906802847	-0.0	-0.0	1.0	1.0	0.41045109423849935	0.5895489057615007	0.0	0.0	0.0	0.0	0.0	0.0	0.0	0.10261277355962484	0.8973872264403752	10.261277355962484	89.73872264403752	routine
347.25	0	0.0009527490755914214	-0.0	-0.0	1.0	1.0	0.41045109423849935	0.5895489057615007	0.0	0.0	0.0	0.0	0.0	0.0	0.0	0.10261277355962484	0.8973872264403752	10.261277355962484	89.73872264403752	routine
347.5	0	0.0023462698883096305	-0.0	-0.0	1.0	1.0	0.41045109423849935	0.5895489057615007	0.0	0.0	0.0	0.0	0.0	0.0	0.0	0.10261277355962484	0.8973872264403752	10.261277355962484	89.73872264403752	routine
347.75	0	0.005891073581653351	0.2753819347866723	0.39729215166714005	1.317033599766218	0.7592820716020506	0.507815989280929	0.49218401071907103	0.0	0.0	0.0	0.0	0.0	0.0	0.0	0.12695399732023224	0.8730460026797677	12.695399732023224	87.30460026797677	routine
348.0	0	0.01299195127368169	0.30720601404003317	0.44320459298682113	1.359621040245005	0.7354990621649978	0.5100491290754802	0.48995087092451983	0.0	0.0	0.0	0.0	0.0	0.0	0.0	0.12751228226887004	0.87248771773113	12.751228226887005	87.24877177311299	routine
348.25	0	0.026982845110795965	0.3411699392340548	0.49220417943335987	1.4065922557631612	0.7109380816670569	0.5113890129522108	0.48861098704778916	0.0	0.0	0.0	0.0	0.0	0.0	0.0	0.1278472532380527	0.8721527467619473	12.78472532380527	87.21527467619474	routine
348.5	0	0.05279508325289828	0.3770048905608961	0.5439030860030912	1.4579114393584665	0.6859127193898938	0.5158552925413131	0.4841447074586869	0.0	0.0	0.0	0.0	0.0	0.0	0.0	0.12896382313532828	0.8710361768646717	12.896382313532829	87.10361768646717	routine
348.75	0	0.0973567238876879	0.41431424266837	0.597729103267324	1.513332605848786	0.6607932691961844	0.517641804376954	0.48235819562304605	0.0	0.0	0.0	0.0	0.0	0.0	0.0	0.1294104510942385	0.8705895489057616	12.941045109423849	87.05895489057616	routine
349.0	1	0.16927532880348287	0.4525595556391228	0.6529054266274754	1.5723315094357557	0.6359981937644043	0.5212148280482358	0.4787851719517642	0.0	0.0	0.0	0.0	0.0	0.0	0.0	0.13030370701205896	0.869696292987941	13.030370701205896	86.9696292987941	routine
349.25	1	0.27763679012927744	0.49105352061339425	0.7084404790000103	1.6340368049174014	0.6119813195092315	0.5238945958016972	0.47610540419830283	0.0	0.0	0.0	0.0	0.0	0.0	0.0	0.1309736489504243	0.8690263510495757	13.097364895042428	86.90263510495757	routine
349.5	1	0.4297588056404032	0.5289633667555207	0.7631328260301197	1.6971720514355062	0.5892154535270467	0.5283608753907995	0.47163912460920054	0.0	0.0	0.0	0.0	0.0	0.0	0.0	0.13209021884769986	0.8679097811523001	13.209021884769987	86.79097811523	routine
349.75	2	0.6281297425140369	0.5653281291022335	0.815596088330828	1.7600252034722816	0.5681736818467945	0.533273782938812	0.466726217061188	0.0	0.0	0.0	0.0	0.0	0.0	0.0	0.133318445734703	0.866681554265297	13.3318445734703	86.66815542652971	routine
350.0	2	0.8672825732180903	0.5990923175536668	0.8643075155693511	1.8204656455235888	0.5493100089303731	0.5355069227333631	0.4644930772666369	0.0	0.0	0.0	0.0	0.0	0.0	0.0	0.13387673068334077	0.8661232693166592	13.387673068334077	86.61232693166592	routine
350.25	2	1.1317714199279876	0.6291567459354637	0.907681317302931	1.8760279438874006	0.5330411006180727	0.5399732023224654	0.4600267976775346	0.0	0.0	0.0	0.0	0.0	0.0	0.0	0.13499330058061634	0.8650066994193837	13.499330058061634	86.50066994193837	routine
350.5	2	1.3964522398371244	0.6544446124548949	0.9441639969251765	1.9240736140549313	0.519730634366181	0.5426529700759267	0.4573470299240733	0.0	0.0	0.0	0.0	0.0	0.0	0.0	0.13566324251898168	0.8643367574810183	13.566324251898168	86.43367574810183	routine
350.75	2	1.6297431578591757	0.6739777169808956	0.9723443099580034	1.9620262043286052	0.5096771887112459	0.5466726217061189	0.45332737829388114	0.0	0.0	0.0	0.0	0.0	0.0	0.0	0.1366681554265297	0.8633318445734703	13.666815542652971	86.33318445734703	routine
351.0	2	1.7995365563803107	0.6869546398420774	0.991066052215829	1.987653187090923	0.5031058770688128	0.5489057615006699	0.45109423849933006	0.0	0.0	0.0	0.0	0.0	0.0	0.0	0.13722644037516749	0.8627735596248325	13.722644037516748	86.27735596248326	routine
351.25	2	1.8803254410765726	0.6928206864083652	0.9995289685066362	1.9993471182836706	0.5001632737282983	0.5497990174184904	0.45020098258150965	0.0	0.0	0.0	0.0	0.0	0.0	0.0	0.1374497543546226	0.8625502456453774	13.744975435462258	86.25502456453773	routine
351.5	2	1.8594037317873526	0.6913192484811378	0.9973628514548226	1.9963474751430883	0.5009148018825355	0.5493523894595802	0.4506476105404198	0.0	0.0	0.0	0.0	0.0	0.0	0.0	0.13733809736489505	0.862661902635105	13.733809736489505	86.2661902635105	routine
351.75	2	1.7400955381071483	0.6825163545624966	0.9846629600529273	1.9788509630495628	0.5053437670004832	0.5484591335417597	0.4515408664582403	0.0	0.0	0.0	0.0	0.0	0.0	0.0	0.13711478338543992	0.8628852166145601	13.711478338543992	86.288521661456	routine
352.0	2	1.5409021599575876	0.6667943057066006	0.9619808381359122	1.9479826638243711	0.5133515911464802	0.5453327378293881	0.45466726217061193	0.0	0.0	0.0	0.0	0.0	0.0	0.0	0.13633318445734702	0.863666815542653	13.633318445734702	86.3666815542653	routine
352.25	2	1.29086298054788	0.6448154707919577	0.9302720820000396	1.9056353514432858	0.5247593666031763	0.5408664582402859	0.4591335417597141	0.0	0.0	0.0	0.0	0.0	0.0	0.0	0.13521661456007147	0.8647833854399285	13.521661456007147	86.47833854399285	routine
352.5	2	1.0227065721290587	0.6174622135892365	0.8908096734815134	1.8542164605453462	0.5393113594223452	0.5386333184457347	0.4613666815542653	0.0	0.0	0.0	0.0	0.0	0.0	0.0	0.13465832961143367	0.8653416703885664	13.465832961143368	86.53416703885664	routine
352.75	2	0.7659841527867122	0.5857623147510513	0.845076386630982	1.7963598554347857	0.5566813336284243	0.5350602947744528	0.4649397052255472	0.0	0.0	0.0	0.0	0.0	0.0	0.0	0.1337650736936132	0.8662349263063868	13.37650736936132	86.62349263063868	routine
353.0	1	0.5421203909982228	0.5508104400805574	0.7946514903740877	1.7346582849482886	0.5764824165526127	0.5310406431442608	0.4689593568557392	0.0	0.0	0.0	0.0	0.0	0.0	0.0	0.1327601607860652	0.8672398392139348	13.27601607860652	86.72398392139348	routine
353.25	1	0.3623880637617692	0.5136952142797564	0.741105538169798	1.6714561862162478	0.5982807136953712	0.5270209915140688	0.4729790084859312	0.0	0.0	0.0	0.0	0.0	0.0	0.0	0.1317552478785172	0.8682447521214828	13.17552478785172	86.82447521214827	routine
353.5	1	0.22868753704257738	0.47543890505214004	0.6859133505644012	1.608720117945668	0.6216121678623612	0.5221080839660562	0.47789191603394376	0.0	0.0	0.0	0.0	0.0	0.0	0.0	0.13052702099151406	0.869472979008486	13.052702099151405	86.9472979008486	routine
353.75	0	0.13617268279152042	0.43695350198159877	0.6303906504079184	1.5479840971898564	0.6460014685004561	0.5194283162125949	0.4805716837874051	0.0	0.0	0.0	0.0	0.0	0.0	0.0	0.12985707905314872	0.8701429209468513	12.985707905314872	87.01429209468513	routine
354.0	0	0.07707906966469999	0.44178515848828637	0.6373612572893955	1.55548152253171	0.6428877395935856	0.5198749441715051	0.48012505582849485	0.0	0.0	0.0	0.0	0.0	0.0	0.0	0.1299687360428763	0.8700312639571237	12.996873604287629	87.00312639571237	routine
354.25	0	0.04202304832677061	0.5058828708705757	0.7298347090756514	1.6584490706776933	0.6029729930695847	0.5256811076373381	0.4743188923626619	0.0	0.0	0.0	0.0	0.0	0.0	0.0	0.13142027690933453	0.8685797230906654	13.142027690933453	86.85797230906654	routine
354.5	0	0.023860614395967206	0.7056729219947572	1.0180708250514605	2.025209034196635	0.49377618957575037	0.5506922733363109	0.4493077266636891	0.0	0.0	0.0	0.0	0.0	0.0	0.0	0.13767306833407772	0.8623269316659223	13.767306833407773	86.23269316659223	routine
354.75	0	0.017693325321245828	0.848205888738687	1.2237024293361196	2.335453028379417	0.42818245019207485	0.5703439035283608	0.42965609647163916	0.0	0.0	0.0	0.0	0.0	0.0	0.0	0.1425859758820902	0.8574140241179098	14.258597588209021	85.74140241179097	routine
355.0	0	0.021143683111265216	0.4773806902967239	0.6887147545072337	1.611846941761052	0.6204063016724356	0.5230013398838768	0.47699866011612324	0.0	0.0	0.0	0.0	0.0	0.0	0.0	0.1307503349709692	0.8692496650290308	13.07503349709692	86.92496650290308	routine
355.25	0	0.03573392193101612	0.1861926707483511	0.2686192427385177	1.204654339672595	0.8301136409567771	0.5006699419383653	0.49933005806163466	0.0	0.0	0.0	0.0	0.0	0.0	0.0	0.12516748548459133	0.8748325145154087	12.516748548459134	87.48325145154087	routine
355.5	0	0.06394073124105323	0.05669090823489771	0.08178769217397823	1.058328639168	0.9448860807415598	0.49263063867798124	0.5073693613220187	0.0	0.0	0.0	0.0	0.0	0.0	0.0	0.12315765966949531	0.8768423403305047	12.315765966949531	87.68423403305047	routine
355.75	0	0.11037366234463235	-0.0	-0.0	1.0	1.0	0.41045109423849935	0.5895489057615007	0.0	0.0	0.0	0.0	0.0	0.0	0.0	0.10261277355962484	0.8973872264403752	10.261277355962484	89.73872264403752	routine
356.0	1	0.180817572210289	-0.0	-0.0	1.0	1.0	0.41045109423849935	0.5895489057615007	0.0	0.0	0.0	0.0	0.0	0.0	0.0	0.10261277355962484	0.8973872264403752	10.261277355962484	89.73872264403752	routine
356.25	1	0.2782738580412526	-0.0	-0.0	1.0	1.0	0.41045109423849935	0.5895489057615007	0.0	0.0	0.0	0.0	0.0	0.0	0.0	0.10261277355962484	0.8973872264403752	10.261277355962484	89.73872264403752	routine
356.5	1	0.4023099553224679	-0.0	-0.0	1.0	1.0	0.41045109423849935	0.5895489057615007	0.0	0.0	0.0	0.0	0.0	0.0	0.0	0.10261277355962484	0.8973872264403752	10.261277355962484	89.73872264403752	routine
356.75	1	0.546393777310233	-0.0	-0.0	1.0	1.0	0.41045109423849935	0.5895489057615007	0.0	0.0	0.0	0.0	0.0	0.0	0.0	0.10261277355962484	0.8973872264403752	10.261277355962484	89.73872264403752	routine
357.0	1	0.6971196181869662	-0.0	-0.0	1.0	1.0	0.41045109423849935	0.5895489057615007	0.0	0.0	0.0	0.0	0.0	0.0	0.0	0.10261277355962484	0.8973872264403752	10.261277355962484	89.73872264403752	routine
357.25	1	0.8355365636453047	-0.0	-0.0	1.0	1.0	0.41045109423849935	0.5895489057615007	0.0	0.0	0.0	0.0	0.0	0.0	0.0	0.10261277355962484	0.8973872264403752	10.261277355962484	89.73872264403752	routine
357.5	1	0.9407629591059309	-0.0	-0.0	1.0	1.0	0.41045109423849935	0.5895489057615007	0.0	0.0	0.0	0.0	0.0	0.0	0.0	0.10261277355962484	0.8973872264403752	10.261277355962484	89.73872264403752	routine
357.75	1	0.9950652368391399	-0.0	-0.0	1.0	1.0	0.41045109423849935	0.5895489057615007	0.0	0.0	0.0	0.0	0.0	0.0	0.0	0.10261277355962484	0.8973872264403752	10.261277355962484	89.73872264403752	routine
358.0	1	0.9887340571191761	-0.0	-0.0	1.0	1.0	0.41045109423849935	0.5895489057615007	0.0	0.0	0.0	0.0	0.0	0.0	0.0	0.10261277355962484	0.8973872264403752	10.261277355962484	89.73872264403752	routine
358.25	1	0.9229199379955307	-0.0	-0.0	1.0	1.0	0.41045109423849935	0.5895489057615007	0.0	0.0	0.0	0.0	0.0	0.0	0.0	0.10261277355962484	0.8973872264403752	10.261277355962484	89.73872264403752	routine
358.5	1	0.8092918327260268	-0.0	-0.0	1.0	1.0	0.41045109423849935	0.5895489057615007	0.0	0.0	0.0	0.0	0.0	0.0	0.0	0.10261277355962484	0.8973872264403752	10.261277355962484	89.73872264403752	routine
358.75	1	0.666657672595546	-0.0	-0.0	1.0	1.0	0.41045109423849935	0.5895489057615007	0.0	0.0	0.0	0.0	0.0	0.0	0.0	0.10261277355962484	0.8973872264403752	10.261277355962484	89.73872264403752	routine
359.0	1	0.5158901084484192	-0.0	-0.0	1.0	1.0	0.41045109423849935	0.5895489057615007	0.0	0.0	0.0	0.0	0.0	0.0	0.0	0.10261277355962484	0.8973872264403752	10.261277355962484	89.73872264403752	routine
359.25	1	0.3750318177402971	-0.0	-0.0	1.0	1.0	0.41045109423849935	0.5895489057615007	0.0	0.0	0.0	0.0	0.0	0.0	0.0	0.10261277355962484	0.8973872264403752	10.261277355962484	89.73872264403752	routine
359.5	1	0.25611535915509065	-0.0	-0.0	1.0	1.0	0.41045109423849935	0.5895489057615007	0.0	0.0	0.0	0.0	0.0	0.0	0.0	0.10261277355962484	0.8973872264403752	10.261277355962484	89.73872264403752	routine
359.75	1	0.16430838520491936	-0.0	-0.0	1.0	1.0	0.41045109423849935	0.5895489057615007	0.0	0.0	0.0	0.0	0.0	0.0	0.0	0.10261277355962484	0.8973872264403752	10.261277355962484	89.73872264403752	routine
360.0	0	0.09902399105663963	-0.0	-0.0	1.0	1.0	0.41045109423849935	0.5895489057615007	0.0	0.0	0.0	0.0	0.0	0.0	0.0	0.10261277355962484	0.8973872264403752	10.261277355962484	89.73872264403752	routine
360.25	0	0.056063178913363244	-0.0	-0.0	1.0	1.0	0.41045109423849935	0.5895489057615007	0.0	0.0	0.0	0.0	0.0	0.0	0.0	0.10261277355962484	0.8973872264403752	10.261277355962484	89.73872264403752	routine
360.5	0	0.029817526096689674	-0.0	-0.0	1.0	1.0	0.41045109423849935	0.5895489057615007	0.0	0.0	0.0	0.0	0.0	0.0	0.0	0.10261277355962484	0.8973872264403752	10.261277355962484	89.73872264403752	routine
360.75	0	0.014897798341012153	-0.0	-0.0	1.0	1.0	0.41045109423849935	0.5895489057615007	0.0	0.0	0.0	0.0	0.0	0.0	0.0	0.10261277355962484	0.8973872264403752	10.261277355962484	89.73872264403752	routine
361.0	0	0.006992446777435285	-0.0	-0.0	1.0	1.0	0.41045109423849935	0.5895489057615007	0.0	0.0	0.0	0.0	0.0	0.0	0.0	0.10261277355962484	0.8973872264403752	10.261277355962484	89.73872264403752	routine
361.25	0	0.003083137137305637	-0.0	-0.0	1.0	1.0	0.41045109423849935	0.5895489057615007	0.0	0.0	0.0	0.0	0.0	0.0	0.0	0.10261277355962484	0.8973872264403752	10.261277355962484	89.73872264403752	routine
361.5	0	0.0012770653172044853	-0.0	-0.0	1.0	1.0	0.41045109423849935	0.5895489057615007	0.0	0.0	0.0	0.0	0.0	0.0	0.0	0.10261277355962484	0.8973872264403752	10.261277355962484	89.73872264403752	routine
361.75	0	0.0004969240008812581	-0.0	-0.0	1.0	1.0	0.41045109423849935	0.5895489057615007	0.0	0.0	0.0	0.0	0.0	0.0	0.0	0.10261277355962484	0.8973872264403752	10.261277355962484	89.73872264403752	routine
362.0	0	0.0			0.0		0.1688253684680661	0.8311746315319339	0.0	0.0	0.0	0.0	0.0	0.0	0.0	0.04220634211701652	0.9577936578829834	4.220634211701652	95.77936578829835	routine
362.25	0	0.0			0.0		0.1688253684680661	0.8311746315319339	0.0	0.0	0.0	0.0	0.0	0.0	0.0	0.04220634211701652	0.9577936578829834	4.220634211701652	95.77936578829835	routine
362.5	0	0.0			0.0		0.1688253684680661	0.8311746315319339	0.0	0.0	0.0	0.0	0.0	0.0	0.0	0.04220634211701652	0.9577936578829834	4.220634211701652	95.77936578829835	routine
362.75	0	0.0			0.0		0.1688253684680661	0.8311746315319339	0.0	0.0	0.0	0.0	0.0	0.0	0.0	0.04220634211701652	0.9577936578829834	4.220634211701652	95.77936578829835	routine
363.0	0	0.0			0.0		0.1688253684680661	0.8311746315319339	0.0	0.0	0.0	0.0	0.0	0.0	0.0	0.04220634211701652	0.9577936578829834	4.220634211701652	95.77936578829835	routine
363.25	0	0.0			0.0		0.1688253684680661	0.8311746315319339	0.0	0.0	0.0	0.0	0.0	0.0	0.0	0.04220634211701652	0.9577936578829834	4.220634211701652	95.77936578829835	routine
363.5	0	0.0			0.0		0.1688253684680661	0.8311746315319339	0.0	0.0	0.0	0.0	0.0	0.0	0.0	0.04220634211701652	0.9577936578829834	4.220634211701652	95.77936578829835	routine
363.75	0	0.0			0.0		0.1688253684680661	0.8311746315319339	0.0	0.0	0.0	0.0	0.0	0.0	0.0	0.04220634211701652	0.9577936578829834	4.220634211701652	95.77936578829835	routine
364.0	0	0.0			0.0		0.1688253684680661	0.8311746315319339	0.0	0.0	0.0	0.0	0.0	0.0	0.0	0.04220634211701652	0.9577936578829834	4.220634211701652	95.77936578829835	routine
364.25	0	0.0			0.0		0.1688253684680661	0.8311746315319339	0.0	0.0	0.0	0.0	0.0	0.0	0.0	0.04220634211701652	0.9577936578829834	4.220634211701652	95.77936578829835	routine
364.5	0	0.0			0.0		0.1688253684680661	0.8311746315319339	0.0	0.0	0.0	0.0	0.0	0.0	0.0	0.04220634211701652	0.9577936578829834	4.220634211701652	95.77936578829835	routine
364.75	0	0.0			0.0		0.1688253684680661	0.8311746315319339	0.0	0.0	0.0	0.0	0.0	0.0	0.0	0.04220634211701652	0.9577936578829834	4.220634211701652	95.77936578829835	routine
365.0	0	0.0			0.0		0.1688253684680661	0.8311746315319339	0.0	0.0	0.0	0.0	0.0	0.0	0.0	0.04220634211701652	0.9577936578829834	4.220634211701652	95.77936578829835	routine
365.25	0	0.0			0.0		0.1688253684680661	0.8311746315319339	0.0	0.0	0.0	0.0	0.0	0.0	0.0	0.04220634211701652	0.9577936578829834	4.220634211701652	95.77936578829835	routine
365.5	0	0.0			0.0		0.1688253684680661	0.8311746315319339	0.0	0.0	0.0	0.0	0.0	0.0	0.0	0.04220634211701652	0.9577936578829834	4.220634211701652	95.77936578829835	routine
365.75	0	0.0			0.0		0.1688253684680661	0.8311746315319339	0.0	0.0	0.0	0.0	0.0	0.0	0.0	0.04220634211701652	0.9577936578829834	4.220634211701652	95.77936578829835	routine
366.0	0	0.0			0.0		0.1688253684680661	0.8311746315319339	0.0	0.0	0.0	0.0	0.0	0.0	0.0	0.04220634211701652	0.9577936578829834	4.220634211701652	95.77936578829835	routine
366.25	0	0.0			0.0		0.1688253684680661	0.8311746315319339	0.0	0.0	0.0	0.0	0.0	0.0	0.0	0.04220634211701652	0.9577936578829834	4.220634211701652	95.77936578829835	routine
366.5	0	0.0			0.0		0.1688253684680661	0.8311746315319339	0.0	0.0	0.0	0.0	0.0	0.0	0.0	0.04220634211701652	0.9577936578829834	4.220634211701652	95.77936578829835	routine
366.75	0	0.0			0.0		0.1688253684680661	0.8311746315319339	0.0	0.0	0.0	0.0	0.0	0.0	0.0	0.04220634211701652	0.9577936578829834	4.220634211701652	95.77936578829835	routine
367.0	0	0.0			0.0		0.1688253684680661	0.8311746315319339	0.0	0.0	0.0	0.0	0.0	0.0	0.0	0.04220634211701652	0.9577936578829834	4.220634211701652	95.77936578829835	routine
367.25	0	0.0			0.0		0.1688253684680661	0.8311746315319339	0.0	0.0	0.0	0.0	0.0	0.0	0.0	0.04220634211701652	0.9577936578829834	4.220634211701652	95.77936578829835	routine
367.5	0	0.0			0.0		0.1688253684680661	0.8311746315319339	0.0	0.0	0.0	0.0	0.0	0.0	0.0	0.04220634211701652	0.9577936578829834	4.220634211701652	95.77936578829835	routine
367.75	0	0.0			0.0		0.1688253684680661	0.8311746315319339	0.0	0.0	0.0	0.0	0.0	0.0	0.0	0.04220634211701652	0.9577936578829834	4.220634211701652	95.77936578829835	routine
368.0	0	0.0			0.0		0.1688253684680661	0.8311746315319339	0.0	0.0	0.0	0.0	0.0	0.0	0.0	0.04220634211701652	0.9577936578829834	4.220634211701652	95.77936578829835	routine
368.25	0	0.0			0.0		0.1688253684680661	0.8311746315319339	0.0	0.0	0.0	0.0	0.0	0.0	0.0	0.04220634211701652	0.9577936578829834	4.220634211701652	95.77936578829835	routine
368.5	0	0.0			0.0		0.1688253684680661	0.8311746315319339	0.0	0.0	0.0	0.0	0.0	0.0	0.0	0.04220634211701652	0.9577936578829834	4.220634211701652	95.77936578829835	routine
368.75	0	0.0			0.0		0.1688253684680661	0.8311746315319339	0.0	0.0	0.0	0.0	0.0	0.0	0.0	0.04220634211701652	0.9577936578829834	4.220634211701652	95.77936578829835	routine
369.0	0	0.0			0.0		0.1688253684680661	0.8311746315319339	0.0	0.0	0.0	0.0	0.0	0.0	0.0	0.04220634211701652	0.9577936578829834	4.220634211701652	95.77936578829835	routine
369.25	0	0.0			0.0		0.1688253684680661	0.8311746315319339	0.0	0.0	0.0	0.0	0.0	0.0	0.0	0.04220634211701652	0.9577936578829834	4.220634211701652	95.77936578829835	routine
369.5	0	0.0			0.0		0.1688253684680661	0.8311746315319339	0.0	0.0	0.0	0.0	0.0	0.0	0.0	0.04220634211701652	0.9577936578829834	4.220634211701652	95.77936578829835	routine
369.75	0	0.0			0.0		0.1688253684680661	0.8311746315319339	0.0	0.0	0.0	0.0	0.0	0.0	0.0	0.04220634211701652	0.9577936578829834	4.220634211701652	95.77936578829835	routine
370.0	0	0.0			0.0		0.1688253684680661	0.8311746315319339	0.0	0.0	0.0	0.0	0.0	0.0	0.0	0.04220634211701652	0.9577936578829834	4.220634211701652	95.77936578829835	routine
370.25	0	0.00043453701261544735	-0.0	-0.0	1.0	1.0	0.41045109423849935	0.5895489057615007	0.0	0.0	0.0008690740252308947	0.00043453701261544735	0.0	0.0	0.011152416356877323	0.10540087764884416	0.8945991223511558	10.540087764884417	89.45991223511558	routine
370.5	0	0.0011263358365194605	-0.0	-0.0	1.0	1.0	0.41045109423849935	0.5895489057615007	0.0	0.0	0.002252671673038921	0.0011263358365194605	0.0	0.0	0.027881040892193308	0.10958303378267316	0.8904169662173268	10.958303378267315	89.04169662173268	routine
370.75	0	0.002742619913815365	-0.0	-0.0	1.0	1.0	0.41045109423849935	0.5895489057615007	0.0	0.0	0.00548523982763073	0.002742619913815365	0.0	0.0	0.046468401486988845	0.11422987393137204	0.8857701260686279	11.422987393137204	88.5770126068628	routine
371.0	0	0.006273645037887167	-0.0	-0.0	1.0	1.0	0.41045109423849935	0.5895489057615007	0.0	0.0	0.012547290075774334	0.006273645037887167	0.0	0.0	0.06784386617100371	0.11957374010237576	0.8804262598976242	11.957374010237576	88.04262598976243	routine
371.25	0	0.01348127150706338	-0.0	-0.0	1.0	1.0	0.41045109423849935	0.5895489057615007	0.0	0.0	0.02696254301412676	0.01348127150706338	0.0	0.0	0.09014869888475836	0.12514994828081444	0.8748500517191855	12.514994828081443	87.48500517191854	routine
371.5	0	0.027214374867761792	-0.0	-0.0	1.0	1.0	0.41045109423849935	0.5895489057615007	0.0	0.0	0.054428749735523585	0.027214374867761792	0.0	0.0	0.11617100371747212	0.13165552448899287	0.8683444755110071	13.165552448899287	86.83444755110071	routine
371.75	0	0.05160864599469948	-0.0	-0.0	1.0	1.0	0.41045109423849935	0.5895489057615007	0.0	0.0	0.10321729198939895	0.05160864599469948	0.0	0.0	0.14684014869888476	0.13932281073434602	0.860677189265654	13.932281073434602	86.06771892656539	routine
372.0	0	0.09193971692739865	-0.0	-0.0	1.0	1.0	0.41045109423849935	0.5895489057615007	0.0	0.0	0.1838794338547973	0.09193971692739865	0.0	0.0	0.18029739776951673	0.147687123002004	0.852312876997996	14.7687123002004	85.2312876997996	routine
372.25	1	0.15386521724406452	-0.0	-0.0	1.0	1.0	0.41045109423849935	0.5895489057615007	0.0	0.0	0.30773043448812903	0.15386521724406452	0.0	0.0	0.2137546468401487	0.156051435269662	0.843948564730338	15.6051435269662	84.3948564730338	routine
372.5	1	0.24189914945103658	-0.0	-0.0	1.0	1.0	0.41045109423849935	0.5895489057615007	0.0	0.0	0.48379829890207315	0.24189914945103658	0.0	0.0	0.25650557620817843	0.16673916761166946	0.8332608323883306	16.673916761166947	83.32608323883306	routine
372.75	1	0.35726035314175486	-0.0	-0.0	1.0	1.0	0.41045109423849935	0.5895489057615007	0.0	0.0	0.7145207062835097	0.35726035314175486	0.0	0.0	0.2955390334572491	0.1764975319239371	0.8235024680760629	17.64975319239371	82.35024680760628	routine
373.0	1	0.4956691617112987	-0.0	-0.0	1.0	1.0	0.41045109423849935	0.5895489057615007	0.0	0.0	0.9913383234225974	0.4956691617112987	0.0	0.0	0.36895910780669144	0.19485255051129768	0.8051474494887023	19.48525505112977	80.51474494887023	routine
373.25	1	0.6460342923426199	-0.0	-0.0	1.0	1.0	0.41045109423849935	0.5895489057615007	0.0	0.0	1.2920685846852398	0.6460342923426199	0.0	0.0	0.4033457249070632	0.20344920478639064	0.7965507952136094	20.344920478639064	79.65507952136093	routine
373.5	1	0.790998824360483	-0.0	-0.0	1.0	1.0	0.41045109423849935	0.5895489057615007	0.0	0.0	1.581997648720966	0.790998824360483	0.0	0.0	0.43215613382899626	0.21065180701687392	0.7893481929831261	21.065180701687392	78.9348192983126	routine
373.75	1	0.9098141760335305	-0.0	-0.0	1.0	1.0	0.41045109423849935	0.5895489057615007	0.0	0.0	1.819628352067061	0.9098141760335305	0.0	0.0	0.45817843866171004	0.21715738322505235	0.7828426167749476	21.715738322505235	78.28426167749475	routine
374.0	1	0.9830738765548422	-0.0	-0.0	1.0	1.0	0.41045109423849935	0.5895489057615007	0.0	0.0	1.9661477531096845	0.9830738765548422	0.0	0.0	0.4767657992565056	0.22180422337375122	0.7781957766262488	22.180422337375123	77.81957766262488	routine
374.25	1	0.9978751482187009	-0.0	-0.0	1.0	1.0	0.41045109423849935	0.5895489057615007	0.0	0.0	1.9957502964374019	0.9978751482187009	0.0	0.0	0.48141263940520446	0.22296593341092596	0.777034066589074	22.296593341092596	77.7034066589074	routine
374.5	1	0.9515308050878416	-0.0	-0.0	1.0	1.0	0.41045109423849935	0.5895489057615007	0.0	0.0	1.9030616101756832	0.9515308050878416	0.0	0.0	0.46933085501858735	0.21994548731427166	0.7800545126857283	21.994548731427166	78.00545126857284	routine
374.75	1	0.8523659526515941	-0.0	-0.0	1.0	1.0	0.41045109423849935	0.5895489057615007	0.0	0.0	1.7047319053031882	0.8523659526515941	0.0	0.0	0.44702602230483274	0.21436927913583304	0.785630720864167	21.436927913583304	78.5630720864167	routine
375.0	1	0.7172753886911576	-0.0	-0.0	1.0	1.0	0.41045109423849935	0.5895489057615007	0.0	0.0	1.4345507773823152	0.7172753886911576	0.0	0.0	0.4144981412639405	0.20623730887560998	0.79376269112439	20.623730887561	79.376269112439	routine
375.25	1	0.5670251996147703	-0.0	-0.0	1.0	1.0	0.41045109423849935	0.5895489057615007	0.0	0.0	1.1340503992295405	0.5670251996147703	0.0	0.0	0.39219330855018586	0.2006611006971713	0.7993388993028288	20.06611006971713	79.93388993028287	routine
375.5	1	0.42109044380758615	-0.0	-0.0	1.0	1.0	0.41045109423849935	0.5895489057615007	0.0	0.0	0.8421808876151723	0.42109044380758615	0.0	0.0	0.3243494423791822	0.18370013415442038	0.8162998658455796	18.37001341544204	81.62998658455795	routine
375.75	1	0.29376835144393204	-0.0	-0.0	1.0	1.0	0.41045109423849935	0.5895489057615007	0.0	0.0	0.5875367028878641	0.29376835144393204	0.0	0.0	0.2732342007434944	0.17092132374549845	0.8290786762545015	17.092132374549845	82.90786762545015	routine
376.0	1	0.19252681284001885	-0.0	-0.0	1.0	1.0	0.41045109423849935	0.5895489057615007	0.0	0.0	0.3850536256800377	0.19252681284001885	0.0	0.0	0.2342007434944238	0.16116295943323078	0.8388370405667692	16.116295943323077	83.88370405667692	routine
376.25	0	0.11853156856749376	-0.0	-0.0	1.0	1.0	0.41045109423849935	0.5895489057615007	0.0	0.0	0.23706313713498753	0.11853156856749376	0.0	0.0	0.1979553903345725	0.15210162114326797	0.847898378856732	15.210162114326797	84.78983788567321	routine
376.5	0	0.06855410047536407	-0.0	-0.0	1.0	1.0	0.41045109423849935	0.5895489057615007	0.0	0.0	0.13710820095072815	0.06855410047536407	0.0	0.0	0.16263940520446096	0.14327262486074008	0.8567273751392599	14.327262486074007	85.672737513926	routine
376.75	0	0.037246840279358005	-0.0	-0.0	1.0	1.0	0.41045109423849935	0.5895489057615007	0.0	0.0	0.07449368055871601	0.037246840279358005	0.0	0.0	0.129182156133829	0.13490831259308209	0.8650916874069179	13.490831259308209	86.50916874069179	routine
377.0	0	0.019010871723791296	-0.0	-0.0	1.0	1.0	0.41045109423849935	0.5895489057615007	0.0	0.0	0.03802174344758259	0.019010871723791296	0.0	0.0	0.10408921933085502	0.1286350783923386	0.8713649216076614	12.86350783923386	87.13649216076614	routine
377.25	0	0.009115305342887564	-0.0	-0.0	1.0	1.0	0.41045109423849935	0.5895489057615007	0.0	0.0	0.01823061068577513	0.009115305342887564	0.0	0.0	0.08178438661710037	0.12305887021389993	0.8769411297861001	12.305887021389992	87.69411297861001	routine
377.5	0	0.004105792582106412	-0.0	-0.0	1.0	1.0	0.41045109423849935	0.5895489057615007	0.0	0.0	0.008211585164212824	0.004105792582106412	0.0	0.0	0.05762081784386617	0.11701797802059138	0.8829820219794087	11.701797802059138	88.29820219794087	routine
377.75	0	0.00173731826363547	-0.0	-0.0	1.0	1.0	0.41045109423849935	0.5895489057615007	0.0	0.0	0.00347463652727094	0.00173731826363547	0.0	0.0	0.03903345724907063	0.1123711378718925	0.8876288621281075	11.23711378718925	88.76288621281076	routine
378.0	0	0.0006905869378008357	-0.0	-0.0	1.0	1.0	0.41045109423849935	0.5895489057615007	0.0	0.0	0.0013811738756016713	0.0006905869378008357	0.0	0.0	0.020446096654275093	0.10772429772319361	0.8922757022768064	10.772429772319361	89.22757022768064	routine
378.25	0	0.0			0.0		0.1688253684680661	0.8311746315319339	0.0	0.0	0.0	0.0	0.0	0.0	0.0	0.04220634211701652	0.9577936578829834	4.220634211701652	95.77936578829835	routine
378.5	0	0.0			0.0		0.1688253684680661	0.8311746315319339	0.0	0.0	0.0	0.0	0.0	0.0	0.0	0.04220634211701652	0.9577936578829834	4.220634211701652	95.77936578829835	routine
378.75	0	0.0			0.0		0.1688253684680661	0.8311746315319339	0.0	0.0	0.0	0.0	0.0	0.0	0.0	0.04220634211701652	0.9577936578829834	4.220634211701652	95.77936578829835	routine
379.0	0	0.0			0.0		0.1688253684680661	0.8311746315319339	0.0	0.0	0.0	0.0	0.0	0.0	0.0	0.04220634211701652	0.9577936578829834	4.220634211701652	95.77936578829835	routine
379.25	0	0.0			0.0		0.1688253684680661	0.8311746315319339	0.0	0.0	0.0	0.0	0.0	0.0	0.0	0.04220634211701652	0.9577936578829834	4.220634211701652	95.77936578829835	routine
379.5	0	0.0			0.0		0.1688253684680661	0.8311746315319339	0.0	0.0	0.0	0.0	0.0	0.0	0.0	0.04220634211701652	0.9577936578829834	4.220634211701652	95.77936578829835	routine
379.75	0	0.0			0.0		0.1688253684680661	0.8311746315319339	0.0	0.0	0.0	0.0	0.0	0.0	0.0	0.04220634211701652	0.9577936578829834	4.220634211701652	95.77936578829835	routine
380.0	0	0.0			0.0		0.1688253684680661	0.8311746315319339	0.0	0.0	0.0	0.0	0.0	0.0	0.0	0.04220634211701652	0.9577936578829834	4.220634211701652	95.77936578829835	routine
380.25	0	0.0			0.0		0.1688253684680661	0.8311746315319339	0.0	0.0	0.0	0.0	0.0	0.0	0.0	0.04220634211701652	0.9577936578829834	4.220634211701652	95.77936578829835	routine
380.5	0	0.0			0.0		0.1688253684680661	0.8311746315319339	0.0	0.0	0.0	0.0	0.0	0.0	0.0	0.04220634211701652	0.9577936578829834	4.220634211701652	95.77936578829835	routine
380.75	0	0.0			0.0		0.1688253684680661	0.8311746315319339	0.0	0.0	0.0	0.0	0.0	0.0	0.0	0.04220634211701652	0.9577936578829834	4.220634211701652	95.77936578829835	routine
381.0	0	0.0			0.0		0.1688253684680661	0.8311746315319339	0.0	0.0	0.0	0.0	0.0	0.0	0.0	0.04220634211701652	0.9577936578829834	4.220634211701652	95.77936578829835	routine
381.25	0	0.0			0.0		0.1688253684680661	0.8311746315319339	0.0	0.0	0.0	0.0	0.0	0.0	0.0	0.04220634211701652	0.9577936578829834	4.220634211701652	95.77936578829835	routine
381.5	0	0.0			0.0		0.1688253684680661	0.8311746315319339	0.0	0.0	0.0	0.0	0.0	0.0	0.0	0.04220634211701652	0.9577936578829834	4.220634211701652	95.77936578829835	routine
381.75	0	0.0			0.0		0.1688253684680661	0.8311746315319339	0.0	0.0	0.0	0.0	0.0	0.0	0.0	0.04220634211701652	0.9577936578829834	4.220634211701652	95.77936578829835	routine
382.0	0	0.0			0.0		0.1688253684680661	0.8311746315319339	0.0	0.0	0.0	0.0	0.0	0.0	0.0	0.04220634211701652	0.9577936578829834	4.220634211701652	95.77936578829835	routine
382.25	0	0.0			0.0		0.1688253684680661	0.8311746315319339	0.0	0.0	0.0	0.0	0.0	0.0	0.0	0.04220634211701652	0.9577936578829834	4.220634211701652	95.77936578829835	routine
382.5	0	0.0			0.0		0.1688253684680661	0.8311746315319339	0.0	0.0	0.0	0.0	0.0	0.0	0.0	0.04220634211701652	0.9577936578829834	4.220634211701652	95.77936578829835	routine
382.75	0	0.0			0.0		0.1688253684680661	0.8311746315319339	0.0	0.0	0.0	0.0	0.0	0.0	0.0	0.04220634211701652	0.9577936578829834	4.220634211701652	95.77936578829835	routine
383.0	0	0.0			0.0		0.1688253684680661	0.8311746315319339	0.0	0.0	0.0	0.0	0.0	0.0	0.0	0.04220634211701652	0.9577936578829834	4.220634211701652	95.77936578829835	routine
383.25	0	0.0			0.0		0.1688253684680661	0.8311746315319339	0.0	0.0	0.0	0.0	0.0	0.0	0.0	0.04220634211701652	0.9577936578829834	4.220634211701652	95.77936578829835	routine
383.5	0	0.0			0.0		0.1688253684680661	0.8311746315319339	0.0	0.0	0.0	0.0	0.0	0.0	0.0	0.04220634211701652	0.9577936578829834	4.220634211701652	95.77936578829835	routine
383.75	0	0.0			0.0		0.1688253684680661	0.8311746315319339	0.0	0.0	0.0	0.0	0.0	0.0	0.0	0.04220634211701652	0.9577936578829834	4.220634211701652	95.77936578829835	routine
384.0	0	0.0			0.0		0.1688253684680661	0.8311746315319339	0.0	0.0	0.0	0.0	0.0	0.0	0.0	0.04220634211701652	0.9577936578829834	4.220634211701652	95.77936578829835	routine
384.25	0	0.0			0.0		0.1688253684680661	0.8311746315319339	0.0	0.0	0.0	0.0	0.0	0.0	0.0	0.04220634211701652	0.9577936578829834	4.220634211701652	95.77936578829835	routine
384.5	0	0.0			0.0		0.1688253684680661	0.8311746315319339	0.0	0.0	0.0	0.0	0.0	0.0	0.0	0.04220634211701652	0.9577936578829834	4.220634211701652	95.77936578829835	routine
384.75	0	0.0			0.0		0.1688253684680661	0.8311746315319339	0.0	0.0	0.0	0.0	0.0	0.0	0.0	0.04220634211701652	0.9577936578829834	4.220634211701652	95.77936578829835	routine
385.0	0	0.0			0.0		0.1688253684680661	0.8311746315319339	0.0	0.0	0.0	0.0	0.0	0.0	0.0	0.04220634211701652	0.9577936578829834	4.220634211701652	95.77936578829835	routine
385.25	0	0.0			0.0		0.1688253684680661	0.8311746315319339	0.0	0.0	0.0	0.0	0.0	0.0	0.0	0.04220634211701652	0.9577936578829834	4.220634211701652	95.77936578829835	routine
385.5	0	0.0			0.0		0.1688253684680661	0.8311746315319339	0.0	0.0	0.0	0.0	0.0	0.0	0.0	0.04220634211701652	0.9577936578829834	4.220634211701652	95.77936578829835	routine
385.75	0	0.0			0.0		0.1688253684680661	0.8311746315319339	0.0	0.0	0.0	0.0	0.0	0.0	0.0	0.04220634211701652	0.9577936578829834	4.220634211701652	95.77936578829835	routine
386.0	0	0.0			0.0		0.1688253684680661	0.8311746315319339	0.0	0.0	0.0	0.0	0.0	0.0	0.0	0.04220634211701652	0.9577936578829834	4.220634211701652	95.77936578829835	routine
386.25	0	0.0			0.0		0.1688253684680661	0.8311746315319339	0.0	0.0	0.0	0.0	0.0	0.0	0.0	0.04220634211701652	0.9577936578829834	4.220634211701652	95.77936578829835	routine
386.5	0	0.0			0.0		0.1688253684680661	0.8311746315319339	0.0	0.0	0.0	0.0	0.0	0.0	0.0	0.04220634211701652	0.9577936578829834	4.220634211701652	95.77936578829835	routine
386.75	0	0.0			0.0		0.1688253684680661	0.8311746315319339	0.0	0.0	0.0	0.0	0.0	0.0	0.0	0.04220634211701652	0.9577936578829834	4.220634211701652	95.77936578829835	routine
387.0	0	0.0			0.0		0.1688253684680661	0.8311746315319339	0.0	0.0	0.0	0.0	0.0	0.0	0.0	0.04220634211701652	0.9577936578829834	4.220634211701652	95.77936578829835	routine
387.25	0	0.0			0.0		0.1688253684680661	0.8311746315319339	0.0	0.0	0.0	0.0	0.0	0.0	0.0	0.04220634211701652	0.9577936578829834	4.220634211701652	95.77936578829835	routine
387.5	0	0.0			0.0		0.1688253684680661	0.8311746315319339	0.0	0.0	0.0	0.0	0.0	0.0	0.0	0.04220634211701652	0.9577936578829834	4.220634211701652	95.77936578829835	routine
387.75	0	0.0			0.0		0.1688253684680661	0.8311746315319339	0.0	0.0	0.0	0.0	0.0	0.0	0.0	0.04220634211701652	0.9577936578829834	4.220634211701652	95.77936578829835	routine
388.0	0	0.0			0.0		0.1688253684680661	0.8311746315319339	0.0	0.0	0.0	0.0	0.0	0.0	0.0	0.04220634211701652	0.9577936578829834	4.220634211701652	95.77936578829835	routine
388.25	0	0.0			0.0		0.1688253684680661	0.8311746315319339	0.0	0.0	0.0	0.0	0.0	0.0	0.0	0.04220634211701652	0.9577936578829834	4.220634211701652	95.77936578829835	routine
388.5	0	0.0			0.0		0.1688253684680661	0.8311746315319339	0.0	0.0	0.0	0.0	0.0	0.0	0.0	0.04220634211701652	0.9577936578829834	4.220634211701652	95.77936578829835	routine
388.75	0	0.0			0.0		0.1688253684680661	0.8311746315319339	0.0	0.0	0.0	0.0	0.0	0.0	0.0	0.04220634211701652	0.9577936578829834	4.220634211701652	95.77936578829835	routine
389.0	0	0.0			0.0		0.1688253684680661	0.8311746315319339	0.0	0.0	0.0	0.0	0.0	0.0	0.0	0.04220634211701652	0.9577936578829834	4.220634211701652	95.77936578829835	routine
389.25	0	0.0			0.0		0.1688253684680661	0.8311746315319339	0.0	0.0	0.0	0.0	0.0	0.0	0.0	0.04220634211701652	0.9577936578829834	4.220634211701652	95.77936578829835	routine
389.5	0	0.0			0.0		0.1688253684680661	0.8311746315319339	0.0	0.0	0.0	0.0	0.0	0.0	0.0	0.04220634211701652	0.9577936578829834	4.220634211701652	95.77936578829835	routine
389.75	0	0.0			0.0		0.1688253684680661	0.8311746315319339	0.0	0.0	0.0	0.0	0.0	0.0	0.0	0.04220634211701652	0.9577936578829834	4.220634211701652	95.77936578829835	routine
390.0	0	0.0			0.0		0.1688253684680661	0.8311746315319339	0.0	0.0	0.0	0.0	0.0	0.0	0.0	0.04220634211701652	0.9577936578829834	4.220634211701652	95.77936578829835	routine
390.25	0	0.0			0.0		0.1688253684680661	0.8311746315319339	0.0	0.0	0.0	0.0	0.0	0.0	0.0	0.04220634211701652	0.9577936578829834	4.220634211701652	95.77936578829835	routine
390.5	0	0.0			0.0		0.1688253684680661	0.8311746315319339	0.0	0.0	0.0	0.0	0.0	0.0	0.0	0.04220634211701652	0.9577936578829834	4.220634211701652	95.77936578829835	routine
390.75	0	0.0			0.0		0.1688253684680661	0.8311746315319339	0.0	0.0	0.0	0.0	0.0	0.0	0.0	0.04220634211701652	0.9577936578829834	4.220634211701652	95.77936578829835	routine
391.0	0	0.0			0.0		0.1688253684680661	0.8311746315319339	0.0	0.0	0.0	0.0	0.0	0.0	0.0	0.04220634211701652	0.9577936578829834	4.220634211701652	95.77936578829835	routine
391.25	0	0.0			0.0		0.1688253684680661	0.8311746315319339	0.0	0.0	0.0	0.0	0.0	0.0	0.0	0.04220634211701652	0.9577936578829834	4.220634211701652	95.77936578829835	routine
391.5	0	0.0			0.0		0.1688253684680661	0.8311746315319339	0.0	0.0	0.0	0.0	0.0	0.0	0.0	0.04220634211701652	0.9577936578829834	4.220634211701652	95.77936578829835	routine
391.75	0	0.0			0.0		0.1688253684680661	0.8311746315319339	0.0	0.0	0.0	0.0	0.0	0.0	0.0	0.04220634211701652	0.9577936578829834	4.220634211701652	95.77936578829835	routine
392.0	0	0.0			0.0		0.1688253684680661	0.8311746315319339	0.0	0.0	0.0	0.0	0.0	0.0	0.0	0.04220634211701652	0.9577936578829834	4.220634211701652	95.77936578829835	routine
392.25	0	0.0			0.0		0.1688253684680661	0.8311746315319339	0.0	0.0	0.0	0.0	0.0	0.0	0.0	0.04220634211701652	0.9577936578829834	4.220634211701652	95.77936578829835	routine
392.5	0	0.0			0.0		0.1688253684680661	0.8311746315319339	0.0	0.0	0.0	0.0	0.0	0.0	0.0	0.04220634211701652	0.9577936578829834	4.220634211701652	95.77936578829835	routine
392.75	0	0.0			0.0		0.1688253684680661	0.8311746315319339	0.0	0.0	0.0	0.0	0.0	0.0	0.0	0.04220634211701652	0.9577936578829834	4.220634211701652	95.77936578829835	routine
393.0	0	0.0			0.0		0.1688253684680661	0.8311746315319339	0.0	0.0	0.0	0.0	0.0	0.0	0.0	0.04220634211701652	0.9577936578829834	4.220634211701652	95.77936578829835	routine
393.25	0	0.0			0.0		0.1688253684680661	0.8311746315319339	0.0	0.0	0.0	0.0	0.0	0.0	0.0	0.04220634211701652	0.9577936578829834	4.220634211701652	95.77936578829835	routine
393.5	0	0.0			0.0		0.1688253684680661	0.8311746315319339	0.0	0.0	0.0	0.0	0.0	0.0	0.0	0.04220634211701652	0.9577936578829834	4.220634211701652	95.77936578829835	routine
393.75	0	0.0			0.0		0.1688253684680661	0.8311746315319339	0.0	0.0	0.0	0.0	0.0	0.0	0.0	0.04220634211701652	0.9577936578829834	4.220634211701652	95.77936578829835	routine
394.0	0	0.0			0.0		0.1688253684680661	0.8311746315319339	0.0	0.0	0.0	0.0	0.0	0.0	0.0	0.04220634211701652	0.9577936578829834	4.220634211701652	95.77936578829835	routine
394.25	0	0.0			0.0		0.1688253684680661	0.8311746315319339	0.0	0.0	0.0	0.0	0.0	0.0	0.0	0.04220634211701652	0.9577936578829834	4.220634211701652	95.77936578829835	routine
394.5	0	0.0			0.0		0.1688253684680661	0.8311746315319339	0.0	0.0	0.0	0.0	0.0	0.0	0.0	0.04220634211701652	0.9577936578829834	4.220634211701652	95.77936578829835	routine
394.75	0	0.0			0.0		0.1688253684680661	0.8311746315319339	0.0	0.0	0.0	0.0	0.0	0.0	0.0	0.04220634211701652	0.9577936578829834	4.220634211701652	95.77936578829835	routine
395.0	0	0.0			0.0		0.1688253684680661	0.8311746315319339	0.0	0.0	0.0	0.0	0.0	0.0	0.0	0.04220634211701652	0.9577936578829834	4.220634211701652	95.77936578829835	routine
395.25	0	0.0			0.0		0.1688253684680661	0.8311746315319339	0.0	0.0	0.0	0.0	0.0	0.0	0.0	0.04220634211701652	0.9577936578829834	4.220634211701652	95.77936578829835	routine
395.5	0	0.0			0.0		0.1688253684680661	0.8311746315319339	0.0	0.0	0.0	0.0	0.0	0.0	0.0	0.04220634211701652	0.9577936578829834	4.220634211701652	95.77936578829835	routine
395.75	0	0.0			0.0		0.1688253684680661	0.8311746315319339	0.0	0.0	0.0	0.0	0.0	0.0	0.0	0.04220634211701652	0.9577936578829834	4.220634211701652	95.77936578829835	routine
396.0	0	0.0			0.0		0.1688253684680661	0.8311746315319339	0.0	0.0	0.0	0.0	0.0	0.0	0.0	0.04220634211701652	0.9577936578829834	4.220634211701652	95.77936578829835	routine
396.25	0	0.0			0.0		0.1688253684680661	0.8311746315319339	0.0	0.0	0.0	0.0	0.0	0.0	0.0	0.04220634211701652	0.9577936578829834	4.220634211701652	95.77936578829835	routine
396.5	0	0.0			0.0		0.1688253684680661	0.8311746315319339	0.0	0.0	0.0	0.0	0.0	0.0	0.0	0.04220634211701652	0.9577936578829834	4.220634211701652	95.77936578829835	routine
396.75	0	0.0			0.0		0.1688253684680661	0.8311746315319339	0.0	0.0	0.0	0.0	0.0	0.0	0.0	0.04220634211701652	0.9577936578829834	4.220634211701652	95.77936578829835	routine
397.0	0	0.0			0.0		0.1688253684680661	0.8311746315319339	0.0	0.0	0.0	0.0	0.0	0.0	0.0	0.04220634211701652	0.9577936578829834	4.220634211701652	95.77936578829835	routine
397.25	0	0.0			0.0		0.1688253684680661	0.8311746315319339	0.0	0.0	0.0	0.0	0.0	0.0	0.0	0.04220634211701652	0.9577936578829834	4.220634211701652	95.77936578829835	routine
397.5	0	0.0			0.0		0.1688253684680661	0.8311746315319339	0.0	0.0	0.0	0.0	0.0	0.0	0.0	0.04220634211701652	0.9577936578829834	4.220634211701652	95.77936578829835	routine
397.75	0	0.0			0.0		0.1688253684680661	0.8311746315319339	0.0	0.0	0.0	0.0	0.0	0.0	0.0	0.04220634211701652	0.9577936578829834	4.220634211701652	95.77936578829835	routine
398.0	0	0.0			0.0		0.1688253684680661	0.8311746315319339	0.0	0.0	0.0	0.0	0.0	0.0	0.0	0.04220634211701652	0.9577936578829834	4.220634211701652	95.77936578829835	routine
398.25	0	0.0			0.0		0.1688253684680661	0.8311746315319339	0.0	0.0	0.0	0.0	0.0	0.0	0.0	0.04220634211701652	0.9577936578829834	4.220634211701652	95.77936578829835	routine
398.5	0	0.0			0.0		0.1688253684680661	0.8311746315319339	0.0	0.0	0.0	0.0	0.0	0.0	0.0	0.04220634211701652	0.9577936578829834	4.220634211701652	95.77936578829835	routine
398.75	0	0.0			0.0		0.1688253684680661	0.8311746315319339	0.0	0.0	0.0	0.0	0.0	0.0	0.0	0.04220634211701652	0.9577936578829834	4.220634211701652	95.77936578829835	routine
399.0	0	0.0			0.0		0.1688253684680661	0.8311746315319339	0.0	0.0	0.0	0.0	0.0	0.0	0.0	0.04220634211701652	0.9577936578829834	4.220634211701652	95.77936578829835	routine
399.25	0	0.0			0.0		0.1688253684680661	0.8311746315319339	0.0	0.0	0.0	0.0	0.0	0.0	0.0	0.04220634211701652	0.9577936578829834	4.220634211701652	95.77936578829835	routine
399.5	0	0.0			0.0		0.1688253684680661	0.8311746315319339	0.0	0.0	0.0	0.0	0.0	0.0	0.0	0.04220634211701652	0.9577936578829834	4.220634211701652	95.77936578829835	routine
399.75	0	0.0			0.0		0.1688253684680661	0.8311746315319339	0.0	0.0	0.0	0.0	0.0	0.0	0.0	0.04220634211701652	0.9577936578829834	4.220634211701652	95.77936578829835	routine
400.0	0	0.0			0.0		0.1688253684680661	0.8311746315319339	0.0	0.0	0.0	0.0	0.0	0.0	0.0	0.04220634211701652	0.9577936578829834	4.220634211701652	95.77936578829835	routine
400.25	0	0.0			0.0		0.1688253684680661	0.8311746315319339	0.0	0.0	0.0	0.0	0.0	0.0	0.0	0.04220634211701652	0.9577936578829834	4.220634211701652	95.77936578829835	routine
400.5	0	0.0			0.0		0.1688253684680661	0.8311746315319339	0.0	0.0	0.0	0.0	0.0	0.0	0.0	0.04220634211701652	0.9577936578829834	4.220634211701652	95.77936578829835	routine
400.75	0	0.0			0.0		0.1688253684680661	0.8311746315319339	0.0	0.0	0.0	0.0	0.0	0.0	0.0	0.04220634211701652	0.9577936578829834	4.220634211701652	95.77936578829835	routine
401.0	0	0.0			0.0		0.1688253684680661	0.8311746315319339	0.0	0.0	0.0	0.0	0.0	0.0	0.0	0.04220634211701652	0.9577936578829834	4.220634211701652	95.77936578829835	routine
401.25	0	0.0			0.0		0.1688253684680661	0.8311746315319339	0.0	0.0	0.0	0.0	0.0	0.0	0.0	0.04220634211701652	0.9577936578829834	4.220634211701652	95.77936578829835	routine
401.5	0	0.0			0.0		0.1688253684680661	0.8311746315319339	0.0	0.0	0.0	0.0	0.0	0.0	0.0	0.04220634211701652	0.9577936578829834	4.220634211701652	95.77936578829835	routine
401.75	0	0.0			0.0		0.1688253684680661	0.8311746315319339	0.0	0.0	0.0	0.0	0.0	0.0	0.0	0.04220634211701652	0.9577936578829834	4.220634211701652	95.77936578829835	routine
402.0	0	0.0			0.0		0.1688253684680661	0.8311746315319339	0.0	0.0	0.0	0.0	0.0	0.0	0.0	0.04220634211701652	0.9577936578829834	4.220634211701652	95.77936578829835	routine
402.25	0	0.0			0.0		0.1688253684680661	0.8311746315319339	0.0	0.0	0.0	0.0	0.0	0.0	0.0	0.04220634211701652	0.9577936578829834	4.220634211701652	95.77936578829835	routine
402.5	0	0.0			0.0		0.1688253684680661	0.8311746315319339	0.0	0.0	0.0	0.0	0.0	0.0	0.0	0.04220634211701652	0.9577936578829834	4.220634211701652	95.77936578829835	routine
402.75	0	0.0			0.0		0.1688253684680661	0.8311746315319339	0.0	0.0	0.0	0.0	0.0	0.0	0.0	0.04220634211701652	0.9577936578829834	4.220634211701652	95.77936578829835	routine
403.0	0	0.0			0.0		0.1688253684680661	0.8311746315319339	0.0	0.0	0.0	0.0	0.0	0.0	0.0	0.04220634211701652	0.9577936578829834	4.220634211701652	95.77936578829835	routine
403.25	0	0.0			0.0		0.1688253684680661	0.8311746315319339	0.0	0.0	0.0	0.0	0.0	0.0	0.0	0.04220634211701652	0.9577936578829834	4.220634211701652	95.77936578829835	routine
403.5	0	0.0			0.0		0.1688253684680661	0.8311746315319339	0.0	0.0	0.0	0.0	0.0	0.0	0.0	0.04220634211701652	0.9577936578829834	4.220634211701652	95.77936578829835	routine
403.75	0	0.0			0.0		0.1688253684680661	0.8311746315319339	0.0	0.0	0.0	0.0	0.0	0.0	0.0	0.04220634211701652	0.9577936578829834	4.220634211701652	95.77936578829835	routine
404.0	0	0.0			0.0		0.1688253684680661	0.8311746315319339	0.0	0.0	0.0	0.0	0.0	0.0	0.0	0.04220634211701652	0.9577936578829834	4.220634211701652	95.77936578829835	routine
404.25	0	0.0			0.0		0.1688253684680661	0.8311746315319339	0.0	0.0	0.0	0.0	0.0	0.0	0.0	0.04220634211701652	0.9577936578829834	4.220634211701652	95.77936578829835	routine
404.5	0	0.0			0.0		0.1688253684680661	0.8311746315319339	0.0	0.0	0.0	0.0	0.0	0.0	0.0	0.04220634211701652	0.9577936578829834	4.220634211701652	95.77936578829835	routine
404.75	0	0.0			0.0		0.1688253684680661	0.8311746315319339	0.0	0.0	0.0	0.0	0.0	0.0	0.0	0.04220634211701652	0.9577936578829834	4.220634211701652	95.77936578829835	routine
405.0	0	0.0			0.0		0.1688253684680661	0.8311746315319339	0.0	0.0	0.0	0.0	0.0	0.0	0.0	0.04220634211701652	0.9577936578829834	4.220634211701652	95.77936578829835	routine
405.25	0	0.0			0.0		0.1688253684680661	0.8311746315319339	0.0	0.0	0.0	0.0	0.0	0.0	0.0	0.04220634211701652	0.9577936578829834	4.220634211701652	95.77936578829835	routine
405.5	0	0.0			0.0		0.1688253684680661	0.8311746315319339	0.0	0.0	0.0	0.0	0.0	0.0	0.0	0.04220634211701652	0.9577936578829834	4.220634211701652	95.77936578829835	routine
405.75	0	0.0			0.0		0.1688253684680661	0.8311746315319339	0.0	0.0	0.0	0.0	0.0	0.0	0.0	0.04220634211701652	0.9577936578829834	4.220634211701652	95.77936578829835	routine
406.0	0	0.0			0.0		0.1688253684680661	0.8311746315319339	0.0	0.0	0.0	0.0	0.0	0.0	0.0	0.04220634211701652	0.9577936578829834	4.220634211701652	95.77936578829835	routine
406.25	0	0.0			0.0		0.1688253684680661	0.8311746315319339	0.0	0.0	0.0	0.0	0.0	0.0	0.0	0.04220634211701652	0.9577936578829834	4.220634211701652	95.77936578829835	routine
406.5	0	0.0			0.0		0.1688253684680661	0.8311746315319339	0.0	0.0	0.0	0.0	0.0	0.0	0.0	0.04220634211701652	0.9577936578829834	4.220634211701652	95.77936578829835	routine
406.75	0	0.0			0.0		0.1688253684680661	0.8311746315319339	0.0	0.0	0.0	0.0	0.0	0.0	0.0	0.04220634211701652	0.9577936578829834	4.220634211701652	95.77936578829835	routine
407.0	0	0.0			0.0		0.1688253684680661	0.8311746315319339	0.0	0.0	0.0	0.0	0.0	0.0	0.0	0.04220634211701652	0.9577936578829834	4.220634211701652	95.77936578829835	routine
407.25	0	0.0			0.0		0.1688253684680661	0.8311746315319339	0.0	0.0	0.0	0.0	0.0	0.0	0.0	0.04220634211701652	0.9577936578829834	4.220634211701652	95.77936578829835	routine
407.5	0	0.0			0.0		0.1688253684680661	0.8311746315319339	0.0	0.0	0.0	0.0	0.0	0.0	0.0	0.04220634211701652	0.9577936578829834	4.220634211701652	95.77936578829835	routine
407.75	0	0.0			0.0		0.1688253684680661	0.8311746315319339	0.0	0.0	0.0	0.0	0.0	0.0	0.0	0.04220634211701652	0.9577936578829834	4.220634211701652	95.77936578829835	routine
408.0	0	0.0			0.0		0.1688253684680661	0.8311746315319339	0.0	0.0	0.0	0.0	0.0	0.0	0.0	0.04220634211701652	0.9577936578829834	4.220634211701652	95.77936578829835	routine
408.25	0	0.0			0.0		0.1688253684680661	0.8311746315319339	0.0	0.0	0.0	0.0	0.0	0.0	0.0	0.04220634211701652	0.9577936578829834	4.220634211701652	95.77936578829835	routine
408.5	0	0.0			0.0		0.1688253684680661	0.8311746315319339	0.0	0.0	0.0	0.0	0.0	0.0	0.0	0.04220634211701652	0.9577936578829834	4.220634211701652	95.77936578829835	routine
408.75	0	0.0			0.0		0.1688253684680661	0.8311746315319339	0.0	0.0	0.0	0.0	0.0	0.0	0.0	0.04220634211701652	0.9577936578829834	4.220634211701652	95.77936578829835	routine
409.0	0	0.0			0.0		0.1688253684680661	0.8311746315319339	0.0	0.0	0.0	0.0	0.0	0.0	0.0	0.04220634211701652	0.9577936578829834	4.220634211701652	95.77936578829835	routine
409.25	0	0.0			0.0		0.1688253684680661	0.8311746315319339	0.0	0.0	0.0	0.0	0.0	0.0	0.0	0.04220634211701652	0.9577936578829834	4.220634211701652	95.77936578829835	routine
409.5	0	0.0			0.0		0.1688253684680661	0.8311746315319339	0.0	0.0	0.0	0.0	0.0	0.0	0.0	0.04220634211701652	0.9577936578829834	4.220634211701652	95.77936578829835	routine
409.75	0	0.0			0.0		0.1688253684680661	0.8311746315319339	0.0	0.0	0.0	0.0	0.0	0.0	0.0	0.04220634211701652	0.9577936578829834	4.220634211701652	95.77936578829835	routine
410.0	0	0.0			0.0		0.1688253684680661	0.8311746315319339	0.0	0.0	0.0	0.0	0.0	0.0	0.0	0.04220634211701652	0.9577936578829834	4.220634211701652	95.77936578829835	routine
410.25	0	0.0			0.0		0.1688253684680661	0.8311746315319339	0.0	0.0	0.0	0.0	0.0	0.0	0.0	0.04220634211701652	0.9577936578829834	4.220634211701652	95.77936578829835	routine
410.5	0	0.0			0.0		0.1688253684680661	0.8311746315319339	0.0	0.0	0.0	0.0	0.0	0.0	0.0	0.04220634211701652	0.9577936578829834	4.220634211701652	95.77936578829835	routine
410.75	0	0.0			0.0		0.1688253684680661	0.8311746315319339	0.0	0.0	0.0	0.0	0.0	0.0	0.0	0.04220634211701652	0.9577936578829834	4.220634211701652	95.77936578829835	routine
411.0	0	0.0			0.0		0.1688253684680661	0.8311746315319339	0.0	0.0	0.0	0.0	0.0	0.0	0.0	0.04220634211701652	0.9577936578829834	4.220634211701652	95.77936578829835	routine
411.25	0	0.0			0.0		0.1688253684680661	0.8311746315319339	0.0	0.0	0.0	0.0	0.0	0.0	0.0	0.04220634211701652	0.9577936578829834	4.220634211701652	95.77936578829835	routine
411.5	0	0.0			0.0		0.1688253684680661	0.8311746315319339	0.0	0.0	0.0	0.0	0.0	0.0	0.0	0.04220634211701652	0.9577936578829834	4.220634211701652	95.77936578829835	routine
411.75	0	0.0			0.0		0.1688253684680661	0.8311746315319339	0.0	0.0	0.0	0.0	0.0	0.0	0.0	0.04220634211701652	0.9577936578829834	4.220634211701652	95.77936578829835	routine
412.0	0	0.0			0.0		0.1688253684680661	0.8311746315319339	0.0	0.0	0.0	0.0	0.0	0.0	0.0	0.04220634211701652	0.9577936578829834	4.220634211701652	95.77936578829835	routine
412.25	0	0.0			0.0		0.1688253684680661	0.8311746315319339	0.0	0.0	0.0	0.0	0.0	0.0	0.0	0.04220634211701652	0.9577936578829834	4.220634211701652	95.77936578829835	routine
412.5	0	0.0			0.0		0.1688253684680661	0.8311746315319339	0.0	0.0	0.0	0.0	0.0	0.0	0.0	0.04220634211701652	0.9577936578829834	4.220634211701652	95.77936578829835	routine
412.75	0	0.0			0.0		0.1688253684680661	0.8311746315319339	0.0	0.0	0.0	0.0	0.0	0.0	0.0	0.04220634211701652	0.9577936578829834	4.220634211701652	95.77936578829835	routine
413.0	0	0.0			0.0		0.1688253684680661	0.8311746315319339	0.0	0.0	0.0	0.0	0.0	0.0	0.0	0.04220634211701652	0.9577936578829834	4.220634211701652	95.77936578829835	routine
413.25	0	0.0			0.0		0.1688253684680661	0.8311746315319339	0.0	0.0	0.0	0.0	0.0	0.0	0.0	0.04220634211701652	0.9577936578829834	4.220634211701652	95.77936578829835	routine
413.5	0	0.0			0.0		0.1688253684680661	0.8311746315319339	0.0	0.0	0.0	0.0	0.0	0.0	0.0	0.04220634211701652	0.9577936578829834	4.220634211701652	95.77936578829835	routine
413.75	0	0.0			0.0		0.1688253684680661	0.8311746315319339	0.0	0.0	0.0	0.0	0.0	0.0	0.0	0.04220634211701652	0.9577936578829834	4.220634211701652	95.77936578829835	routine
414.0	0	0.0			0.0		0.1688253684680661	0.8311746315319339	0.0	0.0	0.0	0.0	0.0	0.0	0.0	0.04220634211701652	0.9577936578829834	4.220634211701652	95.77936578829835	routine
414.25	0	0.0			0.0		0.1688253684680661	0.8311746315319339	0.0	0.0	0.0	0.0	0.0	0.0	0.0	0.04220634211701652	0.9577936578829834	4.220634211701652	95.77936578829835	routine
414.5	0	0.0			0.0		0.1688253684680661	0.8311746315319339	0.0	0.0	0.0	0.0	0.0	0.0	0.0	0.04220634211701652	0.9577936578829834	4.220634211701652	95.77936578829835	routine
414.75	0	0.0			0.0		0.1688253684680661	0.8311746315319339	0.0	0.0	0.0	0.0	0.0	0.0	0.0	0.04220634211701652	0.9577936578829834	4.220634211701652	95.77936578829835	routine
415.0	0	0.0			0.0		0.1688253684680661	0.8311746315319339	0.0	0.0	0.0	0.0	0.0	0.0	0.0	0.04220634211701652	0.9577936578829834	4.220634211701652	95.77936578829835	routine
415.25	0	0.0			0.0		0.1688253684680661	0.8311746315319339	0.0	0.0	0.0	0.0	0.0	0.0	0.0	0.04220634211701652	0.9577936578829834	4.220634211701652	95.77936578829835	routine
415.5	0	0.0			0.0		0.1688253684680661	0.8311746315319339	0.0	0.0	0.0	0.0	0.0	0.0	0.0	0.04220634211701652	0.9577936578829834	4.220634211701652	95.77936578829835	routine
415.75	0	0.0			0.0		0.1688253684680661	0.8311746315319339	0.0	0.0	0.0	0.0	0.0	0.0	0.0	0.04220634211701652	0.9577936578829834	4.220634211701652	95.77936578829835	routine
416.0	0	0.0			0.0		0.1688253684680661	0.8311746315319339	0.0	0.0	0.0	0.0	0.0	0.0	0.0	0.04220634211701652	0.9577936578829834	4.220634211701652	95.77936578829835	routine
416.25	0	0.0			0.0		0.1688253684680661	0.8311746315319339	0.0	0.0	0.0	0.0	0.0	0.0	0.0	0.04220634211701652	0.9577936578829834	4.220634211701652	95.77936578829835	routine
416.5	0	0.0			0.0		0.1688253684680661	0.8311746315319339	0.0	0.0	0.0	0.0	0.0	0.0	0.0	0.04220634211701652	0.9577936578829834	4.220634211701652	95.77936578829835	routine
416.75	0	0.0			0.0		0.1688253684680661	0.8311746315319339	0.0	0.0	0.0	0.0	0.0	0.0	0.0	0.04220634211701652	0.9577936578829834	4.220634211701652	95.77936578829835	routine
417.0	0	0.0			0.0		0.1688253684680661	0.8311746315319339	0.0	0.0	0.0	0.0	0.0	0.0	0.0	0.04220634211701652	0.9577936578829834	4.220634211701652	95.77936578829835	routine
417.25	0	0.0			0.0		0.1688253684680661	0.8311746315319339	0.0	0.0	0.0	0.0	0.0	0.0	0.0	0.04220634211701652	0.9577936578829834	4.220634211701652	95.77936578829835	routine
417.5	0	0.0			0.0		0.1688253684680661	0.8311746315319339	0.0	0.0	0.0	0.0	0.0	0.0	0.0	0.04220634211701652	0.9577936578829834	4.220634211701652	95.77936578829835	routine
417.75	0	0.0			0.0		0.1688253684680661	0.8311746315319339	0.0	0.0	0.0	0.0	0.0	0.0	0.0	0.04220634211701652	0.9577936578829834	4.220634211701652	95.77936578829835	routine
418.0	0	0.0			0.0		0.1688253684680661	0.8311746315319339	0.0	0.0	0.0	0.0	0.0	0.0	0.0	0.04220634211701652	0.9577936578829834	4.220634211701652	95.77936578829835	routine
418.25	0	0.0			0.0		0.1688253684680661	0.8311746315319339	0.0	0.0	0.0	0.0	0.0	0.0	0.0	0.04220634211701652	0.9577936578829834	4.220634211701652	95.77936578829835	routine
418.5	0	0.0			0.0		0.1688253684680661	0.8311746315319339	0.0	0.0	0.0	0.0	0.0	0.0	0.0	0.04220634211701652	0.9577936578829834	4.220634211701652	95.77936578829835	routine
418.75	0	0.0			0.0		0.1688253684680661	0.8311746315319339	0.0	0.0	0.0	0.0	0.0	0.0	0.0	0.04220634211701652	0.9577936578829834	4.220634211701652	95.77936578829835	routine
419.0	0	0.0			0.0		0.1688253684680661	0.8311746315319339	0.0	0.0	0.0	0.0	0.0	0.0	0.0	0.04220634211701652	0.9577936578829834	4.220634211701652	95.77936578829835	routine
419.25	0	0.0			0.0		0.1688253684680661	0.8311746315319339	0.0	0.0	0.0	0.0	0.0	0.0	0.0	0.04220634211701652	0.9577936578829834	4.220634211701652	95.77936578829835	routine
419.5	0	0.0			0.0		0.1688253684680661	0.8311746315319339	0.0	0.0	0.0	0.0	0.0	0.0	0.0	0.04220634211701652	0.9577936578829834	4.220634211701652	95.77936578829835	routine
419.75	0	0.0			0.0		0.1688253684680661	0.8311746315319339	0.0	0.0	0.0	0.0	0.0	0.0	0.0	0.04220634211701652	0.9577936578829834	4.220634211701652	95.77936578829835	routine
420.0	0	0.0			0.0		0.1688253684680661	0.8311746315319339	0.0	0.0	0.0	0.0	0.0	0.0	0.0	0.04220634211701652	0.9577936578829834	4.220634211701652	95.77936578829835	routine
420.25	0	0.0			0.0		0.1688253684680661	0.8311746315319339	0.0	0.0	0.0	0.0	0.0	0.0	0.0	0.04220634211701652	0.9577936578829834	4.220634211701652	95.77936578829835	routine
420.5	0	0.0			0.0		0.1688253684680661	0.8311746315319339	0.0	0.0	0.0	0.0	0.0	0.0	0.0	0.04220634211701652	0.9577936578829834	4.220634211701652	95.77936578829835	routine
420.75	0	0.0			0.0		0.1688253684680661	0.8311746315319339	0.0	0.0	0.0	0.0	0.0	0.0	0.0	0.04220634211701652	0.9577936578829834	4.220634211701652	95.77936578829835	routine
421.0	0	0.0			0.0		0.1688253684680661	0.8311746315319339	0.0	0.0	0.0	0.0	0.0	0.0	0.0	0.04220634211701652	0.9577936578829834	4.220634211701652	95.77936578829835	routine
421.25	0	0.0			0.0		0.1688253684680661	0.8311746315319339	0.0	0.0	0.0	0.0	0.0	0.0	0.0	0.04220634211701652	0.9577936578829834	4.220634211701652	95.77936578829835	routine
421.5	0	0.0			0.0		0.1688253684680661	0.8311746315319339	0.0	0.0	0.0	0.0	0.0	0.0	0.0	0.04220634211701652	0.9577936578829834	4.220634211701652	95.77936578829835	routine
421.75	0	0.0			0.0		0.1688253684680661	0.8311746315319339	0.0	0.0	0.0	0.0	0.0	0.0	0.0	0.04220634211701652	0.9577936578829834	4.220634211701652	95.77936578829835	routine
422.0	0	0.0			0.0		0.1688253684680661	0.8311746315319339	0.0	0.0	0.0	0.0	0.0	0.0	0.0	0.04220634211701652	0.9577936578829834	4.220634211701652	95.77936578829835	routine
422.25	0	0.0			0.0		0.1688253684680661	0.8311746315319339	0.0	0.0	0.0	0.0	0.0	0.0	0.0	0.04220634211701652	0.9577936578829834	4.220634211701652	95.77936578829835	routine
422.5	0	0.0			0.0		0.1688253684680661	0.8311746315319339	0.0	0.0	0.0	0.0	0.0	0.0	0.0	0.04220634211701652	0.9577936578829834	4.220634211701652	95.77936578829835	routine
422.75	0	0.0			0.0		0.1688253684680661	0.8311746315319339	0.0	0.0	0.0	0.0	0.0	0.0	0.0	0.04220634211701652	0.9577936578829834	4.220634211701652	95.77936578829835	routine
423.0	0	0.0			0.0		0.1688253684680661	0.8311746315319339	0.0	0.0	0.0	0.0	0.0	0.0	0.0	0.04220634211701652	0.9577936578829834	4.220634211701652	95.77936578829835	routine
423.25	0	0.0			0.0		0.1688253684680661	0.8311746315319339	0.0	0.0	0.0	0.0	0.0	0.0	0.0	0.04220634211701652	0.9577936578829834	4.220634211701652	95.77936578829835	routine
423.5	0	0.0			0.0		0.1688253684680661	0.8311746315319339	0.0	0.0	0.0	0.0	0.0	0.0	0.0	0.04220634211701652	0.9577936578829834	4.220634211701652	95.77936578829835	routine
423.75	0	0.0			0.0		0.1688253684680661	0.8311746315319339	0.0	0.0	0.0	0.0	0.0	0.0	0.0	0.04220634211701652	0.9577936578829834	4.220634211701652	95.77936578829835	routine
424.0	0	0.0			0.0		0.1688253684680661	0.8311746315319339	0.0	0.0	0.0	0.0	0.0	0.0	0.0	0.04220634211701652	0.9577936578829834	4.220634211701652	95.77936578829835	routine
424.25	0	0.0			0.0		0.1688253684680661	0.8311746315319339	0.0	0.0	0.0	0.0	0.0	0.0	0.0	0.04220634211701652	0.9577936578829834	4.220634211701652	95.77936578829835	routine
424.5	0	0.0			0.0		0.1688253684680661	0.8311746315319339	0.0	0.0	0.0	0.0	0.0	0.0	0.0	0.04220634211701652	0.9577936578829834	4.220634211701652	95.77936578829835	routine
424.75	0	0.0			0.0		0.1688253684680661	0.8311746315319339	0.0	0.0	0.0	0.0	0.0	0.0	0.0	0.04220634211701652	0.9577936578829834	4.220634211701652	95.77936578829835	routine
425.0	0	0.0			0.0		0.1688253684680661	0.8311746315319339	0.0	0.0	0.0	0.0	0.0	0.0	0.0	0.04220634211701652	0.9577936578829834	4.220634211701652	95.77936578829835	routine
425.25	0	0.0			0.0		0.1688253684680661	0.8311746315319339	0.0	0.0	0.0	0.0	0.0	0.0	0.0	0.04220634211701652	0.9577936578829834	4.220634211701652	95.77936578829835	routine
425.5	0	0.0			0.0		0.1688253684680661	0.8311746315319339	0.0	0.0	0.0	0.0	0.0	0.0	0.0	0.04220634211701652	0.9577936578829834	4.220634211701652	95.77936578829835	routine
425.75	0	0.0			0.0		0.1688253684680661	0.8311746315319339	0.0	0.0	0.0	0.0	0.0	0.0	0.0	0.04220634211701652	0.9577936578829834	4.220634211701652	95.77936578829835	routine
426.0	0	0.0			0.0		0.1688253684680661	0.8311746315319339	0.0	0.0	0.0	0.0	0.0	0.0	0.0	0.04220634211701652	0.9577936578829834	4.220634211701652	95.77936578829835	routine
426.25	0	0.0			0.0		0.1688253684680661	0.8311746315319339	0.0	0.0	0.0	0.0	0.0	0.0	0.0	0.04220634211701652	0.9577936578829834	4.220634211701652	95.77936578829835	routine
426.5	0	0.0			0.0		0.1688253684680661	0.8311746315319339	0.0	0.0	0.0	0.0	0.0	0.0	0.0	0.04220634211701652	0.9577936578829834	4.220634211701652	95.77936578829835	routine
426.75	0	0.0			0.0		0.1688253684680661	0.8311746315319339	0.0	0.0	0.0	0.0	0.0	0.0	0.0	0.04220634211701652	0.9577936578829834	4.220634211701652	95.77936578829835	routine
427.0	0	0.0			0.0		0.1688253684680661	0.8311746315319339	0.0	0.0	0.0	0.0	0.0	0.0	0.0	0.04220634211701652	0.9577936578829834	4.220634211701652	95.77936578829835	routine
427.25	0	0.0			0.0		0.1688253684680661	0.8311746315319339	0.0	0.0	0.0	0.0	0.0	0.0	0.0	0.04220634211701652	0.9577936578829834	4.220634211701652	95.77936578829835	routine
427.5	0	0.0			0.0		0.1688253684680661	0.8311746315319339	0.0	0.0	0.0	0.0	0.0	0.0	0.0	0.04220634211701652	0.9577936578829834	4.220634211701652	95.77936578829835	routine
427.75	0	0.0			0.0		0.1688253684680661	0.8311746315319339	0.0	0.0	0.0	0.0	0.0	0.0	0.0	0.04220634211701652	0.9577936578829834	4.220634211701652	95.77936578829835	routine
428.0	0	0.0			0.0		0.1688253684680661	0.8311746315319339	0.0	0.0	0.0	0.0	0.0	0.0	0.0	0.04220634211701652	0.9577936578829834	4.220634211701652	95.77936578829835	routine
428.25	0	0.0			0.0		0.1688253684680661	0.8311746315319339	0.0	0.0	0.0	0.0	0.0	0.0	0.0	0.04220634211701652	0.9577936578829834	4.220634211701652	95.77936578829835	routine
428.5	0	0.0			0.0		0.1688253684680661	0.8311746315319339	0.0	0.0	0.0	0.0	0.0	0.0	0.0	0.04220634211701652	0.9577936578829834	4.220634211701652	95.77936578829835	routine
428.75	0	0.0			0.0		0.1688253684680661	0.8311746315319339	0.0	0.0	0.0	0.0	0.0	0.0	0.0	0.04220634211701652	0.9577936578829834	4.220634211701652	95.77936578829835	routine
429.0	0	0.0			0.0		0.1688253684680661	0.8311746315319339	0.0	0.0	0.0	0.0	0.0	0.0	0.0	0.04220634211701652	0.9577936578829834	4.220634211701652	95.77936578829835	routine
429.25	0	0.00044281175095048646	-0.0	-0.0	1.0	1.0	0.41045109423849935	0.5895489057615007	0.0	0.0	0.0	0.0	0.0	0.0	0.0	0.10261277355962484	0.8973872264403752	10.261277355962484	89.73872264403752	routine
429.5	0	0.0011464086058260799	-0.0	-0.0	1.0	1.0	0.41045109423849935	0.5895489057615007	0.0	0.0	0.0	0.0	0.0	0.0	0.0	0.10261277355962484	0.8973872264403752	10.261277355962484	89.73872264403752	routine
429.75	0	0.00278815127104042	-0.0	-0.0	1.0	1.0	0.41045109423849935	0.5895489057615007	0.0	0.0	0.0	0.0	0.0	0.0	0.0	0.10261277355962484	0.8973872264403752	10.261277355962484	89.73872264403752	routine
430.0	0	0.006370152402476008	-0.0	-0.0	1.0	1.0	0.41045109423849935	0.5895489057615007	0.0	0.0	0.0	0.0	0.0	0.0	0.0	0.10261277355962484	0.8973872264403752	10.261277355962484	89.73872264403752	routine
430.25	0	0.013672247376865081	-0.0	-0.0	1.0	1.0	0.41045109423849935	0.5895489057615007	0.0	0.0	0.0	0.0	0.0	0.0	0.0	0.10261277355962484	0.8973872264403752	10.261277355962484	89.73872264403752	routine
430.5	0	0.02756681472693802	-0.0	-0.0	1.0	1.0	0.41045109423849935	0.5895489057615007	0.0	0.0	0.0	0.0	0.0	0.0	0.0	0.10261277355962484	0.8973872264403752	10.261277355962484	89.73872264403752	routine
430.75	0	0.052214348329872366	-0.0	-0.0	1.0	1.0	0.41045109423849935	0.5895489057615007	0.0	0.0	0.0	0.0	0.0	0.0	0.0	0.10261277355962484	0.8973872264403752	10.261277355962484	89.73872264403752	routine
431.0	0	0.09290727700447056	-0.0	-0.0	1.0	1.0	0.41045109423849935	0.5895489057615007	0.0	0.0	0.0	0.0	0.0	0.0	0.0	0.10261277355962484	0.8973872264403752	10.261277355962484	89.73872264403752	routine
431.25	1	0.15529811920202574	-0.0	-0.0	1.0	1.0	0.41045109423849935	0.5895489057615007	0.0	0.0	0.0	0.0	0.0	0.0	0.0	0.10261277355962484	0.8973872264403752	10.261277355962484	89.73872264403752	routine
431.5	1	0.2438592621320581	-0.0	-0.0	1.0	1.0	0.41045109423849935	0.5895489057615007	0.0	0.0	0.0	0.0	0.0	0.0	0.0	0.10261277355962484	0.8973872264403752	10.261277355962484	89.73872264403752	routine
431.75	1	0.35972358221668543	-0.0	-0.0	1.0	1.0	0.41045109423849935	0.5895489057615007	0.0	0.0	0.0	0.0	0.0	0.0	0.0	0.10261277355962484	0.8973872264403752	10.261277355962484	89.73872264403752	routine
432.0	1	0.49848851715666215	-0.0	-0.0	1.0	1.0	0.41045109423849935	0.5895489057615007	0.0	0.0	0.0	0.0	0.0	0.0	0.0	0.10261277355962484	0.8973872264403752	10.261277355962484	89.73872264403752	routine
432.25	1	0.6489302249863688	-0.0	-0.0	1.0	1.0	0.41045109423849935	0.5895489057615007	0.0	0.0	0.0	0.0	0.0	0.0	0.0	0.10261277355962484	0.8973872264403752	10.261277355962484	89.73872264403752	routine
432.5	1	0.7935922928941437	-0.0	-0.0	1.0	1.0	0.41045109423849935	0.5895489057615007	0.0	0.0	0.0	0.0	0.0	0.0	0.0	0.10261277355962484	0.8973872264403752	10.261277355962484	89.73872264403752	routine
432.75	1	0.9117031916477966	-0.0	-0.0	1.0	1.0	0.41045109423849935	0.5895489057615007	0.0	0.0	0.0	0.0	0.0	0.0	0.0	0.10261277355962484	0.8973872264403752	10.261277355962484	89.73872264403752	routine
433.0	1	0.983934307695511	-0.0	-0.0	1.0	1.0	0.41045109423849935	0.5895489057615007	0.0	0.0	0.0	0.0	0.0	0.0	0.0	0.10261277355962484	0.8973872264403752	10.261277355962484	89.73872264403752	routine
433.25	1	0.9975515028422138	-0.0	-0.0	1.0	1.0	0.41045109423849935	0.5895489057615007	0.0	0.0	0.0	0.0	0.0	0.0	0.0	0.10261277355962484	0.8973872264403752	10.261277355962484	89.73872264403752	routine
433.5	1	0.9500821213213102	-0.0	-0.0	1.0	1.0	0.41045109423849935	0.5895489057615007	0.0	0.0	0.0	0.0	0.0	0.0	0.0	0.10261277355962484	0.8973872264403752	10.261277355962484	89.73872264403752	routine
433.75	1	0.8500482132583759	-0.0	-0.0	1.0	1.0	0.41045109423849935	0.5895489057615007	0.0	0.0	0.0	0.0	0.0	0.0	0.0	0.10261277355962484	0.8973872264403752	10.261277355962484	89.73872264403752	routine
434.0	1	0.7144676460203339	-0.0	-0.0	1.0	1.0	0.41045109423849935	0.5895489057615007	0.0	0.0	0.0	0.0	0.0	0.0	0.0	0.10261277355962484	0.8973872264403752	10.261277355962484	89.73872264403752	routine
434.25	1	0.5641286675081881	-0.0	-0.0	1.0	1.0	0.41045109423849935	0.5895489057615007	0.0	0.0	0.0	0.0	0.0	0.0	0.0	0.10261277355962484	0.8973872264403752	10.261277355962484	89.73872264403752	routine
434.5	1	0.41843727759018423	-0.0	-0.0	1.0	1.0	0.41045109423849935	0.5895489057615007	0.0	0.0	0.0	0.0	0.0	0.0	0.0	0.10261277355962484	0.8973872264403752	10.261277355962484	89.73872264403752	routine
434.75	1	0.2915675319225305	-0.0	-0.0	1.0	1.0	0.41045109423849935	0.5895489057615007	0.0	0.0	0.0	0.0	0.0	0.0	0.0	0.10261277355962484	0.8973872264403752	10.261277355962484	89.73872264403752	routine
435.0	1	0.1908554421982791	-0.0	-0.0	1.0	1.0	0.41045109423849935	0.5895489057615007	0.0	0.0	0.0	0.0	0.0	0.0	0.0	0.10261277355962484	0.8973872264403752	10.261277355962484	89.73872264403752	routine
435.25	0	0.11736173758993598	-0.0	-0.0	1.0	1.0	0.41045109423849935	0.5895489057615007	0.0	0.0	0.0	0.0	0.0	0.0	0.0	0.10261277355962484	0.8973872264403752	10.261277355962484	89.73872264403752	routine
435.5	0	0.06779616191135017	-0.0	-0.0	1.0	1.0	0.41045109423849935	0.5895489057615007	0.0	0.0	0.0	0.0	0.0	0.0	0.0	0.10261277355962484	0.8973872264403752	10.261277355962484	89.73872264403752	routine
435.75	0	0.036790888866397815	-0.0	-0.0	1.0	1.0	0.41045109423849935	0.5895489057615007	0.0	0.0	0.0	0.0	0.0	0.0	0.0	0.10261277355962484	0.8973872264403752	10.261277355962484	89.73872264403752	routine
436.0	0	0.018755646886786093	-0.0	-0.0	1.0	1.0	0.41045109423849935	0.5895489057615007	0.0	0.0	0.0	0.0	0.0	0.0	0.0	0.10261277355962484	0.8973872264403752	10.261277355962484	89.73872264403752	routine
436.25	0	0.008982152198637768	-0.0	-0.0	1.0	1.0	0.41045109423849935	0.5895489057615007	0.0	0.0	0.0	0.0	0.0	0.0	0.0	0.10261277355962484	0.8973872264403752	10.261277355962484	89.73872264403752	routine
436.5	0	0.004040967584345843	-0.0	-0.0	1.0	1.0	0.41045109423849935	0.5895489057615007	0.0	0.0	0.0	0.0	0.0	0.0	0.0	0.10261277355962484	0.8973872264403752	10.261277355962484	89.73872264403752	routine
436.75	0	0.0017078389671175323	-0.0	-0.0	1.0	1.0	0.41045109423849935	0.5895489057615007	0.0	0.0	0.0	0.0	0.0	0.0	0.0	0.10261277355962484	0.8973872264403752	10.261277355962484	89.73872264403752	routine
437.0	0	0.0006780552222420007	-0.0	-0.0	1.0	1.0	0.41045109423849935	0.5895489057615007	0.0	0.0	0.0	0.0	0.0	0.0	0.0	0.10261277355962484	0.8973872264403752	10.261277355962484	89.73872264403752	routine
437.25	0	0.0			0.0		0.1688253684680661	0.8311746315319339	0.0	0.0	0.0	0.0	0.0	0.0	0.0	0.04220634211701652	0.9577936578829834	4.220634211701652	95.77936578829835	routine
437.5	0	0.0			0.0		0.1688253684680661	0.8311746315319339	0.0	0.0	0.0	0.0	0.0	0.0	0.0	0.04220634211701652	0.9577936578829834	4.220634211701652	95.77936578829835	routine
437.75	0	0.0			0.0		0.1688253684680661	0.8311746315319339	0.0	0.0	0.0	0.0	0.0	0.0	0.0	0.04220634211701652	0.9577936578829834	4.220634211701652	95.77936578829835	routine
438.0	0	0.0			0.0		0.1688253684680661	0.8311746315319339	0.0	0.0	0.0	0.0	0.0	0.0	0.0	0.04220634211701652	0.9577936578829834	4.220634211701652	95.77936578829835	routine
438.25	0	0.0			0.0		0.1688253684680661	0.8311746315319339	0.0	0.0	0.0	0.0	0.0	0.0	0.0	0.04220634211701652	0.9577936578829834	4.220634211701652	95.77936578829835	routine
438.5	0	0.0			0.0		0.1688253684680661	0.8311746315319339	0.0	0.0	0.0	0.0	0.0	0.0	0.0	0.04220634211701652	0.9577936578829834	4.220634211701652	95.77936578829835	routine
438.75	0	0.0			0.0		0.1688253684680661	0.8311746315319339	0.0	0.0	0.0	0.0	0.0	0.0	0.0	0.04220634211701652	0.9577936578829834	4.220634211701652	95.77936578829835	routine
439.0	0	0.0			0.0		0.1688253684680661	0.8311746315319339	0.0	0.0	0.0	0.0	0.0	0.0	0.0	0.04220634211701652	0.9577936578829834	4.220634211701652	95.77936578829835	routine
439.25	0	0.0			0.0		0.1688253684680661	0.8311746315319339	0.0	0.0	0.0	0.0	0.0	0.0	0.0	0.04220634211701652	0.9577936578829834	4.220634211701652	95.77936578829835	routine
439.5	0	0.0			0.0		0.1688253684680661	0.8311746315319339	0.0	0.0	0.0	0.0	0.0	0.0	0.0	0.04220634211701652	0.9577936578829834	4.220634211701652	95.77936578829835	routine
439.75	0	0.0			0.0		0.1688253684680661	0.8311746315319339	0.0	0.0	0.0	0.0	0.0	0.0	0.0	0.04220634211701652	0.9577936578829834	4.220634211701652	95.77936578829835	routine
440.0	0	0.0			0.0		0.1688253684680661	0.8311746315319339	0.0	0.0	0.0	0.0	0.0	0.0	0.0	0.04220634211701652	0.9577936578829834	4.220634211701652	95.77936578829835	routine
440.25	0	0.0			0.0		0.1688253684680661	0.8311746315319339	0.0	0.0	0.0	0.0	0.0	0.0	0.0	0.04220634211701652	0.9577936578829834	4.220634211701652	95.77936578829835	routine
440.5	0	0.0			0.0		0.1688253684680661	0.8311746315319339	0.0	0.0	0.0	0.0	0.0	0.0	0.0	0.04220634211701652	0.9577936578829834	4.220634211701652	95.77936578829835	routine
440.75	0	0.0			0.0		0.1688253684680661	0.8311746315319339	0.0	0.0	0.0	0.0	0.0	0.0	0.0	0.04220634211701652	0.9577936578829834	4.220634211701652	95.77936578829835	routine
441.0	0	0.0			0.0		0.1688253684680661	0.8311746315319339	0.0	0.0	0.0	0.0	0.0	0.0	0.0	0.04220634211701652	0.9577936578829834	4.220634211701652	95.77936578829835	routine
441.25	0	0.0			0.0		0.1688253684680661	0.8311746315319339	0.0	0.0	0.0	0.0	0.0	0.0	0.0	0.04220634211701652	0.9577936578829834	4.220634211701652	95.77936578829835	routine
441.5	0	0.0			0.0		0.1688253684680661	0.8311746315319339	0.0	0.0	0.0	0.0	0.0	0.0	0.0	0.04220634211701652	0.9577936578829834	4.220634211701652	95.77936578829835	routine
441.75	0	0.0			0.0		0.1688253684680661	0.8311746315319339	0.0	0.0	0.0	0.0	0.0	0.0	0.0	0.04220634211701652	0.9577936578829834	4.220634211701652	95.77936578829835	routine
442.0	0	0.0			0.0		0.1688253684680661	0.8311746315319339	0.0	0.0	0.0	0.0	0.0	0.0	0.0	0.04220634211701652	0.9577936578829834	4.220634211701652	95.77936578829835	routine
442.25	0	0.0			0.0		0.1688253684680661	0.8311746315319339	0.0	0.0	0.0	0.0	0.0	0.0	0.0	0.04220634211701652	0.9577936578829834	4.220634211701652	95.77936578829835	routine
442.5	0	0.0			0.0		0.1688253684680661	0.8311746315319339	0.0	0.0	0.0	0.0	0.0	0.0	0.0	0.04220634211701652	0.9577936578829834	4.220634211701652	95.77936578829835	routine
442.75	0	0.0			0.0		0.1688253684680661	0.8311746315319339	0.0	0.0	0.0	0.0	0.0	0.0	0.0	0.04220634211701652	0.9577936578829834	4.220634211701652	95.77936578829835	routine
443.0	0	0.0			0.0		0.1688253684680661	0.8311746315319339	0.0	0.0	0.0	0.0	0.0	0.0	0.0	0.04220634211701652	0.9577936578829834	4.220634211701652	95.77936578829835	routine
443.25	0	0.0			0.0		0.1688253684680661	0.8311746315319339	0.0	0.0	0.0	0.0	0.0	0.0	0.0	0.04220634211701652	0.9577936578829834	4.220634211701652	95.77936578829835	routine
443.5	0	0.0			0.0		0.1688253684680661	0.8311746315319339	0.0	0.0	0.0	0.0	0.0	0.0	0.0	0.04220634211701652	0.9577936578829834	4.220634211701652	95.77936578829835	routine
443.75	0	0.0			0.0		0.1688253684680661	0.8311746315319339	0.0	0.0	0.0	0.0	0.0	0.0	0.0	0.04220634211701652	0.9577936578829834	4.220634211701652	95.77936578829835	routine
444.0	0	0.0			0.0		0.1688253684680661	0.8311746315319339	0.0	0.0	0.0	0.0	0.0	0.0	0.0	0.04220634211701652	0.9577936578829834	4.220634211701652	95.77936578829835	routine
444.25	0	0.0			0.0		0.1688253684680661	0.8311746315319339	0.0	0.0	0.0	0.0	0.0	0.0	0.0	0.04220634211701652	0.9577936578829834	4.220634211701652	95.77936578829835	routine
444.5	0	0.0			0.0		0.1688253684680661	0.8311746315319339	0.0	0.0	0.0	0.0	0.0	0.0	0.0	0.04220634211701652	0.9577936578829834	4.220634211701652	95.77936578829835	routine
444.75	0	0.0			0.0		0.1688253684680661	0.8311746315319339	0.0	0.0	0.0	0.0	0.0	0.0	0.0	0.04220634211701652	0.9577936578829834	4.220634211701652	95.77936578829835	routine
445.0	0	0.0			0.0		0.1688253684680661	0.8311746315319339	0.0	0.0	0.0	0.0	0.0	0.0	0.0	0.04220634211701652	0.9577936578829834	4.220634211701652	95.77936578829835	routine
445.25	0	0.0			0.0		0.1688253684680661	0.8311746315319339	0.0	0.0	0.0	0.0	0.0	0.0	0.0	0.04220634211701652	0.9577936578829834	4.220634211701652	95.77936578829835	routine
445.5	0	0.0			0.0		0.1688253684680661	0.8311746315319339	0.0	0.0	0.0	0.0	0.0	0.0	0.0	0.04220634211701652	0.9577936578829834	4.220634211701652	95.77936578829835	routine
445.75	0	0.0			0.0		0.1688253684680661	0.8311746315319339	0.0	0.0	0.0	0.0	0.0	0.0	0.0	0.04220634211701652	0.9577936578829834	4.220634211701652	95.77936578829835	routine
446.0	0	0.0			0.0		0.1688253684680661	0.8311746315319339	0.0	0.0	0.0	0.0	0.0	0.0	0.0	0.04220634211701652	0.9577936578829834	4.220634211701652	95.77936578829835	routine
446.25	0	0.0			0.0		0.1688253684680661	0.8311746315319339	0.0	0.0	0.0	0.0	0.0	0.0	0.0	0.04220634211701652	0.9577936578829834	4.220634211701652	95.77936578829835	routine
446.5	0	0.0			0.0		0.1688253684680661	0.8311746315319339	0.0	0.0	0.0	0.0	0.0	0.0	0.0	0.04220634211701652	0.9577936578829834	4.220634211701652	95.77936578829835	routine
446.75	0	0.0			0.0		0.1688253684680661	0.8311746315319339	0.0	0.0	0.0	0.0	0.0	0.0	0.0	0.04220634211701652	0.9577936578829834	4.220634211701652	95.77936578829835	routine
447.0	0	0.0			0.0		0.1688253684680661	0.8311746315319339	0.0	0.0	0.0	0.0	0.0	0.0	0.0	0.04220634211701652	0.9577936578829834	4.220634211701652	95.77936578829835	routine
447.25	0	0.0			0.0		0.1688253684680661	0.8311746315319339	0.0	0.0	0.0	0.0	0.0	0.0	0.0	0.04220634211701652	0.9577936578829834	4.220634211701652	95.77936578829835	routine
447.5	0	0.0			0.0		0.1688253684680661	0.8311746315319339	0.0	0.0	0.0	0.0	0.0	0.0	0.0	0.04220634211701652	0.9577936578829834	4.220634211701652	95.77936578829835	routine
447.75	0	0.0			0.0		0.1688253684680661	0.8311746315319339	0.0	0.0	0.0	0.0	0.0	0.0	0.0	0.04220634211701652	0.9577936578829834	4.220634211701652	95.77936578829835	routine
448.0	0	0.0			0.0		0.1688253684680661	0.8311746315319339	0.0	0.0	0.0	0.0	0.0	0.0	0.0	0.04220634211701652	0.9577936578829834	4.220634211701652	95.77936578829835	routine
448.25	0	0.0			0.0		0.1688253684680661	0.8311746315319339	0.0	0.0	0.0	0.0	0.0	0.0	0.0	0.04220634211701652	0.9577936578829834	4.220634211701652	95.77936578829835	routine
448.5	0	0.0			0.0		0.1688253684680661	0.8311746315319339	0.0	0.0	0.0	0.0	0.0	0.0	0.0	0.04220634211701652	0.9577936578829834	4.220634211701652	95.77936578829835	routine
448.75	0	0.0			0.0		0.1688253684680661	0.8311746315319339	0.0	0.0	0.0	0.0	0.0	0.0	0.0	0.04220634211701652	0.9577936578829834	4.220634211701652	95.77936578829835	routine
449.0	0	0.0			0.0		0.1688253684680661	0.8311746315319339	0.0	0.0	0.0	0.0	0.0	0.0	0.0	0.04220634211701652	0.9577936578829834	4.220634211701652	95.77936578829835	routine
449.25	0	0.0			0.0		0.1688253684680661	0.8311746315319339	0.0	0.0	0.0	0.0	0.0	0.0	0.0	0.04220634211701652	0.9577936578829834	4.220634211701652	95.77936578829835	routine
449.5	0	0.0			0.0		0.1688253684680661	0.8311746315319339	0.0	0.0	0.0	0.0	0.0	0.0	0.0	0.04220634211701652	0.9577936578829834	4.220634211701652	95.77936578829835	routine
449.75	0	0.0			0.0		0.1688253684680661	0.8311746315319339	0.0	0.0	0.0	0.0	0.0	0.0	0.0	0.04220634211701652	0.9577936578829834	4.220634211701652	95.77936578829835	routine
450.0	0	0.0			0.0		0.1688253684680661	0.8311746315319339	0.0	0.0	0.0	0.0	0.0	0.0	0.0	0.04220634211701652	0.9577936578829834	4.220634211701652	95.77936578829835	routine
450.25	0	0.0			0.0		0.1688253684680661	0.8311746315319339	0.0	0.0	0.0	0.0	0.0	0.0	0.0	0.04220634211701652	0.9577936578829834	4.220634211701652	95.77936578829835	routine
450.5	0	0.0			0.0		0.1688253684680661	0.8311746315319339	0.0	0.0	0.0	0.0	0.0	0.0	0.0	0.04220634211701652	0.9577936578829834	4.220634211701652	95.77936578829835	routine
450.75	0	0.0			0.0		0.1688253684680661	0.8311746315319339	0.0	0.0	0.0	0.0	0.0	0.0	0.0	0.04220634211701652	0.9577936578829834	4.220634211701652	95.77936578829835	routine
451.0	0	0.0			0.0		0.1688253684680661	0.8311746315319339	0.0	0.0	0.0	0.0	0.0	0.0	0.0	0.04220634211701652	0.9577936578829834	4.220634211701652	95.77936578829835	routine
451.25	0	0.0			0.0		0.1688253684680661	0.8311746315319339	0.0	0.0	0.0	0.0	0.0	0.0	0.0	0.04220634211701652	0.9577936578829834	4.220634211701652	95.77936578829835	routine
451.5	0	0.0			0.0		0.1688253684680661	0.8311746315319339	0.0	0.0	0.0	0.0	0.0	0.0	0.0	0.04220634211701652	0.9577936578829834	4.220634211701652	95.77936578829835	routine
451.75	0	0.0			0.0		0.1688253684680661	0.8311746315319339	0.0	0.0	0.0	0.0	0.0	0.0	0.0	0.04220634211701652	0.9577936578829834	4.220634211701652	95.77936578829835	routine
452.0	0	0.0			0.0		0.1688253684680661	0.8311746315319339	0.0	0.0	0.0	0.0	0.0	0.0	0.0	0.04220634211701652	0.9577936578829834	4.220634211701652	95.77936578829835	routine
452.25	0	0.0			0.0		0.1688253684680661	0.8311746315319339	0.0	0.0	0.0	0.0	0.0	0.0	0.0	0.04220634211701652	0.9577936578829834	4.220634211701652	95.77936578829835	routine
452.5	0	0.0			0.0		0.1688253684680661	0.8311746315319339	0.0	0.0	0.0	0.0	0.0	0.0	0.0	0.04220634211701652	0.9577936578829834	4.220634211701652	95.77936578829835	routine
452.75	0	0.0			0.0		0.1688253684680661	0.8311746315319339	0.0	0.0	0.0	0.0	0.0	0.0	0.0	0.04220634211701652	0.9577936578829834	4.220634211701652	95.77936578829835	routine
453.0	0	0.0			0.0		0.1688253684680661	0.8311746315319339	0.0	0.0	0.0	0.0	0.0	0.0	0.0	0.04220634211701652	0.9577936578829834	4.220634211701652	95.77936578829835	routine
453.25	0	0.0			0.0		0.1688253684680661	0.8311746315319339	0.0	0.0	0.0	0.0	0.0	0.0	0.0	0.04220634211701652	0.9577936578829834	4.220634211701652	95.77936578829835	routine
453.5	0	0.0			0.0		0.1688253684680661	0.8311746315319339	0.0	0.0	0.0	0.0	0.0	0.0	0.0	0.04220634211701652	0.9577936578829834	4.220634211701652	95.77936578829835	routine
453.75	0	0.0			0.0		0.1688253684680661	0.8311746315319339	0.0	0.0	0.0	0.0	0.0	0.0	0.0	0.04220634211701652	0.9577936578829834	4.220634211701652	95.77936578829835	routine
454.0	0	0.0			0.0		0.1688253684680661	0.8311746315319339	0.0	0.0	0.0	0.0	0.0	0.0	0.0	0.04220634211701652	0.9577936578829834	4.220634211701652	95.77936578829835	routine
454.25	0	0.0			0.0		0.1688253684680661	0.8311746315319339	0.0	0.0	0.0	0.0	0.0	0.0	0.0	0.04220634211701652	0.9577936578829834	4.220634211701652	95.77936578829835	routine
454.5	0	0.0			0.0		0.1688253684680661	0.8311746315319339	0.0	0.0	0.0	0.0	0.0	0.0	0.0	0.04220634211701652	0.9577936578829834	4.220634211701652	95.77936578829835	routine
454.75	0	0.0			0.0		0.1688253684680661	0.8311746315319339	0.0	0.0	0.0	0.0	0.0	0.0	0.0	0.04220634211701652	0.9577936578829834	4.220634211701652	95.77936578829835	routine
455.0	0	0.0			0.0		0.1688253684680661	0.8311746315319339	0.0	0.0	0.0	0.0	0.0	0.0	0.0	0.04220634211701652	0.9577936578829834	4.220634211701652	95.77936578829835	routine
455.25	0	0.0			0.0		0.1688253684680661	0.8311746315319339	0.0	0.0	0.0	0.0	0.0	0.0	0.0	0.04220634211701652	0.9577936578829834	4.220634211701652	95.77936578829835	routine
455.5	0	0.0			0.0		0.1688253684680661	0.8311746315319339	0.0	0.0	0.0	0.0	0.0	0.0	0.0	0.04220634211701652	0.9577936578829834	4.220634211701652	95.77936578829835	routine
455.75	0	0.0			0.0		0.1688253684680661	0.8311746315319339	0.0	0.0	0.0	0.0	0.0	0.0	0.0	0.04220634211701652	0.9577936578829834	4.220634211701652	95.77936578829835	routine
456.0	0	0.0			0.0		0.1688253684680661	0.8311746315319339	0.0	0.0	0.0	0.0	0.0	0.0	0.0	0.04220634211701652	0.9577936578829834	4.220634211701652	95.77936578829835	routine
456.25	0	0.0			0.0		0.1688253684680661	0.8311746315319339	0.0	0.0	0.0	0.0	0.0	0.0	0.0	0.04220634211701652	0.9577936578829834	4.220634211701652	95.77936578829835	routine
456.5	0	0.0			0.0		0.1688253684680661	0.8311746315319339	0.0	0.0	0.0	0.0	0.0	0.0	0.0	0.04220634211701652	0.9577936578829834	4.220634211701652	95.77936578829835	routine
456.75	0	0.0			0.0		0.1688253684680661	0.8311746315319339	0.0	0.0	0.0	0.0	0.0	0.0	0.0	0.04220634211701652	0.9577936578829834	4.220634211701652	95.77936578829835	routine
457.0	0	0.0			0.0		0.1688253684680661	0.8311746315319339	0.0	0.0	0.0	0.0	0.0	0.0	0.0	0.04220634211701652	0.9577936578829834	4.220634211701652	95.77936578829835	routine
457.25	0	0.0			0.0		0.1688253684680661	0.8311746315319339	0.0	0.0	0.0	0.0	0.0	0.0	0.0	0.04220634211701652	0.9577936578829834	4.220634211701652	95.77936578829835	routine
457.5	0	0.0			0.0		0.1688253684680661	0.8311746315319339	0.0	0.0	0.0	0.0	0.0	0.0	0.0	0.04220634211701652	0.9577936578829834	4.220634211701652	95.77936578829835	routine
457.75	0	0.0			0.0		0.1688253684680661	0.8311746315319339	0.0	0.0	0.0	0.0	0.0	0.0	0.0	0.04220634211701652	0.9577936578829834	4.220634211701652	95.77936578829835	routine
458.0	0	0.0			0.0		0.1688253684680661	0.8311746315319339	0.0	0.0	0.0	0.0	0.0	0.0	0.0	0.04220634211701652	0.9577936578829834	4.220634211701652	95.77936578829835	routine
458.25	0	0.0			0.0		0.1688253684680661	0.8311746315319339	0.0	0.0	0.0	0.0	0.0	0.0	0.0	0.04220634211701652	0.9577936578829834	4.220634211701652	95.77936578829835	routine
458.5	0	0.0			0.0		0.1688253684680661	0.8311746315319339	0.0	0.0	0.0	0.0	0.0	0.0	0.0	0.04220634211701652	0.9577936578829834	4.220634211701652	95.77936578829835	routine
458.75	0	0.0			0.0		0.1688253684680661	0.8311746315319339	0.0	0.0	0.0	0.0	0.0	0.0	0.0	0.04220634211701652	0.9577936578829834	4.220634211701652	95.77936578829835	routine
459.0	0	0.0			0.0		0.1688253684680661	0.8311746315319339	0.0	0.0	0.0	0.0	0.0	0.0	0.0	0.04220634211701652	0.9577936578829834	4.220634211701652	95.77936578829835	routine
459.25	0	0.0			0.0		0.1688253684680661	0.8311746315319339	0.0	0.0	0.0	0.0	0.0	0.0	0.0	0.04220634211701652	0.9577936578829834	4.220634211701652	95.77936578829835	routine
459.5	0	0.0			0.0		0.1688253684680661	0.8311746315319339	0.0	0.0	0.0	0.0	0.0	0.0	0.0	0.04220634211701652	0.9577936578829834	4.220634211701652	95.77936578829835	routine
459.75	0	0.0			0.0		0.1688253684680661	0.8311746315319339	0.0	0.0	0.0	0.0	0.0	0.0	0.0	0.04220634211701652	0.9577936578829834	4.220634211701652	95.77936578829835	routine
460.0	0	0.0			0.0		0.1688253684680661	0.8311746315319339	0.0	0.0	0.0	0.0	0.0	0.0	0.0	0.04220634211701652	0.9577936578829834	4.220634211701652	95.77936578829835	routine
460.25	0	0.0			0.0		0.1688253684680661	0.8311746315319339	0.0	0.0	0.0	0.0	0.0	0.0	0.0	0.04220634211701652	0.9577936578829834	4.220634211701652	95.77936578829835	routine
460.5	0	0.0			0.0		0.1688253684680661	0.8311746315319339	0.0	0.0	0.0	0.0	0.0	0.0	0.0	0.04220634211701652	0.9577936578829834	4.220634211701652	95.77936578829835	routine
460.75	0	0.0			0.0		0.1688253684680661	0.8311746315319339	0.0	0.0	0.0	0.0	0.0	0.0	0.0	0.04220634211701652	0.9577936578829834	4.220634211701652	95.77936578829835	routine
461.0	0	0.0			0.0		0.1688253684680661	0.8311746315319339	0.0	0.0	0.0	0.0	0.0	0.0	0.0	0.04220634211701652	0.9577936578829834	4.220634211701652	95.77936578829835	routine
461.25	0	0.0			0.0		0.1688253684680661	0.8311746315319339	0.0	0.0	0.0	0.0	0.0	0.0	0.0	0.04220634211701652	0.9577936578829834	4.220634211701652	95.77936578829835	routine
461.5	0	0.0			0.0		0.1688253684680661	0.8311746315319339	0.0	0.0	0.0	0.0	0.0	0.0	0.0	0.04220634211701652	0.9577936578829834	4.220634211701652	95.77936578829835	routine
461.75	0	0.0			0.0		0.1688253684680661	0.8311746315319339	0.0	0.0	0.0	0.0	0.0	0.0	0.0	0.04220634211701652	0.9577936578829834	4.220634211701652	95.77936578829835	routine
462.0	0	0.0			0.0		0.1688253684680661	0.8311746315319339	0.0	0.0	0.0	0.0	0.0	0.0	0.0	0.04220634211701652	0.9577936578829834	4.220634211701652	95.77936578829835	routine
462.25	0	0.0			0.0		0.1688253684680661	0.8311746315319339	0.0	0.0	0.0	0.0	0.0	0.0	0.0	0.04220634211701652	0.9577936578829834	4.220634211701652	95.77936578829835	routine
462.5	0	0.0			0.0		0.1688253684680661	0.8311746315319339	0.0	0.0	0.0	0.0	0.0	0.0	0.0	0.04220634211701652	0.9577936578829834	4.220634211701652	95.77936578829835	routine
462.75	0	0.0			0.0		0.1688253684680661	0.8311746315319339	0.0	0.0	0.0	0.0	0.0	0.0	0.0	0.04220634211701652	0.9577936578829834	4.220634211701652	95.77936578829835	routine
463.0	0	0.0			0.0		0.1688253684680661	0.8311746315319339	0.0	0.0	0.0	0.0	0.0	0.0	0.0	0.04220634211701652	0.9577936578829834	4.220634211701652	95.77936578829835	routine
463.25	0	0.0			0.0		0.1688253684680661	0.8311746315319339	0.0	0.0	0.0	0.0	0.0	0.0	0.0	0.04220634211701652	0.9577936578829834	4.220634211701652	95.77936578829835	routine
463.5	0	0.0			0.0		0.1688253684680661	0.8311746315319339	0.0	0.0	0.0	0.0	0.0	0.0	0.0	0.04220634211701652	0.9577936578829834	4.220634211701652	95.77936578829835	routine
463.75	0	0.0			0.0		0.1688253684680661	0.8311746315319339	0.0	0.0	0.0	0.0	0.0	0.0	0.0	0.04220634211701652	0.9577936578829834	4.220634211701652	95.77936578829835	routine
464.0	0	0.0			0.0		0.1688253684680661	0.8311746315319339	0.0	0.0	0.0	0.0	0.0	0.0	0.0	0.04220634211701652	0.9577936578829834	4.220634211701652	95.77936578829835	routine
464.25	0	0.0			0.0		0.1688253684680661	0.8311746315319339	0.0	0.0	0.0	0.0	0.0	0.0	0.0	0.04220634211701652	0.9577936578829834	4.220634211701652	95.77936578829835	routine
464.5	0	0.0			0.0		0.1688253684680661	0.8311746315319339	0.0	0.0	0.0	0.0	0.0	0.0	0.0	0.04220634211701652	0.9577936578829834	4.220634211701652	95.77936578829835	routine
464.75	0	0.0			0.0		0.1688253684680661	0.8311746315319339	0.0	0.0	0.0	0.0	0.0	0.0	0.0	0.04220634211701652	0.9577936578829834	4.220634211701652	95.77936578829835	routine
465.0	0	0.0			0.0		0.1688253684680661	0.8311746315319339	0.0	0.0	0.0	0.0	0.0	0.0	0.0	0.04220634211701652	0.9577936578829834	4.220634211701652	95.77936578829835	routine
465.25	0	0.0			0.0		0.1688253684680661	0.8311746315319339	0.0	0.0	0.0	0.0	0.0	0.0	0.0	0.04220634211701652	0.9577936578829834	4.220634211701652	95.77936578829835	routine
465.5	0	0.0			0.0		0.1688253684680661	0.8311746315319339	0.0	0.0	0.0	0.0	0.0	0.0	0.0	0.04220634211701652	0.9577936578829834	4.220634211701652	95.77936578829835	routine
465.75	0	0.0			0.0		0.1688253684680661	0.8311746315319339	0.0	0.0	0.0	0.0	0.0	0.0	0.0	0.04220634211701652	0.9577936578829834	4.220634211701652	95.77936578829835	routine
466.0	0	0.0			0.0		0.1688253684680661	0.8311746315319339	0.0	0.0	0.0	0.0	0.0	0.0	0.0	0.04220634211701652	0.9577936578829834	4.220634211701652	95.77936578829835	routine
466.25	0	0.0			0.0		0.1688253684680661	0.8311746315319339	0.0	0.0	0.0	0.0	0.0	0.0	0.0	0.04220634211701652	0.9577936578829834	4.220634211701652	95.77936578829835	routine
466.5	0	0.0			0.0		0.1688253684680661	0.8311746315319339	0.0	0.0	0.0	0.0	0.0	0.0	0.0	0.04220634211701652	0.9577936578829834	4.220634211701652	95.77936578829835	routine
466.75	0	0.0			0.0		0.1688253684680661	0.8311746315319339	0.0	0.0	0.0	0.0	0.0	0.0	0.0	0.04220634211701652	0.9577936578829834	4.220634211701652	95.77936578829835	routine
467.0	0	0.0			0.0		0.1688253684680661	0.8311746315319339	0.0	0.0	0.0	0.0	0.0	0.0	0.0	0.04220634211701652	0.9577936578829834	4.220634211701652	95.77936578829835	routine
467.25	0	0.0			0.0		0.1688253684680661	0.8311746315319339	0.0	0.0	0.0	0.0	0.0	0.0	0.0	0.04220634211701652	0.9577936578829834	4.220634211701652	95.77936578829835	routine
467.5	0	0.0006099335435980479	-0.0	-0.0	1.0	1.0	0.41045109423849935	0.5895489057615007	0.0	0.0	0.0	0.0	0.0	0.0	0.0	0.10261277355962484	0.8973872264403752	10.261277355962484	89.73872264403752	routine
467.75	0	0.0015469021564890543	-0.0	-0.0	1.0	1.0	0.41045109423849935	0.5895489057615007	0.0	0.0	0.0	0.0	0.0	0.0	0.0	0.10261277355962484	0.8973872264403752	10.261277355962484	89.73872264403752	routine
468.0	0	0.003685528436268848	-0.0	-0.0	1.0	1.0	0.41045109423849935	0.5895489057615007	0.0	0.0	0.0	0.0	0.0	0.0	0.0	0.10261277355962484	0.8973872264403752	10.261277355962484	89.73872264403752	routine
468.25	0	0.00824884765438761	-0.0	-0.0	1.0	1.0	0.41045109423849935	0.5895489057615007	0.0	0.0	0.0	0.0	0.0	0.0	0.0	0.10261277355962484	0.8973872264403752	10.261277355962484	89.73872264403752	routine
468.5	0	0.01734376554676712	-0.0	-0.0	1.0	1.0	0.41045109423849935	0.5895489057615007	0.0	0.0	0.0	0.0	0.0	0.0	0.0	0.10261277355962484	0.8973872264403752	10.261277355962484	89.73872264403752	routine
468.75	0	0.034257060941568954	-0.0	-0.0	1.0	1.0	0.41045109423849935	0.5895489057615007	0.0	0.0	0.0	0.0	0.0	0.0	0.0	0.10261277355962484	0.8973872264403752	10.261277355962484	89.73872264403752	routine
469.0	0	0.06356431940925447	-0.0	-0.0	1.0	1.0	0.41045109423849935	0.5895489057615007	0.0	0.0	0.0	0.0	0.0	0.0	0.0	0.10261277355962484	0.8973872264403752	10.261277355962484	89.73872264403752	routine
469.25	0	0.11079835108986806	-0.0	-0.0	1.0	1.0	0.41045109423849935	0.5895489057615007	0.0	0.0	0.0	0.0	0.0	0.0	0.0	0.10261277355962484	0.8973872264403752	10.261277355962484	89.73872264403752	routine
469.5	1	0.1814302871969931	-0.0	-0.0	1.0	1.0	0.41045109423849935	0.5895489057615007	0.0	0.0	0.0	0.0	0.0	0.0	0.0	0.10261277355962484	0.8973872264403752	10.261277355962484	89.73872264403752	routine
469.75	1	0.2790890990702399	-0.0	-0.0	1.0	1.0	0.41045109423849935	0.5895489057615007	0.0	0.0	0.0	0.0	0.0	0.0	0.0	0.10261277355962484	0.8973872264403752	10.261277355962484	89.73872264403752	routine
470.0	1	0.4033040231264304	-0.0	-0.0	1.0	1.0	0.41045109423849935	0.5895489057615007	0.0	0.0	0.0	0.0	0.0	0.0	0.0	0.10261277355962484	0.8973872264403752	10.261277355962484	89.73872264403752	routine
470.25	1	0.5474933263763774	-0.0	-0.0	1.0	1.0	0.41045109423849935	0.5895489057615007	0.0	0.0	0.0	0.0	0.0	0.0	0.0	0.10261277355962484	0.8973872264403752	10.261277355962484	89.73872264403752	routine
470.5	1	0.6982029831918255	-0.0	-0.0	1.0	1.0	0.41045109423849935	0.5895489057615007	0.0	0.0	0.0	0.0	0.0	0.0	0.0	0.10261277355962484	0.8973872264403752	10.261277355962484	89.73872264403752	routine
470.75	1	0.8364522722829962	-0.0	-0.0	1.0	1.0	0.41045109423849935	0.5895489057615007	0.0	0.0	0.0	0.0	0.0	0.0	0.0	0.10261277355962484	0.8973872264403752	10.261277355962484	89.73872264403752	routine
471.0	1	0.941363218703022	-0.0	-0.0	1.0	1.0	0.41045109423849935	0.5895489057615007	0.0	0.0	0.0	0.0	0.0	0.0	0.0	0.10261277355962484	0.8973872264403752	10.261277355962484	89.73872264403752	routine
471.25	1	0.9952447157107387	-0.0	-0.0	1.0	1.0	0.41045109423849935	0.5895489057615007	0.0	0.0	0.0	0.0	0.0	0.0	0.0	0.10261277355962484	0.8973872264403752	10.261277355962484	89.73872264403752	routine
471.5	1	0.9884600700999762	-0.0	-0.0	1.0	1.0	0.41045109423849935	0.5895489057615007	0.0	0.0	0.0	0.0	0.0	0.0	0.0	0.10261277355962484	0.8973872264403752	10.261277355962484	89.73872264403752	routine
471.75	1	0.9222421663346296	-0.0	-0.0	1.0	1.0	0.41045109423849935	0.5895489057615007	0.0	0.0	0.0	0.0	0.0	0.0	0.0	0.10261277355962484	0.8973872264403752	10.261277355962484	89.73872264403752	routine
472.0	1	0.8083276125029314	-0.0	-0.0	1.0	1.0	0.41045109423849935	0.5895489057615007	0.0	0.0	0.0	0.0	0.0	0.0	0.0	0.10261277355962484	0.8973872264403752	10.261277355962484	89.73872264403752	routine
472.25	1	0.6655588291592044	-0.0	-0.0	1.0	1.0	0.41045109423849935	0.5895489057615007	0.0	0.0	0.0	0.0	0.0	0.0	0.0	0.10261277355962484	0.8973872264403752	10.261277355962484	89.73872264403752	routine
472.5	1	0.5148041964835429	-0.0	-0.0	1.0	1.0	0.41045109423849935	0.5895489057615007	0.0	0.0	0.0	0.0	0.0	0.0	0.0	0.10261277355962484	0.8973872264403752	10.261277355962484	89.73872264403752	routine
472.75	1	0.3740712257139722	-0.0	-0.0	1.0	1.0	0.41045109423849935	0.5895489057615007	0.0	0.0	0.0	0.0	0.0	0.0	0.0	0.10261277355962484	0.8973872264403752	10.261277355962484	89.73872264403752	routine
473.0	1	0.255342509232812	-0.0	-0.0	1.0	1.0	0.41045109423849935	0.5895489057615007	0.0	0.0	0.0	0.0	0.0	0.0	0.0	0.10261277355962484	0.8973872264403752	10.261277355962484	89.73872264403752	routine
473.25	1	0.16373764354021184	-0.0	-0.0	1.0	1.0	0.41045109423849935	0.5895489057615007	0.0	0.0	0.0	0.0	0.0	0.0	0.0	0.10261277355962484	0.8973872264403752	10.261277355962484	89.73872264403752	routine
473.5	0	0.0986348855023661	-0.0	-0.0	1.0	1.0	0.41045109423849935	0.5895489057615007	0.0	0.0	0.0	0.0	0.0	0.0	0.0	0.10261277355962484	0.8973872264403752	10.261277355962484	89.73872264403752	routine
473.75	0	0.055817341594904604	-0.0	-0.0	1.0	1.0	0.41045109423849935	0.5895489057615007	0.0	0.0	0.0	0.0	0.0	0.0	0.0	0.10261277355962484	0.8973872264403752	10.261277355962484	89.73872264403752	routine
474.0	0	0.029673197502706264	-0.0	-0.0	1.0	1.0	0.41045109423849935	0.5895489057615007	0.0	0.0	0.0	0.0	0.0	0.0	0.0	0.10261277355962484	0.8973872264403752	10.261277355962484	89.73872264403752	routine
474.25	0	0.014818905917003666	-0.0	-0.0	1.0	1.0	0.41045109423849935	0.5895489057615007	0.0	0.0	0.0	0.0	0.0	0.0	0.0	0.10261277355962484	0.8973872264403752	10.261277355962484	89.73872264403752	routine
474.5	0	0.0069522363679716745	-0.0	-0.0	1.0	1.0	0.41045109423849935	0.5895489057615007	0.0	0.0	0.0	0.0	0.0	0.0	0.0	0.10261277355962484	0.8973872264403752	10.261277355962484	89.73872264403752	routine
474.75	0	0.003064005302270501	-0.0	-0.0	1.0	1.0	0.41045109423849935	0.5895489057615007	0.0	0.0	0.0	0.0	0.0	0.0	0.0	0.10261277355962484	0.8973872264403752	10.261277355962484	89.73872264403752	routine
475.0	0	0.001268560226419671	-0.0	-0.0	1.0	1.0	0.41045109423849935	0.5895489057615007	0.0	0.0	0.0	0.0	0.0	0.0	0.0	0.10261277355962484	0.8973872264403752	10.261277355962484	89.73872264403752	routine
475.25	0	0.0004933887739324468	-0.0	-0.0	1.0	1.0	0.41045109423849935	0.5895489057615007	0.0	0.0	0.0	0.0	0.0	0.0	0.0	0.10261277355962484	0.8973872264403752	10.261277355962484	89.73872264403752	routine
475.5	0	0.0			0.0		0.1688253684680661	0.8311746315319339	0.0	0.0	0.0	0.0	0.0	0.0	0.0	0.04220634211701652	0.9577936578829834	4.220634211701652	95.77936578829835	routine
475.75	0	0.0			0.0		0.1688253684680661	0.8311746315319339	0.0	0.0	0.0	0.0	0.0	0.0	0.0	0.04220634211701652	0.9577936578829834	4.220634211701652	95.77936578829835	routine
476.0	0	0.0			0.0		0.1688253684680661	0.8311746315319339	0.0	0.0	0.0	0.0	0.0	0.0	0.0	0.04220634211701652	0.9577936578829834	4.220634211701652	95.77936578829835	routine
476.25	0	0.0			0.0		0.1688253684680661	0.8311746315319339	0.0	0.0	0.0	0.0	0.0	0.0	0.0	0.04220634211701652	0.9577936578829834	4.220634211701652	95.77936578829835	routine
476.5	0	0.0			0.0		0.1688253684680661	0.8311746315319339	0.0	0.0	0.0	0.0	0.0	0.0	0.0	0.04220634211701652	0.9577936578829834	4.220634211701652	95.77936578829835	routine
476.75	0	0.0			0.0		0.1688253684680661	0.8311746315319339	0.0	0.0	0.0	0.0	0.0	0.0	0.0	0.04220634211701652	0.9577936578829834	4.220634211701652	95.77936578829835	routine
477.0	0	0.0			0.0		0.1688253684680661	0.8311746315319339	0.0	0.0	0.0	0.0	0.0	0.0	0.0	0.04220634211701652	0.9577936578829834	4.220634211701652	95.77936578829835	routine
477.25	0	0.0			0.0		0.1688253684680661	0.8311746315319339	0.0	0.0	0.0	0.0	0.0	0.0	0.0	0.04220634211701652	0.9577936578829834	4.220634211701652	95.77936578829835	routine
477.5	0	0.0			0.0		0.1688253684680661	0.8311746315319339	0.0	0.0	0.0	0.0	0.0	0.0	0.0	0.04220634211701652	0.9577936578829834	4.220634211701652	95.77936578829835	routine
477.75	0	0.0			0.0		0.1688253684680661	0.8311746315319339	0.0	0.0	0.0	0.0	0.0	0.0	0.0	0.04220634211701652	0.9577936578829834	4.220634211701652	95.77936578829835	routine
478.0	0	0.0			0.0		0.1688253684680661	0.8311746315319339	0.0	0.0	0.0	0.0	0.0	0.0	0.0	0.04220634211701652	0.9577936578829834	4.220634211701652	95.77936578829835	routine
478.25	0	0.0			0.0		0.1688253684680661	0.8311746315319339	0.0	0.0	0.0	0.0	0.0	0.0	0.0	0.04220634211701652	0.9577936578829834	4.220634211701652	95.77936578829835	routine
478.5	0	0.0			0.0		0.1688253684680661	0.8311746315319339	0.0	0.0	0.0	0.0	0.0	0.0	0.0	0.04220634211701652	0.9577936578829834	4.220634211701652	95.77936578829835	routine
478.75	0	0.0			0.0		0.1688253684680661	0.8311746315319339	0.0	0.0	0.0	0.0	0.0	0.0	0.0	0.04220634211701652	0.9577936578829834	4.220634211701652	95.77936578829835	routine
479.0	0	0.0			0.0		0.1688253684680661	0.8311746315319339	0.0	0.0	0.0	0.0	0.0	0.0	0.0	0.04220634211701652	0.9577936578829834	4.220634211701652	95.77936578829835	routine
479.25	0	0.0			0.0		0.1688253684680661	0.8311746315319339	0.0	0.0	0.0	0.0	0.0	0.0	0.0	0.04220634211701652	0.9577936578829834	4.220634211701652	95.77936578829835	routine
479.5	0	0.0			0.0		0.1688253684680661	0.8311746315319339	0.0	0.0	0.0	0.0	0.0	0.0	0.0	0.04220634211701652	0.9577936578829834	4.220634211701652	95.77936578829835	routine
479.75	0	0.0			0.0		0.1688253684680661	0.8311746315319339	0.0	0.0	0.0	0.0	0.0	0.0	0.0	0.04220634211701652	0.9577936578829834	4.220634211701652	95.77936578829835	routine
480.0	0	0.0			0.0		0.1688253684680661	0.8311746315319339	0.0	0.0	0.0	0.0	0.0	0.0	0.0	0.04220634211701652	0.9577936578829834	4.220634211701652	95.77936578829835	routine
480.25	0	0.0			0.0		0.1688253684680661	0.8311746315319339	0.0	0.0	0.0	0.0	0.0	0.0	0.0	0.04220634211701652	0.9577936578829834	4.220634211701652	95.77936578829835	routine
480.5	0	0.0			0.0		0.1688253684680661	0.8311746315319339	0.0	0.0	0.0	0.0	0.0	0.0	0.0	0.04220634211701652	0.9577936578829834	4.220634211701652	95.77936578829835	routine
480.75	0	0.0			0.0		0.1688253684680661	0.8311746315319339	0.0	0.0	0.0	0.0	0.0	0.0	0.0	0.04220634211701652	0.9577936578829834	4.220634211701652	95.77936578829835	routine
481.0	0	0.0			0.0		0.1688253684680661	0.8311746315319339	0.0	0.0	0.0	0.0	0.0	0.0	0.0	0.04220634211701652	0.9577936578829834	4.220634211701652	95.77936578829835	routine
481.25	0	0.0			0.0		0.1688253684680661	0.8311746315319339	0.0	0.0	0.0	0.0	0.0	0.0	0.0	0.04220634211701652	0.9577936578829834	4.220634211701652	95.77936578829835	routine
481.5	0	0.0			0.0		0.1688253684680661	0.8311746315319339	0.0	0.0	0.0	0.0	0.0	0.0	0.0	0.04220634211701652	0.9577936578829834	4.220634211701652	95.77936578829835	routine
481.75	0	0.0			0.0		0.1688253684680661	0.8311746315319339	0.0	0.0	0.0	0.0	0.0	0.0	0.0	0.04220634211701652	0.9577936578829834	4.220634211701652	95.77936578829835	routine
482.0	0	0.0			0.0		0.1688253684680661	0.8311746315319339	0.0	0.0	0.0	0.0	0.0	0.0	0.0	0.04220634211701652	0.9577936578829834	4.220634211701652	95.77936578829835	routine
482.25	0	0.0			0.0		0.1688253684680661	0.8311746315319339	0.0	0.0	0.0	0.0	0.0	0.0	0.0	0.04220634211701652	0.9577936578829834	4.220634211701652	95.77936578829835	routine
482.5	0	0.0			0.0		0.1688253684680661	0.8311746315319339	0.0	0.0	0.0	0.0	0.0	0.0	0.0	0.04220634211701652	0.9577936578829834	4.220634211701652	95.77936578829835	routine
482.75	0	0.0			0.0		0.1688253684680661	0.8311746315319339	0.0	0.0	0.0	0.0	0.0	0.0	0.0	0.04220634211701652	0.9577936578829834	4.220634211701652	95.77936578829835	routine
483.0	0	0.0			0.0		0.1688253684680661	0.8311746315319339	0.0	0.0	0.0	0.0	0.0	0.0	0.0	0.04220634211701652	0.9577936578829834	4.220634211701652	95.77936578829835	routine
483.25	0	0.0			0.0		0.1688253684680661	0.8311746315319339	0.0	0.0	0.0	0.0	0.0	0.0	0.0	0.04220634211701652	0.9577936578829834	4.220634211701652	95.77936578829835	routine
483.5	0	0.0			0.0		0.1688253684680661	0.8311746315319339	0.0	0.0	0.0	0.0	0.0	0.0	0.0	0.04220634211701652	0.9577936578829834	4.220634211701652	95.77936578829835	routine
483.75	0	0.0			0.0		0.1688253684680661	0.8311746315319339	0.0	0.0	0.0	0.0	0.0	0.0	0.0	0.04220634211701652	0.9577936578829834	4.220634211701652	95.77936578829835	routine
484.0	0	0.0			0.0		0.1688253684680661	0.8311746315319339	0.0	0.0	0.0	0.0	0.0	0.0	0.0	0.04220634211701652	0.9577936578829834	4.220634211701652	95.77936578829835	routine
484.25	0	0.0			0.0		0.1688253684680661	0.8311746315319339	0.0	0.0	0.0	0.0	0.0	0.0	0.0	0.04220634211701652	0.9577936578829834	4.220634211701652	95.77936578829835	routine
484.5	0	0.0			0.0		0.1688253684680661	0.8311746315319339	0.0	0.0	0.0	0.0	0.0	0.0	0.0	0.04220634211701652	0.9577936578829834	4.220634211701652	95.77936578829835	routine
484.75	0	0.0			0.0		0.1688253684680661	0.8311746315319339	0.0	0.0	0.0	0.0	0.0	0.0	0.0	0.04220634211701652	0.9577936578829834	4.220634211701652	95.77936578829835	routine
485.0	0	0.0			0.0		0.1688253684680661	0.8311746315319339	0.0	0.0	0.0	0.0	0.0	0.0	0.0	0.04220634211701652	0.9577936578829834	4.220634211701652	95.77936578829835	routine
485.25	0	0.0			0.0		0.1688253684680661	0.8311746315319339	0.0	0.0	0.0	0.0	0.0	0.0	0.0	0.04220634211701652	0.9577936578829834	4.220634211701652	95.77936578829835	routine
485.5	0	0.0			0.0		0.1688253684680661	0.8311746315319339	0.0	0.0	0.0	0.0	0.0	0.0	0.0	0.04220634211701652	0.9577936578829834	4.220634211701652	95.77936578829835	routine
485.75	0	0.0			0.0		0.1688253684680661	0.8311746315319339	0.0	0.0	0.0	0.0	0.0	0.0	0.0	0.04220634211701652	0.9577936578829834	4.220634211701652	95.77936578829835	routine
486.0	0	0.0			0.0		0.1688253684680661	0.8311746315319339	0.0	0.0	0.0	0.0	0.0	0.0	0.0	0.04220634211701652	0.9577936578829834	4.220634211701652	95.77936578829835	routine
486.25	0	0.0			0.0		0.1688253684680661	0.8311746315319339	0.0	0.0	0.0	0.0	0.0	0.0	0.0	0.04220634211701652	0.9577936578829834	4.220634211701652	95.77936578829835	routine
486.5	0	0.0			0.0		0.1688253684680661	0.8311746315319339	0.0	0.0	0.0	0.0	0.0	0.0	0.0	0.04220634211701652	0.9577936578829834	4.220634211701652	95.77936578829835	routine
486.75	0	0.0			0.0		0.1688253684680661	0.8311746315319339	0.0	0.0	0.0	0.0	0.0	0.0	0.0	0.04220634211701652	0.9577936578829834	4.220634211701652	95.77936578829835	routine
487.0	0	0.0			0.0		0.1688253684680661	0.8311746315319339	0.0	0.0	0.0	0.0	0.0	0.0	0.0	0.04220634211701652	0.9577936578829834	4.220634211701652	95.77936578829835	routine
487.25	0	0.0			0.0		0.1688253684680661	0.8311746315319339	0.0	0.0	0.0	0.0	0.0	0.0	0.0	0.04220634211701652	0.9577936578829834	4.220634211701652	95.77936578829835	routine
487.5	0	0.0			0.0		0.1688253684680661	0.8311746315319339	0.0	0.0	0.0	0.0	0.0	0.0	0.0	0.04220634211701652	0.9577936578829834	4.220634211701652	95.77936578829835	routine
487.75	0	0.0			0.0		0.1688253684680661	0.8311746315319339	0.0	0.0	0.0	0.0	0.0	0.0	0.0	0.04220634211701652	0.9577936578829834	4.220634211701652	95.77936578829835	routine
488.0	0	0.0			0.0		0.1688253684680661	0.8311746315319339	0.0	0.0	0.0	0.0	0.0	0.0	0.0	0.04220634211701652	0.9577936578829834	4.220634211701652	95.77936578829835	routine
488.25	0	0.0			0.0		0.1688253684680661	0.8311746315319339	0.0	0.0	0.0	0.0	0.0	0.0	0.0	0.04220634211701652	0.9577936578829834	4.220634211701652	95.77936578829835	routine
488.5	0	0.0			0.0		0.1688253684680661	0.8311746315319339	0.0	0.0	0.0	0.0	0.0	0.0	0.0	0.04220634211701652	0.9577936578829834	4.220634211701652	95.77936578829835	routine
488.75	0	0.0			0.0		0.1688253684680661	0.8311746315319339	0.0	0.0	0.0	0.0	0.0	0.0	0.0	0.04220634211701652	0.9577936578829834	4.220634211701652	95.77936578829835	routine
489.0	0	0.0			0.0		0.1688253684680661	0.8311746315319339	0.0	0.0	0.0	0.0	0.0	0.0	0.0	0.04220634211701652	0.9577936578829834	4.220634211701652	95.77936578829835	routine
489.25	0	0.0			0.0		0.1688253684680661	0.8311746315319339	0.0	0.0	0.0	0.0	0.0	0.0	0.0	0.04220634211701652	0.9577936578829834	4.220634211701652	95.77936578829835	routine
489.5	0	0.0			0.0		0.1688253684680661	0.8311746315319339	0.0	0.0	0.0	0.0	0.0	0.0	0.0	0.04220634211701652	0.9577936578829834	4.220634211701652	95.77936578829835	routine
489.75	0	0.0			0.0		0.1688253684680661	0.8311746315319339	0.0	0.0	0.0	0.0	0.0	0.0	0.0	0.04220634211701652	0.9577936578829834	4.220634211701652	95.77936578829835	routine
490.0	0	0.0			0.0		0.1688253684680661	0.8311746315319339	0.0	0.0	0.0	0.0	0.0	0.0	0.0	0.04220634211701652	0.9577936578829834	4.220634211701652	95.77936578829835	routine
490.25	0	0.0			0.0		0.1688253684680661	0.8311746315319339	0.0	0.0	0.0	0.0	0.0	0.0	0.0	0.04220634211701652	0.9577936578829834	4.220634211701652	95.77936578829835	routine
490.5	0	0.0			0.0		0.1688253684680661	0.8311746315319339	0.0	0.0	0.0	0.0	0.0	0.0	0.0	0.04220634211701652	0.9577936578829834	4.220634211701652	95.77936578829835	routine
490.75	0	0.0			0.0		0.1688253684680661	0.8311746315319339	0.0	0.0	0.0	0.0	0.0	0.0	0.0	0.04220634211701652	0.9577936578829834	4.220634211701652	95.77936578829835	routine
491.0	0	0.0			0.0		0.1688253684680661	0.8311746315319339	0.0	0.0	0.0	0.0	0.0	0.0	0.0	0.04220634211701652	0.9577936578829834	4.220634211701652	95.77936578829835	routine
491.25	0	0.0			0.0		0.1688253684680661	0.8311746315319339	0.0	0.0	0.0	0.0	0.0	0.0	0.0	0.04220634211701652	0.9577936578829834	4.220634211701652	95.77936578829835	routine
491.5	0	0.0			0.0		0.1688253684680661	0.8311746315319339	0.0	0.0	0.0	0.0	0.0	0.0	0.0	0.04220634211701652	0.9577936578829834	4.220634211701652	95.77936578829835	routine
491.75	0	0.0			0.0		0.1688253684680661	0.8311746315319339	0.0	0.0	0.0	0.0	0.0	0.0	0.0	0.04220634211701652	0.9577936578829834	4.220634211701652	95.77936578829835	routine
492.0	0	0.0			0.0		0.1688253684680661	0.8311746315319339	0.0	0.0	0.0	0.0	0.0	0.0	0.0	0.04220634211701652	0.9577936578829834	4.220634211701652	95.77936578829835	routine
492.25	0	0.0			0.0		0.1688253684680661	0.8311746315319339	0.0	0.0	0.0	0.0	0.0	0.0	0.0	0.04220634211701652	0.9577936578829834	4.220634211701652	95.77936578829835	routine
492.5	0	0.0			0.0		0.1688253684680661	0.8311746315319339	0.0	0.0	0.0	0.0	0.0	0.0	0.0	0.04220634211701652	0.9577936578829834	4.220634211701652	95.77936578829835	routine
492.75	0	0.0			0.0		0.1688253684680661	0.8311746315319339	0.0	0.0	0.0	0.0	0.0	0.0	0.0	0.04220634211701652	0.9577936578829834	4.220634211701652	95.77936578829835	routine
493.0	0	0.0			0.0		0.1688253684680661	0.8311746315319339	0.0	0.0	0.0	0.0	0.0	0.0	0.0	0.04220634211701652	0.9577936578829834	4.220634211701652	95.77936578829835	routine
493.25	0	0.0			0.0		0.1688253684680661	0.8311746315319339	0.0	0.0	0.0	0.0	0.0	0.0	0.0	0.04220634211701652	0.9577936578829834	4.220634211701652	95.77936578829835	routine
493.5	0	0.0			0.0		0.1688253684680661	0.8311746315319339	0.0	0.0	0.0	0.0	0.0	0.0	0.0	0.04220634211701652	0.9577936578829834	4.220634211701652	95.77936578829835	routine
493.75	0	0.0			0.0		0.1688253684680661	0.8311746315319339	0.0	0.0	0.0	0.0	0.0	0.0	0.0	0.04220634211701652	0.9577936578829834	4.220634211701652	95.77936578829835	routine
494.0	0	0.0			0.0		0.1688253684680661	0.8311746315319339	0.0	0.0	0.0	0.0	0.0	0.0	0.0	0.04220634211701652	0.9577936578829834	4.220634211701652	95.77936578829835	routine
494.25	0	0.0			0.0		0.1688253684680661	0.8311746315319339	0.0	0.0	0.0	0.0	0.0	0.0	0.0	0.04220634211701652	0.9577936578829834	4.220634211701652	95.77936578829835	routine
494.5	0	0.0			0.0		0.1688253684680661	0.8311746315319339	0.0	0.0	0.0	0.0	0.0	0.0	0.0	0.04220634211701652	0.9577936578829834	4.220634211701652	95.77936578829835	routine
494.75	0	0.0			0.0		0.1688253684680661	0.8311746315319339	0.0	0.0	0.0	0.0	0.0	0.0	0.0	0.04220634211701652	0.9577936578829834	4.220634211701652	95.77936578829835	routine
495.0	0	0.0			0.0		0.1688253684680661	0.8311746315319339	0.0	0.0	0.0	0.0	0.0	0.0	0.0	0.04220634211701652	0.9577936578829834	4.220634211701652	95.77936578829835	routine
495.25	0	0.0			0.0		0.1688253684680661	0.8311746315319339	0.0	0.0	0.0	0.0	0.0	0.0	0.0	0.04220634211701652	0.9577936578829834	4.220634211701652	95.77936578829835	routine
495.5	0	0.0			0.0		0.1688253684680661	0.8311746315319339	0.0	0.0	0.0	0.0	0.0	0.0	0.0	0.04220634211701652	0.9577936578829834	4.220634211701652	95.77936578829835	routine
495.75	0	0.0			0.0		0.1688253684680661	0.8311746315319339	0.0	0.0	0.0	0.0	0.0	0.0	0.0	0.04220634211701652	0.9577936578829834	4.220634211701652	95.77936578829835	routine
496.0	0	0.0			0.0		0.1688253684680661	0.8311746315319339	0.0	0.0	0.0	0.0	0.0	0.0	0.0	0.04220634211701652	0.9577936578829834	4.220634211701652	95.77936578829835	routine
496.25	0	0.0			0.0		0.1688253684680661	0.8311746315319339	0.0	0.0	0.0	0.0	0.0	0.0	0.0	0.04220634211701652	0.9577936578829834	4.220634211701652	95.77936578829835	routine
496.5	0	0.0			0.0		0.1688253684680661	0.8311746315319339	0.0	0.0	0.0	0.0	0.0	0.0	0.0	0.04220634211701652	0.9577936578829834	4.220634211701652	95.77936578829835	routine
496.75	0	0.0			0.0		0.1688253684680661	0.8311746315319339	0.0	0.0	0.0	0.0	0.0	0.0	0.0	0.04220634211701652	0.9577936578829834	4.220634211701652	95.77936578829835	routine
497.0	0	0.0			0.0		0.1688253684680661	0.8311746315319339	0.0	0.0	0.0	0.0	0.0	0.0	0.0	0.04220634211701652	0.9577936578829834	4.220634211701652	95.77936578829835	routine
497.25	0	0.0			0.0		0.1688253684680661	0.8311746315319339	0.0	0.0	0.0	0.0	0.0	0.0	0.0	0.04220634211701652	0.9577936578829834	4.220634211701652	95.77936578829835	routine
497.5	0	0.0			0.0		0.1688253684680661	0.8311746315319339	0.0	0.0	0.0	0.0	0.0	0.0	0.0	0.04220634211701652	0.9577936578829834	4.220634211701652	95.77936578829835	routine
497.75	0	0.0			0.0		0.1688253684680661	0.8311746315319339	0.0	0.0	0.0	0.0	0.0	0.0	0.0	0.04220634211701652	0.9577936578829834	4.220634211701652	95.77936578829835	routine
498.0	0	0.0			0.0		0.1688253684680661	0.8311746315319339	0.0	0.0	0.0	0.0	0.0	0.0	0.0	0.04220634211701652	0.9577936578829834	4.220634211701652	95.77936578829835	routine
498.25	0	0.0			0.0		0.1688253684680661	0.8311746315319339	0.0	0.0	0.0	0.0	0.0	0.0	0.0	0.04220634211701652	0.9577936578829834	4.220634211701652	95.77936578829835	routine
498.5	0	0.0			0.0		0.1688253684680661	0.8311746315319339	0.0	0.0	0.0	0.0	0.0	0.0	0.0	0.04220634211701652	0.9577936578829834	4.220634211701652	95.77936578829835	routine
498.75	0	0.0			0.0		0.1688253684680661	0.8311746315319339	0.0	0.0	0.0	0.0	0.0	0.0	0.0	0.04220634211701652	0.9577936578829834	4.220634211701652	95.77936578829835	routine
499.0	0	0.0			0.0		0.1688253684680661	0.8311746315319339	0.0	0.0	0.0	0.0	0.0	0.0	0.0	0.04220634211701652	0.9577936578829834	4.220634211701652	95.77936578829835	routine
499.25	0	0.0			0.0		0.1688253684680661	0.8311746315319339	0.0	0.0	0.0	0.0	0.0	0.0	0.0	0.04220634211701652	0.9577936578829834	4.220634211701652	95.77936578829835	routine
499.5	0	0.0			0.0		0.1688253684680661	0.8311746315319339	0.0	0.0	0.0	0.0	0.0	0.0	0.0	0.04220634211701652	0.9577936578829834	4.220634211701652	95.77936578829835	routine
499.75	0	0.0			0.0		0.1688253684680661	0.8311746315319339	0.0	0.0	0.0	0.0	0.0	0.0	0.0	0.04220634211701652	0.9577936578829834	4.220634211701652	95.77936578829835	routine
500.0	0	0.0			0.0		0.1688253684680661	0.8311746315319339	0.0	0.0	0.0	0.0	0.0	0.0	0.0	0.04220634211701652	0.9577936578829834	4.220634211701652	95.77936578829835	routine
500.25	0	0.0			0.0		0.1688253684680661	0.8311746315319339	0.0	0.0	0.0	0.0	0.0	0.0	0.0	0.04220634211701652	0.9577936578829834	4.220634211701652	95.77936578829835	routine
500.5	0	0.0			0.0		0.1688253684680661	0.8311746315319339	0.0	0.0	0.0	0.0	0.0	0.0	0.0	0.04220634211701652	0.9577936578829834	4.220634211701652	95.77936578829835	routine
500.75	0	0.0			0.0		0.1688253684680661	0.8311746315319339	0.0	0.0	0.0	0.0	0.0	0.0	0.0	0.04220634211701652	0.9577936578829834	4.220634211701652	95.77936578829835	routine
501.0	0	0.0			0.0		0.1688253684680661	0.8311746315319339	0.0	0.0	0.0	0.0	0.0	0.0	0.0	0.04220634211701652	0.9577936578829834	4.220634211701652	95.77936578829835	routine
501.25	0	0.0			0.0		0.1688253684680661	0.8311746315319339	0.0	0.0	0.0	0.0	0.0	0.0	0.0	0.04220634211701652	0.9577936578829834	4.220634211701652	95.77936578829835	routine
501.5	0	0.0			0.0		0.1688253684680661	0.8311746315319339	0.0	0.0	0.0	0.0	0.0	0.0	0.0	0.04220634211701652	0.9577936578829834	4.220634211701652	95.77936578829835	routine
501.75	0	0.0			0.0		0.1688253684680661	0.8311746315319339	0.0	0.0	0.0	0.0	0.0	0.0	0.0	0.04220634211701652	0.9577936578829834	4.220634211701652	95.77936578829835	routine
502.0	0	0.0			0.0		0.1688253684680661	0.8311746315319339	0.0	0.0	0.0	0.0	0.0	0.0	0.0	0.04220634211701652	0.9577936578829834	4.220634211701652	95.77936578829835	routine
502.25	0	0.0			0.0		0.1688253684680661	0.8311746315319339	0.0	0.0	0.0	0.0	0.0	0.0	0.0	0.04220634211701652	0.9577936578829834	4.220634211701652	95.77936578829835	routine
502.5	0	0.0			0.0		0.1688253684680661	0.8311746315319339	0.0	0.0	0.0	0.0	0.0	0.0	0.0	0.04220634211701652	0.9577936578829834	4.220634211701652	95.77936578829835	routine
502.75	0	0.0			0.0		0.1688253684680661	0.8311746315319339	0.0	0.0	0.0	0.0	0.0	0.0	0.0	0.04220634211701652	0.9577936578829834	4.220634211701652	95.77936578829835	routine
503.0	0	0.0			0.0		0.1688253684680661	0.8311746315319339	0.0	0.0	0.0	0.0	0.0	0.0	0.0	0.04220634211701652	0.9577936578829834	4.220634211701652	95.77936578829835	routine
503.25	0	0.0			0.0		0.1688253684680661	0.8311746315319339	0.0	0.0	0.0	0.0	0.0	0.0	0.0	0.04220634211701652	0.9577936578829834	4.220634211701652	95.77936578829835	routine
503.5	0	0.0			0.0		0.1688253684680661	0.8311746315319339	0.0	0.0	0.0	0.0	0.0	0.0	0.0	0.04220634211701652	0.9577936578829834	4.220634211701652	95.77936578829835	routine
503.75	0	0.0			0.0		0.1688253684680661	0.8311746315319339	0.0	0.0	0.0	0.0	0.0	0.0	0.0	0.04220634211701652	0.9577936578829834	4.220634211701652	95.77936578829835	routine
504.0	0	0.0			0.0		0.1688253684680661	0.8311746315319339	0.0	0.0	0.0	0.0	0.0	0.0	0.0	0.04220634211701652	0.9577936578829834	4.220634211701652	95.77936578829835	routine
504.25	0	0.0			0.0		0.1688253684680661	0.8311746315319339	0.0	0.0	0.0	0.0	0.0	0.0	0.0	0.04220634211701652	0.9577936578829834	4.220634211701652	95.77936578829835	routine
504.5	0	0.0			0.0		0.1688253684680661	0.8311746315319339	0.0	0.0	0.0	0.0	0.0	0.0	0.0	0.04220634211701652	0.9577936578829834	4.220634211701652	95.77936578829835	routine
504.75	0	0.0			0.0		0.1688253684680661	0.8311746315319339	0.0	0.0	0.0	0.0	0.0	0.0	0.0	0.04220634211701652	0.9577936578829834	4.220634211701652	95.77936578829835	routine
505.0	0	0.0			0.0		0.1688253684680661	0.8311746315319339	0.0	0.0	0.0	0.0	0.0	0.0	0.0	0.04220634211701652	0.9577936578829834	4.220634211701652	95.77936578829835	routine
505.25	0	0.0			0.0		0.1688253684680661	0.8311746315319339	0.0	0.0	0.0	0.0	0.0	0.0	0.0	0.04220634211701652	0.9577936578829834	4.220634211701652	95.77936578829835	routine
505.5	0	0.0			0.0		0.1688253684680661	0.8311746315319339	0.0	0.0	0.0	0.0	0.0	0.0	0.0	0.04220634211701652	0.9577936578829834	4.220634211701652	95.77936578829835	routine
505.75	0	0.0			0.0		0.1688253684680661	0.8311746315319339	0.0	0.0	0.0	0.0	0.0	0.0	0.0	0.04220634211701652	0.9577936578829834	4.220634211701652	95.77936578829835	routine
506.0	0	0.0			0.0		0.1688253684680661	0.8311746315319339	0.0	0.0	0.0	0.0	0.0	0.0	0.0	0.04220634211701652	0.9577936578829834	4.220634211701652	95.77936578829835	routine
506.25	0	0.0			0.0		0.1688253684680661	0.8311746315319339	0.0	0.0	0.0	0.0	0.0	0.0	0.0	0.04220634211701652	0.9577936578829834	4.220634211701652	95.77936578829835	routine
506.5	0	0.0			0.0		0.1688253684680661	0.8311746315319339	0.0	0.0	0.0	0.0	0.0	0.0	0.0	0.04220634211701652	0.9577936578829834	4.220634211701652	95.77936578829835	routine
506.75	0	0.0			0.0		0.1688253684680661	0.8311746315319339	0.0	0.0	0.0	0.0	0.0	0.0	0.0	0.04220634211701652	0.9577936578829834	4.220634211701652	95.77936578829835	routine
507.0	0	0.0			0.0		0.1688253684680661	0.8311746315319339	0.0	0.0	0.0	0.0	0.0	0.0	0.0	0.04220634211701652	0.9577936578829834	4.220634211701652	95.77936578829835	routine
507.25	0	0.0			0.0		0.1688253684680661	0.8311746315319339	0.0	0.0	0.0	0.0	0.0	0.0	0.0	0.04220634211701652	0.9577936578829834	4.220634211701652	95.77936578829835	routine
507.5	0	0.0			0.0		0.1688253684680661	0.8311746315319339	0.0	0.0	0.0	0.0	0.0	0.0	0.0	0.04220634211701652	0.9577936578829834	4.220634211701652	95.77936578829835	routine
507.75	0	0.0			0.0		0.1688253684680661	0.8311746315319339	0.0	0.0	0.0	0.0	0.0	0.0	0.0	0.04220634211701652	0.9577936578829834	4.220634211701652	95.77936578829835	routine
508.0	0	0.0			0.0		0.1688253684680661	0.8311746315319339	0.0	0.0	0.0	0.0	0.0	0.0	0.0	0.04220634211701652	0.9577936578829834	4.220634211701652	95.77936578829835	routine
508.25	0	0.0			0.0		0.1688253684680661	0.8311746315319339	0.0	0.0	0.0	0.0	0.0	0.0	0.0	0.04220634211701652	0.9577936578829834	4.220634211701652	95.77936578829835	routine
508.5	0	0.0			0.0		0.1688253684680661	0.8311746315319339	0.0	0.0	0.0	0.0	0.0	0.0	0.0	0.04220634211701652	0.9577936578829834	4.220634211701652	95.77936578829835	routine
508.75	0	0.0			0.0		0.1688253684680661	0.8311746315319339	0.0	0.0	0.0	0.0	0.0	0.0	0.0	0.04220634211701652	0.9577936578829834	4.220634211701652	95.77936578829835	routine
509.0	0	0.0			0.0		0.1688253684680661	0.8311746315319339	0.0	0.0	0.0	0.0	0.0	0.0	0.0	0.04220634211701652	0.9577936578829834	4.220634211701652	95.77936578829835	routine
509.25	0	0.0			0.0		0.1688253684680661	0.8311746315319339	0.0	0.0	0.0	0.0	0.0	0.0	0.0	0.04220634211701652	0.9577936578829834	4.220634211701652	95.77936578829835	routine
509.5	0	0.0			0.0		0.1688253684680661	0.8311746315319339	0.0	0.0	0.0	0.0	0.0	0.0	0.0	0.04220634211701652	0.9577936578829834	4.220634211701652	95.77936578829835	routine
509.75	0	0.0			0.0		0.1688253684680661	0.8311746315319339	0.0	0.0	0.0	0.0	0.0	0.0	0.0	0.04220634211701652	0.9577936578829834	4.220634211701652	95.77936578829835	routine
510.0	0	0.0			0.0		0.1688253684680661	0.8311746315319339	0.0	0.0	0.0	0.0	0.0	0.0	0.0	0.04220634211701652	0.9577936578829834	4.220634211701652	95.77936578829835	routine
510.25	0	0.0			0.0		0.1688253684680661	0.8311746315319339	0.0	0.0	0.0	0.0	0.0	0.0	0.0	0.04220634211701652	0.9577936578829834	4.220634211701652	95.77936578829835	routine
510.5	0	0.0			0.0		0.1688253684680661	0.8311746315319339	0.0	0.0	0.0	0.0	0.0	0.0	0.0	0.04220634211701652	0.9577936578829834	4.220634211701652	95.77936578829835	routine
510.75	0	0.0			0.0		0.1688253684680661	0.8311746315319339	0.0	0.0	0.0	0.0	0.0	0.0	0.0	0.04220634211701652	0.9577936578829834	4.220634211701652	95.77936578829835	routine
511.0	0	0.0			0.0		0.1688253684680661	0.8311746315319339	0.0	0.0	0.0	0.0	0.0	0.0	0.0	0.04220634211701652	0.9577936578829834	4.220634211701652	95.77936578829835	routine
511.25	0	0.0			0.0		0.1688253684680661	0.8311746315319339	0.0	0.0	0.0	0.0	0.0	0.0	0.0	0.04220634211701652	0.9577936578829834	4.220634211701652	95.77936578829835	routine
511.5	0	0.0			0.0		0.1688253684680661	0.8311746315319339	0.0	0.0	0.0	0.0	0.0	0.0	0.0	0.04220634211701652	0.9577936578829834	4.220634211701652	95.77936578829835	routine
511.75	0	0.0			0.0		0.1688253684680661	0.8311746315319339	0.0	0.0	0.0	0.0	0.0	0.0	0.0	0.04220634211701652	0.9577936578829834	4.220634211701652	95.77936578829835	routine
512.0	0	0.0			0.0		0.1688253684680661	0.8311746315319339	0.0	0.0	0.0	0.0	0.0	0.0	0.0	0.04220634211701652	0.9577936578829834	4.220634211701652	95.77936578829835	routine
512.25	0	0.0			0.0		0.1688253684680661	0.8311746315319339	0.0	0.0	0.0	0.0	0.0	0.0	0.0	0.04220634211701652	0.9577936578829834	4.220634211701652	95.77936578829835	routine
512.5	0	0.0			0.0		0.1688253684680661	0.8311746315319339	0.0	0.0	0.0	0.0	0.0	0.0	0.0	0.04220634211701652	0.9577936578829834	4.220634211701652	95.77936578829835	routine
512.75	0	0.0			0.0		0.1688253684680661	0.8311746315319339	0.0	0.0	0.0	0.0	0.0	0.0	0.0	0.04220634211701652	0.9577936578829834	4.220634211701652	95.77936578829835	routine
513.0	0	0.0			0.0		0.1688253684680661	0.8311746315319339	0.0	0.0	0.0	0.0	0.0	0.0	0.0	0.04220634211701652	0.9577936578829834	4.220634211701652	95.77936578829835	routine
513.25	0	0.0			0.0		0.1688253684680661	0.8311746315319339	0.0	0.0	0.0	0.0	0.0	0.0	0.0	0.04220634211701652	0.9577936578829834	4.220634211701652	95.77936578829835	routine
513.5	0	0.0			0.0		0.1688253684680661	0.8311746315319339	0.0	0.0	0.0	0.0	0.0	0.0	0.0	0.04220634211701652	0.9577936578829834	4.220634211701652	95.77936578829835	routine
513.75	0	0.0			0.0		0.1688253684680661	0.8311746315319339	0.0	0.0	0.0	0.0	0.0	0.0	0.0	0.04220634211701652	0.9577936578829834	4.220634211701652	95.77936578829835	routine
514.0	0	0.0			0.0		0.1688253684680661	0.8311746315319339	0.0	0.0	0.0	0.0	0.0	0.0	0.0	0.04220634211701652	0.9577936578829834	4.220634211701652	95.77936578829835	routine
514.25	0	0.0			0.0		0.1688253684680661	0.8311746315319339	0.0	0.0	0.0	0.0	0.0	0.0	0.0	0.04220634211701652	0.9577936578829834	4.220634211701652	95.77936578829835	routine
514.5	0	0.0			0.0		0.1688253684680661	0.8311746315319339	0.0	0.0	0.0	0.0	0.0	0.0	0.0	0.04220634211701652	0.9577936578829834	4.220634211701652	95.77936578829835	routine
514.75	0	0.0			0.0		0.1688253684680661	0.8311746315319339	0.0	0.0	0.0	0.0	0.0	0.0	0.0	0.04220634211701652	0.9577936578829834	4.220634211701652	95.77936578829835	routine
515.0	0	0.0			0.0		0.1688253684680661	0.8311746315319339	0.0	0.0	0.0	0.0	0.0	0.0	0.0	0.04220634211701652	0.9577936578829834	4.220634211701652	95.77936578829835	routine
515.25	0	0.0			0.0		0.1688253684680661	0.8311746315319339	0.0	0.0	0.0	0.0	0.0	0.0	0.0	0.04220634211701652	0.9577936578829834	4.220634211701652	95.77936578829835	routine
515.5	0	0.0			0.0		0.1688253684680661	0.8311746315319339	0.0	0.0	0.0	0.0	0.0	0.0	0.0	0.04220634211701652	0.9577936578829834	4.220634211701652	95.77936578829835	routine
515.75	0	0.0			0.0		0.1688253684680661	0.8311746315319339	0.0	0.0	0.0	0.0	0.0	0.0	0.0	0.04220634211701652	0.9577936578829834	4.220634211701652	95.77936578829835	routine
516.0	0	0.0			0.0		0.1688253684680661	0.8311746315319339	0.0	0.0	0.0	0.0	0.0	0.0	0.0	0.04220634211701652	0.9577936578829834	4.220634211701652	95.77936578829835	routine
516.25	0	0.0			0.0		0.1688253684680661	0.8311746315319339	0.0	0.0	0.0	0.0	0.0	0.0	0.0	0.04220634211701652	0.9577936578829834	4.220634211701652	95.77936578829835	routine
516.5	0	0.0			0.0		0.1688253684680661	0.8311746315319339	0.0	0.0	0.0	0.0	0.0	0.0	0.0	0.04220634211701652	0.9577936578829834	4.220634211701652	95.77936578829835	routine
516.75	0	0.0			0.0		0.1688253684680661	0.8311746315319339	0.0	0.0	0.0	0.0	0.0	0.0	0.0	0.04220634211701652	0.9577936578829834	4.220634211701652	95.77936578829835	routine
517.0	0	0.0			0.0		0.1688253684680661	0.8311746315319339	0.0	0.0	0.0	0.0	0.0	0.0	0.0	0.04220634211701652	0.9577936578829834	4.220634211701652	95.77936578829835	routine
517.25	0	0.0			0.0		0.1688253684680661	0.8311746315319339	0.0	0.0	0.0	0.0	0.0	0.0	0.0	0.04220634211701652	0.9577936578829834	4.220634211701652	95.77936578829835	routine
517.5	0	0.0			0.0		0.1688253684680661	0.8311746315319339	0.0	0.0	0.0	0.0	0.0	0.0	0.0	0.04220634211701652	0.9577936578829834	4.220634211701652	95.77936578829835	routine
517.75	0	0.0			0.0		0.1688253684680661	0.8311746315319339	0.0	0.0	0.0	0.0	0.0	0.0	0.0	0.04220634211701652	0.9577936578829834	4.220634211701652	95.77936578829835	routine
518.0	0	0.0			0.0		0.1688253684680661	0.8311746315319339	0.0	0.0	0.0	0.0	0.0	0.0	0.0	0.04220634211701652	0.9577936578829834	4.220634211701652	95.77936578829835	routine
518.25	0	0.0			0.0		0.1688253684680661	0.8311746315319339	0.0	0.0	0.0	0.0	0.0	0.0	0.0	0.04220634211701652	0.9577936578829834	4.220634211701652	95.77936578829835	routine
518.5	0	0.0			0.0		0.1688253684680661	0.8311746315319339	0.0	0.0	0.0	0.0	0.0	0.0	0.0	0.04220634211701652	0.9577936578829834	4.220634211701652	95.77936578829835	routine
518.75	0	0.0			0.0		0.1688253684680661	0.8311746315319339	0.0	0.0	0.0	0.0	0.0	0.0	0.0	0.04220634211701652	0.9577936578829834	4.220634211701652	95.77936578829835	routine
519.0	0	0.0			0.0		0.1688253684680661	0.8311746315319339	0.0	0.0	0.0	0.0	0.0	0.0	0.0	0.04220634211701652	0.9577936578829834	4.220634211701652	95.77936578829835	routine
519.25	0	0.0			0.0		0.1688253684680661	0.8311746315319339	0.0	0.0	0.0	0.0	0.0	0.0	0.0	0.04220634211701652	0.9577936578829834	4.220634211701652	95.77936578829835	routine
519.5	0	0.0			0.0		0.1688253684680661	0.8311746315319339	0.0	0.0	0.0	0.0	0.0	0.0	0.0	0.04220634211701652	0.9577936578829834	4.220634211701652	95.77936578829835	routine
519.75	0	0.0			0.0		0.1688253684680661	0.8311746315319339	0.0	0.0	0.0	0.0	0.0	0.0	0.0	0.04220634211701652	0.9577936578829834	4.220634211701652	95.77936578829835	routine
520.0	0	0.0			0.0		0.1688253684680661	0.8311746315319339	0.0	0.0	0.0	0.0	0.0	0.0	0.0	0.04220634211701652	0.9577936578829834	4.220634211701652	95.77936578829835	routine
520.25	0	0.0			0.0		0.1688253684680661	0.8311746315319339	0.0	0.0	0.0	0.0	0.0	0.0	0.0	0.04220634211701652	0.9577936578829834	4.220634211701652	95.77936578829835	routine
520.5	0	0.0			0.0		0.1688253684680661	0.8311746315319339	0.0	0.0	0.0	0.0	0.0	0.0	0.0	0.04220634211701652	0.9577936578829834	4.220634211701652	95.77936578829835	routine
520.75	0	0.0			0.0		0.1688253684680661	0.8311746315319339	0.0	0.0	0.0	0.0	0.0	0.0	0.0	0.04220634211701652	0.9577936578829834	4.220634211701652	95.77936578829835	routine
521.0	0	0.0			0.0		0.1688253684680661	0.8311746315319339	0.0	0.0	0.0	0.0	0.0	0.0	0.0	0.04220634211701652	0.9577936578829834	4.220634211701652	95.77936578829835	routine
521.25	0	0.0			0.0		0.1688253684680661	0.8311746315319339	0.0	0.0	0.0	0.0	0.0	0.0	0.0	0.04220634211701652	0.9577936578829834	4.220634211701652	95.77936578829835	routine
521.5	0	0.0			0.0		0.1688253684680661	0.8311746315319339	0.0	0.0	0.0	0.0	0.0	0.0	0.0	0.04220634211701652	0.9577936578829834	4.220634211701652	95.77936578829835	routine
521.75	0	0.0			0.0		0.1688253684680661	0.8311746315319339	0.0	0.0	0.0	0.0	0.0	0.0	0.0	0.04220634211701652	0.9577936578829834	4.220634211701652	95.77936578829835	routine
522.0	0	0.0			0.0		0.1688253684680661	0.8311746315319339	0.0	0.0	0.0	0.0	0.0	0.0	0.0	0.04220634211701652	0.9577936578829834	4.220634211701652	95.77936578829835	routine
522.25	0	0.0			0.0		0.1688253684680661	0.8311746315319339	0.0	0.0	0.0	0.0	0.0	0.0	0.0	0.04220634211701652	0.9577936578829834	4.220634211701652	95.77936578829835	routine
522.5	0	0.0			0.0		0.1688253684680661	0.8311746315319339	0.0	0.0	0.0	0.0	0.0	0.0	0.0	0.04220634211701652	0.9577936578829834	4.220634211701652	95.77936578829835	routine
522.75	0	0.0			0.0		0.1688253684680661	0.8311746315319339	0.0	0.0	0.0	0.0	0.0	0.0	0.0	0.04220634211701652	0.9577936578829834	4.220634211701652	95.77936578829835	routine
523.0	0	0.0			0.0		0.1688253684680661	0.8311746315319339	0.0	0.0	0.0	0.0	0.0	0.0	0.0	0.04220634211701652	0.9577936578829834	4.220634211701652	95.77936578829835	routine
523.25	0	0.0			0.0		0.1688253684680661	0.8311746315319339	0.0	0.0	0.0	0.0	0.0	0.0	0.0	0.04220634211701652	0.9577936578829834	4.220634211701652	95.77936578829835	routine
523.5	0	0.0			0.0		0.1688253684680661	0.8311746315319339	0.0	0.0	0.0	0.0	0.0	0.0	0.0	0.04220634211701652	0.9577936578829834	4.220634211701652	95.77936578829835	routine
523.75	0	0.0			0.0		0.1688253684680661	0.8311746315319339	0.0	0.0	0.0	0.0	0.0	0.0	0.0	0.04220634211701652	0.9577936578829834	4.220634211701652	95.77936578829835	routine
524.0	0	0.0			0.0		0.1688253684680661	0.8311746315319339	0.0	0.0	0.0	0.0	0.0	0.0	0.0	0.04220634211701652	0.9577936578829834	4.220634211701652	95.77936578829835	routine
524.25	0	0.0			0.0		0.1688253684680661	0.8311746315319339	0.0	0.0	0.0	0.0	0.0	0.0	0.0	0.04220634211701652	0.9577936578829834	4.220634211701652	95.77936578829835	routine
524.5	0	0.0			0.0		0.1688253684680661	0.8311746315319339	0.0	0.0	0.0	0.0	0.0	0.0	0.0	0.04220634211701652	0.9577936578829834	4.220634211701652	95.77936578829835	routine
524.75	0	0.0			0.0		0.1688253684680661	0.8311746315319339	0.0	0.0	0.0	0.0	0.0	0.0	0.0	0.04220634211701652	0.9577936578829834	4.220634211701652	95.77936578829835	routine
525.0	0	0.0			0.0		0.1688253684680661	0.8311746315319339	0.0	0.0	0.0	0.0	0.0	0.0	0.0	0.04220634211701652	0.9577936578829834	4.220634211701652	95.77936578829835	routine
525.25	0	0.0			0.0		0.1688253684680661	0.8311746315319339	0.0	0.0	0.0	0.0	0.0	0.0	0.0	0.04220634211701652	0.9577936578829834	4.220634211701652	95.77936578829835	routine
525.5	0	0.0			0.0		0.1688253684680661	0.8311746315319339	0.0	0.0	0.0	0.0	0.0	0.0	0.0	0.04220634211701652	0.9577936578829834	4.220634211701652	95.77936578829835	routine
525.75	0	0.0			0.0		0.1688253684680661	0.8311746315319339	0.0	0.0	0.0	0.0	0.0	0.0	0.0	0.04220634211701652	0.9577936578829834	4.220634211701652	95.77936578829835	routine
526.0	0	0.0			0.0		0.1688253684680661	0.8311746315319339	0.0	0.0	0.0	0.0	0.0	0.0	0.0	0.04220634211701652	0.9577936578829834	4.220634211701652	95.77936578829835	routine
526.25	0	0.0			0.0		0.1688253684680661	0.8311746315319339	0.0	0.0	0.0	0.0	0.0	0.0	0.0	0.04220634211701652	0.9577936578829834	4.220634211701652	95.77936578829835	routine
526.5	0	0.0			0.0		0.1688253684680661	0.8311746315319339	0.0	0.0	0.0	0.0	0.0	0.0	0.0	0.04220634211701652	0.9577936578829834	4.220634211701652	95.77936578829835	routine
526.75	0	0.0			0.0		0.1688253684680661	0.8311746315319339	0.0	0.0	0.0	0.0	0.0	0.0	0.0	0.04220634211701652	0.9577936578829834	4.220634211701652	95.77936578829835	routine
527.0	0	0.0			0.0		0.1688253684680661	0.8311746315319339	0.0	0.0	0.0	0.0	0.0	0.0	0.0	0.04220634211701652	0.9577936578829834	4.220634211701652	95.77936578829835	routine
527.25	0	0.0			0.0		0.1688253684680661	0.8311746315319339	0.0	0.0	0.0	0.0	0.0	0.0	0.0	0.04220634211701652	0.9577936578829834	4.220634211701652	95.77936578829835	routine
527.5	0	0.0			0.0		0.1688253684680661	0.8311746315319339	0.0	0.0	0.0	0.0	0.0	0.0	0.0	0.04220634211701652	0.9577936578829834	4.220634211701652	95.77936578829835	routine
527.75	0	0.0			0.0		0.1688253684680661	0.8311746315319339	0.0	0.0	0.0	0.0	0.0	0.0	0.0	0.04220634211701652	0.9577936578829834	4.220634211701652	95.77936578829835	routine
528.0	0	0.0			0.0		0.1688253684680661	0.8311746315319339	0.0	0.0	0.0	0.0	0.0	0.0	0.0	0.04220634211701652	0.9577936578829834	4.220634211701652	95.77936578829835	routine
528.25	0	0.0			0.0		0.1688253684680661	0.8311746315319339	0.0	0.0	0.0	0.0	0.0	0.0	0.0	0.04220634211701652	0.9577936578829834	4.220634211701652	95.77936578829835	routine
528.5	0	0.0			0.0		0.1688253684680661	0.8311746315319339	0.0	0.0	0.0	0.0	0.0	0.0	0.0	0.04220634211701652	0.9577936578829834	4.220634211701652	95.77936578829835	routine
528.75	0	0.0			0.0		0.1688253684680661	0.8311746315319339	0.0	0.0	0.0	0.0	0.0	0.0	0.0	0.04220634211701652	0.9577936578829834	4.220634211701652	95.77936578829835	routine
529.0	0	0.0			0.0		0.1688253684680661	0.8311746315319339	0.0	0.0	0.0	0.0	0.0	0.0	0.0	0.04220634211701652	0.9577936578829834	4.220634211701652	95.77936578829835	routine
529.25	0	0.0			0.0		0.1688253684680661	0.8311746315319339	0.0	0.0	0.0	0.0	0.0	0.0	0.0	0.04220634211701652	0.9577936578829834	4.220634211701652	95.77936578829835	routine
529.5	0	0.0			0.0		0.1688253684680661	0.8311746315319339	0.0	0.0	0.0	0.0	0.0	0.0	0.0	0.04220634211701652	0.9577936578829834	4.220634211701652	95.77936578829835	routine
529.75	0	0.0			0.0		0.1688253684680661	0.8311746315319339	0.0	0.0	0.0	0.0	0.0	0.0	0.0	0.04220634211701652	0.9577936578829834	4.220634211701652	95.77936578829835	routine
530.0	0	0.0			0.0		0.1688253684680661	0.8311746315319339	0.0	0.0	0.0	0.0	0.0	0.0	0.0	0.04220634211701652	0.9577936578829834	4.220634211701652	95.77936578829835	routine
530.25	0	0.0			0.0		0.1688253684680661	0.8311746315319339	0.0	0.0	0.0	0.0	0.0	0.0	0.0	0.04220634211701652	0.9577936578829834	4.220634211701652	95.77936578829835	routine
530.5	0	0.0			0.0		0.1688253684680661	0.8311746315319339	0.0	0.0	0.0	0.0	0.0	0.0	0.0	0.04220634211701652	0.9577936578829834	4.220634211701652	95.77936578829835	routine
530.75	0	0.0			0.0		0.1688253684680661	0.8311746315319339	0.0	0.0	0.0	0.0	0.0	0.0	0.0	0.04220634211701652	0.9577936578829834	4.220634211701652	95.77936578829835	routine
531.0	0	0.0			0.0		0.1688253684680661	0.8311746315319339	0.0	0.0	0.0	0.0	0.0	0.0	0.0	0.04220634211701652	0.9577936578829834	4.220634211701652	95.77936578829835	routine
531.25	0	0.0			0.0		0.1688253684680661	0.8311746315319339	0.0	0.0	0.0	0.0	0.0	0.0	0.0	0.04220634211701652	0.9577936578829834	4.220634211701652	95.77936578829835	routine
531.5	0	0.0			0.0		0.1688253684680661	0.8311746315319339	0.0	0.0	0.0	0.0	0.0	0.0	0.0	0.04220634211701652	0.9577936578829834	4.220634211701652	95.77936578829835	routine
531.75	0	0.0			0.0		0.1688253684680661	0.8311746315319339	0.0	0.0	0.0	0.0	0.0	0.0	0.0	0.04220634211701652	0.9577936578829834	4.220634211701652	95.77936578829835	routine
532.0	0	0.0			0.0		0.1688253684680661	0.8311746315319339	0.0	0.0	0.0	0.0	0.0	0.0	0.0	0.04220634211701652	0.9577936578829834	4.220634211701652	95.77936578829835	routine
532.25	0	0.0			0.0		0.1688253684680661	0.8311746315319339	0.0	0.0	0.0	0.0	0.0	0.0	0.0	0.04220634211701652	0.9577936578829834	4.220634211701652	95.77936578829835	routine
532.5	0	0.0			0.0		0.1688253684680661	0.8311746315319339	0.0	0.0	0.0	0.0	0.0	0.0	0.0	0.04220634211701652	0.9577936578829834	4.220634211701652	95.77936578829835	routine
532.75	0	0.0			0.0		0.1688253684680661	0.8311746315319339	0.0	0.0	0.0	0.0	0.0	0.0	0.0	0.04220634211701652	0.9577936578829834	4.220634211701652	95.77936578829835	routine
533.0	0	0.0			0.0		0.1688253684680661	0.8311746315319339	0.0	0.0	0.0	0.0	0.0	0.0	0.0	0.04220634211701652	0.9577936578829834	4.220634211701652	95.77936578829835	routine
533.25	0	0.0			0.0		0.1688253684680661	0.8311746315319339	0.0	0.0	0.0	0.0	0.0	0.0	0.0	0.04220634211701652	0.9577936578829834	4.220634211701652	95.77936578829835	routine
533.5	0	0.0			0.0		0.1688253684680661	0.8311746315319339	0.0	0.0	0.0	0.0	0.0	0.0	0.0	0.04220634211701652	0.9577936578829834	4.220634211701652	95.77936578829835	routine
533.75	0	0.0			0.0		0.1688253684680661	0.8311746315319339	0.0	0.0	0.0	0.0	0.0	0.0	0.0	0.04220634211701652	0.9577936578829834	4.220634211701652	95.77936578829835	routine
534.0	0	0.0			0.0		0.1688253684680661	0.8311746315319339	0.0	0.0	0.0	0.0	0.0	0.0	0.0	0.04220634211701652	0.9577936578829834	4.220634211701652	95.77936578829835	routine
534.25	0	0.0			0.0		0.1688253684680661	0.8311746315319339	0.0	0.0	0.0	0.0	0.0	0.0	0.0	0.04220634211701652	0.9577936578829834	4.220634211701652	95.77936578829835	routine
534.5	0	0.0			0.0		0.1688253684680661	0.8311746315319339	0.0	0.0	0.0	0.0	0.0	0.0	0.0	0.04220634211701652	0.9577936578829834	4.220634211701652	95.77936578829835	routine
534.75	0	0.0			0.0		0.1688253684680661	0.8311746315319339	0.0	0.0	0.0	0.0	0.0	0.0	0.0	0.04220634211701652	0.9577936578829834	4.220634211701652	95.77936578829835	routine
535.0	0	0.0			0.0		0.1688253684680661	0.8311746315319339	0.0	0.0	0.0	0.0	0.0	0.0	0.0	0.04220634211701652	0.9577936578829834	4.220634211701652	95.77936578829835	routine
535.25	0	0.0			0.0		0.1688253684680661	0.8311746315319339	0.0	0.0	0.0	0.0	0.0	0.0	0.0	0.04220634211701652	0.9577936578829834	4.220634211701652	95.77936578829835	routine
535.5	0	0.0			0.0		0.1688253684680661	0.8311746315319339	0.0	0.0	0.0	0.0	0.0	0.0	0.0	0.04220634211701652	0.9577936578829834	4.220634211701652	95.77936578829835	routine
535.75	0	0.0			0.0		0.1688253684680661	0.8311746315319339	0.0	0.0	0.0	0.0	0.0	0.0	0.0	0.04220634211701652	0.9577936578829834	4.220634211701652	95.77936578829835	routine
536.0	0	0.0			0.0		0.1688253684680661	0.8311746315319339	0.0	0.0	0.0	0.0	0.0	0.0	0.0	0.04220634211701652	0.9577936578829834	4.220634211701652	95.77936578829835	routine
536.25	0	0.0			0.0		0.1688253684680661	0.8311746315319339	0.0	0.0	0.0	0.0	0.0	0.0	0.0	0.04220634211701652	0.9577936578829834	4.220634211701652	95.77936578829835	routine
536.5	0	0.0			0.0		0.1688253684680661	0.8311746315319339	0.0	0.0	0.0	0.0	0.0	0.0	0.0	0.04220634211701652	0.9577936578829834	4.220634211701652	95.77936578829835	routine
536.75	0	0.0			0.0		0.1688253684680661	0.8311746315319339	0.0	0.0	0.0	0.0	0.0	0.0	0.0	0.04220634211701652	0.9577936578829834	4.220634211701652	95.77936578829835	routine
537.0	0	0.0			0.0		0.1688253684680661	0.8311746315319339	0.0	0.0	0.0	0.0	0.0	0.0	0.0	0.04220634211701652	0.9577936578829834	4.220634211701652	95.77936578829835	routine
537.25	0	0.0			0.0		0.1688253684680661	0.8311746315319339	0.0	0.0	0.0	0.0	0.0	0.0	0.0	0.04220634211701652	0.9577936578829834	4.220634211701652	95.77936578829835	routine
537.5	0	0.0			0.0		0.1688253684680661	0.8311746315319339	0.0	0.0	0.0	0.0	0.0	0.0	0.0	0.04220634211701652	0.9577936578829834	4.220634211701652	95.77936578829835	routine
537.75	0	0.0			0.0		0.1688253684680661	0.8311746315319339	0.0	0.0	0.0	0.0	0.0	0.0	0.0	0.04220634211701652	0.9577936578829834	4.220634211701652	95.77936578829835	routine
538.0	0	0.0			0.0		0.1688253684680661	0.8311746315319339	0.0	0.0	0.0	0.0	0.0	0.0	0.0	0.04220634211701652	0.9577936578829834	4.220634211701652	95.77936578829835	routine
538.25	0	0.0			0.0		0.1688253684680661	0.8311746315319339	0.0	0.0	0.0	0.0	0.0	0.0	0.0	0.04220634211701652	0.9577936578829834	4.220634211701652	95.77936578829835	routine
538.5	0	0.0			0.0		0.1688253684680661	0.8311746315319339	0.0	0.0	0.0	0.0	0.0	0.0	0.0	0.04220634211701652	0.9577936578829834	4.220634211701652	95.77936578829835	routine
538.75	0	0.0			0.0		0.1688253684680661	0.8311746315319339	0.0	0.0	0.0	0.0	0.0	0.0	0.0	0.04220634211701652	0.9577936578829834	4.220634211701652	95.77936578829835	routine
539.0	0	0.0			0.0		0.1688253684680661	0.8311746315319339	0.0	0.0	0.0	0.0	0.0	0.0	0.0	0.04220634211701652	0.9577936578829834	4.220634211701652	95.77936578829835	routine
539.25	0	0.0			0.0		0.1688253684680661	0.8311746315319339	0.0	0.0	0.0	0.0	0.0	0.0	0.0	0.04220634211701652	0.9577936578829834	4.220634211701652	95.77936578829835	routine
539.5	0	0.0			0.0		0.1688253684680661	0.8311746315319339	0.0	0.0	0.0	0.0	0.0	0.0	0.0	0.04220634211701652	0.9577936578829834	4.220634211701652	95.77936578829835	routine
539.75	0	0.0			0.0		0.1688253684680661	0.8311746315319339	0.0	0.0	0.0	0.0	0.0	0.0	0.0	0.04220634211701652	0.9577936578829834	4.220634211701652	95.77936578829835	routine
540.0	0	0.0			0.0		0.1688253684680661	0.8311746315319339	0.0	0.0	0.0	0.0	0.0	0.0	0.0	0.04220634211701652	0.9577936578829834	4.220634211701652	95.77936578829835	routine
540.25	0	0.0			0.0		0.1688253684680661	0.8311746315319339	0.0	0.0	0.0	0.0	0.0	0.0	0.0	0.04220634211701652	0.9577936578829834	4.220634211701652	95.77936578829835	routine
540.5	0	0.0			0.0		0.1688253684680661	0.8311746315319339	0.0	0.0	0.0	0.0	0.0	0.0	0.0	0.04220634211701652	0.9577936578829834	4.220634211701652	95.77936578829835	routine
540.75	0	0.0			0.0		0.1688253684680661	0.8311746315319339	0.0	0.0	0.0	0.0	0.0	0.0	0.0	0.04220634211701652	0.9577936578829834	4.220634211701652	95.77936578829835	routine
541.0	0	0.0			0.0		0.1688253684680661	0.8311746315319339	0.0	0.0	0.0	0.0	0.0	0.0	0.0	0.04220634211701652	0.9577936578829834	4.220634211701652	95.77936578829835	routine
541.25	0	0.0			0.0		0.1688253684680661	0.8311746315319339	0.0	0.0	0.0	0.0	0.0	0.0	0.0	0.04220634211701652	0.9577936578829834	4.220634211701652	95.77936578829835	routine
541.5	0	0.0			0.0		0.1688253684680661	0.8311746315319339	0.0	0.0	0.0	0.0	0.0	0.0	0.0	0.04220634211701652	0.9577936578829834	4.220634211701652	95.77936578829835	routine
541.75	0	0.0			0.0		0.1688253684680661	0.8311746315319339	0.0	0.0	0.0	0.0	0.0	0.0	0.0	0.04220634211701652	0.9577936578829834	4.220634211701652	95.77936578829835	routine
542.0	0	0.0			0.0		0.1688253684680661	0.8311746315319339	0.0	0.0	0.0	0.0	0.0	0.0	0.0	0.04220634211701652	0.9577936578829834	4.220634211701652	95.77936578829835	routine
542.25	0	0.0			0.0		0.1688253684680661	0.8311746315319339	0.0	0.0	0.0	0.0	0.0	0.0	0.0	0.04220634211701652	0.9577936578829834	4.220634211701652	95.77936578829835	routine
542.5	0	0.0			0.0		0.1688253684680661	0.8311746315319339	0.0	0.0	0.0	0.0	0.0	0.0	0.0	0.04220634211701652	0.9577936578829834	4.220634211701652	95.77936578829835	routine
542.75	0	0.0			0.0		0.1688253684680661	0.8311746315319339	0.0	0.0	0.0	0.0	0.0	0.0	0.0	0.04220634211701652	0.9577936578829834	4.220634211701652	95.77936578829835	routine
543.0	0	0.0			0.0		0.1688253684680661	0.8311746315319339	0.0	0.0	0.0	0.0	0.0	0.0	0.0	0.04220634211701652	0.9577936578829834	4.220634211701652	95.77936578829835	routine
543.25	0	0.0			0.0		0.1688253684680661	0.8311746315319339	0.0	0.0	0.0	0.0	0.0	0.0	0.0	0.04220634211701652	0.9577936578829834	4.220634211701652	95.77936578829835	routine
543.5	0	0.0			0.0		0.1688253684680661	0.8311746315319339	0.0	0.0	0.0	0.0	0.0	0.0	0.0	0.04220634211701652	0.9577936578829834	4.220634211701652	95.77936578829835	routine
543.75	0	0.0			0.0		0.1688253684680661	0.8311746315319339	0.0	0.0	0.0	0.0	0.0	0.0	0.0	0.04220634211701652	0.9577936578829834	4.220634211701652	95.77936578829835	routine
544.0	0	0.0			0.0		0.1688253684680661	0.8311746315319339	0.0	0.0	0.0	0.0	0.0	0.0	0.0	0.04220634211701652	0.9577936578829834	4.220634211701652	95.77936578829835	routine
544.25	0	0.0			0.0		0.1688253684680661	0.8311746315319339	0.0	0.0	0.0	0.0	0.0	0.0	0.0	0.04220634211701652	0.9577936578829834	4.220634211701652	95.77936578829835	routine
544.5	0	0.0			0.0		0.1688253684680661	0.8311746315319339	0.0	0.0	0.0	0.0	0.0	0.0	0.0	0.04220634211701652	0.9577936578829834	4.220634211701652	95.77936578829835	routine
544.75	0	0.0			0.0		0.1688253684680661	0.8311746315319339	0.0	0.0	0.0	0.0	0.0	0.0	0.0	0.04220634211701652	0.9577936578829834	4.220634211701652	95.77936578829835	routine
545.0	0	0.0			0.0		0.1688253684680661	0.8311746315319339	0.0	0.0	0.0	0.0	0.0	0.0	0.0	0.04220634211701652	0.9577936578829834	4.220634211701652	95.77936578829835	routine
545.25	0	0.0			0.0		0.1688253684680661	0.8311746315319339	0.0	0.0	0.0	0.0	0.0	0.0	0.0	0.04220634211701652	0.9577936578829834	4.220634211701652	95.77936578829835	routine
545.5	0	0.0			0.0		0.1688253684680661	0.8311746315319339	0.0	0.0	0.0	0.0	0.0	0.0	0.0	0.04220634211701652	0.9577936578829834	4.220634211701652	95.77936578829835	routine
545.75	0	0.0			0.0		0.1688253684680661	0.8311746315319339	0.0	0.0	0.0	0.0	0.0	0.0	0.0	0.04220634211701652	0.9577936578829834	4.220634211701652	95.77936578829835	routine
546.0	0	0.0			0.0		0.1688253684680661	0.8311746315319339	0.0	0.0	0.0	0.0	0.0	0.0	0.0	0.04220634211701652	0.9577936578829834	4.220634211701652	95.77936578829835	routine
546.25	0	0.0			0.0		0.1688253684680661	0.8311746315319339	0.0	0.0	0.0	0.0	0.0	0.0	0.0	0.04220634211701652	0.9577936578829834	4.220634211701652	95.77936578829835	routine
546.5	0	0.0			0.0		0.1688253684680661	0.8311746315319339	0.0	0.0	0.0	0.0	0.0	0.0	0.0	0.04220634211701652	0.9577936578829834	4.220634211701652	95.77936578829835	routine
546.75	0	0.0			0.0		0.1688253684680661	0.8311746315319339	0.0	0.0	0.0	0.0	0.0	0.0	0.0	0.04220634211701652	0.9577936578829834	4.220634211701652	95.77936578829835	routine
547.0	0	0.0			0.0		0.1688253684680661	0.8311746315319339	0.0	0.0	0.0	0.0	0.0	0.0	0.0	0.04220634211701652	0.9577936578829834	4.220634211701652	95.77936578829835	routine
547.25	0	0.0			0.0		0.1688253684680661	0.8311746315319339	0.0	0.0	0.0	0.0	0.0	0.0	0.0	0.04220634211701652	0.9577936578829834	4.220634211701652	95.77936578829835	routine
547.5	0	0.0			0.0		0.1688253684680661	0.8311746315319339	0.0	0.0	0.0	0.0	0.0	0.0	0.0	0.04220634211701652	0.9577936578829834	4.220634211701652	95.77936578829835	routine
547.75	0	0.0			0.0		0.1688253684680661	0.8311746315319339	0.0	0.0	0.0	0.0	0.0	0.0	0.0	0.04220634211701652	0.9577936578829834	4.220634211701652	95.77936578829835	routine
548.0	0	0.0			0.0		0.1688253684680661	0.8311746315319339	0.0	0.0	0.0	0.0	0.0	0.0	0.0	0.04220634211701652	0.9577936578829834	4.220634211701652	95.77936578829835	routine
548.25	0	0.0			0.0		0.1688253684680661	0.8311746315319339	0.0	0.0	0.0	0.0	0.0	0.0	0.0	0.04220634211701652	0.9577936578829834	4.220634211701652	95.77936578829835	routine
548.5	0	0.0			0.0		0.1688253684680661	0.8311746315319339	0.0	0.0	0.0	0.0	0.0	0.0	0.0	0.04220634211701652	0.9577936578829834	4.220634211701652	95.77936578829835	routine
548.75	0	0.0			0.0		0.1688253684680661	0.8311746315319339	0.0	0.0	0.0	0.0	0.0	0.0	0.0	0.04220634211701652	0.9577936578829834	4.220634211701652	95.77936578829835	routine
549.0	0	0.0			0.0		0.1688253684680661	0.8311746315319339	0.0	0.0	0.0	0.0	0.0	0.0	0.0	0.04220634211701652	0.9577936578829834	4.220634211701652	95.77936578829835	routine
549.25	0	0.0			0.0		0.1688253684680661	0.8311746315319339	0.0	0.0	0.0	0.0	0.0	0.0	0.0	0.04220634211701652	0.9577936578829834	4.220634211701652	95.77936578829835	routine
549.5	0	0.0			0.0		0.1688253684680661	0.8311746315319339	0.0	0.0	0.0	0.0	0.0	0.0	0.0	0.04220634211701652	0.9577936578829834	4.220634211701652	95.77936578829835	routine
549.75	0	0.0			0.0		0.1688253684680661	0.8311746315319339	0.0	0.0	0.0	0.0	0.0	0.0	0.0	0.04220634211701652	0.9577936578829834	4.220634211701652	95.77936578829835	routine
550.0	0	0.0			0.0		0.1688253684680661	0.8311746315319339	0.0	0.0	0.0	0.0	0.0	0.0	0.0	0.04220634211701652	0.9577936578829834	4.220634211701652	95.77936578829835	routine
550.25	0	0.0			0.0		0.1688253684680661	0.8311746315319339	0.0	0.0	0.0	0.0	0.0	0.0	0.0	0.04220634211701652	0.9577936578829834	4.220634211701652	95.77936578829835	routine
550.5	0	0.0			0.0		0.1688253684680661	0.8311746315319339	0.0	0.0	0.0	0.0	0.0	0.0	0.0	0.04220634211701652	0.9577936578829834	4.220634211701652	95.77936578829835	routine
550.75	0	0.0			0.0		0.1688253684680661	0.8311746315319339	0.0	0.0	0.0	0.0	0.0	0.0	0.0	0.04220634211701652	0.9577936578829834	4.220634211701652	95.77936578829835	routine
551.0	0	0.0			0.0		0.1688253684680661	0.8311746315319339	0.0	0.0	0.0	0.0	0.0	0.0	0.0	0.04220634211701652	0.9577936578829834	4.220634211701652	95.77936578829835	routine
551.25	0	0.0			0.0		0.1688253684680661	0.8311746315319339	0.0	0.0	0.0	0.0	0.0	0.0	0.0	0.04220634211701652	0.9577936578829834	4.220634211701652	95.77936578829835	routine
551.5	0	0.0			0.0		0.1688253684680661	0.8311746315319339	0.0	0.0	0.0	0.0	0.0	0.0	0.0	0.04220634211701652	0.9577936578829834	4.220634211701652	95.77936578829835	routine
551.75	0	0.0			0.0		0.1688253684680661	0.8311746315319339	0.0	0.0	0.0	0.0	0.0	0.0	0.0	0.04220634211701652	0.9577936578829834	4.220634211701652	95.77936578829835	routine
552.0	0	0.0			0.0		0.1688253684680661	0.8311746315319339	0.0	0.0	0.0	0.0	0.0	0.0	0.0	0.04220634211701652	0.9577936578829834	4.220634211701652	95.77936578829835	routine
552.25	0	0.0			0.0		0.1688253684680661	0.8311746315319339	0.0	0.0	0.0	0.0	0.0	0.0	0.0	0.04220634211701652	0.9577936578829834	4.220634211701652	95.77936578829835	routine
552.5	0	0.0			0.0		0.1688253684680661	0.8311746315319339	0.0	0.0	0.0	0.0	0.0	0.0	0.0	0.04220634211701652	0.9577936578829834	4.220634211701652	95.77936578829835	routine
552.75	0	0.0			0.0		0.1688253684680661	0.8311746315319339	0.0	0.0	0.0	0.0	0.0	0.0	0.0	0.04220634211701652	0.9577936578829834	4.220634211701652	95.77936578829835	routine
553.0	0	0.0			0.0		0.1688253684680661	0.8311746315319339	0.0	0.0	0.0	0.0	0.0	0.0	0.0	0.04220634211701652	0.9577936578829834	4.220634211701652	95.77936578829835	routine
553.25	0	0.0			0.0		0.1688253684680661	0.8311746315319339	0.0	0.0	0.0	0.0	0.0	0.0	0.0	0.04220634211701652	0.9577936578829834	4.220634211701652	95.77936578829835	routine
553.5	0	0.0			0.0		0.1688253684680661	0.8311746315319339	0.0	0.0	0.0	0.0	0.0	0.0	0.0	0.04220634211701652	0.9577936578829834	4.220634211701652	95.77936578829835	routine
553.75	0	0.0			0.0		0.1688253684680661	0.8311746315319339	0.0	0.0	0.0	0.0	0.0	0.0	0.0	0.04220634211701652	0.9577936578829834	4.220634211701652	95.77936578829835	routine
554.0	0	0.0			0.0		0.1688253684680661	0.8311746315319339	0.0	0.0	0.0	0.0	0.0	0.0	0.0	0.04220634211701652	0.9577936578829834	4.220634211701652	95.77936578829835	routine
554.25	0	0.0			0.0		0.1688253684680661	0.8311746315319339	0.0	0.0	0.0	0.0	0.0	0.0	0.0	0.04220634211701652	0.9577936578829834	4.220634211701652	95.77936578829835	routine
554.5	0	0.0			0.0		0.1688253684680661	0.8311746315319339	0.0	0.0	0.0	0.0	0.0	0.0	0.0	0.04220634211701652	0.9577936578829834	4.220634211701652	95.77936578829835	routine
554.75	0	0.0			0.0		0.1688253684680661	0.8311746315319339	0.0	0.0	0.0	0.0	0.0	0.0	0.0	0.04220634211701652	0.9577936578829834	4.220634211701652	95.77936578829835	routine
555.0	0	0.0			0.0		0.1688253684680661	0.8311746315319339	0.0	0.0	0.0	0.0	0.0	0.0	0.0	0.04220634211701652	0.9577936578829834	4.220634211701652	95.77936578829835	routine
555.25	0	0.0			0.0		0.1688253684680661	0.8311746315319339	0.0	0.0	0.0	0.0	0.0	0.0	0.0	0.04220634211701652	0.9577936578829834	4.220634211701652	95.77936578829835	routine
555.5	0	0.0007107240198888374	-0.0	-0.0	1.0	1.0	0.41045109423849935	0.5895489057615007	0.0	0.0	0.0	0.0	0.0	0.0	0.0	0.10261277355962484	0.8973872264403752	10.261277355962484	89.73872264403752	routine
555.75	0	0.0017846097480570982	-0.0	-0.0	1.0	1.0	0.41045109423849935	0.5895489057615007	0.0	0.0	0.0	0.0	0.0	0.0	0.0	0.10261277355962484	0.8973872264403752	10.261277355962484	89.73872264403752	routine
556.0	0	0.004209612529840741	-0.0	-0.0	1.0	1.0	0.41045109423849935	0.5895489057615007	0.0	0.0	0.0	0.0	0.0	0.0	0.0	0.10261277355962484	0.8973872264403752	10.261277355962484	89.73872264403752	routine
556.25	0	0.009328194240695168	-0.0	-0.0	1.0	1.0	0.41045109423849935	0.5895489057615007	0.0	0.0	0.0	0.0	0.0	0.0	0.0	0.10261277355962484	0.8973872264403752	10.261277355962484	89.73872264403752	routine
556.5	0	0.019418229655083333	-0.0	-0.0	1.0	1.0	0.41045109423849935	0.5895489057615007	0.0	0.0	0.0	0.0	0.0	0.0	0.0	0.10261277355962484	0.8973872264403752	10.261277355962484	89.73872264403752	routine
556.75	0	0.037973294744924974	-0.0	-0.0	1.0	1.0	0.41045109423849935	0.5895489057615007	0.0	0.0	0.0	0.0	0.0	0.0	0.0	0.10261277355962484	0.8973872264403752	10.261277355962484	89.73872264403752	routine
557.0	0	0.06975952620555524	-0.0	-0.0	1.0	1.0	0.41045109423849935	0.5895489057615007	0.0	0.0	0.0	0.0	0.0	0.0	0.0	0.10261277355962484	0.8973872264403752	10.261277355962484	89.73872264403752	routine
557.25	0	0.12038859865104737	-0.0	-0.0	1.0	1.0	0.41045109423849935	0.5895489057615007	0.0	0.0	0.0	0.0	0.0	0.0	0.0	0.10261277355962484	0.8973872264403752	10.261277355962484	89.73872264403752	routine
557.5	1	0.1951748215705414	-0.0	-0.0	1.0	1.0	0.41045109423849935	0.5895489057615007	0.0	0.0	0.0	0.0	0.0	0.0	0.0	0.10261277355962484	0.8973872264403752	10.261277355962484	89.73872264403752	routine
557.75	1	0.2972479154628019	-0.0	-0.0	1.0	1.0	0.41045109423849935	0.5895489057615007	0.0	0.0	0.0	0.0	0.0	0.0	0.0	0.10261277355962484	0.8973872264403752	10.261277355962484	89.73872264403752	routine
558.0	1	0.4252755738289962	-0.0	-0.0	1.0	1.0	0.41045109423849935	0.5895489057615007	0.0	0.0	0.0	0.0	0.0	0.0	0.0	0.10261277355962484	0.8973872264403752	10.261277355962484	89.73872264403752	routine
558.25	1	0.5715821473552829	-0.0	-0.0	1.0	1.0	0.41045109423849935	0.5895489057615007	0.0	0.0	0.0	0.0	0.0	0.0	0.0	0.10261277355962484	0.8973872264403752	10.261277355962484	89.73872264403752	routine
558.5	1	0.7216780012834185	-0.0	-0.0	1.0	1.0	0.41045109423849935	0.5895489057615007	0.0	0.0	0.0	0.0	0.0	0.0	0.0	0.10261277355962484	0.8973872264403752	10.261277355962484	89.73872264403752	routine
558.75	1	0.855982475010463	-0.0	-0.0	1.0	1.0	0.41045109423849935	0.5895489057615007	0.0	0.0	0.0	0.0	0.0	0.0	0.0	0.10261277355962484	0.8973872264403752	10.261277355962484	89.73872264403752	routine
559.0	1	0.9537682790007666	-0.0	-0.0	1.0	1.0	0.41045109423849935	0.5895489057615007	0.0	0.0	0.0	0.0	0.0	0.0	0.0	0.10261277355962484	0.8973872264403752	10.261277355962484	89.73872264403752	routine
559.25	1	0.9983376969940981	-0.0	-0.0	1.0	1.0	0.41045109423849935	0.5895489057615007	0.0	0.0	0.0	0.0	0.0	0.0	0.0	0.10261277355962484	0.8973872264403752	10.261277355962484	89.73872264403752	routine
559.5	1	0.9816771022334223	-0.0	-0.0	1.0	1.0	0.41045109423849935	0.5895489057615007	0.0	0.0	0.0	0.0	0.0	0.0	0.0	0.10261277355962484	0.8973872264403752	10.261277355962484	89.73872264403752	routine
