mw_bin_label	bin_start_kda	bin_end_kda	protein_count	marker_count	signaling_prefix_count	family_count	families	marker_genes	signaling_genes	examples_audit_families	audit_burden_score	audit_priority	bin_center_kda	gaussian_effective_candidate_number	gaussian_identity_entropy_bits	gaussian_ambiguity_percentile	gaussian_marker_gaussian_mass	gaussian_signaling_gaussian_mass	gaussian_family_membership_gaussian_mass	gaussian_contextual_audit_burden_index	gaussian_contextual_audit_burden_score_0_100
0.0-2.0 kDa	0.0	2.0	10	0	0	1	Histone family			, , AGT, GNRH2,  [Histone family], , ADA2, , NTS, ME1	1.25	routine	1.0	15.98233983793783	3.998406731280638	0.9148485626283368	0.0	0.0	0.964322458978005	0.3114532574083532	31.14532574083532
2.0-4.0 kDa	2.0	4.0	16	0	0	0				NPPC, MLN, EIF5A2, , SCT, AMPD1, GAL, RPN1, , HPX, , CLPS, UBLCP1, SLN, BLACAT1, RPN2	0.8	routine	3.0	42.88012558337239	5.42223722592193	0.9369224845995893	0.0	0.0	0.34950228140650735	0.28270777851030343	28.270777851030342
4.0-6.0 kDa	4.0	6.0	42	0	0	2	Heat shock proteins; Mitochondrial markers			C12orf75, , CRABP2, PYY, , USP49, , , , GLI2, , , , , , , TMSB4B, 	3.6	routine	5.0	157.65970684193977	7.300670186828124	0.9579697125256673	0.0	0.001419401404787612	5.6019648217450335	0.4055178088420767	40.55178088420767
6.0-8.0 kDa	6.0	8.0	189	0	0	2	Heat shock proteins; Mitochondrial markers			, , , PLN, PLN, TOMM5 [Mitochondrial markers], , , , COPS9, , C14orf2 [Mitochondrial markers], LOC107055098, , MT3, , , KCTD9	10.95	elevated	7.0	366.852515270781	8.519056366596622	0.9677874743326489	0.00352164427501235	0.42103437683871564	13.152794276957234	0.47930258629325806	47.930258629325806
8.0-10.0 kDa	8.0	10.0	330	0	4	7	Actin family; Cell-cycle CDK/cyclin; Heat shock proteins; Histone family; Mitochondrial markers; Tubulin family; p53 pathway		CDK2AP1, RBMXL1, RBX1	TMEM167A, , PKIA, , , GNG13, , , LOC100859314, GNG12, UBA52, SYNE2, ADM, DEFB4A, ,  [Histone family], , 	27.75	elevated	9.0	687.464881379889	9.425142206203882	0.9769635523613963	0.39596458052076183	4.070415215619599	34.87832571406621	0.6360792270638403	63.60792270638404
10.0-12.0 kDa	10.0	12.0	488	1	5	8	Actin family; Cell-cycle CDK/cyclin; FOXO/SMAD transcription; Heat shock proteins; Histone family; Lamin family; Mitochondrial markers; p53 pathway	VCL	CDK2AP1, CDKAL1, CDKN2A, RBMXL1, SMAD3	LOC418813, LOC121110032, COX7A2 [Mitochondrial markers], SEC61B, , , , LOC100858797, , IFI27L2, VAPB, LOC426913, TCF4, ZPBP1, , IMMP2L [Mitochondrial markers], , GYPC	38.5	elevated	11.0	1012.1297164766526	9.983178485094392	0.9815195071868583	0.85103735081943	6.209395688714212	64.25770822097	0.7108009145857727	71.08009145857727
12.0-14.0 kDa	12.0	14.0	608	1	4	8	Actin family; Cell-cycle CDK/cyclin; Heat shock proteins; Histone family; Lamin family; MAPK cascade; Mitochondrial markers; Tubulin family	H2AFZ	CCNJL, CDK2AP1, CDK2AP2, MAPK12	, DDTL, LOC431325, SDHAF4 [Mitochondrial markers], TSC22D2, , PTMA, HNRNPK, CHTF8, LOC107055128, UFM1, , LYRM7, IKZF5, IKZF2, , LOC121107576, EMC6	37.0	elevated	13.0	1284.0737572075518	10.326512357917814	0.9857546201232033	0.9576000557909141	8.174663467784853	69.93569801918218	0.7332898958655442	73.32898958655441
14.0-16.0 kDa	14.0	16.0	767	1	16	8	Actin family; Apoptosis caspase/BCL; Cell-cycle CDK/cyclin; Histone family; MAPK cascade; Mitochondrial markers; Tubulin family; p53 pathway	TOMM20	CASP14, CDKN2B, GSKIP, MAP3K7CL, RASL11AL, RBM44, RBP1, RBP2, RBX1, RHOA, TP53I3, TP53TG5	PCBD2, FAM103A1, RPL35A, CYCS [Mitochondrial markers], IMMP2L [Mitochondrial markers], H2A-IX [Histone family], SRP14, IMMP2L [Mitochondrial markers], , MTPN, , LSM7, LOC121107546, NDUFS6 [Mitochondrial markers], , GABARAPL1, , 	55.0	high	15.0	1513.6297965469196	10.563796678892942	0.9878721765913757	1.702122425953	15.079048538130838	77.63225971104504	0.8031800435838281	80.31800435838281
16.0-18.0 kDa	16.0	18.0	828	1	6	9	Actin family; Apoptosis caspase/BCL; Cell-cycle CDK/cyclin; Heat shock proteins; Histone family; Lamin family; MAPK cascade; Mitochondrial markers; p53 pathway	TOMM20	CASP14, CDK2AP1, CDKN1A, CDKN2C, MAPK8, RBM3	FABP7, PTPN7, , LITAF, , , , PNRC2, , LOC396480, , CASK, , UMAD1, MCFD2, RBM3, LOC121108846, LIN52	40.75	elevated	17.0	1693.5319997690856	10.725819531885069	0.9890272073921971	1.1279346096352698	12.501717384551666	70.5416643940354	0.7596932795694256	75.96932795694255
18.0-20.0 kDa	18.0	20.0	866	1	15	10	Actin family; Apoptosis caspase/BCL; Cell-cycle CDK/cyclin; Heat shock proteins; Histone family; Lamin family; MAPK cascade; Mitochondrial markers; Tubulin family; p53 pathway	GAPDH	BCL2L15, CDK2AP1, CDK8, CDKN1A, GSKIP, MAP3K7CL, MAPK8, RBM3, RBM44, RBPMS2, RHOF, TP53I3	RAMP3, SCT, MMGT1, UBE2I, GCSH [Mitochondrial markers], NDUFAF3, ZCCHC10, C9orf85, NEU3, DR1, , , SFT2D1, GTSF1, , CPLX4, HRASLS, PPP1R17	55.0	high	19.0	1827.685492691912	10.835802118093634	0.9899255646817249	0.9823515234238757	18.71329142703518	72.0453340351192	0.7813169453159473	78.13169453159473
20.0-22.0 kDa	20.0	22.0	965	0	29	10	Actin family; Apoptosis caspase/BCL; Cell-cycle CDK/cyclin; Heat shock proteins; Histone family; Lamin family; MAPK cascade; Mitochondrial markers; NF-kB/Rel; p53 pathway		BCL7A, CCNC, CCNT2, CDK2AP1, CDKN1A, CDKN1B, CDKN2C, MAP3K7CL, MAPK8, PRKRIP1, RBM18, RBM3, RBPMS, RBPMS2, RHOC, RHOF, RHOG, RHOG2, RHOH, TP53, TP53I11	CBFB, , JDP2, RAB22A, GREM2, FSBP, TMX1, ALG14, NTPCR, FAM180A, FAM168B, CLCF1, CRYAB, CGA, RPP25L, SAMD12, , LOC121109670	71.0	high	21.0	1986.752288411133	10.956196290838603	0.9921072895277208	0.25054625844521605	31.000972028795125	93.884670484118	0.7567018435325223	75.67018435325224
22.0-24.0 kDa	22.0	24.0	1038	0	27	9	Actin family; Apoptosis caspase/BCL; Cell-cycle CDK/cyclin; Heat shock proteins; Histone family; Lamin family; Mitochondrial markers; Tubulin family; p53 pathway		CCNC, CDKN1A, CDKN1C, CDKN3, PRKRIP1, RASL10A, RASL10B, RASSF1, RBM18, RBM24, RBM38, RBP4, RHOB, RHOC, RHOD, RHOG2, RHOJ, RHOQ, VEGFA	GATD3AL1, , ORMDL3, VSTM2L,  [Histone family], IL15, PLCXD1, LOC101751545 [Cell-cycle CDK/cyclin], CRYBG3, CLEC3A, GUCA1B, TRNP1, UBE2T, UBE2K, CAMKK1, DTD2, ANKRD22, CLDN19	67.25	high	23.0	2127.0891029042436	11.054664753139622	0.995444045174538	0.240865737420309	33.16557713249066	92.13746798378975	0.7587487368999515	75.87487368999516
24.0-26.0 kDa	24.0	26.0	1045	2	18	9	Actin family; Apoptosis caspase/BCL; Cell-cycle CDK/cyclin; Heat shock proteins; Histone family; Lamin family; Mitochondrial markers; Tubulin family; p53 pathway	GAPDH, PCNA	BCL2, BCL2L1, CCNJ, CDKN1C, PIK3IP1, RASL11A, RASL11AL, RBBP6, RBM24, RBP4L, RHOD, RHOF, RHOV, TP53INP2, VEGFA	, PGLS, ZFAND6, TCTEX1D4, EIF4H, PSMD10, FEV, NUDT16L1, CHMP2B, NKAIN3 [Actin family], MPZL2, TIMP4, AKAP14, IL2RA, HPRT1, CCDC59, GSTK1, LIN54	63.75	high	25.0	2139.1794611200917	11.062841803540678	0.9962140657084189	1.9154227955872423	25.331598262781128	123.100113290886	0.8666396698394002	86.66396698394003
26.0-28.0 kDa	26.0	28.0	1054	3	21	11	Actin family; Apoptosis caspase/BCL; Cell-cycle CDK/cyclin; Heat shock proteins; Histone family; Lamin family; MAPK cascade; Mitochondrial markers; NF-kB/Rel; Tubulin family; p53 pathway	COX4I1, GAPDH, PCNA	BCL10, BCL7B, CCNY, CDKN3, MAPK1IP1L, PIK3IP1, PRKAB1, RASL10B, RASL11AL, RASL11B, RASSF3, RBM38, RBP, RBPMS, RELT, TP53INP1	RABL3, PPP1R1B, NKIRAS1 [Actin family], BATF, TSN, DHRS11, C1QB, BCL7B [Apoptosis caspase/BCL], DNAJB9, LOC121106941, TPPP [Tubulin family], NFU1, PPM1L, , , COQ10A, PPP1R2, COQ10B [Mitochondrial markers]	74.75	high	27.0	2118.2491137627835	11.048656550128442	0.9949948665297741	3.81211492045809	26.94504683911775	115.60994374579619	0.926315623005822	92.6315623005822
28.0-30.0 kDa	28.0	30.0	977	2	20	10	Actin family; Apoptosis caspase/BCL; Cell-cycle CDK/cyclin; Heat shock proteins; Histone family; Lamin family; MAPK cascade; Mitochondrial markers; Tubulin family; p53 pathway	PCNA, VDAC2	BCL9L, CASP1, CASP18, CASP6, CDKN1B, CDKN2C, MAP2K6, MAPK8, PIK3IP1, PRKAB2, RASAL1, RASL11AL, RASSF1, RASSF5, RBM11, RBM24, RBMS3, RHOU, VEGFA	RCHY1, KIAA1644, LOC421419, UTP23, FOLR3, PTPRF, RTRAF, APOA1, RPL8, , TPRG1L, ZCCHC9, LDLRAD4, THYN1, , PEX11B, SHISA9, NQO1	67.5	high	29.0	2103.701965068111	11.038714614779785	0.99435318275154	3.215842644734631	25.694373406026937	87.61091294223831	0.9019588893145066	90.19588893145067
30.0-32.0 kDa	30.0	32.0	1048	4	25	10	Actin family; Apoptosis caspase/BCL; Cell-cycle CDK/cyclin; Heat shock proteins; Lamin family; Mitochondrial markers; NF-kB/Rel; Nuclear receptor PPAR; Tubulin family; p53 pathway	TBP, VDAC1, VDAC2	CASP3, CCND2, CCNH, CCNJ, CCNO, CDK2, CDK3, PPARGC1A, PRKAB1, PRKAB2, PRKAG1, RASD2, RASSF3, RASSF5, RBM7, RBP, RELL1	TMEM241, , ASB13, ITM2B, TMEM220, DENND1A, MLEC, DRAM2, ATG5, HOXD12, TFAM [Mitochondrial markers], ELOVL3, SNAI2, RALB, ZFP511, AGPAT2, , LOC101747821	85.0	high	31.0	2154.9858141612394	11.073462657036046	0.9965990759753593	4.001490565768932	29.611755332288425	111.16245553302758	0.9315384816277936	93.15384816277937
32.0-34.0 kDa	32.0	34.0	1101	5	33	11	AKT pathway; Actin family; Apoptosis caspase/BCL; Cell-cycle CDK/cyclin; Heat shock proteins; Lamin family; MAPK cascade; Mitochondrial markers; NF-kB/Rel; Tubulin family; p53 pathway	TBP, VDAC1, VDAC2	AKTIP, CASP6, CCNC, CCND1, CCND2, CCND3, CCNDBP1, CCNO, CDK1, CDK2, CDK3, CDK5, CDK5R2, CDK7, FOSL2, JUND, MAPK8IP3, NFKBIB, RASD1, RASGEF1A, RASSF5, RBKS, RBP4, TP53I3, VEGFD	MBP, SPAG16, THAP8, PHYHD1, PSMD14, KIAA1191, , FAM228, , MXD1, RALY, NECAP1, MTCH2 [Mitochondrial markers], HUS1, , GRAMD2, RSPO3, AQP3	102.75	high	33.0	2309.8664834131746	11.173593747002696	0.9977541067761807	6.558131102449026	42.741258308534704	136.43237247239966	0.9837869827008134	98.37869827008134
34.0-36.0 kDa	34.0	36.0	1253	5	33	12	AKT pathway; Actin family; Apoptosis caspase/BCL; Cell-cycle CDK/cyclin; Heat shock proteins; Histone family; Lamin family; MAPK cascade; Mitochondrial markers; NF-kB/Rel; Tubulin family; p53 pathway	GAPDH, RPLP0, VDAC2	AKTIP, CASP6, CASP7, CCND1, CCND2, CCND3, CCNDBP1, CCNG1, CCNL2, CDK1, CDK3, CDK5R1, CDK6, CDK7, FOSL2, JUN, MAP2K6, NFKBIA, RASL12, RASSF3, RBFA, RBFOX3, RBKS, RBM11, RBM8A, RELT, TP53I3	UNG, STUB1, MADPRT, SLC35E3, GSG1, RASSF3, ORC6, SYNDIG1, CD72L1, CCDC117, , ZNF277, RAX, CCNDBP1 [Cell-cycle CDK/cyclin], MTCH1 [Mitochondrial markers], SPDEF, SPARC, CD200R1A	103.5	high	35.0	2497.042051439671	11.286004401840362	0.9998074948665298	5.543147982159704	40.37303040666272	126.30576742482711	0.9726612293285896	97.26612293285896
36.0-38.0 kDa	36.0	38.0	1181	0	27	11	AKT pathway; Actin family; Apoptosis caspase/BCL; Cell-cycle CDK/cyclin; Heat shock proteins; Histone family; Lamin family; MAPK cascade; Mitochondrial markers; NF-kB/Rel; Tubulin family		AKTIP, BCL2L14, CASP7, CCN2, CCN3, CCND1, CCNDBP1, CDK10, CDK2, CDK6, CDK7, MAP2K6, MAPK8, NFKBIA, NFKBIE, RASSF2, RBFA, RBFOX2, RBM25, RBP, RHOG, VEGFD	PNKD, CHIR3B3, LOC112533538, MTERF4 [Mitochondrial markers], SUSD4, AASDHPPT, TMEM189, USF1, CCN3 [Cell-cycle CDK/cyclin], IRF1, CD274, PPP1R3C, LUZP2, TOB1, LOC121112382, APTX, RP2, RCN1	68.75	high	37.0	2490.154664394949	11.28201963604219	0.9994866529774127	1.0865973357956	34.02846579880466	117.95989092362584	0.8295043127085382	82.95043127085381
38.0-40.0 kDa	38.0	40.0	1121	1	36	12	AKT pathway; Actin family; Apoptosis caspase/BCL; Cell-cycle CDK/cyclin; Heat shock proteins; Histone family; Lamin family; MAPK cascade; Mitochondrial markers; NF-kB/Rel; Tubulin family; p53 pathway	RPLP0	AKTIP, CASP1, CASP14, CASP6, CCN3, CCNG2, CCNY, CDK7, FOS, HIF1AN, MAP2K3, MAP2K6, MAPKAPK3, PRKACB, RASL12, RASSF6, RBFOX1, RBM24, RBM43, RBM48, RBMS2, RELL2, RHO, TP53I3	HSD11B1L, INSYN2B2, GALM, MAP2K6 [MAPK cascade], , NODAL, MAFK, SNX20, LDB2, SDF4, ALDOC, MAP2K6 [MAPK cascade], ELAVL1, RNF215, SLC35C2, LOC107050717, TCF7L2, B4GALT4	88.0	high	39.0	2391.223763197619	11.223533423892194	0.9986524640657084	1.583484169130672	45.76567805392366	109.24494531521691	0.8645600068793713	86.45600068793713
40.0-42.0 kDa	40.0	42.0	1184	2	39	9	Actin family; Cell-cycle CDK/cyclin; Heat shock proteins; Histone family; Lamin family; MAPK cascade; Mitochondrial markers; Tubulin family; p53 pathway	ACTB, RPLP0	CCN1, CCNDBP1, CCNG2, CCNI2, CCNY, CDKL1, MAP2K1, MAP2K2, MAP2K4, MAPK11, MAPK12, MAPK14, MAPK3, MAPK8, PRKACB, PRKAG1, PRKAG3, PRKX, RASSF5, RBFOX1, RBFOX2, RBFOX3, RBMS1, RBMXL1, RHOG2, TP53, VEGFD	MITF, PARP11, RBFOX2, PDGFRL, MEIS2, CPPED1, , SH3GL3, DMTF1 [Cell-cycle CDK/cyclin], , CFAP410, IL10RB, FAM45A, USP41, SH3GL2, ALS2, RPLP0, FGFR1OP	95.25	high	41.0	2362.475608016642	11.206083718598933	0.9980749486652978	2.3440617337720733	48.54616502566895	114.31367932671259	0.9049681519999397	90.49681519999397
42.0-44.0 kDa	42.0	44.0	1092	2	42	10	Actin family; Apoptosis caspase/BCL; Cell-cycle CDK/cyclin; FOXO/SMAD transcription; Heat shock proteins; Histone family; Lamin family; MAPK cascade; Mitochondrial markers; p53 pathway	ACTB	CASP1, CASP6, CCNB1, CCNE2, CCNI, CCNJ, CCNJL, CDK9, MAP2K1, MAP2K2, MAP2K4, MAPK10, MAPK12, MAPK13, MAPK8, PRKACB, PRKAG1, PRKAG3, PRKAR1A, PRKAR1B, PRKCDBP, RASL12, RBFOX1, RBFOX3, RBM43, RBM47, RBMS1, RBMS2, RBMS3, SMAD7, VEGFD	MEIS1, PRSS23, TMEM164, ATG4A, UBE3D, DEK, BGV, LOC100858953, ACTA2 [Actin family], ZDHHC2, GORAB [Actin family], ACTBL2 [Actin family], NR1I3, STK17B, B3GNT3, ACTC1 [Actin family], ERCC8, DPEP1	100.5	high	43.0	2179.163956156889	11.089559030834073	0.9970482546201233	2.6340542731701815	56.04021141625015	128.41316521505328	0.9283300628090072	92.83300628090072
44.0-46.0 kDa	44.0	46.0	959	1	46	12	Actin family; Apoptosis caspase/BCL; Cell-cycle CDK/cyclin; ER markers; FOXO/SMAD transcription; Heat shock proteins; Histone family; Lamin family; MAPK cascade; Mitochondrial markers; Tubulin family; p53 pathway	ACTB	BCL2L14, CASP1, CCNA2, CCNB1, CCNB2, CCNB3, CCNJL, GSK3A, MAP2K2, MAP2K4, MAPK10, MAPK8, MAPK9, MAPKAPK2, MAPKAPK3, PRKACB, PRKAR2A, RASSF7, RBBP7, RBFOX1, RBFOX2, RBFOX3, RBM17, RBM22, RBM34, RBM41, RBM43, RBMS1, RBMS3, SMAD6, SMAD7B, TGFB1, TGFB2	LAMP3, BUB3, B3GNT7, DCP2, PIPOX, MAPK9 [MAPK cascade], KLHL31, RPRD1B, SERPINE3, SAMD14, MYZAP, CDC37, SEH1L, NT5C3B, SERPINE2, OXTR, RHBDL3, TRAPPC13	103.0	high	45.0	2080.73147794927	11.022875079419663	0.9931981519507187	1.2099461100271696	53.22029760060268	113.22531055664217	0.8488316163858747	84.88316163858747
46.0-48.0 kDa	46.0	48.0	1065	2	44	12	Actin family; Apoptosis caspase/BCL; Cell-cycle CDK/cyclin; ER markers; FOXO/SMAD transcription; Heat shock proteins; Histone family; Lamin family; MAPK cascade; Mitochondrial markers; NF-kB/Rel; Tubulin family	TUBB2A	CASP2, CCNA1, CCNE1, CCNE2, CDK1, CDK15, FOXO4, FOXO6, GSK3A, MAP2K3, MAP2K4, MAP2K5, MAPK10, MAPKAPK3, PRKAR1B, PRKAR2B, PTEN, RASSF7, RASSF8, RBBP4, RBBP7, RBFOX1, RBFOX2, RBM22, RBMS3, RELT, SMAD2, SMAD3, SMAD6, TGFB2, TGFB3, VEGFA, VEGFC, VEGFD	NTSR1, PDLIM7, PHYHIPL [Actin family], TMEM237, IDH2, UBXN6, LIMS1, LUC7L2, GLA, PAX6, SPOCK1, MAP2K5 [MAPK cascade], SS18, RSL1D1, SEC61A2, SCRN1, SMYD2 [Histone family], ABRAXAS1	105.0	high	47.0	2124.4368411438363	11.052864738069449	0.9953157084188912	2.4108330555656643	52.437745354248996	120.47922008307225	0.9136163636529462	91.36163636529461
48.0-50.0 kDa	48.0	50.0	1003	2	33	12	Actin family; Apoptosis caspase/BCL; Cell-cycle CDK/cyclin; ER markers; FOXO/SMAD transcription; Heat shock proteins; Histone family; Lamin family; MAPK cascade; Mitochondrial markers; Nuclear receptor PPAR; Tubulin family	CALR, TUBB2B	BCL2L13, CCNE1, CCNE2, CDK10, CDK15, CDK9, GSK3A, MAP2K4, MAP2K5, MAPK3, MAPK8, MAPK9, MAPKAPK5, PPARG, PRKAB1, PRKAG2, RASSF10, RASSF7, RASSF8, RASSF9, RBFOX1, RBFOX2, RBM43, SMAD2, SMAD3	SEPTIN6, U2SURP, KMT5A [Histone family], FADS1, WRAP73, RSRC2, STK24, GLUL, TTLL9 [Tubulin family], MTHFSD, KCTD18, SLC16A7, BZW1, DLST, DRD3, SYT13, RARB, PDE7B	88.5	high	49.0	2094.292225689987	11.032247046481466	0.9935189938398358	3.0506154577228335	45.801607345694975	124.64612454169917	0.9324577236432641	93.24577236432641
50.0-52.0 kDa	50.0	52.0	976	2	28	13	Actin family; Apoptosis caspase/BCL; Cell-cycle CDK/cyclin; ER markers; FOXO/SMAD transcription; Heat shock proteins; Histone family; Lamin family; MAPK cascade; Mitochondrial markers; Nuclear receptor PPAR; Tubulin family; p53 pathway	TUBA1A, TUBB3	BCL2L13, BCLAF1, CASP8, CCNB3, CDK14, CDK19, CDK5RAP1, CDKN2AIP, GSK3A, MAP2K1, MAP2K5, PIK3R1, PPARD, PPARG, PRKAG2, RASSF7, RASSF9, RBFOX3, RBM46, RBPJ, SMAD3, SMAD9, TGFB3	TUBB6 [Tubulin family], SMARCD2, SMOC1, TRMU [Mitochondrial markers], FKBP10, BTBD10, RAD18, AZIN1, CYP2AB5, DLST [Mitochondrial markers], AS3MT, SHANK2, MAP9, STYK1, SLC29A3, CHRNA10, WIPI2 [Actin family], LOC121106919	81.75	high	51.0	2023.337293633078	10.9825211242271	0.9924281314168378	1.6153098943898305	32.70492428911675	114.73179012584113	0.8539491436833128	85.39491436833127
52.0-54.0 kDa	52.0	54.0	935	0	22	13	Actin family; Apoptosis caspase/BCL; Cell-cycle CDK/cyclin; ER markers; FOXO/SMAD transcription; Heat shock proteins; Histone family; Lamin family; MAPK cascade; Mitochondrial markers; Nuclear receptor PPAR; Tubulin family; p53 pathway		CASP18, CDK14, CDK18, CDK8, MAP3K8, MAPK10, MDM2, MDM4, PIK3R1, PPARA, PRKCI, RASSF9, RBM23, RBM46, RBPJ, SMAD1, SMAD2, SMAD5	POLL, PRR33, CRBN, RGS6, PPP2R2A, MRPS27, CPQ, CCDC15, KATNA1, LOC121108224, PTGER4, TCTN3, PPP2R2D, SCAI, GLRA2, DCTN4 [Actin family], RGS6, PARK2	62.75	high	53.0	1987.6702718418117	10.956862737421236	0.9921714579055442	0.05117449779007589	32.64562604871929	91.0942891350526	0.736253171864993	73.6253171864993
54.0-56.0 kDa	54.0	56.0	957	0	44	14	AKT pathway; Actin family; Apoptosis caspase/BCL; Cell-cycle CDK/cyclin; ER markers; FOXO/SMAD transcription; Heat shock proteins; Histone family; Lamin family; MAPK cascade; Mitochondrial markers; Nuclear receptor PPAR; Tubulin family; p53 pathway		AKT1, AKT3, BCL2L13, CASP8, CDK18, FOXO4, MAP2K5, MAP3K20, MAP3K8, MAPKAP1, MAPKAPK5, MDM2, PIK3R3, PPARG, RASGEF1A, RASGEF1B, RASGEF1C, RASSF7, RBBP5, RBL2, RBM23, RBM25, RBPJ, RBPJL, SMAD4, TGFBR1	TRMT13, SPNS3, PHGDH, SF3A3, IL17REL, HSPA13 [Heat shock proteins], SYT17, PLEKHD1, THUMPD2, HSPA14 [Heat shock proteins], SLC38A7, TUBE1 [Tubulin family], MGAT4F, MATN1, GTPBP3 [Mitochondrial markers], CCDC162, ENTPD8, MFSD5	96.5	high	55.0	1940.71617284256	10.922373425911134	0.9911447638603696	0.08623673416773533	47.16728206432626	82.98771564576307	0.7535998894986513	75.35998894986513
56.0-58.0 kDa	56.0	58.0	915	2	16	12	Actin family; Apoptosis caspase/BCL; Cell-cycle CDK/cyclin; ER markers; FOXO/SMAD transcription; Heat shock proteins; Histone family; Lamin family; MAPK cascade; Mitochondrial markers; Nuclear receptor PPAR; Tubulin family	P4HB	CDK18, CDK19, CDK5, CDK5RAP1, PPARG, RASGEF1A, RASGEF1C, RBM23, RBM45, RBPJ, RBPJL, SMAD9, TGFBR1, VEGFC	FTO, LOC107056139, ZBTB8A, KPNA3, TMEM39B, HCK, SH2D2A, HEPACAM2, CYP2AC1, TH, ALDH3B1, , LRRC71, ZNF606, DUS1L, TBLX1, CHRNB2, ENTPD8	63.0	high	57.0	1885.7970544583436	10.88095870920076	0.9904389117043121	1.7390306509029008	27.18977763210016	66.41303018840054	0.8393503159125416	83.93503159125416
58.0-60.0 kDa	58.0	60.0	877	0	27	11	Actin family; Apoptosis caspase/BCL; Cell-cycle CDK/cyclin; ER markers; Heat shock proteins; Histone family; Lamin family; MAPK cascade; Mitochondrial markers; Tubulin family; p53 pathway		CASP8, CCNL1, CCNL2, CDK17, CDK18, CDKN2AIP, MAPKAP1, MDM4, PRKAA2, PRKAG2, RASGEF1B, RASGEF1C, RBBP5, RBM23, RBMS3, RBPJ, TGFB3, TGFBR2L, VEGFA	GJA10, LACTB, PKM, KPNA2, LACTB, LIPI, SOAT1, PLXDC2, CAMK2B, DPYS, RFX5, CTTN [Actin family], HEXA, , SESN3, PFKFB1, CCDC77, TCF12	68.75	high	59.0	1774.9187457115693	10.793537265424668	0.9896047227926078	0.8024390813203715	30.323778098594637	65.69525004536395	0.7805596691358282	78.05596691358282
60.0-62.0 kDa	60.0	62.0	776	2	17	13	AKT pathway; Actin family; Apoptosis caspase/BCL; Cell-cycle CDK/cyclin; ER markers; Heat shock proteins; Histone family; Lamin family; Mitochondrial markers; NF-kB/Rel; Nuclear receptor PPAR; Tubulin family; p53 pathway	LMNB1	AKT1, CASP10, CDK5RAP3, CDKL2, MDM4, PPARD, PRKAG2, RASGEF1B, RELA, RELB, SRC, TGFBR2L	YRK, UGT1A1, ZFYVE28B, ATE1, , SRC, ASIC1, ESAM, C8B, LOC107050229, GPT2, LOC107050463, CAT, DPYS, FZD5, CABIN1, PLD5, PIGQ	65.25	high	61.0	1606.1835595726943	10.649421062543722	0.9884496919917864	1.8772656307264652	22.249219483027456	55.69577414635358	0.8354486821632033	83.54486821632034
62.0-64.0 kDa	62.0	64.0	681	1	14	8	Actin family; Apoptosis caspase/BCL; Cell-cycle CDK/cyclin; Heat shock proteins; Histone family; Mitochondrial markers; NF-kB/Rel; Tubulin family	HSPA8	CDKL2, PIK3R1, PRKAG2, PRKCZ, REL, RHOT2, SRC, TGFBR2, VEGFA	SPATS2L, PLBD2, CARD9 [Apoptosis caspase/BCL], GN3L, CAMK2G, FAAH, MYEF2, PFKFB4, SLC43A2, GALNT14, ATL1, DKC1, NEFL, LMOD3, NEURL1, SNTA1, ACOD1L, BCO2 [Mitochondrial markers]	52.0	elevated	63.0	1486.1191479416896	10.537334071638	0.9876155030800822	1.375131351499682	18.67277857026783	45.425417477861544	0.7887762319459936	78.87762319459935
64.0-66.0 kDa	64.0	66.0	739	1	18	11	Actin family; Apoptosis caspase/BCL; Cell-cycle CDK/cyclin; ER markers; FOXO/SMAD transcription; Histone family; Lamin family; MAPK cascade; Mitochondrial markers; NF-kB/Rel; p53 pathway	CANX	CCNK, CCNT2, CDK5RAP3, CDKAL1, CDKL2, FOXO6, MAP3K2, MAPK15, PRKAA1, RBM44, RBM47, REL, RHOBTB3	KPNA5, ALB, KIZ, GPC5, ENTPD1, HABP2, IL2RB, GALNT18, INSC, TIMD4, UBQLN4, CNOT6, WFIKKN2, ENO4, ALAS1, CCDC88B, CCAR1 [Apoptosis caspase/BCL], LOC107056275	60.25	high	65.0	1433.5536552106407	10.485380187606532	0.986973819301848	1.6981422414122607	20.585702249119585	53.13015246944491	0.8228858335620667	82.28858335620667
66.0-68.0 kDa	66.0	68.0	637	3	13	8	Actin family; Apoptosis caspase/BCL; Cell-cycle CDK/cyclin; ER markers; Histone family; Lamin family; Mitochondrial markers; NF-kB/Rel	EEF2, LMNB1	CDKL2, CDKN2AIP, NFKBIZ, PRKCI, RBM25, REL, RHOT1, VEGFA	RAP1GDS1, SACM1L, BFSP2, NTN4L, TDP1, KLHL10, RNGTT, SLC6A2, RPAP2, ENC1, IL1RAP, PTCHD3, KBTBD2, FBXW7, P2RX7, SLC2A1, FBXO21, SLC6A20	60.5	high	67.0	1364.6463572178807	10.41431141544802	0.986332135523614	4.2881857814291635	16.847752485757567	61.052365949086706	0.8869780916925223	88.69780916925222
68.0-70.0 kDa	68.0	70.0	630	4	16	11	Actin family; ER markers; FOXO/SMAD transcription; Heat shock proteins; Histone family; JAK-STAT; Lamin family; MAPK cascade; Mitochondrial markers; NF-kB/Rel; Tubulin family	CANX, HSPA8, SDHA	FOXO1, JAKMIP1, MAP3K2, MAP3K7, NFKBIZ, PRKCI, PRKCZ, RHOBTB3, RHOT1, RHOT2, SMAD10, SMAD4	SEPTIN9, RPA1, AIFM3, KLHL3, PTPN9, LOC419409, SLC18A2, GUCY1B3, , KLHL20, BFSP1, LOC101751434, ZNF606, LOC419429, SCAI, COLGALT1, SLC25A12, CHRDL2	72.25	high	69.0	1270.8152310176665	10.311538570967125	0.9856262833675564	4.568386163408741	19.548839996858078	71.011898676675	0.9149081218853183	91.49081218853183
70.0-72.0 kDa	70.0	72.0	575	2	11	10	Actin family; Apoptosis caspase/BCL; Cell-cycle CDK/cyclin; Heat shock proteins; Histone family; Lamin family; MAPK cascade; Mitochondrial markers; Tubulin family; p53 pathway	HSPA8	CDK5RAP3, MAP3K2, MAP3K7, MDM1, PRKCD, RAF1, RHOBTB3, RHOT1, TGFBI	MPP2, PRC1, RAB11FIP5 [Actin family], ARHGAP18, GGA1, TP73, ENTPD1, EYA4, ZBTB44, CROT, TAB3, ABLIM3 [Actin family], LOC420419, RUFY2, TRAF4, ZBTB7C, LOC101751279, ICK	54.0	high	71.0	1184.417796402221	10.209962357585313	0.9849845995893224	2.6583581899309507	14.645220800653107	50.983817271921225	0.8293442886452155	82.93442886452155
72.0-74.0 kDa	72.0	74.0	537	3	12	11	Actin family; ER markers; FOXO/SMAD transcription; Heat shock proteins; Histone family; Lamin family; MAPK cascade; Mitochondrial markers; NF-kB/Rel; Tubulin family; p53 pathway	LMNA, SDHA	MAP3K3, MAP3K7, NFKBIZ, PRKCH, RAF1, RASGRP3, RHOBTB1, RHOT1, SMAD10, TGFBR2	GRAMD1C, TMEM62, RHOBTB1, RUFY1, NUMB, SLC6A14, HSPA5 [Heat shock proteins], MTMR6, RASGRP3, PRMT5, FRMD1, TP63, FOXP1, CAPN13, LDB3, CHFR, TESK2, RAD21	61.25	high	73.0	1104.8593677979206	10.109647032294735	0.9843429158110883	3.106146271014064	16.047848034405245	49.014299065093134	0.8538321686030823	85.38321686030824
74.0-76.0 kDa	74.0	76.0	461	0	8	9	AKT pathway; Actin family; Heat shock proteins; Histone family; JAK-STAT; MAPK cascade; Mitochondrial markers; NF-kB/Rel; Nuclear receptor PPAR		JAKMIP1, MAP3K3, NFKBIZ, PRKACA, RBM44, TGFBI, TGFBR2	TRIM47, SPTY2D1, BRD7, DAGLB, BRD7, XRCC6, HEATR3, SCIN, SYK, IQUB, SCNN1G, C4BPS, SCML2, SIMC1 [Actin family], SLC25A13, TGFBR2, SLCO1A2, MTMR7	38.75	elevated	75.0	1040.6071005529047	10.023209741311428	0.9825462012320328	0.43139960820371726	11.362157464701323	45.00035747999472	0.6908049442730393	69.08049442730393
76.0-78.0 kDa	76.0	78.0	517	0	17	8	Actin family; Cell-cycle CDK/cyclin; FOXO/SMAD transcription; Heat shock proteins; Histone family; MAPK cascade; Mitochondrial markers; Nuclear receptor PPAR		CCNT2, FOXO1, MAPK8IP1, PIK3R1, PRKCA, PRKCB, PRKCD, PRKCH, PRKG1, RASGRP3, RBBP8NL, RBM14, TGFBI, TGFBR2, TGFBR2L	FIGNL2, ABCB7 [Mitochondrial markers], ADD1, TBC1D23, HBS1L, LOC420374, LIMK1, HNRNPM, RACGAP1, RHPN1, POLH, PCCA [Mitochondrial markers], FBLN1, TLE4, ZNF302, HOOK3, NEK8, MARCHF7	51.5	elevated	77.0	1018.8312375550329	9.99269938336294	0.9819045174537988	0.578912734759791	18.19676383957599	44.328655203081965	0.7250232246821187	72.50232246821187
78.0-80.0 kDa	78.0	80.0	514	1	14	8	Actin family; Apoptosis caspase/BCL; Heat shock proteins; Histone family; Lamin family; Mitochondrial markers; NF-kB/Rel; Nuclear receptor PPAR	HSPA8	BCL6, PIK3R3, PRKCA, PRKCD, PRKCE, PRKCQ, PRKG1, RASGRP3, RBM12B, RBM19, RHOBTB1	FAM120B [Nuclear receptor PPAR], TNFAIP2, CD180, SNPH, LOC101750925, PARP12, CCDC110, LOC101751348, PATL2, FBXO34, DNAAF2, RTN1, GFM1 [Mitochondrial markers], HSPA8 [Heat shock proteins], CHST4, ALK, ARHGEF16, GTSE1	52.0	elevated	79.0	1059.0116978243846	10.048502810064122	0.9835728952772074	0.6583052958853547	17.787201439977622	45.88742275619263	0.7308502528661152	73.08502528661151
80.0-82.0 kDa	80.0	82.0	511	1	17	12	Actin family; Apoptosis caspase/BCL; Heat shock proteins; Histone family; JAK-STAT; Lamin family; MAPK cascade; Mitochondrial markers; NF-kB/Rel; Nuclear receptor PPAR; Tubulin family; p53 pathway	HSP90AA1	BCL11B, MAP3K3, MAPK4, MAPK8IP1, MDM1, PIK3AP1, PIK3R6, PRKCD, PRKCQ, PRKG1, RASEF, RHOT1, STAT5A	SLC7A4, SNAP91, MTA1, VIT, MARK1, LOC419333, , AKAP8L, MRE11, SSRP1, RTN1, MME, TRIM9, SEMA3B, LEKR1, SEC23B, RASEF, PFKP	59.5	high	81.0	1065.2325432529876	10.05695269387012	0.9840220739219713	1.781678480763285	19.242458790934045	41.528324616298384	0.8111723614020947	81.11723614020947
82.0-84.0 kDa	82.0	84.0	501	4	14	12	Actin family; Apoptosis caspase/BCL; Heat shock proteins; Histone family; JAK-STAT; Lamin family; MAPK cascade; Mitochondrial markers; NF-kB/Rel; Nuclear receptor PPAR; Tubulin family; p53 pathway	HSP90AB1, TFRC, TUBA1A	BCL11B, MAPK6, MDM1, PIK3R1, PIK3R2, PIK3R3, PRKAA2, PRKG1, RASA4B, RASGRP1, RHOBTB2, STAT3, STAT4	CEP63, ANKRD13D, VIT, PCASP2 [Apoptosis caspase/BCL], VRTN, TRAK1, ARNT, SMYD4, USP49, IL23R, TLE4, FGFR4, CBARP, SLC26A6, RPS6KA2, BRD2, MARCHF7, MAPT	70.0	high	83.0	1012.761958148496	9.984079404354107	0.9815836755646817	5.700738306268378	18.930603193169745	39.77343345537297	0.9016598782820334	90.16598782820334
84.0-86.0 kDa	84.0	86.0	449	6	14	10	AKT pathway; Actin family; Apoptosis caspase/BCL; Cell-cycle CDK/cyclin; Heat shock proteins; Histone family; JAK-STAT; MAPK cascade; Mitochondrial markers; p53 pathway	HSP90AA1, TFRC	BCLAF1, CCNF, CCNT2, HIF1A, MAP3K12, PRKCA, PRKCE, RASA4B, RASGRP1, STAT1, STAT4	EVI5L, APBB2, MTSS1L, SGIP1 [Actin family], GTPBP4, TLE3, GPAT2 [Mitochondrial markers], IL4R, NCKIPSD [Actin family], JPH3, COG4, MARCHF7, HSP90AA1 [Heat shock proteins], ELMO1, KIF2A, LRFN5, LRRC1, RUBCNL	78.5	high	85.0	944.5196901302407	9.883437062150314	0.9809419917864476	5.258460701351201	17.113633205103874	46.73470792921245	0.8945726736375312	89.45726736375312
86.0-88.0 kDa	86.0	88.0	430	0	12	8	Actin family; Apoptosis caspase/BCL; Cell-cycle CDK/cyclin; Histone family; JAK-STAT; Mitochondrial markers; NF-kB/Rel; p53 pathway		BCL11A, BCLAF1, CCNF, CCNT1, CDK5RAP1, PIK3R6, PRKG1, STAT1, STAT3	DOCK2B, SIM1, MYBL1, MFN2, LOC107050560, MCMBP, C1R, PFKL, GRAMD1B, PPIG, EZH2 [Histone family], EFR3A, ARHGAP17, NELL2, ARMH3, PTPDC1, USP10, VPS51	44.0	elevated	87.0	879.9251088695565	9.78123692981981	0.9803003080082136	0.9781763790621276	15.833626017395805	43.67559823610326	0.7422477363365146	74.22477363365147
88.0-90.0 kDa	88.0	90.0	399	0	13	7	Actin family; Apoptosis caspase/BCL; Heat shock proteins; Histone family; JAK-STAT; MAPK cascade; Mitochondrial markers		BCL11B, HIF1A, MAP3K20, PIK3AP1, PIK3R4, PIK3R6, PRKG2, RASAL1, RBSN, RHOBTB2, STAT1, STAT3, STAT5A	TTC27, CDH18, CLCN7, GCC1, UHRF1, KIFAP3, ATXN7, PDE10A, , VAV2, EPS15L1, LARGE1, PAMR1, RXFP1, THEMIS, LOXL3, ARHGAP10, PRDM4	44.7	elevated	89.0	816.3301590458577	9.673008947955886	0.9797227926078029	0.008632213253336194	17.350010957060547	29.759450272587348	0.6584236127035582	65.84236127035582
90.0-92.0 kDa	90.0	92.0	360	0	13	9	Actin family; Apoptosis caspase/BCL; Heat shock proteins; Histone family; JAK-STAT; MAPK cascade; Mitochondrial markers; Nuclear receptor PPAR; p53 pathway		BCL11B, HIF1A, PIK3AP1, PPARGC1A, PRKD1, RASA4B, RASGRP1, RBM12, STAT5A, TGFBR3	SLMAP, CSF2RA, ACAP2, PTPRA, PDZRN4, HECTD2, SLC13A3, C7, HPS6, POT1, ECE1, LRRN4, ADAM9L, EZH1 [Histone family], DTNA, , SMO, TRPC1	44.25	elevated	91.0	764.2697695646015	9.577938155936916	0.9791452772073922	0.25832521703505157	15.878582527580328	25.96241117857638	0.6807334428213067	68.07334428213066
92.0-94.0 kDa	92.0	94.0	344	1	11	10	Actin family; Apoptosis caspase/BCL; Cell-cycle CDK/cyclin; JAK-STAT; MAPK cascade; Mitochondrial markers; NF-kB/Rel; Nuclear receptor PPAR; Tubulin family; p53 pathway	EEF2	BCL11B, CDK5RAP1, HIF1A, JAKMIP3, PPARGC1A, PRKG2, RASA3, RBM12, TGFBR3	APBA1, SCYL2, FYB1, EPS8, SIDT1, DGKB, UHRF2, FGFR3, ATXN7, , GMIP [Actin family], , PROM1, INTS6, STRIP1 [Actin family], AFAP1 [Actin family], CFAP221, EML1	46.2	elevated	93.0	725.2517857374893	9.502338132450943	0.9785677618069816	1.1460680655847617	14.907839850904274	31.326607453993155	0.7424063581054398	74.24063581054398
94.0-96.0 kDa	94.0	96.0	337	4	13	10	Actin family; Apoptosis caspase/BCL; Heat shock proteins; Histone family; JAK-STAT; Lamin family; MAPK cascade; Mitochondrial markers; NF-kB/Rel; p53 pathway	EEF2, TFRC	JAKMIP2, JAKMIP3, PRKD1, PRKD3, RASA2, RBM25, STAT5A	ABR, AGBL2, HLCS, IKBKE [NF-kB/Rel], SLMAP, GPAM [Mitochondrial markers], LOC430766, SOBP, LRP3, STOX1, CCSER2, BACH2, ZC3H12B, ST14, MOBP, DRC7, PRLR [Actin family], ESYT3	63.85	high	95.0	702.5669728103202	9.456491947828459	0.9777977412731006	4.036541895259063	16.233694553223003	45.972190553195496	0.8700977714716873	87.00977714716873
96.0-98.0 kDa	96.0	98.0	359	2	17	10	Actin family; Apoptosis caspase/BCL; Histone family; JAK-STAT; Lamin family; MAPK cascade; Mitochondrial markers; NF-kB/Rel; Tubulin family; p53 pathway	EEF2, TFRC	BCL11B, JAKMIP1, JAKMIP2, JAKMIP3, MAP3K14, NFKB2, PIK3C3, PRKD1, PRKD3, RASA3, RASA4B, RBM25, STAT6	VAV3, RIN2, PLA2G4EL6, EXOC6B, DDR2L, ZNF438, BBX, , EPB41L1, AHR2, VWA2, SIK2, POSTN, PRKD1, EXOC6, HECTD3, BCAR3, FGD4	60.95	high	97.0	693.9479770505919	9.438683702629705	0.9771560574948666	3.022231299841282	19.334209367874777	36.827350078747315	0.8562252453381836	85.62252453381835
98.0-100.0 kDa	98.0	100.0	320	0	14	8	Actin family; Histone family; Lamin family; MAPK cascade; Mitochondrial markers; NF-kB/Rel; Tubulin family; p53 pathway		NFKB2, PIK3C3, PIK3R5, RASA3, RASA4B, RB1, RBM15B, RBM25, TGFBRAP1	FGD3, ENPP2, CTNNA3, LOC431300, SUN1, COL21A1, RASA3 [p53 pathway], ACO1, BEND3, TAOK3, ZNF598, TCOF1, CFAP69, ADAM19, EXOSC10, CDH1, SAFB2, CHRD	43.0	elevated	99.0	687.1469990318597	9.424474952702296	0.9768993839835729	0.33342362057071745	18.2472715294604	23.931689445393488	0.6961944948960624	69.61944948960624
100.0-102.0 kDa	100.0	102.0	323	0	9	6	Actin family; Apoptosis caspase/BCL; JAK-STAT; MAPK cascade; Mitochondrial markers; p53 pathway		BCLAF1, PIK3C3, PRKD3, RASA3, RB1, RBBP8, RHOBTB2, STAT2	MYCBPAP, PDE6C, MTHFD1L [Mitochondrial markers], SEZ6, CARNS1, PSMD2, AARS2, SAFB2, GRM3, PPP6R2, ARVCF, IL31RA, WWP2, STAT2 [JAK-STAT], PTGFRN, CARNS1, FGD3, GRIA3	34.15	elevated	101.0	669.8238041017371	9.387637837018667	0.9763860369609856	0.0015427515502255493	11.491674846416933	26.656664113323934	0.6244067531770766	62.44067531770766
102.0-104.0 kDa	102.0	104.0	319	0	7	9	Actin family; Apoptosis caspase/BCL; Cell-cycle CDK/cyclin; Histone family; JAK-STAT; Lamin family; MAPK cascade; Mitochondrial markers; NF-kB/Rel		JAKMIP2, JAKMIP3, NFKB2, RASA3, RB1, RBBP8, RBM15	UNC5C, CENPC, CTNNA2, LOC101749378, EIF4ENIF1, ARVCF, DPP9, NEDD4L, DLG1, TRPC6, ANAPC2, LGR4, NCOA7, KSR1, PPP1R12B, CHD1L, SYNE3, NRP2	33.2	elevated	103.0	640.8160231150783	9.323766411459637	0.975808521560575	0.0	9.90125360678305	25.46861446065741	0.6118878325898053	61.18878325898053
104.0-106.0 kDa	104.0	106.0	282	0	9	6	Actin family; Lamin family; MAPK cascade; Mitochondrial markers; NF-kB/Rel; Tubulin family		MAP3K14, NFKB1, NFKB2, PIK3C3, RASA3, RB1, RBM10	SLC4A1, BCAN, ECT2, SLC26A8, INPP4B, FAM65C, N4BP1, NFKB2 [NF-kB/Rel], PPFIBP1, ZDBF2, GRM7, VPS54, FAM13B, RNF111, CHAF1A, PIGG, CLSTN2, ROR1	32.1	elevated	105.0	602.4162216479307	9.234616808682192	0.9752310061601642	0.0382972772881628	10.510283008272012	20.003187648107595	0.6314341263285351	63.14341263285351
106.0-108.0 kDa	106.0	108.0	273	1	9	7	Actin family; Apoptosis caspase/BCL; Cell-cycle CDK/cyclin; JAK-STAT; Lamin family; Mitochondrial markers; NF-kB/Rel	ATP1A1	BCLAF1, NFKB1, NFKB2, PIK3C3, RBM19, RBM27, STAT2	PHF14, NEDD4L, FAM65C, CWF19L2, MDGA1, PSMD1, FAM193B, TRIM24, DNAJC6, SH3D19, FRMD4B, EPB41, SPECC1, SYNE3, TMTC3, ANKLE2, KSR2, BCR	37.4	elevated	107.0	565.7140354787213	9.14392915475386	0.9746534907597536	1.0956887561896633	9.958803578944925	18.152331434962154	0.707120859999583	70.71208599995829
108.0-110.0 kDa	108.0	110.0	255	1	6	9	Actin family; Cell-cycle CDK/cyclin; Histone family; JAK-STAT; Lamin family; MAPK cascade; Mitochondrial markers; NF-kB/Rel; Tubulin family	ATP1A1	CDKL5, MAP3K13, NFKB1, RBM27, STAT2	ST18, NEK10, NR3C2, PXN, EFTUD2, SEMA6A, EPB41L2, CORIN, CEP112, PCDH8, NCOA7, EML4, INO80D, NEDD4, COL19A1, AARS1, PSD3, MDGA1	33.5	elevated	109.0	521.592931062726	9.026780507215925	0.9740759753593429	2.215721694594544	9.872398039102901	16.45294467762836	0.7626282718996213	76.26282718996214
110.0-112.0 kDa	110.0	112.0	240	4	9	7	Actin family; Cell-cycle CDK/cyclin; Histone family; JAK-STAT; Lamin family; Mitochondrial markers; Nuclear receptor PPAR	ATP1A1, VCL	CDKL5, PPARGC1B, RASA1, RB1, RBM26, RBM27, RBM6, STAT6	MMS19, NEDD4L, ATP1A1, ITGAV, PHF12, SEMA5A, INTS4, DGKZ, ANO8, LOC107050879, CDKL5 [Cell-cycle CDK/cyclin], SRBD1, PPP1R12A, ELAPOR2, MIB1, ITGA9, KIF5B, EPHA5	50.75	elevated	111.0	488.620953856312	8.932571922754418	0.9734984599589322	4.021768297796215	8.876139767184823	20.862426600718035	0.8198811364223332	81.98811364223332
112.0-114.0 kDa	112.0	114.0	218	2	2	5	Actin family; Histone family; MAPK cascade; Mitochondrial markers; Tubulin family	ATP1A1	RBM27	IARS2 [Mitochondrial markers], EML4, LOC112530482, AARS1, LOC100859467, FHIP1B [Actin family], ZC3H4, ATP1A2, PTK2B, TRIM37, INPP4A, KCNH5, PCDH10, HIRA, KANSL1L, USP15, CRB1, CLIP2	27.65	elevated	113.0	473.67668725473607	8.887758858929363	0.9729851129363449	2.9359870011267546	3.8933943468827024	29.59061646143363	0.7684714967902058	76.84714967902057
114.0-116.0 kDa	114.0	116.0	235	1	4	5	Actin family; Cell-cycle CDK/cyclin; MAPK cascade; Mitochondrial markers; Tubulin family	ATP1A1	CDKL5, MAP3K9, PIK3CD, RBM26	UBAP2L, ZCCHC2, SEMA6A, EPB41L2, AP3B1, SAMD11, MKL2, PLEKHG5, ULK1, EML4, NHSL2, RUBCN, , HK3, ATP9A, GRID1, HPS3, PCDH10	26.5	elevated	115.0	456.04796443224285	8.833041756290811	0.9717017453798767	1.459567088377366	3.9054572819576157	24.636549288161966	0.6974816616692783	69.74816616692783
116.0-118.0 kDa	116.0	118.0	208	2	2	6	Actin family; Apoptosis caspase/BCL; Histone family; MAPK cascade; Mitochondrial markers; Tubulin family	ATP1A1, VCL	PIK3CA, RBL2	PLEKHG3, TDRD7, PLCL1, CARD10 [Apoptosis caspase/BCL], ACLY, TNK2, ITGA8, KLB, RECQL5, MEI1, KCNH8, MKL1, , ITGA8, TLR21, FBXO18, PSD3, OTUD4	27.9	elevated	117.0	452.81497289348255	8.822777853249365	0.9709317248459959	1.8185904894631635	3.3693238271223587	23.32777888100968	0.7093564859210308	70.93564859210308
118.0-120.0 kDa	118.0	120.0	228	0	5	3	Actin family; Apoptosis caspase/BCL; Histone family		PIK3CB, PIK3CG, RBL1, RBL2	KDM4C [Histone family], LIMCH1, XPO1, SLC12A5, ATP9A, FAM65A [Actin family], SLC12A1, FAM120C, LNPEP, DLGAP2, CASR, FRMD4A, OFCC1, TSHZ1, PLEKHM1, RPS6KC1, IDE, LIMCH1	21.15	elevated	119.0	456.5721831330352	8.83469915516628	0.9719584188911704	0.2008596650240105	5.689863505496435	19.51241266722534	0.628617777311625	62.861777731162505
120.0-122.0 kDa	120.0	122.0	207	0	3	4	Actin family; Histone family; Lamin family; Tubulin family		PIK3CD, RASAL3, RBL2	DIS3L, SEC24A, ADAMTS6, IPO7, TMPRSS9, HIP1R [Actin family], ANKRD52, USP8, PLEKHG5, PDGFRB, STARD8, SMARCA1, SSH1, B4GALNT3, LOC424167, SH3PXD2A, DIS3L2, GRID2IP [Actin family]	17.85	elevated	121.0	459.12612883061894	8.84274672781869	0.9724075975359343	0.002322486326325674	4.384660347464829	16.632951649396183	0.5695262507658223	56.95262507658223
122.0-124.0 kDa	122.0	124.0	247	0	5	5	Actin family; Histone family; Lamin family; Nuclear receptor PPAR; Tubulin family		PIK3CA, PIK3CB, PPARGC1B, RBL1, RBL2	PIK3CB, PLCH2, MEGF10, PTK7, SUGP2, STARD8, PXN, SMARCC1, FNIP2 [Actin family], KIAA1522, SRGAP1, USP28, LRIG3, KDM4C [Histone family], LRRFIP1 [Actin family], MIS18BP1, STARD8, PHF2	23.6	elevated	123.0	443.0000941353876	8.791163195120802	0.9703542094455853	0.2961326730594793	5.613385076286604	19.783970185509993	0.634384061385649	63.43840613856489
124.0-126.0 kDa	124.0	126.0	179	1	3	5	Actin family; Histone family; JAK-STAT; Tubulin family; p53 pathway	VCL	JAK3, PIK3CA, SRCIN1	XPO7, GLG1, ARHGAP39, ROBO2, ARHGAP39, SRGAP3, KIAA1522, ZNF451, UBE3C, GMIP [Actin family], MYO1H, BMP2K, ITGA2, ZRANB3, ARHGAP45, SLC38A10, ITGA7, ZRANB3	22.2	elevated	125.0	423.00720626538197	8.72453843079081	0.9698408624229979	0.9077753478255004	4.318754879937686	16.316481339488764	0.6534835870101487	65.34835870101487
126.0-128.0 kDa	126.0	128.0	189	0	2	4	Actin family; Apoptosis caspase/BCL; Lamin family; p53 pathway		TP53BP2	TNK2, ZNF628, MYO1C, CORIN, POLR3B, TTF2, CKAP2L, ADAR, LOC107050335, SIN3B, FARP1, ADNP, SLC4A7, B4GALNT4, TRPA1, CEP131, LAMB3 [Lamin family], TP53BP2 [p53 pathway]	15.45	elevated	127.0	391.87270985265997	8.614241296445089	0.9691991786447639	0.050967404130844246	2.7598154052329607	16.368314079752153	0.5635769731721894	56.357697317218935
128.0-130.0 kDa	128.0	130.0	192	0	4	6	Actin family; Apoptosis caspase/BCL; JAK-STAT; Lamin family; Mitochondrial markers; p53 pathway		JAK2, PIK3CG, TP53BP2	, PIK3CG, DGKK, SLC4A5, SEC24B, SYNGAP1, FAM129A, ZFPM2, SENP6, SMC5, ATP2B4, PPIP5K2, ZMYND8, TOPORS, ATP13A5, MICAL1, COBLL1, AUTS2	20.1	elevated	129.0	385.63175246525213	8.591080036047394	0.9686858316221766	0.0	5.656223779446164	13.378237742510718	0.5704703862755385	57.047038627553846
130.0-132.0 kDa	130.0	132.0	180	0	10	4	Actin family; Apoptosis caspase/BCL; Lamin family; Tubulin family		PIK3CG, RASGRF2, RBM20, SRCIN1	MCF2L, RBM20, , FNIP1 [Actin family], PER3, CEP128, LOC121108097, IQSEC1, HEATR6, BLM, TMEM132A, ATP11A, DAB2IP [Actin family], PIK3CG, SORBS1, NRDE2, VWA3A, ZNF644	27.0	elevated	131.0	373.6251140583021	8.545447622096486	0.9681724845995893	0.0	10.043022447225242	13.280671256770225	0.589104034855481	58.9104034855481
132.0-134.0 kDa	132.0	134.0	171	0	3	5	Actin family; Apoptosis caspase/BCL; JAK-STAT; Lamin family; NF-kB/Rel		JAK1, RASGRF2, SRCIN1	GPR158, TAF2, PKP4, TIE1, RASGRF2, KCNT2, ADGRG6, GRM5, PLCB1, MYO1B, CWF19L1, ASTN1 [Actin family], COL1A1, MAN2A2, LOC112531052, CFAP61, STXBP5L, SASH1	16.8	elevated	133.0	365.0972904752361	8.512137151802945	0.9676591375770021	0.0	6.603072615150797	11.736535328212126	0.5753259519069409	57.53259519069409
134.0-136.0 kDa	134.0	136.0	174	0	9	7	Actin family; Apoptosis caspase/BCL; Cell-cycle CDK/cyclin; Histone family; JAK-STAT; Lamin family; Tubulin family		JAK1, JAK2, RBM33, RBM6, SRCIN1	NCKAP1L, MCF2L, , CGN, LOC107050335, TAF2, WASHC5, ATP8B4, KCNT1, FBRSL1, ATP13A4, ZMYND8, CAPRIN2, ERBB2, SORCS3, CHL1, PRDM15, PHKA1	27.45	elevated	135.0	336.0296356500842	8.392444664802534	0.9671457905544147	0.0	7.565777143799088	19.381405496570267	0.5929663686763927	59.29663686763927
136.0-138.0 kDa	136.0	138.0	154	0	0	5	Actin family; Cell-cycle CDK/cyclin; Histone family; Lamin family; Tubulin family			RAPGEF1, , FBRSL1, KCNH7, WASHC4, ADAMTS3, TBC1D1, CNTLN, , PCDH7, PARD3, CFAP61, REXO1, SALL1, NFASC, MTMR4, ZNF687, TNKS	11.45	elevated	137.0	312.5084294802346	8.287751294766458	0.9665682751540041	0.0	2.1806296340641027	20.4077957553618	0.5401220462278693	54.01220462278693
138.0-140.0 kDa	138.0	140.0	134	0	2	6	Actin family; Cell-cycle CDK/cyclin; Histone family; Lamin family; MAPK cascade; Tubulin family		MAP3K15	EVC2, PCNX2, NOL6, DCTN1 [Actin family], DIAPH2, NRK, GRM5, PTPRC, MCF2L, RAPH1, JARID2, EGF, IARS, REV1, MAP1S, KIAA0825, LOC415478, SMC2	14.2	elevated	139.0	296.4646015211932	8.21171604409544	0.9659907597535934	0.0	2.564461299190844	23.172539501406654	0.5479438264302201	54.79438264302201
140.0-142.0 kDa	140.0	142.0	143	0	4	6	Actin family; Apoptosis caspase/BCL; Cell-cycle CDK/cyclin; Histone family; MAPK cascade; NF-kB/Rel		MAP3K15, MAP3K5, MAP3K6, RASGRF2	NEK1, KIAA0825, ABCB11, ATRNL1 [Actin family], BSN, MECOM [Histone family], KCNMA1, TJP2, SORBS1, BRIP1, KIF16B, TBC1D9, PPFIA4 [Actin family], PHLDB2, MAP3K6 [MAPK cascade], ADGRA2, MECOM [Histone family], ARHGEF10L	17.65	elevated	141.0	278.46944740531825	8.121375239082282	0.9648998973305954	0.0	4.2104519599047965	20.6554552905102	0.5676096331030944	56.76096331030944
142.0-144.0 kDa	142.0	144.0	132	0	3	3	Actin family; Cell-cycle CDK/cyclin; MAPK cascade		MAP3K1, MAP3K19, RASGRF1	CRAMP1, ATN1, NPC1, ERBB4, , TRPS1, DCTN1 [Actin family], MMS22L, ZMYM2, NRK, MYPN, HDLBP, IQSEC1, ARHGEF9, TBC1D32, USP42, MYBPC3, SPAG5	13.35	elevated	143.0	281.50613417403304	8.137022549543946	0.9652849075975359	0.0	4.000193635102416	14.742380185680801	0.5499049832445616	54.99049832445616
144.0-146.0 kDa	144.0	146.0	142	0	4	5	Actin family; Cell-cycle CDK/cyclin; Histone family; MAPK cascade; Tubulin family		MAPK8IP3, VEGFRKDRL	SOS1, VEGFRKDRL, RRP12, MCF2L2, WDR33, DENND5B, DENND5B, ZNF521, FAM21C, STAG1, YEATS2, ZNF592, TPP2, PHLPP1, TBC1D4, LOC415478, ATP13A3, PLEKHA7	16.85	elevated	145.0	271.2631209162843	8.083549111748583	0.9643865503080082	0.0	4.772558889542202	25.36677291160191	0.5826516291167652	58.26516291167651
146.0-148.0 kDa	146.0	148.0	110	0	1	3	Actin family; Histone family; Tubulin family		VEGFRKDRL	MYO6, , IKBKAP, SCAF8, CLUH, ATRNL1 [Actin family], VEGFRKDRL, PPFIA2 [Actin family], CHD1W, IKBKAP, SSH2, PHLDB2, STK36, WDR17, SYNRG, TET1, EHMT1 [Histone family], CENPJ	9.25	elevated	147.0	257.89810160120305	8.01065734320193	0.9638732032854209	0.0	2.9754295736361063	17.18564446525615	0.5434527903870631	54.34527903870631
148.0-150.0 kDa	148.0	150.0	131	0	6	5	Actin family; Apoptosis caspase/BCL; Cell-cycle CDK/cyclin; Histone family; MAPK cascade		BCL9, MAP3K1, MAPK8IP3	PER2, NUP153, SCAF8, CNTNAP1 [Actin family], NEDD4, CADPS, MAPK8IP3 [Actin family; MAPK cascade], ZNF423, PLCG2, SOS1, RNF123, COL17A1, TTC21B, ZNF521, PHLPP2, KANK1, KIAA0825, RPGR	19.3	elevated	149.0	251.98821217892143	7.977212436877789	0.9633598562628337	0.0	6.3048174137046935	17.12638999372346	0.58116596519374	58.116596519374
150.0-152.0 kDa	150.0	152.0	115	0	3	3	Actin family; Histone family; MAPK cascade		MAP3K1	MAP3K1 [MAPK cascade], SIK3, ABCC4, ASXL2, NRXN1, SPATA13, KDR, MAP4K4, PDS5A, ANKFN1L, ATP8B2, SPATA13, ZNF521, BLM, ADCY9, IKBKAP, KTN1, LOC100858919	12.5	elevated	151.0	242.24010595756437	7.920293931256331	0.962782340862423	0.0	4.796599180475244	10.267880330019874	0.5567435265579633	55.67435265579633
152.0-154.0 kDa	152.0	154.0	105	0	2	4	Actin family; Cell-cycle CDK/cyclin; Histone family; MAPK cascade		MAP3K1, MAP3K5	KIF24, MAP3K1 [MAPK cascade], PLEKHH1, ABCC4, NEO1, MEGF6, WDR7, UMODL1, MAP3K5 [MAPK cascade], NFASC, RGS22, CARMIL1, PNPLA7, TCP10, MAGI1, MIA2, TRAPPC8, PARD3	11.25	elevated	153.0	205.50024240698843	7.682996285478052	0.9613064681724846	0.0	1.5558382843881	7.127564517798208	0.49612751946838907	49.612751946838905
154.0-156.0 kDa	154.0	156.0	86	0	1	4	Actin family; Cell-cycle CDK/cyclin; Histone family; p53 pathway		PIK3R4	PLCG2, COL4A1, VPS8, TA3, NUP155, GRIN2A, PTPRJ, PTPRJ, TRIOBP [Actin family], LMO7, EDC4, SCAPER [Cell-cycle CDK/cyclin], CRB1, KDM6A [Histone family], COL4A3, MET, CEP164, TMEM131L	8.8	routine	155.0	185.19887262173773	7.532931506148367	0.9593172484599589	0.0	1.1917361659847907	8.636475942499995	0.4929906206316282	49.29906206316282
156.0-158.0 kDa	156.0	158.0	89	0	3	3	Actin family; Apoptosis caspase/BCL; Histone family		BCL9L, PIK3R4	NCAPD3, IFT140, ADGRL2, PPIP5K1, ATRN [Actin family], PHLDB1, ATAD2, MEGF6, AQR, KTN1, FHOD3, CRB2, NPHP4, LOC424998, FANCD2, RIMBP2, MMR1L3, AKAP13	11.2	elevated	157.0	183.4245357206389	7.519042823227394	0.9590605749486653	0.0	3.182342299898277	7.341823592186732	0.5223274674822311	52.232746748223114
158.0-160.0 kDa	158.0	160.0	89	0	2	3	Actin family; Histone family; Mitochondrial markers		PIK3C2G, ROCK1	LMO7, PCMTD2, LTK, CLIP1, PTPRK, , TTC37, LTK, DISP2, SETD5, KDM6A [Histone family], CASKIN2, MED14, STARD13, MYOM3, LTK, USP19, CPS1 [Mitochondrial markers]	9.7	elevated	159.0	199.81782223907945	7.6425414561345	0.9607289527720739	0.0	3.4569663226705765	11.355427173632881	0.5377208732748008	53.77208732748008
160.0-162.0 kDa	160.0	162.0	111	0	2	4	Actin family; Apoptosis caspase/BCL; Cell-cycle CDK/cyclin; Histone family		BCL9L, ROCK1	KDM6A [Histone family], ESPL1, UACA, MED14, DISP1, SYNGAP1, CRB2, PTPRU, GLI3, A2ML2, KIF7, BCL9L [Apoptosis caspase/BCL], RAPGEF2, ZNF831, COL4A5, , ZNF423, SMG6	11.55	elevated	161.0	216.65995045314025	7.759288685972534	0.9620764887063655	0.0	2.1523062161315263	10.844372235377346	0.5205027657186105	52.050276571861055
162.0-164.0 kDa	162.0	164.0	94	0	3	3	Actin family; Cell-cycle CDK/cyclin; p53 pathway		CDK12, ROCK1, ROCK2	SBNO2, DISP2, LMTK2, TULP4, PTPRK, CRACD [Actin family], ARHGAP5, PTPRM, A2ML2, ZNF608, EEA1, WDR7, ABCC6, CEP162, SLIT3, ABCC8, CECR2, PTPRM	11.45	elevated	163.0	208.37598555018417	7.703045212477723	0.9615631416837782	0.0	4.295153878682557	10.009449312667243	0.5489153201079158	54.89153201079158
164.0-166.0 kDa	164.0	166.0	96	0	3	4	Actin family; Apoptosis caspase/BCL; MAPK cascade; Mitochondrial markers		BCL9L, MAP3K4, PIK3R4	A2M, SETD5, KIF24, MMR1L4, ABI3BP, SOGA1, AQR, CRACD [Actin family], CPS1 [Mitochondrial markers], MYOM2, BCL9L [Apoptosis caspase/BCL], MYOM2, NRXN1, CAMSAP2, IQGAP2, PTPRU, NKTR, NKTR	12.3	elevated	165.0	195.4920979930996	7.610966483156103	0.9600872689938398	0.0	4.136194357628346	8.130566217402132	0.5385187151616015	53.85187151616015
166.0-168.0 kDa	166.0	168.0	100	0	6	7	Apoptosis caspase/BCL; Cell-cycle CDK/cyclin; Histone family; MAPK cascade; Mitochondrial markers; Nuclear receptor PPAR; p53 pathway		BCL9L, CDK13, MAP3K4, PIK3C2G, ROCK2, SRCIN1	CLASP1, DOT1L [Histone family], TRAPPC8, RIMS2, POLA1, COL4A2, ABI3BP, RIMS2, ADGRL2, SRCIN1, HECW2, ITSN1, OVST, EEA1, , CLASP2, EPRS, ABI3BP	19.25	elevated	167.0	185.9033955607226	7.538409311370887	0.9593814168377823	0.0	5.555154521422754	8.531117532975038	0.5588481742884077	55.88481742884077
168.0-170.0 kDa	168.0	170.0	72	0	1	2	Actin family; Histone family		PIK3C2G	CLASP2, DOT1L [Histone family], POLA1, RALGAPB, TMEM131L, ABCC2, ADGRL3, RIMS2, BCORL1, CLASP2, PTPRM, CAMTA1, CLASP1, PTPRM, CFTR, KDM5B [Histone family], SLIT3, CAMSAP2	6.6	routine	169.0	153.16038865390468	7.2588994160074645	0.9579055441478439	0.0	2.4764890641791384	8.239825256016013	0.5160996234876096	51.60996234876096
170.0-172.0 kDa	170.0	172.0	64	0	2	2	AKT pathway; Actin family		PIK3C2G, ROCK2	PIK3C2G, ARHGEF12, RIMS2, MAGI2, COL24A1, BAZ1B [AKT pathway], ANKRD31, THSD7B, TOP2B, TULP4, MUC5ACL, ABCC1, GEMIN5, CRACD [Actin family], FHOD3, FGD5, PTPRS, DIP2B [Actin family]	7.7	routine	171.0	130.77631450206312	7.03095746115616	0.9566863449691991	0.0	1.8111584223966255	7.657470506554665	0.5022093753003934	50.22093753003934
172.0-174.0 kDa	172.0	174.0	53	0	0	2	Actin family; Histone family			SLIT3, CCDC180, SLIT3, SYNJ1, ARHGAP5, MAGI2, LTBP1, COL1A4, LRP6, DIP2A [Actin family], TMEM131L, COL24A1, NHSL1, ZNF518A, ARHGEF12, ABCC1, COL11A1, TOP2A	4.15	routine	173.0	123.94218641283206	6.9535235134076965	0.9557879876796714	0.0	0.5021734267212165	3.913342431605217	0.44545348310153093	44.545348310153095
174.0-176.0 kDa	174.0	176.0	59	0	0	2	Actin family; Lamin family			ADGB, TARBP1, NRXN3, SYNJ1, COL1A4, ADAMTS12, TNS3, TULP4, COL1A4, AQR, COL1A4, , ABCA9, AGL, AGL, UGGT1, BRCA1, ABCC9	4.45	routine	175.0	114.32472504005523	6.836993639128866	0.9532212525667351	0.0	0.453212781562337	3.9511121920396297	0.443859176649862	44.3859176649862
176.0-178.0 kDa	176.0	178.0	56	0	1	4	Actin family; Histone family; Lamin family; MAPK cascade		MAP3K4	EIF4G3, HECW2, CCDC141, , KDM5B [Histone family], MAP3K4 [MAPK cascade], COL5A1, ROBO1, RUSC2, LAMC1 [Lamin family], BAZ1A, COL11A1, COL16A1, DIP2A [Actin family], RIMS1, SMARCA2 [Actin family], C4, CEP170B	7.3	routine	177.0	121.33694848202391	6.92287512419779	0.9554029774127311	0.0	1.194877605226168	9.287825358667687	0.4943600506137581	49.43600506137581
178.0-180.0 kDa	178.0	180.0	67	0	1	3	Actin family; Lamin family; MAPK cascade		MAP3K4	CTTNBP2 [Actin family], NHSL1, SMARCA2 [Actin family], HEG1, NES, , COL11A1, MAP3K4 [MAPK cascade], FAM208A, RREB1, CEP170B, SORL1, TIAM1, KIF14, RREB1, PAPPA2, FHOD3, PBRM1	7.1	routine	179.0	134.1212139080775	7.067393635663246	0.957135523613963	0.0	0.915631320100337	5.712606167456408	0.4702297353874163	47.02297353874163
180.0-182.0 kDa	180.0	182.0	63	0	1	1	MAPK cascade		MAP3K4	ABCA8, CEP170B, PLCH2, EIF4G3, LRP6, VTG3, ABCC9, EIF4G1, PXDN, URB2, WDR62, IQGAP3, ROBO1, ABCA9, , DLEC1, ROBO1, LTBP1	5.4	routine	181.0	130.59610985072288	7.028968112825545	0.9566221765913757	0.0	1.3033909347068062	2.184503046435569	0.45282051876713325	45.282051876713325
182.0-184.0 kDa	182.0	184.0	50	0	2	0			PIK3C2B, RB1CC1	COL11A1, ALS2, HEG1, SYNM, EIF4G1, SHANK3, CLTCL1, SAMD9L, ADGB, EIF2AK4, KIF21A, THOC2, ERCC6L2, HECW1, SCRIB, EIF4G3, RB1CC1, CAMTA1	5.5	routine	183.0	118.99163638178003	6.894716363521646	0.9543762833675564	0.0	1.7764173020118945	0.8513672278812381	0.40968995352660426	40.96899535266043
184.0-186.0 kDa	184.0	186.0	58	0	0	2	Lamin family; MAPK cascade			THOC2, ZCCHC11, PLCH1, SHANK3, LAMB2 [Lamin family], MYO15L, VTG3, KIF14, ARID2, RAPGEF6, SHANK3, USP6, CAMTA1, KIF21A, CAMTA1, THSD7A, CCDC162, POLR1A	4.4	routine	185.0	101.64958363663733	6.667460495595947	0.950526180698152	0.0	0.5999803327786041	2.4498783601772853	0.4309107329917969	43.09107329917969
186.0-188.0 kDa	186.0	188.0	37	0	0	0				, MON2, MBD5, , , LTBP2, NES, ABCA5, NRCAM, PCDHGC5, BCOR, COL11A1, PCF11, , PLCH1, THSD7A, THSD7A, 	1.85	routine	187.0	93.50423041673	6.54695973329054	0.9478311088295688	0.0	0.007968318496703864	1.1922291206715412	0.34765884883739784	34.76588488373979
188.0-190.0 kDa	188.0	190.0	49	0	0	3	Actin family; Histone family; Lamin family			CFAP74, LOC101747860, PRDM2, EPRS, CACNA1I, FRMPD3, ARID2, MARF1, KIDINS220 [Actin family], PHRF1, CFAP43, AIM1, CLTC, BCOR, ZC3H13, VTG2, SIPA1L2, ARAP2	4.7	routine	189.0	85.68992591434505	6.42105369960188	0.9455852156057495	0.0	0.062593194690335	2.7697992719609843	0.4062434556216855	40.62434556216855
190.0-192.0 kDa	190.0	192.0	33	0	2	2	Actin family; Lamin family		PIK3C2A	SHPRH, CDC42BPA, ITSN1, CLTCL1, FOCAD, COL11A1, TMEM131L, FAM208A, PLCH1, IQGAP2, PCDH15, SIPA1L2, ADAMTSL1, SLX4, ARFGEF2, NRAP, EIF4G3, NRAP	6.15	routine	191.0	87.3888910785222	6.449377990121827	0.9462268993839835	0.0	1.6139369172398985	3.069946794043539	0.4747185973784268	47.47185973784268
192.0-194.0 kDa	192.0	194.0	50	0	0	3	Actin family; Lamin family; p53 pathway			COL14A1, USP54, ARHGEF28, FMN2, CDC42BPB, RICTOR, TIAM2, SCRIB, CLTC, KDM5A, BCOR, CCDC162, KIDINS220 [Actin family], MYO3A, FAM208A, DOCK2B, LOC101748153 [Lamin family], ANK1	4.75	routine	193.0	101.36712024484282	6.663445960932191	0.9502695071868583	0.0	0.8071664747456592	4.4792094496103685	0.45937279134832204	45.9372791348322
194.0-196.0 kDa	194.0	196.0	63	0	0	3	Actin family; Lamin family; p53 pathway			CHD5, CDC42BPB, ADAMTSL3, PATJ, NUP98, RICTOR, SHROOM2, , ARHGEF5, , CFAP43, LRP4, ARAP3, NALCN, KDM3B, FRMPD4, QSER1, NUP188	5.4	routine	195.0	109.17396003854368	6.7704849782376915	0.951937885010267	0.0	0.007821120625590946	4.848530473665868	0.4111852608746762	41.11852608746762
196.0-198.0 kDa	196.0	198.0	48	0	0	3	Actin family; Lamin family; Tubulin family			CEP152, TRPM3, LOC101747860, DOCK2B, SHROOM2, GCC2, ADAMTSL3, VIRMA, DOCK2B, NRAP, KIDINS220 [Actin family], CHD1W, PLXNA2, UNC13A, LAMB1 [Lamin family], PEAK1, AIM1, TNRC6A	4.65	routine	197.0	105.72240348367716	6.7241373183398565	0.9514887063655031	0.0	0.0	8.373061203438093	0.40716151669289863	40.716151669289864
198.0-200.0 kDa	198.0	200.0	46	0	0	4	Actin family; Lamin family; Tubulin family; p53 pathway			TRPM3, TNRC6C, NALCN, CHD5, LOC101749352, NUP188, LOC101748153 [Lamin family], LAMA4 [Lamin family], LOC421441, ADAMTSL3, NUP210L [p53 pathway], PATJ, THADA, KALRN, ITSN2, ADAMTSL3, KIDINS220 [Actin family], ADAMTSL3	5.3	routine	199.0	104.32604385655644	6.704955545642203	0.9511036960985626	0.0	0.0	6.607269430533739	0.4000855686946914	40.00855686946914
200.0-202.0 kDa	200.0	202.0	54	0	0	2	Actin family; p53 pathway			UBR2, TJP1, CACNA1I, EPB41L1, NALCN, ADAMTS7, ADAMTSL1, PCSK5, PPL, UNC13A, CHD1W, FOCAD, ARID2, NRCAM, TANC1, KIF1A, VWDE, UBR1	4.2	routine	201.0	100.21176372727966	6.646908064324218	0.9495636550308009	0.0	0.04628137315910115	4.193649922448093	0.41907055278759303	41.9070552787593
202.0-204.0 kDa	202.0	204.0	47	0	1	1	Lamin family		RBBP6	CDC42BPA, KIAA1549, TSC2, ARHGEF5, TANC1, LAMB4 [Lamin family], MAST2, LOC416924, CHD5, KIAA1671, LAMA4 [Lamin family], KIAA1549, TMEM131, COL14A1, TMEM131, EXPH5, IFT172, KNDC1	4.6	routine	203.0	100.17736423706454	6.646412748286526	0.949435318275154	0.0	0.9995145932565607	2.807315006035666	0.4544434319376549	45.44434319376549
204.0-206.0 kDa	204.0	206.0	46	0	1	2	Actin family; p53 pathway		TP53BP1	MAST2, PLXNA2, MAST2, SHANK2, KIF26A, PRG4, GSE1, ECPAS, PPL, UBR3, ZNF236, EXPH5, TSC2, KIF1B, KNDC1, LARP4B, VTG2, TANC1	5.3	routine	205.0	91.90254689472117	6.522032938354547	0.9474460985626283	0.0	1.308539322442695	2.4686145620221436	0.45887054889333617	45.88705488933362
206.0-208.0 kDa	206.0	208.0	37	0	0	1	Actin family			BTAF1, , VTG2, PHIP [Actin family], LOC101747860, LOC424300, CPAMD8, MTCL1, KIF26B, PSME4, PATJ, RAI1, PATJ, CACNA1S, CDC42BPA, ARID1A, ZNF106, AK9	2.6	routine	207.0	92.39427824727849	6.52973160670327	0.9475102669404517	0.0	0.16965922704929298	2.654458826590052	0.4146621127024	41.46621127024
208.0-210.0 kDa	208.0	210.0	55	0	0	2	Histone family; p53 pathway			ARHGAP21 [p53 pathway], NUP214 [p53 pathway], PCSK5, TAF1, MAST2, TCF20, SCRIB, GBF1, ARFGEF1, ITGB4, CHD1, UBR3, GBF1, KAT6A [Histone family], TCF20, TNRC6A, ANK3, PLXND1	4.25	routine	209.0	110.50713189388205	6.787995670847621	0.9523870636550308	0.0	0.0005177676606227689	2.297224035712622	0.3718226542386308	37.18226542386308
210.0-212.0 kDa	210.0	212.0	65	0	0	2	Histone family; p53 pathway			KIF26A, MTCL1, SCN9A, SCN8A, MAST2, KIF26A, PLXNA2, VWA8, FER1L6, UBR3, SVIL, LOC421255, ZNF236, LMO7, Mylk, RESF1, SBF2, ANK3	4.75	routine	211.0	120.96454172143378	6.918440402733235	0.9552104722792608	0.0	0.0	2.293902480960451	0.3704016028413888	37.04016028413888
212.0-214.0 kDa	212.0	214.0	47	0	0	2	Actin family; p53 pathway			KIAA1217, PSME4, LRP4, ANK2, ZNF236, NUP214 [p53 pathway], AGRN, SHROOM3, THADA, NAV1, MYO5A, PLXNA4, MAP2, WDR81, CCDC88A, KIF26B, MYO5A, KIF26A	3.85	routine	213.0	113.57122635866261	6.827453559408076	0.9529645790554415	0.0	0.0	2.23916007692139	0.3678096726826421	36.780967268264206
214.0-216.0 kDa	214.0	216.0	57	0	0	1	p53 pathway			SBF2, TNC, SCN8A, PTPRD, MYH9, MAST2, ADAMTS20, ANK3, MPDZ, SHROOM3, DOCK2, MYO16, OTOF, WDR81, PLXND1, ANK1, DOCK1, SDK1	3.6	routine	215.0	99.33304027202742	6.634201763378089	0.949114476386037	0.0	0.06940912347121006	1.6474343791247372	0.3780975700271353	37.80975700271353
216.0-218.0 kDa	216.0	218.0	29	0	1	1	Actin family		RBBP6	ARID1A, RLF, GREB1L, CCDC88A, NCOA6, Xirp1 [Actin family], THADA, ANAPC1, RALGAPA2, KIF16B, KIF13A, SCN1A, SHROOM3, AKAP12, KIF20B, DENND4C, AKAP12, KNDC1	3.7	routine	217.0	86.64316431391153	6.437014027776178	0.9460343942505134	0.0	1.0286219887300185	1.305201107554204	0.4125091625784208	41.25091625784208
218.0-220.0 kDa	218.0	220.0	41	0	1	1	Cell-cycle CDK/cyclin		CDK5RAP2	TANC2, MYLK, DOCK4, LCT, CHD4, MYO5A, SBF1, CHD4, CCDC88A, NAV1, MALRD1, KIF26A, SBF1, LOC421441, TNC, DICER1, DICER1, SBF1	4.3	routine	219.0	71.32899995183098	6.156416841690695	0.9428259753593429	0.0	3.2484588781655632	2.521571139936722	0.49130209451665463	49.130209451665465
220.0-222.0 kDa	220.0	222.0	37	0	6	3	Apoptosis caspase/BCL; Cell-cycle CDK/cyclin; p53 pathway		CASP8AP2, CDK5RAP2, RBBP6	RBBP6, ANK3, CASP8AP2 [Apoptosis caspase/BCL], ANKRD12, GREB1L, AGRN, HELZ, CASP8AP2 [Apoptosis caspase/BCL], CDK5RAP2 [Cell-cycle CDK/cyclin], NCKAP5, PHF3, MYO7L2, MYH9, TET2, LOC395944, CDK5RAP2 [Cell-cycle CDK/cyclin], RALGAPA2, PRR14L	13.1	elevated	221.0	78.7167621903532	6.298598975269956	0.9437243326488707	0.0	5.265969341162601	5.95316505874335	0.5429395433991042	54.29395433991042
222.0-224.0 kDa	222.0	224.0	44	0	2	3	Cell-cycle CDK/cyclin; Histone family; p53 pathway		CDK5RAP2, RBBP6	DSCAM, ADAMTS9, MYH9, DSCAM, , ARHGAP21 [p53 pathway], TANC2, MYH15, ARHGAP21 [p53 pathway], NIN, ARHGAP21 [p53 pathway], DOCK5, PCM1, KIF13A, ARHGAP33, MYH1F, MYH1F, MYH1B	7.45	routine	223.0	83.99566870232464	6.392243031078944	0.9449435318275154	0.0	2.801757178529216	5.088241518671467	0.5087062721277756	50.87062721277756
224.0-226.0 kDa	224.0	226.0	38	0	2	2	Apoptosis caspase/BCL; Cell-cycle CDK/cyclin		CASP8AP2, CDK5RAP2	FANCM, EML5, MYH15, DSCAM, MYLK, MYH7B, AGRN, LOC395944, DOCK4, HEATR5A, HEATR5B, MYH9, TRIP11, MYH7, , MYH7B, CDK5RAP2 [Cell-cycle CDK/cyclin], SCN2A	6.4	routine	225.0	81.8963782743426	6.355727747471864	0.9444943531827515	0.0	2.5505270652771617	3.2325882263819907	0.49222059901198795	49.2220599011988
226.0-228.0 kDa	226.0	228.0	34	0	1	2	Cell-cycle CDK/cyclin; Histone family		CDK5RAP2	KAT6B [Histone family], MALRD1, DOCK7, TTC3, TANC2, LOC395944, PLCE1, CKAP5, MYO7L2, PLCE1, ASXL3, MYH9, GTF3C1, MYH9, TSPOAP1, PCNX2, KIF26B, CDK5RAP2 [Cell-cycle CDK/cyclin]	4.7	routine	227.0	71.58032754202141	6.161491240236642	0.9429543121149897	0.0	1.2738875095700495	1.91172164696798	0.43969514881272936	43.969514881272936
228.0-230.0 kDa	228.0	230.0	33	0	0	1	Actin family			MYH11, SCN3A, SCN3A, SCN2A, , NUP205, ARHGAP33, SCN1A, ASXL3, TNC, NCKAP5, TRIP12, NUMA1, SDK1, MYH11, TANC2, MYO5A, MYH7	2.4	routine	229.0	60.89029421533444	5.9281403787935325	0.9404517453798767	0.0	0.1081943210266583	0.8680374310789549	0.3440492025604232	34.404920256042324
230.0-232.0 kDa	230.0	232.0	23	0	0	0				PHF3, EVPL, MYH10, TSPOAP1, DOCK4, SNRNP200, PCNX2, MED12, DLG5, SCN5A, LOC101751678, SORL1, EVPL, IGFN1, DOCK4, DOCK8, SETD1A, MYH10	1.15	routine	231.0	54.83861986604363	5.7771203578814205	0.938911704312115	0.0	0.0	0.652114528589246	0.29817970272777494	29.817970272777494
232.0-234.0 kDa	232.0	234.0	30	0	0	1	Actin family			SCN5A, AGRN, LOXHD1, PHF3, DOCK11, CCDC88A, AGRN, MYH10, MYH10, LOC420486, MYO9B, AGRN, TSPOAP1, CIT [Actin family], ATG2A, PDE4DIP [Actin family], ABCA1, BAZ2B	2.25	routine	233.0	55.542480723160566	5.7955197093339414	0.9393608829568788	0.0	0.0	2.8353946914137387	0.3769722004346512	37.697220043465116
234.0-236.0 kDa	234.0	236.0	25	0	0	1	Actin family			BAZ2B, KIAA0100, MYOF, FREM1, DOCK3, ANK2, CLIP1, ARFGEF3, SPEF2, NAV3, SDK1, MYOF, LOXHD1, CCDC88A, NUMA1, MYO9B, LOC101751678, LOC421441	2.0	routine	235.0	61.157748845267335	5.934463398421574	0.9405159137577002	0.0	0.0010069506832256368	1.7458983988426389	0.3522953630981955	35.22953630981955
236.0-238.0 kDa	236.0	238.0	34	0	0	0				MUC5ACL, DOCK9, SYTL2, BAZ2B, MYO10L, DOCK9, MYOF, PCNX2, CACNA1C, CR1, PTPRB, MYOF, DOCK11, SDK2, ANKRD26, NAV3, TECTA, MYO9B	1.7	routine	237.0	63.00300828838172	5.977348811422351	0.9411575975359343	0.0	0.3470047428927179	0.6228905164351011	0.34575809650750305	34.57580965075031
238.0-240.0 kDa	238.0	240.0	32	0	2	1	Cell-cycle CDK/cyclin		CDK5RAP2	MALRD1, CCDC88A, DYSF, MED12L, , BAZ2B, ASXL3, SPAG17, CDK5RAP2 [Cell-cycle CDK/cyclin], PI4KA, IGFN1, DOCK8, CDK5RAP2 [Cell-cycle CDK/cyclin], CABIN1, SDK2, DOCK7, NIN, SDK2	5.35	routine	239.0	67.69351607293268	6.080945748814566	0.942055954825462	0.0	1.9577342790036867	2.3045677014585095	0.46803344725120477	46.803344725120475
240.0-242.0 kDa	240.0	242.0	34	0	0	2	Actin family; Lamin family			PIKFYVE, DOCK9, ABCA7, NUMA1, MED13, SDK1, DYSF, LOC101751678, MICAL3 [Actin family], DYSF, CACNA1D, KIAA1549L, WNK2, WNK2, SDK2, USF3, MED12, PIKFYVE	3.2	routine	241.0	66.60839451375489	6.057632103417961	0.9417351129363449	0.0	0.2289440398401178	2.3199306932515698	0.41071465809872243	41.071465809872244
242.0-244.0 kDa	242.0	244.0	24	0	0	1	Actin family			MED12, ARFGEF3, ASXL3, DOCK7, CLIP1, CACNA1C, DYSF, RALGAPA1, CACNA1D, DYSF, MED12, ARID1A, FRMPD2, PDE4DIP [Actin family], GTF3C1, , PRRC2B, C2CD3	1.95	routine	243.0	52.677476217042745	5.719114322479193	0.9385266940451745	0.0	0.0004436635984349044	1.6287295198072977	0.34494357424451416	34.494357424451415
244.0-246.0 kDa	244.0	246.0	21	0	0	1	Actin family			CACNA1I, WNK2, ARHGEF4, SDK1, PLXNB3, MICAL3 [Actin family], PDE4DIP [Actin family], PLCE1, CACNA1D, ANKRD17, SVIL, ANKRD17, CABIN1, ARID1B, POLE, GON4L, ARFGEF3, INTS1	1.8	routine	245.0	40.54214905742668	5.341350660069005	0.9352541067761807	0.0	0.0	2.064885948012377	0.3584328160341467	35.84328160341467
246.0-248.0 kDa	246.0	248.0	19	0	0	0				SORL1, FREM1, ARFGEF3, CACNA1I, NAV3, WNK1, ABCA1, CLIP1, ABCA4, PRRC2B, OBSL1, FN1, PRR14L, IGFN1, CACNA1G, EVPL, PTPRB, PLXNB3	0.95	routine	247.0	43.5189415586316	5.443571563546327	0.9371149897330595	0.0	0.0	0.2246084750252609	0.27463407738250345	27.463407738250346
248.0-250.0 kDa	248.0	250.0	20	0	0	0				CACNA1D, SPAG17, CACNA1G, TET1, WNK2, PLXNB3, YLPM1, CACNA1D, PLCE1, IGFN1, ANKRD26, TET1, SDK1, CACNA1D, KNTC1, AKAP6, RTTN, ARHGEF4	1.0	routine	249.0	41.36037180571541	5.370177249588828	0.9357032854209446	0.0	0.0	1.918281582734065	0.35296135435016	35.296135435016005
250.0-252.0 kDa	250.0	252.0	20	0	0	2	Actin family; Heat shock proteins			MICAL3 [Actin family], MICAL3 [Actin family], NAV3, MICAL3 [Actin family], AKAP6, NAV3, MICAL3 [Actin family], NAV2, SDK1, POLE, RIF1, PLCE1, PKDREJ, LOC415414, NAV3, MYO7A, DNAJC13 [Heat shock proteins], ascc3	2.5	routine	251.0	38.65889265231152	5.272728408383256	0.9338424024640657	0.0	0.0	3.9710373612643415	0.38625247878860525	38.62524787886053
252.0-254.0 kDa	252.0	254.0	17	0	0	2	Actin family; Heat shock proteins			CCDC162, CNTRL, NUMA1, C2CD3, ARHGEF4, NAV3, LOC415414, MICAL3 [Actin family], LOC415414, HEATR1, ARHGEF4, MYO7A, LOC101751678, ZNF407, CACNA1E, AHCTF1, DNAJC13 [Heat shock proteins]	2.35	routine	253.0	38.512185196859356	5.2672430794408935	0.9337140657084189	0.0	0.0	3.1469129549544497	0.37962140982812	37.962140982811995
254.0-256.0 kDa	254.0	256.0	14	0	0	2	Actin family; Heat shock proteins			ABCA4, ABCA1, MICAL3 [Actin family], KIAA0100, RIF1, RIF1, ABCA1, DNAJC13 [Heat shock proteins], KNTC1, DNAJC13 [Heat shock proteins], IGFN1, ZNF462, PTPRZ1, SPTB	2.2	routine	255.0	30.56343733940044	4.933734901141777	0.9273613963039015	0.0	0.0	3.612351346809575	0.3814596384160769	38.14596384160769
256.0-258.0 kDa	256.0	258.0	15	0	0	1	Heat shock proteins			SVIL, DNAJC13 [Heat shock proteins], ARHGEF4, EIF4EBP3, C2CD3, CAD, NOTCH2, NOTCH2, CAD, NOTCH2, SEC16A, PTPRZ1, CENPE, DOP1B, ARHGEF4	1.5	routine	257.0	36.22154194774797	5.178776057879446	0.9319173511293635	0.0	0.0	1.0129039456476416	0.3207965966655896	32.07965966655896
258.0-260.0 kDa	258.0	260.0	22	0	0	0				CSPG4, SVIL, NAV2, CADNL, NAV2, NOTCH2, PKDREJ, ABCA2, TTC28, URB1, CACNA1E, PTPRZ1, PTPRVP, TTC28, MYO7A, SPTB, SVIL, GOLGA4	1.1	routine	259.0	42.0113885976478	5.392708566734933	0.9361524640657084	0.0	0.0	0.24526240570879387	0.2760431921585591	27.60431921585591
260.0-262.0 kDa	260.0	262.0	19	0	0	1	Histone family			JMJD1C, APC2, EIF4EBP3, CELSR3, NAV2, EP300 [Histone family], ARHGEF4, POLE, AKAP6, ROS1, ROS1, PCNX1, SPTBN2, CACNA1G, BRWD1, FASN, IGFN1, LOC416696	1.7	routine	261.0	45.05827408338413	5.493720148384579	0.9377566735112937	0.0	0.0	1.117356856930345	0.32758637649965083	32.75863764996508
262.0-264.0 kDa	262.0	264.0	25	0	0	1	Histone family			GOLGA4, ACACA, PTPRVP, CACNA1B, NAV2, LOXHD1, NOTCH2, IGF2R, NOTCH2, ANKRD17, ARHGEF4, SPTB, NBAS, CADNL, ZNF462, ACAC, ANKRD17, CREBBP [Histone family]	2.0	routine	263.0	41.99235804938037	5.39205489879329	0.936088295687885	0.0	0.0	1.6834887025571232	0.3454433937189256	34.544339371892555
264.0-266.0 kDa	264.0	266.0	16	0	0	2	Actin family; Histone family			CREBBP [Histone family], NAV2, MAST4, FAM208B, NAV2, SEC16A, AKAP6, MPRIP [Actin family], MAST4, TLN1, ACACA, GOLGA4, DIDO1, SPTBN1, CACNA1B, MAP1B	2.3	routine	265.0	38.6552609046136	5.272592870343806	0.9337782340862423	0.0	0.0	2.355763120167905	0.3664394823794286	36.64394823794286
266.0-268.0 kDa	266.0	268.0	23	0	0	2	Histone family; Lamin family			NCOR2, MAST4, TTC28, GOLGA4, SEC16A, MAST4, MKI67, ARHGEF4, EP300 [Histone family], CSPG4B [Lamin family], NBAS, NBAS, CNOT1, DOPEY2, ACACA, NBAS, STAB1, TLN2	2.65	routine	267.0	40.43693935830335	5.3376018997519505	0.9351899383983573	0.0	0.0	4.278355646548763	0.38925433739146753	38.925433739146754
268.0-270.0 kDa	268.0	270.0	16	0	0	2	Histone family; Lamin family			URB1, EP300 [Histone family], HIVEP3, IGSF10, MAST4, , TNRC18, MAST4, FLNB [Lamin family], CREBBP [Histone family], JMJD1C, NBAS, CNTRL, PDZD2, ATRX, EIF4EBP3	2.3	routine	269.0	35.963546723045674	5.168463401263357	0.9317890143737166	0.0	0.0	4.233275324520829	0.3880233957254089	38.80233957254089
270.0-272.0 kDa	270.0	272.0	15	0	0	1	Lamin family			TTC28, EIF4EBP3, CSPG4B [Lamin family], PCNX1, JMJD1C, ATRX, LRRK2, CACNA1E, JMJD1C, PDZD2, CACNA1H, TLN2, ACACA, TLN1, TLN1	1.5	routine	271.0	31.593074782195796	4.981536448469588	0.928388090349076	0.0	0.0	1.2893047628504326	0.3305741799476751	33.057417994767505
272.0-274.0 kDa	272.0	274.0	16	0	0	1	Lamin family			PKD1L2, LRRK2, SPTBN1, ANKRD17, PDZD2, CACNA1E, FLNB [Lamin family], ATRX, CHD9, FN1, ABCA2, FAM208B, DOPEY2, PRPF8, SPG11, TLN1	1.55	routine	273.0	32.27475796609581	5.01233437144469	0.9294147843942505	0.0	0.0	1.022329867249968	0.3213130869615068	32.131308696150676
274.0-276.0 kDa	274.0	276.0	15	0	0	0				SPTBN1, NCOR2, FAM208B, STAB2, NCOR2, ATRX, ABCA2, FASN, , DIDO1, ATRX, NOTCH1, PRPF8, CACNA1H, IGF2R	0.75	routine	275.0	34.09352808103903	5.091425995674986	0.9307623203285421	0.0	0.0	0.13539017816248225	0.26670073236639946	26.670073236639947
276.0-278.0 kDa	276.0	278.0	19	0	0	0				NCOR1, MAP1B, FAM208B, NOTCH1, FAM208B, MAST4, TPR, FAM208B, FAM208B, ZNF462, CEP192, PRPF8, STAB2, HECTD1, SPTAN1, JMJD1C, CADNL, HECTD1	0.95	routine	277.0	35.55147901666395	5.151837675143338	0.9312114989733059	0.0	0.0	0.0011800740623920144	0.2372444991088087	23.72444991088087
278.0-280.0 kDa	278.0	280.0	18	0	0	0				DOPEY2, EIF4EBP3, FAM208B, PTPN13, JMJD1C, CEP290, FASN, STAB1, GVINP1, SON, JMJD1C, JMJD1C, EIF4EBP3, DOPEY2, HIVEP2, JMJD1C, MAST4, SPTAN1	0.9	routine	279.0	37.244061475483214	5.218938502666944	0.9327515400410678	0.0	0.0	0.26991270685914637	0.2772234180051908	27.72234180051908
280.0-282.0 kDa	280.0	282.0	20	0	0	1	Lamin family			ANKRD26, POLQ, IGF2R, MKI67, DOPEY2, FLNB [Lamin family], CADNL, ZNF462, ABCA2, ABCA2, FLNB [Lamin family], PIEZO1, HELZ2, FASN, IGF2R, FBN3, SPTAN1, LOC101751678	1.75	routine	281.0	34.038766877187804	5.089106868327517	0.9306981519507187	0.0	0.0	1.9171428380854536	0.35158316742930407	35.15831674293041
282.0-284.0 kDa	282.0	284.0	10	0	0	1	Lamin family			MAP1B, MKI67, USP24, TENM3, MAST4, NCOR1, , , STAB1, FLNB [Lamin family]	1.25	routine	283.0	32.64070445845557	5.028600289076461	0.9298639630390144	0.0	0.0009807713499778766	1.6373143469763993	0.34560304659731705	34.560304659731706
284.0-286.0 kDa	284.0	286.0	16	0	0	2	Actin family; Histone family			ANKRD26, ZNF462, EIF4EBP3, PIEZO1, SETD2 [Histone family], ALMS1, XIRP1 [Actin family], , LRRK2, SPTAN1, USP9, AKAP13, HECTD1, ZNF292, XIRP1 [Actin family], ANKRD26	2.3	routine	285.0	29.635919911763484	4.889274934965566	0.9264630390143738	0.0	0.22698148151144454	3.0876488555545554	0.4191741353881112	41.91741353881112
286.0-288.0 kDa	286.0	288.0	13	0	1	1	Histone family		MTOR	HECTD1, CRYBG3, ITPR2, SPTAN1, MTOR, WNK1, SPTAN1, SPTAN1, LOC101751678, FBN1, SETD2 [Histone family], , AKAP13	2.9	routine	287.0	28.145052094065214	4.814809413399718	0.9247304928131417	0.0	0.9621330963746237	1.4692287884887645	0.40806869201321205	40.806869201321206
288.0-290.0 kDa	288.0	290.0	15	0	0	0				EPG5, RALGAPA1, USP24, TG, CEP290, TENM4, PRRC2C, CELSR3, LOC427025, TENM2, VWF, TENM3, AKAP13, PRRC2C, AKAP13	0.75	routine	289.0	29.147105476935597	4.865280715142861	0.9258213552361396	0.0	0.07469679265876868	0.38721295405276857	0.3130424792489672	31.30424792489672
290.0-292.0 kDa	290.0	292.0	15	0	0	1	Histone family			USP9, , ZFYVE26, TENM3, TENM2, LOC107050955, CELSR2, RALGAPA1, HIVEP1, NIPBL, LOC101751678, UNC79, SETD2 [Histone family], LOC101751678, HIVEP1	1.5	routine	291.0	32.21465419938186	5.009645203459698	0.9292222792607803	0.0	0.0	0.7028430498512866	0.29804161042433214	29.804161042433215
292.0-294.0 kDa	292.0	294.0	13	0	0	0				EPG5, FBN1, USP24, , TENM1, TENM2, PRRC2C, HIVEP1, PRRC2C, WNK1, GCN1, USP24, ANKRD11	0.65	routine	293.0	26.223884998895084	4.712809527718048	0.9236396303901437	0.0	0.0	0.513001648346546	0.28725508526251053	28.725508526251055
294.0-296.0 kDa	294.0	296.0	7	0	0	0				HIVEP1, ATR, MUC5ACL, HIVEP1, MYO9A, COL7A1, 	0.35	routine	295.0	21.902150069830277	4.453000596806266	0.9200462012320328	0.0	0.0	0.0068859025872478365	0.24257500208465796	24.257500208465796
296.0-298.0 kDa	296.0	298.0	11	0	0	0				FBN2, FBN2, LOC121110182, RALGAPA1, LOC417131, RALGAPA1, MYO9A, APC, ITPR3, HIVEP1, MYO9A	0.55	routine	297.0	18.880723386387093	4.238842135326554	0.9174152977412731	0.0	0.0	0.0	0.22935382443531827	22.935382443531825
298.0-300.0 kDa	298.0	300.0	9	0	0	0				TENM3, FBN1, CELSR3, LOC121110182, CELSR3, LOC121110182, , OTOGL, FBN1	0.45	routine	299.0	18.859979220077157	4.237256181340025	0.9172869609856262	0.0	0.0	0.0	0.22932174024640656	22.932174024640656
300.0-302.0 kDa	300.0	302.0	9	0	0	0				CEP250, MUC5ACL, MYO9A, FBN2, LOC101751678, ITPR2, LOC427025, CEP250, ATR	0.45	routine	301.0	22.685098204039495	4.503673000032229	0.9205595482546202	0.0	0.0	0.0	0.23013988706365504	23.013988706365502
302.0-304.0 kDa	302.0	304.0	13	0	0	0				TENM1, TENM1, CHD6, TENM1, TENM2, MYO9A, WNK1, TENM3, ITPR3, TENM1, NIPBL, UBR5, UNC79	0.65	routine	303.0	24.157901361481674	4.5944232255896855	0.9219070841889117	0.0	0.0	0.0	0.2304767710472279	23.04767710472279
304.0-306.0 kDa	304.0	306.0	14	0	0	0				ITPR3, CEP250, ANKRD11, ITPR3, UNC79, , NBEAL2, TG, NBEAL1, NBEAL1, ITPR2, NBEAL2, NBEAL2, VWF	0.7	routine	305.0	23.77691818479739	4.5714898289937915	0.9215862422997947	0.0	0.0	0.0	0.23039656057494867	23.039656057494867
306.0-308.0 kDa	306.0	308.0	10	0	0	0				CHD6, NBEAL1, TENM2, NBEAL2, VWF, ITPR2, TENM2, TG, APC, APC	0.5	routine	307.0	24.441181446167185	4.611242119214638	0.922420431211499	0.0	0.0	0.005667994212726316	0.24202642759982906	24.202642759982908
308.0-310.0 kDa	308.0	310.0	12	0	0	0				TENM3, ANKRD11, UBR5, PIEZO2, TENM4, NBEAL2, TENM2, TENM3, , SETX, MXRA5, TENM4	0.6	routine	309.0	27.46358947123686	4.779448291891829	0.9242171457905544	0.0	0.0	0.4771473059855969	0.2858766214730193	28.587662147301927
310.0-312.0 kDa	310.0	312.0	15	0	0	1	Histone family			UBR5, ITPR1, NSD1 [Histone family], TENM3, SETX, MYO18B, LOC414835, ITPR1, TENM2, TENM2, ITPR1, MUC5ACL, ITPR1, TENM3, FBN1	1.5	routine	311.0	24.612022062245185	4.621291285773013	0.9226129363449692	0.0	0.0	0.7356946984655565	0.29753140667507477	29.753140667507477
312.0-314.0 kDa	312.0	314.0	6	0	0	0				TNRC18, VWF, APC, APC, TENM4, SETX	0.3	routine	313.0	19.181236891815285	4.26162384966217	0.9178003080082136	0.0	0.0	0.020776139333714895	0.24873941710357622	24.873941710357624
314.0-316.0 kDa	314.0	316.0	11	0	0	0				TACC2, PIEZO2, RP1, DMXL2, TACC2, NIPBL, ITPR1, BPTF, MXRA5, MGA, PIEZO2	0.55	routine	315.0	17.24057428690855	4.107735926569348	0.9157469199178645	0.0	0.0	0.0	0.22893672997946612	22.893672997946613
316.0-318.0 kDa	316.0	318.0	8	0	0	0				TACC2, ITPR1, , TNRC18, , ALMS1, RP1, 	0.4	routine	317.0	19.002855353641415	4.248144307919047	0.9176078028747433	0.0	0.0	0.0	0.22940195071868583	22.940195071868583
318.0-320.0 kDa	318.0	320.0	11	0	0	0				, TACC2, BPTF, PIEZO2, NF1, NF1, HTT, PIEZO2, UTP20, TRANK1, MAP1A	0.55	routine	319.0	19.848568024499418	4.310963022735499	0.9188270020533881	0.0	0.0	0.0	0.22970675051334702	22.970675051334702
320.0-322.0 kDa	320.0	322.0	8	0	0	0				MGA, LRBA, PIEZO2, BOD1L1, PIEZO2, NF1, HELZ2, BOD1L1	0.4	routine	321.0	16.84950544486788	4.074634341920168	0.9154260780287474	0.0	0.0	0.0	0.22885651950718686	22.885651950718685
322.0-324.0 kDa	322.0	324.0	5	0	0	0				PIEZO2, LOC429249, LRBA, MXRA5, NBEA	0.25	routine	323.0	11.071003745681693	3.4687141239869375	0.910164271047228	0.0	0.0	0.0	0.227541067761807	22.7541067761807
324.0-326.0 kDa	324.0	326.0	3	0	0	0				CHD9, TACC2, DNAH5L	0.15	routine	325.0	8.814230143497303	3.1398345665209004	0.9008598562628337	0.0	0.0	0.0	0.22521496406570843	22.521496406570844
326.0-328.0 kDa	326.0	328.0	5	0	0	0				COL6A3, DSP, COL6A3, NBEA, NBEA	0.25	routine	327.0	9.301563085028146	3.2174731748800403	0.9029132443531828	0.0	0.0	0.0	0.2257283110882957	22.57283110882957
328.0-330.0 kDa	328.0	330.0	6	0	0	0				BOD1L1, NBEA, NBEA, BPTF, BOD1L1, BPTF	0.3	routine	329.0	9.409109176691981	3.234058139828896	0.90342659137577	0.0	0.0	0.0	0.2258566478439425	22.58566478439425
330.0-332.0 kDa	330.0	332.0	3	0	0	0				DSP, , CELSR3	0.15	routine	331.0	7.385340241436756	2.884664387249552	0.893223819301848	0.0	0.0	0.008487904862459358	0.23688463502850768	23.68846350285077
332.0-334.0 kDa	332.0	334.0	3	0	0	0				COL12A1, COL12A1, ATM	0.15	routine	333.0	12.020964836135139	3.587480790307881	0.9124743326488707	0.0	0.0	0.6954404256522666	0.29334700955815673	29.334700955815673
334.0-336.0 kDa	334.0	336.0	13	0	0	2	Histone family; Lamin family			FRY, ASH1L [Histone family], BPTF, KALRN, CELSR3, ZZEF1, COL12A1, LAMA1 [Lamin family], LAMA1 [Lamin family], COL6A3, EP400, KALRN, CELSR3	2.15	routine	335.0	22.58064965000603	4.497015088232975	0.9204312114989733	0.0	0.0	2.5961489920832914	0.36830577241789053	36.83057724178905
336.0-338.0 kDa	336.0	338.0	13	0	0	1	Histone family			LOC776067, LOC776067, FRY, LOC776067, LOC776067, LOC776067, FRY, CHD7, EP400, CELSR3, ASH1L [Histone family], EP400, KALRN	1.4	routine	337.0	25.978654457658976	4.699254804444003	0.9235112936344969	0.0	0.0	1.3850650862831733	0.3329082802614161	33.29082802614161
338.0-340.0 kDa	338.0	340.0	18	0	0	1	Lamin family			CHD7, FRY, LOC776067, KALRN, LOC776067, LAMA3 [Lamin family], FRY, LOC776067, LOC776067, LOC776067, LAMA3 [Lamin family], COL6A3, COL6A3, FRYL, DMXL2, LAMA1 [Lamin family], TRANK1, VPS13A	1.65	routine	339.0	29.2931942527126	4.872493614198283	0.9259496919917864	0.0	0.0	3.3735479647460824	0.3800914839116522	38.00914839116522
340.0-342.0 kDa	340.0	342.0	10	0	0	1	Lamin family			DMXL1, COL12A1, LAMA1 [Lamin family], COL12A1, FRYL, HTT, BPTF, C1HXORF59, CDH23, CENPF	1.25	routine	341.0	28.49682840893189	4.832729456504319	0.9251155030800822	0.0	0.0	2.578187724502686	0.36922303820656877	36.92230382065688
342.0-344.0 kDa	342.0	344.0	6	0	0	1	Lamin family			DMXL2, DMXL1, LAMA3 [Lamin family], LAMA3 [Lamin family], HTT, FRY	1.05	routine	343.0	15.413673952561593	3.9461388737678833	0.9146560574948666	0.0	0.0	1.8233253689773625	0.3440193443229552	34.40193443229552
344.0-346.0 kDa	344.0	346.0	5	0	0	1	Lamin family			TRIO, FRYL, TRANK1, VPS13A, LAMA2 [Lamin family]	1.0	routine	345.0	10.231555809470128	3.3549536327315796	0.9070200205338809	0.0	0.0	0.8725446134199898	0.3026433300065667	30.264333000656666
346.0-348.0 kDa	346.0	348.0	6	0	0	0				TRIO, OTOG, , TRIO, FRY, MAP1A	0.3	routine	347.0	12.067321164936924	3.5930335414030115	0.9125385010266941	0.0	0.0	0.5903813642596187	0.28777929530743496	28.777929530743496
348.0-350.0 kDa	348.0	350.0	9	0	0	1	Lamin family			FRYL, COL6A3, LAMA2 [Lamin family], MAP1A, MGA, C1HXORF59, CEP350, LAMA3 [Lamin family], ATM	1.2	routine	349.0	17.382743137927573	4.119583863990449	0.9158752566735113	0.0	0.0	1.9701314963852437	0.350669321782591	35.0669321782591
350.0-352.0 kDa	350.0	352.0	9	0	0	1	Lamin family			, VPS13A, TRIO, DCHS1, LAMA3 [Lamin family], CELSR3, FREM2, CPLANE1, DCHS1	1.2	routine	351.0	14.56304678016959	3.8642403127044234	0.9143352156057495	0.0	0.0	1.5511742161099018	0.33556349933290947	33.556349933290946
354.0-356.0 kDa	354.0	356.0	4	0	0	0				C1HXORF59, SPEG, CEP350, MAP1A	0.2	routine	355.0	7.668618397423849	2.9389666806320247	0.8956622176591376	0.0	0.0	0.018894523576622833	0.24244347319651027	24.244347319651027
356.0-358.0 kDa	356.0	358.0	8	0	0	1	Lamin family			REV3L, MAP1A, , CFAP54, WDFY4, VPS13A, LAMA2 [Lamin family], CMYA5	1.15	routine	357.0	10.096215639278212	3.3357427243453186	0.9063783367556468	0.0	0.0	0.7749564946851336	0.29588392429043453	29.588392429043452
358.0-360.0 kDa	358.0	360.0	3	0	0	2	Actin family; Lamin family			CFAP54, LAMA2 [Lamin family], MACF1 [Actin family]	1.65	routine	359.0	9.862457242118838	3.3019471404526533	0.9052874743326489	0.0	0.0922804847667713	2.1115021102133724	0.3844961494630269	38.44961494630269
360.0-362.0 kDa	360.0	362.0	4	0	1	1	NF-kB/Rel		RELN	VPS13A, RELN [NF-kB/Rel], CDH23, VPS13A	2.45	routine	361.0	8.739557506837041	3.1275602363788995	0.9004748459958932	0.0	0.9833802255354028	1.8865291430461402	0.416155372525482	41.6155372525482
362.0-364.0 kDa	362.0	364.0	3	0	0	0				VPS13A, SPEG, GOLGB1	0.15	routine	363.0	6.383132499511412	2.6742645952171715	0.8854594455852156	0.0	0.19193542868291666	0.20384253982308975	0.30080028158806926	30.080028158806925
364.0-366.0 kDa	364.0	366.0	2	0	0	0				CDH23, UNC80	0.1	routine	365.0	4.43993830886261	2.150539631053693	0.8708290554414785	0.0	0.0006861370886947439	0.0006861370886947439	0.2233564460374706	22.33564460374706
366.0-368.0 kDa	366.0	368.0	2	0	0	0				, SVEP1	0.1	routine	367.0	5.20828322512577	2.380807904028552	0.8754491786447639	0.0	0.0	0.15250586233295294	0.25414148247844986	25.414148247844988
368.0-370.0 kDa	368.0	370.0	4	0	0	1	Lamin family			SVEP1, LAMA2 [Lamin family], LAMA2 [Lamin family], CDH23	0.95	routine	369.0	6.299096050853076	2.6551448101171866	0.8843685831622177	0.0	0.0	1.8700167101737013	0.3379703183793869	33.79703183793869
370.0-372.0 kDa	370.0	372.0	3	0	0	0				UNC80, LOC121109863, UNC80	0.15	routine	371.0	6.261250796974819	2.64645089011928	0.8838552361396304	0.0	0.0	0.4972253995937644	0.27705517959328324	27.705517959328326
372.0-374.0 kDa	372.0	374.0	3	0	0	0				UNC80, VCAN, SPEG	0.15	routine	373.0	6.319415995219231	2.65979123882464	0.8846252566735113	0.0	0.0014873684904056818	0.004304638101023102	0.2377214579924049	23.77214579924049
374.0-376.0 kDa	374.0	376.0	3	0	0	0				NEB, , LOC101751678	0.15	routine	375.0	7.26587930549269	2.861137401149302	0.8923254620123203	0.0	0.27425814687361116	0.27425814687361116	0.31235491316241454	31.235491316241454
376.0-378.0 kDa	376.0	378.0	4	0	1	1	NF-kB/Rel		RELN	RELN [NF-kB/Rel], PTPRQ, BRCA2, PTPRQ	2.45	routine	377.0	6.433443959112605	2.6855912496218863	0.8858444558521561	0.0	0.9262379478270417	0.9262379478270417	0.37248987876845363	37.24898787684536
378.0-380.0 kDa	378.0	380.0	3	0	0	0				ABCA12, BSN, PTPRQ	0.15	routine	379.0	6.787450857968072	2.762869847654029	0.8891812114989733	0.0	0.05767052645644043	0.05767052645644043	0.2776433006186802	27.76433006186802
380.0-382.0 kDa	380.0	382.0	2	0	0	0				, OTOG	0.1	routine	381.0	5.7110517465797965	2.513756456594933	0.8789784394250514	0.0	0.14338590041914395	0.14338590041914395	0.29102436168931417	29.102436168931415
382.0-384.0 kDa	382.0	384.0	2	0	1	1	NF-kB/Rel		RELN	NEB, RELN [NF-kB/Rel]	2.35	routine	383.0	2.8201367092102156	1.4957651005386372	0.8578670431211499	0.0	0.9995765705919797	0.9995765705919797	0.3769512503459953	37.69512503459953
386.0-388.0 kDa	386.0	388.0	4	0	1	1	NF-kB/Rel		RELN	DNAH8, CSMD1, RELN [NF-kB/Rel], CSMD3	2.45	routine	387.0	7.253946937883721	2.8587661921331167	0.8921329568788501	0.0	1.6833626144971026	1.6833626144971026	0.4298832110189229	42.98832110189229
388.0-390.0 kDa	388.0	390.0	4	0	2	1	NF-kB/Rel		RELN	VCAN, RELN [NF-kB/Rel], RELN [NF-kB/Rel], CSMD1	3.95	routine	389.0	7.486911474413631	2.904370696056312	0.894314681724846	0.0	1.9086645345978308	1.9086645345978308	0.44140833766189397	44.140833766189395
390.0-392.0 kDa	390.0	392.0	3	0	0	0				SMG1, ZFHX4, CSMD3	0.15	routine	391.0	5.610596435886873	2.4881541450511926	0.878144250513347	0.0	0.08069628442881235	0.08113361938031831	0.28062856121829727	28.062856121829725
392.0-394.0 kDa	392.0	394.0	3	0	0	0				CSMD2, WDFY3, WDFY3	0.15	routine	393.0	9.757770593463242	3.2865515657026165	0.904838295687885	0.0	0.0	0.5183566003756919	0.2828085586935448	28.280855869354482
394.0-396.0 kDa	394.0	396.0	9	0	0	1	Heat shock proteins			VPS13C, ZFHX4, HSPG2 [Heat shock proteins], HSPG2 [Heat shock proteins], HSPG2 [Heat shock proteins], HSPG2 [Heat shock proteins], ASPM, SZT2, WDFY3	1.2	routine	395.0	11.970662385981997	3.581431079627564	0.9124101642710473	0.0	0.0	3.993279516286697	0.38127512990024914	38.12751299002491
396.0-398.0 kDa	396.0	398.0	4	0	0	0				, UTRN, ZFHX4, UTRN	0.2	routine	397.0	11.814762948669468	3.5625187782651535	0.912217659137577	0.0	0.0	0.5701817842694095	0.28681075996205924	28.681075996205923
398.0-400.0 kDa	398.0	400.0	4	0	0	0				CUBN, ASPM, UTRN, ZFHX3	0.2	routine	399.0	8.551510054034893	3.0961791983738243	0.8995764887063655	0.0	0.0	0.14836234704331516	0.2596656957806523	25.96656957806523
400.0-402.0 kDa	400.0	402.0	5	0	0	1	Heat shock proteins			ZFHX3, HSPG2 [Heat shock proteins], CUBN, SVEP1, SMG1	1.0	routine	401.0	9.635669474779814	3.2683849067276474	0.904196611909651	0.0	0.0	1.0659059222969451	0.3165313864799508	31.653138647995082
402.0-404.0 kDa	402.0	404.0	5	0	0	1	Histone family			VPS13C, CSMD3, PCNT, KMT2A [Histone family], 	1.0	routine	403.0	10.052074480644592	3.3294213608781895	0.90625	0.0	0.0	1.1276461422651896	0.3203442258883249	32.03442258883249
404.0-406.0 kDa	404.0	406.0	6	0	0	1	Lamin family			PCNT, USP34, LAMA5 [Lamin family], CSMD3, LAMA5 [Lamin family], DMD	1.05	routine	405.0	11.66276186183421	3.5438375688928763	0.9117684804928131	0.0	0.0	1.831148422424042	0.3440588713922388	34.40588713922388
406.0-408.0 kDa	406.0	408.0	5	0	0	0				PCNT, PCNT, BSN, SZT2, VPS13C	0.25	routine	407.0	9.219345449187541	3.204664326497081	0.9027849075975359	0.0	0.0	0.8403819505174082	0.2986657700465921	29.866577004659213
408.0-410.0 kDa	408.0	410.0	1	0	0	0				DMD	0.05	routine	409.0	7.240859245798914	2.856160906714416	0.8920046201232033	0.0	0.0	0.00820607548520513	0.2363260281272475	23.632602812724752
410.0-412.0 kDa	410.0	412.0	5	0	0	0				USP34, SMG1, , LYST, NEB	0.25	routine	411.0	7.438905078519124	2.895090288801425	0.8936729979466119	0.0	0.0	0.14946594897200255	0.25844363019731287	25.844363019731286
412.0-414.0 kDa	412.0	414.0	5	0	0	1	Histone family			SZT2, KMT2A [Histone family], KMT2A [Histone family], DMD, ANK2	1.0	routine	413.0	7.804637489977024	2.964331623419303	0.8963039014373717	0.0	0.0	1.9217664601628806	0.34323841190756627	34.323841190756625
416.0-418.0 kDa	416.0	418.0	1	0	0	0				VPS13C	0.05	routine	417.0	2.5854934020652913	1.3704396232046592	0.8548511293634496	0.0	0.0	0.0019967837310223753	0.22018486355913652	22.01848635591365
418.0-420.0 kDa	418.0	420.0	2	0	0	0				ANK2, VPS13C	0.1	routine	419.0	5.519643974447197	2.4645752139483235	0.8774383983572895	0.0	0.0	0.0028410218212967446	0.22722761989389093	22.72276198938909
420.0-422.0 kDa	420.0	422.0	5	0	0	0				LYST, DMD, DMD, ANK2, ANK2	0.25	routine	421.0	9.391836537651544	3.2314072989535316	0.9033624229979466	0.0	0.0	0.36254867593017387	0.2749522808763902	27.495228087639017
422.0-424.0 kDa	422.0	424.0	7	0	0	1	Heat shock proteins			VPS13C, HSPG2 [Heat shock proteins], DMD, DMD, DNAH12, ANK2, DMD	1.1	routine	423.0	10.368967172604815	3.3742002928794825	0.907661704312115	0.0	0.0	0.8473837856059518	0.30026567988513536	30.026567988513538
424.0-426.0 kDa	424.0	426.0	2	0	0	0				DNAH7, DMD	0.1	routine	425.0	7.417152884912157	2.890865506648759	0.8935446611909651	0.0	0.0	0.036275720608874164	0.24610190133835042	24.61019013383504
426.0-428.0 kDa	426.0	428.0	3	0	0	0				DMD, LYST, DMD	0.15	routine	427.0	4.289873488314308	2.100935102160059	0.8698023613963038	0.0	0.0	0.0	0.21745059034907596	21.745059034907595
432.0-434.0 kDa	432.0	434.0	2	0	0	1	Heat shock proteins			HSPG2 [Heat shock proteins], FRAS1	0.85	routine	433.0	4.047795070053573	2.0171362517660754	0.8689040041067762	0.0	0.0	0.8542544643167526	0.2914645797068971	29.14645797068971
434.0-436.0 kDa	434.0	436.0	4	0	0	0				FRAS1, FRAS1, TRRAP, PKHD1	0.2	routine	435.0	6.194698564692059	2.6310340822360305	0.8830210472279261	0.0	0.0	0.037623869533807544	0.24397861206078864	24.397861206078865
436.0-438.0 kDa	436.0	438.0	2	0	0	0				TRRAP, TRRAP	0.1	routine	437.0	6.427133280996165	2.684175390195985	0.8857161190965093	0.0	0.0	0.0	0.22142902977412732	22.14290297741273
438.0-440.0 kDa	438.0	440.0	3	0	0	0				VPS13B, ZNF469, FAT2	0.15	routine	439.0	6.718099914566331	2.7480532521335084	0.888667864476386	0.0	0.0	0.0018273998833121079	0.22825833667747214	22.825833667747215
440.0-442.0 kDa	440.0	442.0	3	0	0	0				FRAS1, PKHD1, FRAS1	0.15	routine	441.0	6.357527656608351	2.6684658329617723	0.8850102669404517	0.0	0.0	0.3003439409346711	0.2666840388163312	26.668403881633118
442.0-444.0 kDa	442.0	444.0	3	0	0	1	Heat shock proteins			HSPG2 [Heat shock proteins], DNAH8, PCNT	0.9	routine	443.0	3.9631774902755823	1.986657579621416	0.8680698151950719	0.0	0.0	0.9041203189866914	0.2949362355246563	29.493623552465632
444.0-446.0 kDa	444.0	446.0	1	0	0	0				NEB	0.05	routine	445.0	2.8523401482588717	1.512146036811504	0.8583162217659137	0.0	0.0	0.04984890886364032	0.2400866696546764	24.00866696546764
446.0-448.0 kDa	446.0	448.0	1	0	0	0				VPS13B	0.05	routine	447.0	4.457540879799984	2.1562480287676613	0.8709573921971252	0.0	0.0	0.0	0.2177393480492813	21.773934804928132
448.0-450.0 kDa	448.0	450.0	4	0	0	0				DNAH12, AKAP9, DNAH8, VPS13B	0.2	routine	449.0	6.281859236969914	2.6511916156417876	0.8841760780287474	0.0	0.0	0.0	0.22104401950718686	22.104401950718685
450.0-452.0 kDa	450.0	452.0	2	0	0	0				AKAP9, ABCA12	0.1	routine	451.0	6.920275300212656	2.7908294318434046	0.8898228952772074	0.0	0.0	0.0	0.22245572381930184	22.245572381930184
452.0-454.0 kDa	452.0	454.0	6	0	0	0				NEB, ABCA12, SPTBN5, ABCA13, CMYA5, DNAH12	0.3	routine	453.0	7.494346775002938	2.905802734939812	0.8944430184804928	0.0	0.0	0.0	0.2236107546201232	22.36107546201232
454.0-456.0 kDa	454.0	456.0	4	0	0	0				AKAP9, CMYA5, AKAP9, FAT4	0.2	routine	455.0	8.470364134736101	3.0824239912913507	0.8992556468172485	0.0	0.0	0.0	0.2248139117043121	22.481391170431213
456.0-458.0 kDa	456.0	458.0	2	0	0	0				AKAP9, DNAH8	0.1	routine	457.0	5.191947947202382	2.376275919413817	0.8753850102669405	0.0	0.0	0.0	0.21884625256673512	21.884625256673512
458.0-460.0 kDa	458.0	460.0	1	0	0	0				DNAH7	0.05	routine	459.0	2.3254625088612824	1.2175176809006198	0.8508726899383984	0.0	0.0	0.0	0.2127181724845996	21.27181724845996
460.0-462.0 kDa	460.0	462.0	1	0	0	0				ABCA13	0.05	routine	461.0	2.1288968516643525	1.090106050683898	0.8482417864476386	0.0	0.0	0.0	0.21206044661190965	21.206044661190965
462.0-464.0 kDa	462.0	464.0	1	0	0	0				DNAH3	0.05	routine	463.0	2.493825906141605	1.318360754216165	0.8535677618069816	0.0	0.0	0.0	0.2133919404517454	21.33919404517454
464.0-466.0 kDa	464.0	466.0	1	0	0	0				FAT4	0.05	routine	465.0	1.5209491333898966	0.6049719043883313	0.8343172484599589	0.0	0.0	0.0	0.20857931211498973	20.857931211498972
470.0-472.0 kDa	470.0	472.0	1	0	1	0			PRKDC	PRKDC	1.55	routine	471.0	2.791898564074943	1.4812465261591463	0.8574820328542094	0.0	1.2017304246261535	0.002247008040286272	0.30512798142280223	30.51279814228022
472.0-474.0 kDa	472.0	474.0	2	0	2	0			PRKDC	PRKDC, PRKDC	3.1	routine	473.0	4.747738516831763	2.247240480291905	0.8728182751540041	0.0	1.8738329511425236	0.3358509231398803	0.364872927502545	36.487292750254504
474.0-476.0 kDa	474.0	476.0	6	0	0	1	Actin family			HECTD4, PKD1 [Actin family], ANK3, ANK3, LRP1B, ANK3	1.05	routine	475.0	10.37586041142595	3.375159070848463	0.9077258726899384	0.0	0.11802982220140468	1.6558894354641696	0.3726071590918304	37.26071590918304
476.0-478.0 kDa	476.0	478.0	5	0	0	1	Actin family			PKD1 [Actin family], DNAH8, PKD1 [Actin family], NEB, DNAH9	1.0	routine	477.0	8.66613585251073	3.1153888528349483	0.9001540041067762	0.0	0.0	1.6843860866124194	0.33658672437694787	33.65867243769479
480.0-482.0 kDa	480.0	482.0	3	0	0	1	Actin family			DNAH1, PKD1 [Actin family], DYNC2H1	0.9	routine	481.0	3.3502380377527032	1.7442636041331145	0.8636421971252567	0.0	0.0	0.9907887590474429	0.30093592999197405	30.093592999197405
482.0-484.0 kDa	482.0	484.0	1	0	0	0				FAT3	0.05	routine	483.0	4.434400589692302	2.1487391045889828	0.8707648870636551	0.0	0.0	0.3933617131574158	0.26832573953241123	26.832573953241123
484.0-486.0 kDa	484.0	486.0	3	0	0	1	Actin family			FAT2, PKD1 [Actin family], DYNC2H1	0.9	routine	485.0	6.970104184549685	2.8011802207149064	0.8902720739219713	0.0	0.0	0.9097165518764309	0.3009944144195791	30.099441441957907
486.0-488.0 kDa	486.0	488.0	5	0	0	0				CMYA5, DYNC2H1, FAT3, LOC101748756, DYNC2H1	0.25	routine	487.0	7.145370170475069	2.8370087529971175	0.8914271047227926	0.0	0.017200834904430654	0.05157764950634893	0.26874510105379457	26.874510105379457
488.0-490.0 kDa	488.0	490.0	3	0	1	0			PRKDC	FAT1, LOC101748756, PRKDC	1.65	routine	489.0	7.521847106216783	2.91108698155176	0.8947638603696099	0.0	0.6964832078626251	0.0	0.2845798539812914	28.45798539812914
490.0-492.0 kDa	490.0	492.0	5	0	0	0				VPS13D, VPS13D, LOC101748756, VPS13D, LOC101748756	0.25	routine	491.0	7.165104255118408	2.840987696427136	0.8916196098562629	0.0	0.5165279718529453	0.0	0.27734934690851015	27.734934690851016
494.0-496.0 kDa	494.0	496.0	2	0	0	0				STARD9, FAT2	0.1	routine	495.0	2.4357576864466504	1.284370618486515	0.8526694045174538	0.0	0.0	0.0	0.21316735112936344	21.316735112936342
496.0-498.0 kDa	496.0	498.0	1	0	0	0				NEB	0.05	routine	497.0	4.511133465854618	2.1734899700914423	0.8714707392197125	0.0	0.0	0.0	0.21786768480492813	21.786768480492814
498.0-500.0 kDa	498.0	500.0	4	0	0	0				DNAH17, PCNT, CMYA5, DNAH9	0.2	routine	499.0	6.314146575841404	2.6585877515892946	0.8844969199178645	0.0	0.0	0.0	0.22112422997946612	22.112422997946613
500.0-502.0 kDa	500.0	502.0	3	0	0	0				STARD9, PCNT, BIRC6	0.15	routine	501.0	5.25954963644158	2.3949392700329173	0.8758983572895277	0.0	0.0	0.0	0.21897458932238192	21.89745893223819
502.0-504.0 kDa	502.0	504.0	1	0	0	0				FAT3	0.05	routine	503.0	5.149185762414614	2.364344317849513	0.8751925051334702	0.0	0.0	0.0	0.21879812628336756	21.879812628336754
504.0-506.0 kDa	504.0	506.0	4	0	0	0				PCNT, FAT3, PCNT, FAT3	0.2	routine	505.0	9.26499790199434	3.211790649562557	0.9028490759753593	0.0	0.0	0.0	0.22571226899383984	22.571226899383984
506.0-508.0 kDa	506.0	508.0	7	0	0	0				DNAH17, BIRC6, LOC101748756, FAT3, LRP1, LRP1, MYCBP2	0.35	routine	507.0	11.50199757717904	3.523812533832927	0.9112551334702259	0.0	0.0	0.0	0.22781378336755648	22.781378336755647
508.0-510.0 kDa	508.0	510.0	4	0	0	0				FAT3, FAT1, MYCBP2, FAT1	0.2	routine	509.0	8.750491796586825	3.1293641018087945	0.9006673511293635	0.0	0.0	0.0	0.22516683778234087	22.516683778234086
510.0-512.0 kDa	510.0	512.0	3	0	0	0				MYCBP2, FAT1, FAT1	0.15	routine	511.0	6.101119651791295	2.609074024291877	0.8823151950718686	0.0	0.0	0.0	0.22057879876796715	22.057879876796715
512.0-514.0 kDa	512.0	514.0	2	0	0	0				LOC101748756, MYCBP2	0.1	routine	513.0	4.5856968694091815	2.197140990885965	0.8719199178644764	0.0	0.0	0.0	0.2179799794661191	21.79799794661191
514.0-516.0 kDa	514.0	516.0	1	0	0	0				FAT1	0.05	routine	515.0	2.9258312830838356	1.5488465794298802	0.8592787474332649	0.0	0.0	0.0	0.21481968685831623	21.481968685831625
516.0-518.0 kDa	516.0	518.0	2	0	0	0				DYNC1H1, MYCBP2	0.1	routine	517.0	2.8879673586860317	1.5300544362251132	0.858829568788501	0.0	0.0	0.0	0.21470739219712526	21.470739219712527
518.0-520.0 kDa	518.0	520.0	1	0	0	0				MYCBP2	0.05	routine	519.0	5.359957695733195	2.4222216140418578	0.8766042094455853	0.0	0.0	0.0	0.21915105236139631	21.91510523613963
520.0-522.0 kDa	520.0	522.0	6	0	0	0				SACS, SACS, SACS, DYNC1H1, LOC101748756, SACS	0.3	routine	521.0	10.219602586613686	3.353267189649253	0.9068275154004107	0.0	0.0	0.0	0.22670687885010268	22.670687885010267
522.0-524.0 kDa	522.0	524.0	8	0	0	0				LRP2, APOB, LRP2, APOB, SACS, DNAH10, APOB, LRP2	0.4	routine	523.0	12.091991884470238	3.5959800107024322	0.9126026694045175	0.0	0.0	0.0	0.22815066735112938	22.81506673511294
524.0-526.0 kDa	524.0	526.0	1	0	0	0				HERC2	0.05	routine	525.0	7.654876357840359	2.9363790753904926	0.8955338809034907	0.0	0.0	0.0	0.22388347022587268	22.38834702258727
526.0-528.0 kDa	526.0	528.0	2	0	0	0				DNAH10, LOC101748756	0.1	routine	527.0	3.10879105164217	1.6363536533821237	0.8612679671457906	0.0	0.0	0.0	0.21531699178644764	21.531699178644764
528.0-530.0 kDa	528.0	530.0	2	0	0	0				HERC2, DNAH8	0.1	routine	529.0	5.0094338573612	2.324647566029364	0.8742299794661191	0.0	0.0	0.0	0.21855749486652978	21.85574948665298
530.0-532.0 kDa	530.0	532.0	3	0	0	0				DYNC1H1, DYNC1H1, DNAH5	0.15	routine	531.0	7.848359109537913	2.9723910550251103	0.8967530800821355	0.0	0.0	0.0	0.22418827002053388	22.418827002053387
532.0-534.0 kDa	532.0	534.0	7	0	0	0				HERC1, DNAH5, HERC1, DYNC1H1, DNAH5L, DYNC1H1, HERC1	0.35	routine	533.0	9.717370560666296	3.280565985406916	0.9046457905544147	0.0	0.0	0.0	0.22616144763860369	22.61614476386037
534.0-536.0 kDa	534.0	536.0	2	0	0	0				DNAH5, HERC1	0.1	routine	535.0	7.575682066396287	2.921375785550469	0.8950205338809035	0.0	0.0	0.0	0.22375513347022588	22.375513347022586
536.0-538.0 kDa	536.0	538.0	2	0	0	0				DNAH8, DNAH8	0.1	routine	537.0	2.6182550816270305	1.3886056576618568	0.855364476386037	0.0	0.0	0.0034159802702870574	0.2225974642741742	22.259746427417422
540.0-542.0 kDa	540.0	542.0	2	0	0	1	Histone family			KMT2C [Histone family], RYR3	0.85	routine	541.0	2.7145495527058627	1.4407128197634966	0.8565195071868583	0.0	0.0	1.0842234989504393	0.3055004351723491	30.550043517234908
542.0-544.0 kDa	542.0	544.0	1	0	0	1	Histone family			KMT2C [Histone family]	0.8	routine	543.0	2.4018635057729814	1.264154167221881	0.8521560574948666	0.0	0.0	1.0457510863580255	0.3025060194498588	30.250601944985878
544.0-546.0 kDa	544.0	546.0	1	0	0	1	Histone family			KMT2C [Histone family]	0.8	routine	545.0	1.7843485737690938	0.8353974742970751	0.8384881930184805	0.0	0.0	1.1685851304052581	0.3046728096759399	30.46728096759399
546.0-548.0 kDa	546.0	548.0	1	0	0	1	Histone family			KMT2C [Histone family]	0.8	routine	547.0	1.9104998301733611	0.933950129452524	0.841247433264887	0.0	0.0	1.216464173539173	0.306504751717237	30.650475171723702
548.0-550.0 kDa	548.0	550.0	1	0	0	0				ADGRV1	0.05	routine	549.0	2.2659856311541438	1.180138712911127	0.8500385010266941	0.0	0.0	0.1326544313403912	0.24639287398763798	24.6392873987638
550.0-552.0 kDa	550.0	552.0	1	0	0	0				STARD9	0.05	routine	551.0	3.9877276623461313	1.9955668857645115	0.8683906570841889	0.0	0.0	0.0	0.21709766427104724	21.709766427104725
552.0-554.0 kDa	552.0	554.0	4	0	0	0				RYR3, RYR3, RYR3, USH2A	0.2	routine	553.0	6.521468103218098	2.705196778384424	0.8868069815195072	0.0	0.0	0.0	0.2217017453798768	22.17017453798768
554.0-556.0 kDa	554.0	556.0	3	0	0	0				BLTP1, BLTP1, RYR2	0.15	routine	555.0	7.33497336474948	2.8747917270965377	0.8929671457905544	0.0	0.0	0.0	0.2232417864476386	22.324178644763858
556.0-558.0 kDa	556.0	558.0	3	0	0	0				BLTP1, USH2A, RYR2	0.15	routine	557.0	6.446512174342537	2.6885188148371224	0.8859086242299795	0.0	0.0	0.0	0.22147715605749488	22.14771560574949
558.0-560.0 kDa	558.0	560.0	4	0	0	0				BLTP1, LOC415641, STARD9, SSPO	0.2	routine	559.0	6.972513750859906	2.8016788744709173	0.8904004106776181	0.0	0.0	0.0	0.22260010266940453	22.26001026694045
560.0-562.0 kDa	560.0	562.0	3	0	0	0				SSPO, PCLO, PCLO	0.15	routine	561.0	5.92154013091774	2.565972454614472	0.8805826488706365	0.0	0.0	0.0	0.22014566221765913	22.014566221765914
562.0-564.0 kDa	562.0	564.0	1	0	0	0				PCLO	0.05	routine	563.0	5.242971408537819	2.3903846784361544	0.8757700205338809	0.0	0.0	0.0	0.21894250513347022	21.89425051334702
564.0-566.0 kDa	564.0	566.0	3	0	0	0				RYR2, RYR2, RYR2	0.15	routine	565.0	3.7878308042888067	1.9213718896064285	0.8667864476386037	0.0	0.0	0.0	0.21669661190965092	21.66966119096509
566.0-568.0 kDa	566.0	568.0	1	0	0	0				HYDIN	0.05	routine	567.0	2.617257989818174	1.38805614153776	0.8553003080082136	0.0	0.0	0.0	0.2138250770020534	21.382507700205338
568.0-570.0 kDa	568.0	570.0	1	0	0	0				PCLO	0.05	routine	569.0	1.6896578665713047	0.7567311493650422	0.8369481519507187	0.0	0.0	0.09874764569714609	0.24096292631255278	24.096292631255277
570.0-572.0 kDa	570.0	572.0	1	0	0	1	Histone family			KMT2D [Histone family]	0.8	routine	571.0	3.3522635925900843	1.74513559437469	0.8637705338809035	0.0	0.0	1.3410137829213742	0.3158157299169264	31.581572991692642
572.0-574.0 kDa	572.0	574.0	4	0	0	1	Histone family			KMT2D [Histone family], UBR4, KMT2D [Histone family], UBR4	0.95	routine	573.0	4.559081301123955	2.1887431367048746	0.8716632443531828	0.0	0.0	1.8641501412603643	0.3346670801238287	33.46670801238287
576.0-578.0 kDa	576.0	578.0	2	0	0	0				HMCN1, HMCN1	0.1	routine	577.0	2.054299877617214	1.0386467952748235	0.8469584188911704	0.0	0.0	0.00393200504978494	0.22087666056035604	22.087666056035605
582.0-584.0 kDa	582.0	584.0	2	0	0	0				RNF213, RNF213	0.1	routine	583.0	2.297409950062758	1.200008314335227	0.8505518480492813	0.0	0.0	0.0	0.21263796201232033	21.263796201232033
584.0-586.0 kDa	584.0	586.0	1	0	0	0				RNF213	0.05	routine	585.0	3.791556536677239	1.9227902353991948	0.8668506160164271	0.0	0.0	0.0	0.21671265400410678	21.67126540041068
586.0-588.0 kDa	586.0	588.0	2	0	0	0				HMCN1, HMCN1	0.1	routine	587.0	3.322753801688103	1.7323794009919875	0.8632571868583162	0.0	0.0	0.12250526595160235	0.24931683478564504	24.931683478564505
588.0-590.0 kDa	588.0	590.0	1	0	0	1	Actin family			MACF1 [Actin family]	0.8	routine	589.0	1.855573165722785	0.8918648879900878	0.8400282340862423	0.0	0.0	0.9987906293327	0.29655528187181435	29.655528187181435
590.0-592.0 kDa	590.0	592.0	2	0	0	0				HMCN1, RNF213	0.1	routine	591.0	2.471803407691639	1.3055640045582786	0.8533110882956879	0.0	0.0	0.1491475875913978	0.2482262492312824	24.822624923128238
604.0-606.0 kDa	604.0	606.0	1	0	0	0				HMCN1	0.05	routine	605.0	1.0	-0.0	0.8052810574948666	0.0	0.0	0.0	0.20132026437371664	20.132026437371664
612.0-614.0 kDa	612.0	614.0	1	0	0	1	Actin family			MACF1 [Actin family]	0.8	routine	613.0	1.8627765453952703	0.8974546221136109	0.8402207392197125	0.0	0.0	0.8477590640650828	0.28353234216533424	28.353234216533423
614.0-616.0 kDa	614.0	616.0	2	0	0	1	Actin family			MACF1 [Actin family], MACF1 [Actin family]	0.85	routine	615.0	2.9216629112760932	1.5467897358813962	0.8592145790554415	0.0	0.0	2.2418274524422577	0.3446259797892411	34.46259797892411
632.0-634.0 kDa	632.0	634.0	1	0	0	0				MDN1	0.05	routine	633.0	1.0	-0.0	0.8052810574948666	0.0	0.0	0.0	0.20132026437371664	20.132026437371664
646.0-648.0 kDa	646.0	648.0	1	0	0	0				DST	0.05	routine	647.0	1.0	-0.0	0.8052810574948666	0.0	0.0	0.0	0.20132026437371664	20.132026437371664
654.0-656.0 kDa	654.0	656.0	1	0	0	0				ADGRV1	0.05	routine	655.0	1.0	-0.0	0.8052810574948666	0.0	0.0	0.0	0.20132026437371664	20.132026437371664
666.0-668.0 kDa	666.0	668.0	1	0	0	0				DST	0.05	routine	667.0	1.0	-0.0	0.8052810574948666	0.0	0.0	0.0	0.20132026437371664	20.132026437371664
678.0-680.0 kDa	678.0	680.0	1	0	0	0				DST	0.05	routine	679.0	1.0	-0.0	0.8052810574948666	0.0	0.0	0.0	0.20132026437371664	20.132026437371664
684.0-686.0 kDa	684.0	686.0	2	0	0	0				ADGRV1, DST	0.1	routine	685.0	1.9997809951788799	0.9998420127651702	0.845803388090349	0.0	0.0	0.0	0.21145084702258726	21.145084702258725
700.0-702.0 kDa	700.0	702.0	1	0	0	0				AHNAK2	0.05	routine	701.0	1.0	-0.0	0.8052810574948666	0.0	0.0	0.0	0.20132026437371664	20.132026437371664
706.0-708.0 kDa	706.0	708.0	1	0	0	0				NEB	0.05	routine	707.0	1.0	-0.0	0.8052810574948666	0.0	0.0	0.0	0.20132026437371664	20.132026437371664
734.0-736.0 kDa	734.0	736.0	1	0	0	0				NEB	0.05	routine	735.0	1.438459721656294	0.5245248247057899	0.8333547227926078	0.0	0.0	0.0	0.20833868069815195	20.833868069815196
736.0-738.0 kDa	736.0	738.0	1	0	0	0				NEB	0.05	routine	737.0	1.9392497634367416	0.9554986256552693	0.8418891170431212	0.0	0.0	0.0	0.2104722792607803	21.04722792607803
796.0-798.0 kDa	796.0	798.0	1	0	0	0				SYNE2	0.05	routine	797.0	1.0	-0.0	0.8052810574948666	0.0	0.0	0.0	0.20132026437371664	20.132026437371664
800.0-802.0 kDa	800.0	802.0	1	0	0	0				SYNE2	0.05	routine	801.0	1.707004649573626	0.7714669880127962	0.8373973305954825	0.0	0.0	0.0	0.20934933264887062	20.93493326488706
802.0-804.0 kDa	802.0	804.0	1	0	0	0				OBSCN	0.05	routine	803.0	2.9434454769340777	1.5575059040612784	0.8596637577002053	0.0	0.0	0.0	0.21491593942505133	21.491593942505133
804.0-806.0 kDa	804.0	806.0	2	0	0	0				SYNE2, OBSCN	0.1	routine	805.0	2.4548900985192788	1.2956584388494263	0.8529260780287474	0.0	0.0	0.0	0.21323151950718686	21.323151950718685
822.0-824.0 kDa	822.0	824.0	2	0	0	1	Actin family			OBSCN, MACF1 [Actin family]	0.85	routine	823.0	1.9998461514709138	0.9998890174763404	0.8458675564681725	0.0	0.0	0.9223443829529292	0.29103541703582486	29.103541703582486
826.0-828.0 kDa	826.0	828.0	2	0	0	1	Actin family			DST, MACF1 [Actin family]	0.85	routine	827.0	2.6474347019157776	1.4045951010697184	0.855685318275154	0.0	0.0	1.0004645374435284	0.30123097423883927	30.123097423883927
828.0-830.0 kDa	828.0	830.0	2	0	0	1	Actin family			MACF1 [Actin family], MACF1 [Actin family]	0.85	routine	829.0	3.8999982011715426	1.963473458548862	0.8674281314168378	0.0	0.0	2.222102120253501	0.3455372358998947	34.553723589989474
830.0-832.0 kDa	830.0	832.0	1	0	0	1	Actin family			MACF1 [Actin family]	0.8	routine	831.0	2.427190329439294	1.279287242634892	0.8524127310061602	0.0	0.0	1.511701380094773	0.3189407462033167	31.89407462033167
848.0-850.0 kDa	848.0	850.0	1	0	0	0				OBSCN	0.05	routine	849.0	1.0	-0.0	0.8052810574948666	0.0	0.0	0.0	0.20132026437371664	20.132026437371664
866.0-868.0 kDa	866.0	868.0	2	0	0	0				DST, DST	0.1	routine	867.0	2.962972831092432	1.567045397602631	0.8598562628336756	0.0	0.0	0.0	0.2149640657084189	21.496406570841888
868.0-870.0 kDa	868.0	870.0	1	0	0	0				OBSCN	0.05	routine	869.0	2.360045918814676	1.238814930011582	0.8517068788501027	0.0	0.0	0.0	0.21292671971252566	21.292671971252567
870.0-872.0 kDa	870.0	872.0	1	0	0	0				DST	0.05	routine	871.0	1.1088680060427956	0.14908764470542574	0.8282212525667351	0.0	0.0	0.0	0.20705531314168377	20.705531314168375
878.0-880.0 kDa	878.0	880.0	1	0	0	0				DST	0.05	routine	879.0	1.5370774841501085	0.6201898931884062	0.834638090349076	0.0	0.0	0.0	0.208659522587269	20.8659522587269
880.0-882.0 kDa	880.0	882.0	1	0	0	0				OBSCN	0.05	routine	881.0	2.349113515581368	1.2321164299994807	0.8513860369609856	0.0	0.0	0.0	0.2128465092402464	21.28465092402464
882.0-884.0 kDa	882.0	884.0	1	0	0	0				DST	0.05	routine	883.0	1.4986017966233016	0.5836170861841665	0.8339964065708418	0.0	0.0	0.0	0.20849910164271046	20.849910164271044
890.0-892.0 kDa	890.0	892.0	2	0	0	0				OBSCN, OBSCN	0.1	routine	891.0	1.997323956735286	0.9980683502434368	0.8453542094455853	0.0	0.0	0.0	0.21133855236139631	21.13385523613963
900.0-902.0 kDa	900.0	902.0	1	0	0	0				OBSCN	0.05	routine	901.0	1.0	-0.0	0.8052810574948666	0.0	0.0	0.0	0.20132026437371664	20.132026437371664
914.0-916.0 kDa	914.0	916.0	1	0	0	0				OBSCN	0.05	routine	915.0	1.0	-0.0	0.8052810574948666	0.0	0.0	0.0	0.20132026437371664	20.132026437371664
3614.0-3616.0 kDa	3614.0	3616.0	1	0	0	0					0.05	routine	3615.0	1.0	-0.0	0.8052810574948666	0.0	0.0	0.0	0.20132026437371664	20.132026437371664
3644.0-3646.0 kDa	3644.0	3646.0	2	0	0	0				, 	0.1	routine	3645.0	1.9973202421020524	0.9980656671093813	0.8452900410677618	0.0	0.0	0.0	0.21132251026694046	21.132251026694046
3654.0-3656.0 kDa	3654.0	3656.0	1	0	0	0					0.05	routine	3655.0	1.0	-0.0	0.8052810574948666	0.0	0.0	0.0	0.20132026437371664	20.132026437371664
3684.0-3686.0 kDa	3684.0	3686.0	1	0	0	0					0.05	routine	3685.0	1.0	-0.0	0.8052810574948666	0.0	0.0	0.0	0.20132026437371664	20.132026437371664
3704.0-3706.0 kDa	3704.0	3706.0	1	0	0	0					0.05	routine	3705.0	1.0	-0.0	0.8052810574948666	0.0	0.0	0.0	0.20132026437371664	20.132026437371664
3714.0-3716.0 kDa	3714.0	3716.0	1	0	0	0					0.05	routine	3715.0	1.0	-0.0	0.8052810574948666	0.0	0.0	0.0	0.20132026437371664	20.132026437371664
3820.0-3822.0 kDa	3820.0	3822.0	1	0	0	0					0.05	routine	3821.0	1.0	-0.0	0.8052810574948666	0.0	0.0	0.0	0.20132026437371664	20.132026437371664
3840.0-3842.0 kDa	3840.0	3842.0	1	0	0	0					0.05	routine	3841.0	1.0	-0.0	0.8052810574948666	0.0	0.0	0.0	0.20132026437371664	20.132026437371664
3894.0-3896.0 kDa	3894.0	3896.0	1	0	0	0					0.05	routine	3895.0	1.0	-0.0	0.8052810574948666	0.0	0.0	0.0	0.20132026437371664	20.132026437371664
