mw_bin_label	bin_start_kda	bin_end_kda	protein_count	protein_density_per_kda	mean_effective_candidates	median_effective_candidates	mean_identity_entropy_nats	mean_discriminability	ambiguity_percentile	auditability_percentile	mean_mw_kda	median_window_count	mean_window_count	median_gaussian_ambiguity	mean_gaussian_ambiguity	median_identity_entropy_nats	median_discriminability	median_nearest_neighbor_gap_kda
0.0-2.0 kDa	0.0	2.0	10	5.0	19.618310209249096	19.049343274235206	2.9628811597178655	0.0524033152115409	0.9188911704312115	0.08110882956878851	1.3377650300000001	18.5	18.8	11.661195933943562	11.649865659637019	2.9465500765514587	0.05254593571638224	0.07105925000000002
2.0-4.0 kDa	2.0	4.0	16	8.0	51.30898796306735	48.11890666156732	3.9135471593320865	0.020456703730922142	0.9383983572895277	0.061601642710472304	3.2726444237499996	40.5	41.8125	24.898281493756624	25.70351801145412	3.873631434018961	0.02078366996897442	0.049372999999999445
4.0-6.0 kDa	4.0	6.0	42	21.0	177.65498100063627	191.33578630603563	5.1308232061543135	0.006270267160468993	0.9584188911704312	0.04158110882956878	5.225978958571428	171.5	158.78571428571428	94.41187651346183	89.9437653315022	5.253920296465156	0.005227559916459941	0.017925650000000015
6.0-8.0 kDa	6.0	8.0	189	94.5	387.1551411599106	386.4350378802206	5.935959345740766	0.0027055908927981027	0.9691991786447639	0.030800821355236097	7.087988759365079	368.0	365.2116402116402	237.10988832982187	232.89744404488198	5.956963775971227	0.0025877570664541035	0.003520900000000715
8.0-10.0 kDa	8.0	10.0	330	165.0	708.8528053317481	715.3728815966299	6.55611250059622	0.0014325956023595033	0.9784394250513347	0.021560574948665256	9.155984804545456	686.0	684.4545454545455	436.02117196355505	430.31601670553493	6.572803297564652	0.0013978741290719835	0.002009400000003936
10.0-12.0 kDa	10.0	12.0	488	244.0	1007.2755753863693	1030.4776187009174	6.910837187933263	0.001001211116662753	0.9815195071868583	0.01848049281314168	11.05336853553279	1012.0	985.3872950819672	620.7469187315876	614.4960624119932	6.937777649573645	0.0009704238550622752	0.0014623000000062447
12.0-14.0 kDa	12.0	14.0	608	304.0	1283.8886028424902	1285.8560060239233	7.155183176678885	0.0007827457866161446	0.9861396303901437	0.01386036960985626	13.012564440855272	1257.0	1242.6940789473683	770.6129793179266	773.2697725389313	7.159179924180107	0.0007776920612782679	0.0011645000000033434
14.0-16.0 kDa	14.0	16.0	767	383.5	1522.3614386980114	1516.6938419421747	7.327280247333057	0.0006578422858781128	0.9881930184804928	0.01180698151950721	15.020478090299882	1482.0	1477.5827900912648	950.0633223587945	941.5214939800729	7.324288140880436	0.0006593288456419578	0.0009938999999778986
16.0-18.0 kDa	16.0	18.0	828	414.0	1691.8096989324727	1694.1210187159745	7.433450690597001	0.0005912054892137818	0.9892197125256673	0.010780287474332684	17.030943316473444	1640.0	1641.5809178743962	1027.9360897703427	1027.755697768801	7.434919312276149	0.0005902766030055482	0.0008214999999900385
18.0-20.0 kDa	18.0	20.0	866	433.0	1826.2003438448216	1830.901398794531	7.509575209865112	0.0005480433425203466	0.9902464065708418	0.009753593429158158	19.02591232561202	1743.0	1766.174364896074	1086.6294073383624	1093.4764560199756	7.512563692085901	0.0005461790574352386	0.000782699999994918
20.0-22.0 kDa	20.0	22.0	965	482.5	1987.839597705202	1992.3973789354873	7.594562193007353	0.0005033020481435742	0.992299794661191	0.007700205338808996	21.0247227703627	1923.0	1932.5119170984456	1229.8065862064418	1220.5880610934698	7.597093905666988	0.0005019079078162045	0.0007189000000025203
22.0-24.0 kDa	22.0	24.0	1038	519.0	2117.2429114726765	2128.2064128299344	7.6578027153382635	0.0004723761249109367	0.9948665297741273	0.005133470225872738	22.99637877007708	2073.0	2057.646435452794	1281.6544947744019	1283.2377799763449	7.663034844034613	0.00046987923466344035	0.0006543000000078791
24.0-26.0 kDa	24.0	26.0	1045	522.5	2144.8407051429886	2139.0410858180844	7.670807599067926	0.00046624716594947935	0.9964065708418891	0.0035934291581108946	24.993226873205746	2082.0	2079.131100478469	1310.3798865281424	1309.14415632071	7.668112916854029	0.0004674992016890345	0.0006762999999985198
26.0-28.0 kDa	26.0	28.0	1054	527.0	2124.2964145016454	2116.4704364641016	7.661137302159631	0.00047079919875509706	0.9958932238193019	0.004106776180698102	27.01871407819735	2045.5	2056.9326375711576	1298.3707791992072	1295.1979465603629	7.657505090239269	0.0004724847490284788	0.0006555000000201261
28.0-30.0 kDa	28.0	30.0	977	488.5	2102.5006289068	2103.2676136828754	7.650880345559481	0.00047562634579762555	0.99435318275154	0.0056468172484599455	29.00723363373593	2033.0	2028.8741044012284	1257.9359751323634	1260.1679407559711	7.651247420903346	0.0004754506718472094	0.0006827999999892143
30.0-32.0 kDa	30.0	32.0	1048	524.0	2158.0135547350387	2155.6874625439887	7.676790969831506	0.00046353036156725235	0.9969199178644764	0.0030800821355235763	31.016818166641222	2086.5	2084.960877862595	1298.235480423035	1301.4219083490175	7.675864959235341	0.0004638891390881186	0.0006366000000053162
32.0-34.0 kDa	32.0	34.0	1101	550.5	2318.2520544380614	2312.3252961589083	7.748212261642856	0.0004316666100526216	0.997946611909651	0.002053388090349051	33.01286393158946	2220.0	2237.7420526793826	1400.2786429241569	1400.7656342993037	7.7460089189257575	0.000432465104136143	0.0006412000000111107
34.0-36.0 kDa	34.0	36.0	1253	626.5	2486.7707787518375	2495.920168578481	7.81871525671864	0.0004021481224695485	1.0	0.0	35.038967599632876	2433.0	2427.70790103751	1545.086429733456	1534.1350186096022	7.822412745235232	0.0004006538400503158	0.0005803000000028646
36.0-38.0 kDa	36.0	38.0	1181	590.5	2480.347646469397	2491.7497565746453	7.816125026254376	0.00040319274043075016	0.9994866529774127	0.0005133470225873182	36.95675192987297	2421.0	2409.455546147333	1512.2090774206554	1507.9131620773833	7.8207404561550335	0.0004013244096287897	0.0005239000000187843
38.0-40.0 kDa	38.0	40.0	1121	560.5	2394.9287208939677	2391.326531116458	7.781096628100391	0.00041755906492676396	0.9989733059548255	0.0010266940451745254	38.97219468918821	2305.0	2307.2890276538806	1437.0537455169622	1439.6709330270373	7.779603524891131	0.0004181779388919847	0.0005391000000045665
40.0-42.0 kDa	40.0	42.0	1184	592.0	2354.3730160428904	2363.031142438913	7.763995884243598	0.00042477040638026645	0.9984599589322382	0.0015400410677618437	40.94973350584457	2299.0	2299.826858108108	1453.470593857433	1446.224101429447	7.767700456294559	0.00042318528183672244	0.0005598999999918419
42.0-44.0 kDa	42.0	44.0	1092	546.0	2194.710304888498	2185.0867202276804	7.693535714755338	0.00045588606967852664	0.9974332648870636	0.002566735112936369	42.95587604923074	2104.5	2120.195054945055	1339.4774283876582	1334.0706164419978	7.689410795481896	0.0004576477404974568	0.0006305000000210725
44.0-46.0 kDa	44.0	46.0	959	479.5	2090.375731696313	2086.5951147892006	7.645082573202127	0.0004783986831327484	0.9933264887063655	0.006673511293634471	45.037470059666276	2000.0	2001.5370177267987	1235.1762572227715	1238.768055093966	7.643288884800993	0.0004792496603257051	0.0007369000000139181
46.0-48.0 kDa	46.0	48.0	1065	532.5	2120.0690704494755	2124.9197189460283	7.65919209439446	0.00047169394488902306	0.9953798767967146	0.00462012320328542	47.021233231455355	2072.0	2068.937089201878	1312.5512551750394	1307.1852526573564	7.661489301325345	0.00047060601446910445	0.0006384000000707601
48.0-50.0 kDa	48.0	50.0	1003	501.5	2096.1615702443623	2095.3190085380675	7.647828881216206	0.000477095130223404	0.9938398357289527	0.006160164271047264	48.99144256953135	2030.0	2026.7567298105682	1266.4890192163261	1266.984856105748	7.647461092142681	0.00047725429680405256	0.0007128999999466146
50.0-52.0 kDa	50.0	52.0	976	488.0	2021.2465651326502	2021.1999226891348	7.6113572597295525	0.0004948554891632934	0.9928131416837782	0.007186858316221789	51.01740460961059	1964.0	1958.96618852459	1231.3635872321797	1231.6327911597764	7.611446633969509	0.0004947556108482622	0.0006869999999778997
52.0-54.0 kDa	52.0	54.0	935	467.5	1977.7395602725426	1977.7920951843364	7.589701334370123	0.0005056363540535205	0.9917864476386037	0.008213552361396315	52.95887646502666	1915.0	1913.4245989304814	1180.0399100947207	1186.7967890080695	7.589736398055902	0.0005056143173161974	0.0006748999998080762
54.0-56.0 kDa	54.0	56.0	957	478.5	1940.214149217126	1940.4253204163156	7.5705489730493865	0.0005154118268187531	0.9912731006160165	0.008726899383983522	54.992909299122175	1880.0	1884.0815047021943	1190.0926672068736	1187.7954360044143	7.5706624653563805	0.0005153509333641613	0.000723499999899957
56.0-58.0 kDa	56.0	58.0	915	457.5	1888.3868201573875	1887.3411465841757	7.543421666303053	0.0005296124181722868	0.9907597535934292	0.00924024640657084	56.953325163387895	1820.0	1829.1704918032788	1147.2134569481004	1146.3234199827648	7.5429243168313596	0.0005298459167331039	0.0007642999998722644
58.0-60.0 kDa	58.0	60.0	877	438.5	1773.5428702256795	1773.2421933513954	7.480397191945677	0.0005642239155532278	0.9897330595482546	0.010266940451745366	59.00211514716069	1724.0	1722.418472063854	1086.4891935345304	1083.4344508539425	7.4805648976201695	0.0005639387579144044	0.0008516000000611257
60.0-62.0 kDa	60.0	62.0	776	388.0	1611.586733824231	1613.2169062284697	7.384504162024269	0.0006210910639894128	0.9887063655030801	0.011293634496919891	60.943816922783405	1562.5	1560.110824742268	980.0808723144112	977.8370025243835	7.38598554285298	0.000619879444722173	0.0008997499999416902
62.0-64.0 kDa	62.0	64.0	681	340.5	1485.3669313098894	1486.1813106637765	7.303299520538082	0.0006733926639413717	0.9876796714579056	0.012320328542094416	63.005530250190795	1426.0	1426.2613803230543	879.6009774394479	880.9940230159181	7.303965230394519	0.000672865412062925	0.0010272999999827448
64.0-66.0 kDa	64.0	66.0	739	369.5	1432.6633625691586	1433.9373407392707	7.267275818317084	0.0006980211677199708	0.9871663244353183	0.012833675564681735	64.9735594575371	1395.0	1395.2611637347768	894.3921448235699	885.5174293740764	7.268179324765053	0.0006973805420845286	0.0009072999999659714
66.0-68.0 kDa	66.0	68.0	637	318.5	1362.4843479646622	1363.4657728137302	7.2167819746650625	0.0007343693082773707	0.9866529774127311	0.013347022587268942	67.0139891534693	1305.0	1317.4615384615386	815.5175786670943	818.883308893357	7.217785099523729	0.0007334250847649367	0.001041799999967452
68.0-70.0 kDa	68.0	70.0	630	315.0	1271.8267171515893	1271.260423897839	7.1480815235801405	0.0007864719438011787	0.9856262833675564	0.014373716632443578	68.978708283492	1227.0	1233.3063492063493	775.6678598341609	774.3539789638018	7.147764141254134	0.0007866208943482057	0.00114389999995268
70.0-72.0 kDa	70.0	72.0	575	287.5	1185.5816831184636	1181.2517814582109	7.077713530933773	0.0008439314503844209	0.9851129363449692	0.014887063655030786	71.02696340226082	1138.0	1144.9391304347826	716.637620349757	717.2933437471145	7.074329986919587	0.0008465595698535478	0.0011555999999757205
72.0-74.0 kDa	72.0	74.0	537	268.5	1101.5626646565943	1102.3647102159237	7.004130347817244	0.0009084461280986652	0.9845995893223819	0.015400410677618104	73.02009678074485	1075.0	1068.364990689013	670.9667981287985	670.5652156670936	7.005212887968998	0.0009071407953581232	0.0012529000000824908
74.0-76.0 kDa	74.0	76.0	461	230.5	1038.9253152999743	1040.930648100724	6.945900088811324	0.0009626141048651358	0.9830595482546202	0.016940451745379836	74.9692147867245	1000.0	999.1952277657267	611.5843865558782	616.5620531266768	6.947870445935328	0.0009606787943313938	0.0014097999998767818
76.0-78.0 kDa	76.0	78.0	517	258.5	1023.6530266394471	1018.1640553345782	6.931074388957377	0.0009770075218557919	0.9825462012320328	0.017453798767967155	76.98147640978728	984.0	988.036750483559	624.7343210649813	622.8211963377784	6.925756338679099	0.0009821599915657902	0.0013234999998701369
78.0-80.0 kDa	78.0	80.0	514	257.0	1056.2903366653761	1056.3605773381496	6.9625151827409635	0.0009467154440394071	0.9835728952772074	0.01642710472279263	79.03841733505843	1027.0	1027.0330739299611	641.4443873447201	641.056176310485	6.962584861743771	0.0009466464591327789	0.0012906999999842128
80.0-82.0 kDa	80.0	82.0	511	255.5	1060.1092903571516	1060.9248722714376	6.966118179751552	0.0009433161703635136	0.9840862422997947	0.01591375770020531	80.98683530720164	1031.0	1031.9138943248531	646.4197482056853	645.6114328531982	6.966896327691716	0.0009425738109608105	0.0014486000000886179
82.0-84.0 kDa	82.0	84.0	501	250.5	1013.5949668458821	1013.1089980427396	6.921085919525448	0.000986928329840455	0.9820328542094456	0.017967145790554362	82.9875097764073	986.0	983.2934131736527	620.9743186165356	618.893286040241	6.920779097712757	0.0009870606242091766	0.0015544000000033975
84.0-86.0 kDa	84.0	86.0	449	224.5	946.0604505901192	945.707434789695	6.8520943646679715	0.00105746338627428	0.981006160164271	0.018993839835729	84.9767661031627	918.0	913.8463251670379	568.094347193283	569.2914754207229	6.851933255669421	0.0010574094727534616	0.001486699999830421
86.0-88.0 kDa	86.0	88.0	430	215.0	880.9666650064245	880.6497869763821	6.780820844116848	0.0011355682412141298	0.9804928131416838	0.019507186858316206	86.990724717442	854.0	854.2953488372093	536.552979872205	535.480537829459	6.780660024013506	0.0011355251830306914	0.0016365999999976566
88.0-90.0 kDa	88.0	90.0	399	199.5	817.5414705791907	818.428847120627	6.705990587883987	0.0012239407275348119	0.9799794661190965	0.020020533880903524	88.9755483689726	794.0	792.140350877193	496.9412997668722	495.78536392404794	6.707386462208573	0.0012218533150660212	0.001826899999926468
90.0-92.0 kDa	90.0	92.0	360	180.0	762.0050700898138	764.0279160693792	6.635764641703933	0.0013128230115362239	0.9794661190965093	0.02053388090349073	91.00682926250019	741.0	734.6694444444445	454.1695947832562	456.69263185443214	6.638604274333712	0.001308852839030788	0.002144350000179429
92.0-94.0 kDa	92.0	94.0	344	172.0	724.5011113157726	725.7262540186422	6.5854536466042	0.001380342119520637	0.978952772073922	0.02104722792607805	92.95025618784905	705.0	702.9854651162791	442.87207663618204	441.05416255081997	6.58717288313292	0.001377930031434234	0.0019852000002060777
94.0-96.0 kDa	94.0	96.0	337	168.5	704.8637145192935	705.219719514333	6.557999380503128	0.001418728416243051	0.9779260780287474	0.022073921971252575	94.95126011412485	682.0	680.4896142433234	420.56932886826314	420.98606774577024	6.558509413142305	0.0014179977847027232	0.002242100000060532
96.0-98.0 kDa	96.0	98.0	359	179.5	697.512313243173	696.3698132540977	6.547507348383325	0.0014337031558805404	0.9774127310061602	0.022587268993839782	96.99798322707547	676.0	676.4038997214485	430.0433168605633	429.45235847872556	6.545880860105161	0.0014360185938087338	0.001766300000127785
98.0-100.0 kDa	98.0	100.0	320	160.0	686.6515912200911	686.3646974626697	6.531723106485328	0.00145664540589066	0.9768993839835729	0.0231006160164271	99.01925660562527	672.0	663.2375	411.39157000072214	412.65569090518176	6.5314091139027735	0.001456951394386152	0.0023736999998718034
100.0-102.0 kDa	100.0	102.0	323	161.5	666.5846525150064	670.1964546526618	6.502118996174113	0.0015003294540783094	0.9763860369609856	0.02361396303901442	100.98519706452045	649.0	649.0650154798761	404.442048207543	404.48424139489737	6.507570885305126	0.0014920998060460693	0.0024277999998645328
102.0-104.0 kDa	102.0	104.0	319	159.5	639.3650237477176	641.1102619919743	6.460392052188313	0.0015643134360638397	0.9758726899383984	0.024127310061601626	102.97983293485926	621.0	620.5423197492163	388.1803027436675	387.96743567020434	6.463201457715789	0.0015597940935977693	0.0022509999998874264
104.0-106.0 kDa	104.0	106.0	282	141.0	601.7930352446169	602.9858360942288	6.399701264255301	0.0016624074737586825	0.9753593429158111	0.024640657084188944	104.99200928531951	582.5	582.2624113475177	365.49448252564525	365.08427772040193	6.401893702643664	0.0016584137630231712	0.00216139999980669
106.0-108.0 kDa	106.0	108.0	273	136.5	563.4674319999006	566.9415964484165	6.333892277723735	0.0017755002538380536	0.9748459958932238	0.02515400410677615	106.94586277230808	552.0	545.5421245421245	339.43383594036135	340.1050186736131	6.340256293922277	0.0017638501148345104	0.0031612999998458235
108.0-110.0 kDa	108.0	110.0	255	127.5	522.394475391863	522.2431592415568	6.258324142564662	0.001914640619908678	0.9743326488706365	0.02566735112936347	108.96208031725531	502.0	504.36470588235295	316.0781066254084	315.51593603882236	6.258133301722944	0.0019148168478688736	0.002710200000109353
110.0-112.0 kDa	110.0	112.0	240	120.0	490.026084683783	489.140592207208	6.194277945762741	0.0020414438216612677	0.9738193018480493	0.026180698151950677	110.99946346250043	470.0	474.56666666666666	298.6471867900914	297.62276421014917	6.192649949102262	0.0020444020252730196	0.0036685000001597246
112.0-114.0 kDa	112.0	114.0	218	109.0	471.7616357154867	473.782294433855	6.156418779832431	0.002119948657074246	0.973305954825462	0.026694045174537995	112.97536448642245	458.0	456.04587155963304	280.3784370139722	281.86405274454677	6.160747906702993	0.0021106741257108947	0.0033299999998774865
114.0-116.0 kDa	114.0	116.0	235	117.5	456.76219739198956	456.3206187514072	6.124159958412101	0.002189335894916156	0.9722792607802875	0.02772073921971252	114.99561881191536	442.0	442.2893617021277	279.16885460518984	278.0157156318021	6.123195673744387	0.0021914416287745625	0.00312420000017255
116.0-118.0 kDa	116.0	118.0	208	104.0	454.09034997027163	453.9228358872806	6.1182932860462635	0.002202217686030139	0.971252566735113	0.028747433264887046	117.0277770766351	437.0	437.52884615384613	271.47742377428216	271.8005973439898	6.117927216444063	0.0022030176171606757	0.0027037999996295525
118.0-120.0 kDa	118.0	120.0	228	114.0	455.24987538225747	456.2971564422437	6.1208235885445	0.002196696407893658	0.9717659137577002	0.02823408624229984	119.0134325927198	445.0	443.2061403508772	279.85723224707795	279.3383049809042	6.1231442298750025	0.0021915544254758152	0.0032302000000186126
120.0-122.0 kDa	120.0	122.0	207	103.5	457.2171639184083	458.0336599724985	6.125097874016325	0.0021874097581739455	0.9727926078028748	0.027207392197125202	120.95308122782662	441.0	441.1207729468599	269.2475246234023	270.1531541214907	6.126942674803413	0.0021832456594129837	0.0034610000004846597
122.0-124.0 kDa	122.0	124.0	247	123.5	445.1549167823369	442.2388129846864	6.098318916162805	0.002246871901175273	0.9707392197125256	0.029260780287474364	123.03428242048638	434.0	434.6923076923077	281.12237230180455	280.5898734659353	6.091850037038069	0.0022612216988621204	0.0022070999998504703
124.0-126.0 kDa	124.0	126.0	179	89.5	421.3921323657431	422.09158126883915	6.043106258272813	0.002375264613495125	0.9702258726899384	0.02977412731006157	125.00105363251456	410.0	406.0223463687151	243.90242422079564	247.37093114871445	6.0452223077159175	0.0023691540991979147	0.003632900000368977
126.0-128.0 kDa	126.0	128.0	189	94.5	392.43040397248063	392.07402736925013	5.972351860384348	0.002548259905740599	0.9697125256673511	0.03028747433264889	126.95371272021224	379.0	378.63492063492066	237.4545940813102	237.37998016203412	5.971450667291148	0.0025505387508319016	0.0038991999998643223
128.0-130.0 kDa	128.0	130.0	192	96.0	385.73376188753565	385.7298453046361	5.955140308050879	0.0025924984372674865	0.9686858316221766	0.031314168377823415	128.95787584197979	373.5	373.796875	233.75043296559502	233.3991935468762	5.955137241769058	0.00259248801263086	0.0034674000001189142
130.0-132.0 kDa	130.0	132.0	180	90.0	374.663421173356	373.7735884123673	5.926011003192499	0.002669153218294327	0.9681724845995893	0.03182751540041073	130.98255697833397	362.0	362.06111111111113	227.34274056707338	226.7207130493594	5.923650235384049	0.0026754164319748586	0.004175250000102437
132.0-134.0 kDa	132.0	134.0	171	85.5	364.8346711073627	365.3222405361655	5.899387083548561	0.0027412819917064755	0.9676591375770021	0.03234086242299794	132.9395075326322	354.0	354.8830409356725	220.8132608627964	220.7352416441513	5.9007798148829735	0.002737309391654746	0.00433300000008785
134.0-136.0 kDa	134.0	136.0	174	87.0	339.77015184983713	337.22849822453156	5.828075809176293	0.002944300946593903	0.9671457905544147	0.03285420944558526	134.9010321731041	326.5	328.7241379310345	209.06957020914956	207.5115866682836	5.820760696757922	0.0029653486744964583	0.003471200000518593
136.0-138.0 kDa	136.0	138.0	154	77.0	312.5788993327317	310.90723616975157	5.744250153024926	0.003203064713059966	0.9666324435318275	0.033367556468172466	137.05022337090978	298.0	302.538961038961	188.18819326132422	188.25327578132047	5.739494539798606	0.0032163937904166507	0.003899549999985652
138.0-140.0 kDa	138.0	140.0	134	67.0	295.35114328999623	296.6719853223777	5.688105628530921	0.0033862034319188114	0.9661190965092402	0.033880903490759784	138.94403377328433	288.0	286.3134328358209	176.14359823488218	177.04575706304598	5.692627098143561	0.003370726111961297	0.003832500000058303
140.0-142.0 kDa	140.0	142.0	143	71.5	279.9564331516303	278.3603487234339	5.634585803193566	0.0035723275284228785	0.9650924024640657	0.03490759753593431	141.01056016461612	270.0	269.6293706293706	169.08716968696075	168.9663791262252	5.628916492754403	0.0035924656819335795	0.0043068000001369455
142.0-144.0 kDa	142.0	144.0	132	66.0	281.2814974731603	281.78326234813306	5.639343933596557	0.003555242846488601	0.965605749486653	0.03439425051334699	143.03935524287957	272.0	273.3712121212121	167.38888985605672	167.7881782394653	5.641138198676802	0.0035488268490992255	0.0050417999997875995
144.0-146.0 kDa	144.0	146.0	142	71.0	272.2502794076163	270.98514801359727	5.606570760608674	0.003674196442730657	0.9645790554414785	0.03542094455852152	145.03011823915574	265.0	264.96478873239437	171.18914071977127	169.8001083097429	5.602064012491646	0.003690239160142322	0.005733049999918194
146.0-148.0 kDa	146.0	148.0	110	55.0	258.47391401711315	258.0991810531035	5.554596770814132	0.0038703928812318803	0.9640657084188912	0.035934291581108835	147.006718371819	246.0	246.6	148.9363675495921	150.53494590531082	5.55334388837172	0.00387447990593975	0.00671110000006081
148.0-150.0 kDa	148.0	150.0	131	65.5	251.9354881909294	251.96208647631659	5.529172679088152	0.003969273087010387	0.9635523613963038	0.03644763860369615	149.01848150137494	246.0	245.4351145038168	154.98500580172237	153.9174774347365	5.529278625701806	0.003968851083847474	0.0056122000000016214
150.0-152.0 kDa	150.0	152.0	115	57.5	242.04134510814458	242.24239189106007	5.488764349623567	0.004134376779303084	0.9630390143737166	0.03696098562628336	150.96378110521823	238.0	236.43478260869566	148.44119266058044	148.10941615118847	5.48993884425524	0.004128096623359443	0.006423999999952912
152.0-154.0 kDa	152.0	154.0	105	52.5	208.13285764741173	207.03396330866826	5.336918373707994	0.004816671209045857	0.9614989733059548	0.038501026694045204	152.96523359904856	202.0	199.8190476190476	125.68083733302534	125.00356623446139	5.332882853761629	0.004830125376622837	0.009027600000081293
154.0-156.0 kDa	154.0	156.0	86	43.0	185.35282568942588	183.9340865389374	5.221960430663164	0.005398348538503585	0.9594455852156057	0.040554414784394255	155.10179639744277	174.0	177.24418604651163	108.45218135367868	108.58024002605926	5.214577347883282	0.005436731490331871	0.008499400000729906
156.0-158.0 kDa	156.0	158.0	89	44.5	182.89179379607975	182.80439846362717	5.208886430709834	0.005467804153248919	0.9589322381930184	0.04106776180698157	157.07918379685486	178.0	177.22471910112358	111.47095850070359	111.35163301697759	5.20841672034779	0.005470327893663736	0.007773300000906147
158.0-160.0 kDa	158.0	160.0	89	44.5	197.8843448068153	200.5953514400617	5.287055879095544	0.0050598554505469845	0.9609856262833676	0.03901437371663241	159.0775512968549	194.0	190.6629213483146	112.64927829092548	115.40995803857341	5.301289701979479	0.004985160387920564	0.008759700000325665
160.0-162.0 kDa	160.0	162.0	111	55.5	214.40086382494835	215.73099815149553	5.367687222805255	0.004665663593532016	0.9625256673511293	0.03747433264887068	161.0469834601812	216.0	211.36036036036037	136.43371298617097	134.88188088207573	5.374032252627116	0.00463540246218004	0.006712600000128077
162.0-164.0 kDa	162.0	164.0	94	47.0	208.75545477877785	208.99497187191162	5.341076999484893	0.004791124907795462	0.9620123203285421	0.037987679671457886	162.89852225234145	205.0	201.82978723404256	126.9041592114412	125.29329488952006	5.342310191369855	0.004784804129956432	0.00624550000021884
164.0-166.0 kDa	164.0	166.0	96	48.0	196.73374791952597	196.04522875360414	5.281814871174273	0.005083380467347161	0.9604722792607803	0.03952772073921973	164.98524652270928	189.0	189.58333333333334	117.20492442859482	117.3014884896297	5.278345391405141	0.005100863747926263	0.006693700000312219
166.0-168.0 kDa	166.0	168.0	100	50.0	185.8382064389321	187.4667444262813	5.224366723293336	0.005386537138709488	0.9599589322381931	0.04004106776180694	166.96985101400097	184.0	182.81	119.09593862018589	116.21717915173575	5.233601459567817	0.005334279512692403	0.007824300000180529
168.0-170.0 kDa	168.0	170.0	72	36.0	154.35739420666394	153.11197210697492	5.037270079845135	0.0065043021477364064	0.9579055441478439	0.0420944558521561	169.0194539702788	141.0	147.26388888888889	89.57809046948216	90.153594230715	5.031135754484655	0.006531608695711453	0.011594200000345722
170.0-172.0 kDa	170.0	172.0	64	32.0	129.92442735248983	128.6490028496915	4.866081685976686	0.007710125773737065	0.9568788501026694	0.043121149897330624	171.148030167501	123.0	124.609375	78.17607904908232	78.05229022260819	4.857085915229769	0.007773116954179144	0.012905500000272241
172.0-174.0 kDa	172.0	174.0	53	26.5	122.00852024923572	123.94386374204686	4.803809138121518	0.008200791170272535	0.9558521560574949	0.04414784394250515	173.04173413471804	119.0	118.35849056603773	71.93376528155893	72.23187337623638	4.8198287513424445	0.00806816868385844	0.014419600000280752
174.0-176.0 kDa	174.0	176.0	59	29.5	115.1977767398092	114.98611962104772	4.746620025674458	0.008681250195768767	0.9537987679671458	0.0462012320328542	175.01309901728928	110.0	110.64406779661017	68.21980997857781	68.35966043086299	4.744811422131135	0.008696701856673093	0.013126599999708333
176.0-178.0 kDa	176.0	178.0	56	28.0	121.99958711042684	122.13347966518042	4.803854547785501	0.00819942710378485	0.9553388090349076	0.04466119096509236	177.14918555142967	117.0	117.25	73.25032985696478	72.48532622204884	4.805114263611553	0.008187767678810444	0.01614134999942962
178.0-180.0 kDa	178.0	180.0	67	33.5	133.00590742523127	134.2132302119462	4.890239297731111	0.007520801706520267	0.9573921971252567	0.042607802874743306	179.08232350686677	130.0	129.92537313432837	81.57020185788568	81.23816173306203	4.899429805460336	0.007450830282683941	0.01110429999997109
180.0-182.0 kDa	180.0	182.0	63	31.5	129.58538422725627	130.05766067943384	4.863900455615882	0.007723737074049407	0.9563655030800822	0.04363449691991783	181.02007539111221	129.0	126.68253968253968	79.59717447424008	79.27807716227203	4.86797789580711	0.007688897330429465	0.009551300000481433
182.0-184.0 kDa	182.0	184.0	50	25.0	118.31540307431182	119.31664176514549	4.773082465495268	0.008456621932057266	0.954312114989733	0.04568788501026699	182.90837597400122	114.0	114.08	68.48492322404698	68.69929323113585	4.781780813916528	0.008381060565559427	0.007946400000221843
184.0-186.0 kDa	184.0	186.0	58	29.0	103.16053961589691	102.4746031436946	4.63569660348447	0.00970500226441943	0.9512320328542094	0.04876796714579057	184.91814759379423	99.0	100.70689655172414	66.15952976644044	64.47724427225828	4.629614672724758	0.00975852173330647	0.010034199998870008
186.0-188.0 kDa	186.0	188.0	37	18.5	93.77268869292526	93.57241592975252	4.540506285059329	0.010671926308248912	0.9481519507186859	0.051848049281314146	186.9500450313524	89.0	89.45945945945945	51.98629813899892	52.30798494674029	4.538735638445287	0.01068691013333169	0.01920650000090518
188.0-190.0 kDa	188.0	190.0	49	24.5	86.26550982866559	85.77746793512168	4.457356334559371	0.01159381588271946	0.9460985626283368	0.0539014373716632	188.97052222694012	85.0	84.48979591836735	54.42962330620498	54.027900830994255	4.451756360526716	0.011658073198853995	0.015504600000269875
190.0-192.0 kDa	190.0	192.0	33	16.5	87.46763076754723	87.07544804549875	4.471136575527769	0.011435819949322926	0.946611909650924	0.05338809034907599	190.92826564969815	82.0	81.96969696969697	47.67191743661165	48.05056559143596	4.466774961751302	0.011484293477048537	0.017316999998769234
192.0-194.0 kDa	192.0	194.0	50	25.0	101.08785391096951	99.76945832703468	4.6141728843667495	0.009928401939177873	0.9502053388090349	0.049794661190965095	192.98056570200126	96.0	98.62	60.473710770929216	61.196896487792635	4.602861326129645	0.01002312310699005	0.01628885000005198
194.0-196.0 kDa	194.0	196.0	63	31.5	110.09037824683024	110.05460219884515	4.701277047843678	0.009083892425883705	0.952258726899384	0.047741273100616044	194.93945116254085	108.0	108.36507936507937	70.0004491721985	69.05847479806422	4.700976626260683	0.00908639875135084	0.0114175999996462
196.0-198.0 kDa	196.0	198.0	48	24.0	104.48310615109607	102.37945808621419	4.648052535278338	0.00958944677678413	0.9517453798767967	0.04825462012320325	197.1400853820846	97.0	99.875	62.05717407805284	61.88627444377448	4.628685528965562	0.009767595340629594	0.01604580000008582
198.0-200.0 kDa	198.0	200.0	46	23.0	102.76670005174164	103.044359706146	4.63232452726965	0.009733448935451819	0.9507186858316222	0.04928131416837778	198.95610310174033	100.5	98.76086956521739	60.28309670608024	60.72652416852186	4.635159572145783	0.00970455833883189	0.011236600000643193
200.0-202.0 kDa	200.0	202.0	54	27.0	100.79562348547714	100.76954244511367	4.613082108730661	0.009921319988686268	0.9496919917864476	0.05030800821355241	201.03166232259377	97.0	98.01851851851852	61.242732409705894	61.299093565129105	4.6128361503540845	0.009923633455295403	0.014725450000426576
202.0-204.0 kDa	202.0	204.0	47	23.5	99.52719365945055	99.63011044610185	4.600296847454432	0.010050203542543927	0.9491786447638604	0.05082135523613962	203.06612220766084	98.0	97.34042553191489	58.759211324551835	59.061199900545766	4.601464432618851	0.010037126281627305	0.019017499999989695
204.0-206.0 kDa	204.0	206.0	46	23.0	91.98227532559812	91.88501084056625	4.521274225932834	0.010878644783152295	0.9471252566735113	0.05287474332648867	205.0329113560883	90.0	88.82608695652173	56.42446313438599	55.870505121975135	4.520537913111365	0.010883167895214249	0.015499499999918953
206.0-208.0 kDa	206.0	208.0	37	18.5	92.64910122751874	92.36699038284277	4.5283753632020325	0.010802977123535912	0.9476386036960985	0.052361396303901464	207.04934469892015	87.0	87.32432432432432	50.52191249734321	51.5966818760516	4.525769667880818	0.010826378513094334	0.022586700000005067
208.0-210.0 kDa	208.0	210.0	55	27.5	110.33644119694765	112.5737103245675	4.701141772433239	0.009106971369038777	0.9527720739219713	0.047227926078028726	209.04586614545573	109.0	107.89090909090909	68.15182790695017	66.92769357250278	4.7236082099778205	0.00888306867666389	0.013674899998989076
210.0-212.0 kDa	210.0	212.0	65	32.5	120.44956464833965	120.85329858759776	4.791205687963511	0.008302653670262485	0.9548254620123203	0.045174537987679675	210.98328810000135	119.0	118.43076923076923	76.91281478211964	75.85640419792213	4.794577401668162	0.008274494876738286	0.01189910000110217
212.0-214.0 kDa	212.0	214.0	47	23.5	113.44384325394206	113.93888271386813	4.730909800042571	0.008821986918979537	0.9532854209445585	0.04671457905544152	212.94393500766094	108.0	108.76595744680851	64.00852223647607	65.13707584844087	4.73566218808762	0.008776635123860878	0.0125511000009908
214.0-216.0 kDa	214.0	216.0	57	28.5	98.9825440203036	99.83465877769447	4.593466116630031	0.01013287289969195	0.9486652977412731	0.05133470225872694	214.9628862554401	98.0	97.42105263157895	63.94052506113543	62.39690475605512	4.603515405370492	0.010016561505225726	0.0157016000014778
216.0-218.0 kDa	216.0	218.0	29	14.5	85.81475726550099	86.61357880269296	4.451556291122392	0.01166818368949499	0.9455852156057495	0.054414784394250515	216.75950093172557	82.0	80.93103448275862	48.098700453312716	47.79314358188476	4.461456602384003	0.011545533781464164	0.008851900000138357
218.0-220.0 kDa	218.0	220.0	41	20.5	72.64650663278296	72.34508206424009	4.28528757721437	0.013773978436111651	0.9435318275154004	0.056468172484599566	218.83555652878198	68.0	69.04878048780488	46.08583714601153	45.734457406324864	4.281447476534107	0.01382263965243736	0.019316900000063697
220.0-222.0 kDa	220.0	222.0	37	18.5	79.25629225016016	78.92171797079025	4.372639411276646	0.012618486031627053	0.9440451745379876	0.05595482546201236	221.02255542865032	78.0	76.62162162162163	44.53063007255691	45.17912626481501	4.368456449427244	0.012670783476483753	0.025809100000913077
222.0-224.0 kDa	222.0	224.0	44	22.0	83.68310274369577	84.13251467277973	4.426974049154513	0.011951356580748128	0.9450718685831622	0.05492813141683783	223.00064017318346	83.0	82.70454545454545	52.45397188460288	51.976233954399476	4.432393111426952	0.011886011061374192	0.014483699999033206
224.0-226.0 kDa	224.0	226.0	38	19.0	81.46077137042487	82.04661491123186	4.39956328034021	0.012289647968844197	0.944558521560575	0.05544147843942504	224.971342422107	80.0	79.21052631578948	47.879514689432696	48.10358074951401	4.407287407532591	0.012188196997022525	0.017537499999761508
226.0-228.0 kDa	226.0	228.0	34	17.0	71.95947616386627	71.96113724993837	4.27577942613076	0.013905728968198097	0.9430184804928131	0.056981519507186884	226.89682908588415	71.0	70.05882352941177	43.07786613857251	42.844176484619645	4.276124902182328	0.013896426037798799	0.017484700000380826
228.0-230.0 kDa	228.0	230.0	33	16.5	61.64446660224875	60.95206080310571	4.120095449500841	0.016263759258183377	0.9409650924024641	0.059034907597535935	228.97789968000185	58.0	60.03030303030303	37.04480573081541	36.77902840339659	4.110087666727399	0.016406336173444797	0.020294599999800766
230.0-232.0 kDa	230.0	232.0	23	11.5	55.15686139509865	54.568273888166544	4.009992608872129	0.0181369222904608	0.9394250513347022	0.06057494866529778	231.01194508434995	52.0	52.391304347826086	30.389002415028624	30.97309176031954	3.999452649548269	0.018325666706068486	0.035920799998251596
232.0-234.0 kDa	232.0	234.0	30	15.0	55.941052840151166	55.796343092566524	4.024202959389248	0.017879365047539224	0.9399383983572895	0.06006160164271046	233.09784529666823	54.0	53.833333333333336	34.19005507318262	33.527026913490815	4.021707669828356	0.01792234521917524	0.021697749998068616
234.0-236.0 kDa	234.0	236.0	25	12.5	60.913475191512255	61.23300066662277	4.1093588939176735	0.016419884593846076	0.9404517453798767	0.05954825462012325	235.03109241600185	59.0	59.32	35.36489605425598	35.47987497920656	4.114686270766674	0.016331063137741762	0.026588300000724985
236.0-238.0 kDa	236.0	238.0	34	17.0	63.40414375274046	63.15289796135353	4.149373757505734	0.015776715720473983	0.9414784394250514	0.05852156057494862	236.9722188417664	62.0	61.794117647058826	38.15332172373239	37.82585064490808	4.145558728683405	0.015834586387168316	0.01623059999960219
238.0-240.0 kDa	238.0	240.0	32	16.0	67.6987209586778	67.73347091031688	4.215036444864303	0.01477224030761227	0.9425051334702259	0.05749486652977409	239.08164281437675	66.0	65.90625	40.02080431516852	40.02347082187142	4.2155804578789065	0.014763749549274705	0.014975049999634393
240.0-242.0 kDa	240.0	242.0	34	17.0	65.62341837899163	66.29005425354956	4.182754475919378	0.015274815153523962	0.9419917864476386	0.05800821355236141	241.00323883000183	66.0	65.44117647058823	41.62560317489364	40.99756333128345	4.194037867542242	0.015085279768505731	0.02810700000074462
242.0-244.0 kDa	242.0	244.0	24	12.0	53.48096220589901	54.49524004923293	3.9767245804616014	0.01879665808863455	0.938911704312115	0.061088295687884986	242.83805463000195	52.0	51.458333333333336	31.224407265121044	30.456227144187526	3.9980730812976466	0.018351704816117594	0.03797759999960704
244.0-246.0 kDa	244.0	246.0	21	10.5	41.72016308849271	41.198130464465244	3.7305508254631983	0.02398988345333051	0.9363449691991786	0.06365503080082136	245.1444889942874	40.0	39.476190476190474	24.157962983626177	24.081105955221144	3.7183928782498237	0.02427294609551599	0.0414793999995311
246.0-248.0 kDa	246.0	248.0	19	9.5	43.102834234837594	42.88096455629108	3.763429206316477	0.023207725148156066	0.9373716632443532	0.06262833675564683	247.12634755368595	41.0	42.31578947368421	26.432077480286193	26.11226573064782	3.758428010826043	0.02332037094658333	0.02976409999936891
248.0-250.0 kDa	248.0	250.0	20	10.0	41.277391016615496	41.812097367731354	3.7200555033411744	0.02423897455409832	0.9358316221765913	0.06416837782340867	248.85693110000202	40.0	39.65	24.43948641921122	24.165929390123466	3.733184940311742	0.0239165600166956	0.0222979499995688
250.0-252.0 kDa	250.0	252.0	20	10.0	38.11693891621339	37.59263799673711	3.640193740141746	0.026259405986315786	0.9337782340862423	0.06622176591375772	251.10725279000158	36.0	36.3	22.611857330436656	22.272917075864758	3.6268019007895362	0.026601289995119223	0.05201525000069296
252.0-254.0 kDa	252.0	254.0	17	8.5	36.242370761924406	37.348624239476266	3.5879671206168666	0.027718722112348125	0.9322381930184805	0.06776180698151946	253.03730238588452	38.0	36.1764705882353	22.13322073068816	21.90879673408793	3.62029607661599	0.02677474794220219	0.06703700000139179
254.0-256.0 kDa	254.0	256.0	14	7.0	31.13591382077538	31.15711209739381	3.4382248000118656	0.032126071573332214	0.9286447638603696	0.07135523613963035	254.7344992728593	29.0	29.142857142857142	18.902855548555024	17.68960775122811	3.439037270829812	0.03209573881823454	0.04562730000006354
256.0-258.0 kDa	256.0	258.0	15	7.5	36.617572611326516	37.13928337824355	3.5986857994979604	0.02741167758664686	0.9327515400410678	0.06724845995893225	257.2636245666685	37.0	35.2	20.887751057703774	21.412786614751653	3.6146752605914902	0.026925667623027078	0.0281475999991585
258.0-260.0 kDa	258.0	260.0	22	11.0	41.046049648906674	40.69918407043538	3.71375471010676	0.024408492902105436	0.9353182751540041	0.06468172484599588	258.7197385390928	39.5	40.22727272727273	27.23231627367789	26.99617723476101	3.7061907413332453	0.02457136747208346	0.02508985000011421
260.0-262.0 kDa	260.0	262.0	19	9.5	45.43898292057264	45.23313339729501	3.81606285598537	0.02202101692362221	0.9378850102669405	0.06211498973305951	260.9610348852648	44.0	43.73684210526316	25.610378867826626	25.887973644820796	3.811829858058929	0.02210768799094075	0.05432749999874886
262.0-264.0 kDa	262.0	264.0	25	12.5	42.67084033777738	42.638727073136955	3.7534057644662373	0.02344036239426647	0.936858316221766	0.06314168377823404	262.6517959480018	43.0	41.92	28.55153577126149	27.156068277793246	3.7527629265305795	0.023452857733879565	0.028572700000950135
264.0-266.0 kDa	264.0	266.0	16	8.0	39.105156101932295	38.22161013955946	3.6656539616163584	0.025602531973003148	0.9342915811088296	0.0657084188911704	265.0839235237518	35.0	35.625	22.017954366476953	21.50334884879449	3.6434006278528157	0.02616323260271216	0.021361550000563057
266.0-268.0 kDa	266.0	268.0	23	11.5	39.749803339538786	39.79238476420661	3.6825198586130994	0.025161644465242806	0.9348049281314168	0.0651950718685832	266.9267324713065	39.0	39.30434782608695	24.939133192931315	24.60536027335053	3.683675556400273	0.025130436537684053	0.039852200000382254
268.0-270.0 kDa	268.0	270.0	16	8.0	35.601904215542014	35.74753394372763	3.570279294768239	0.028208533297842668	0.9312114989733059	0.0687885010266941	269.0119975800021	34.5	34.5	19.81046298862686	20.156390183207694	3.5764630025760846	0.027974980579697203	0.08015084999908595
270.0-272.0 kDa	270.0	272.0	15	7.5	31.832833314845473	31.682342589594167	3.460322650840234	0.031425114687183966	0.9291581108829569	0.07084188911704314	270.9646932800018	30.0	30.4	17.586303557045994	17.662685350657227	3.455759509591004	0.03156332260381663	0.07007009999813363
272.0-274.0 kDa	272.0	274.0	16	8.0	32.353073441202035	32.29778307084244	3.476697003280297	0.030909706103802954	0.9296714579055442	0.07032854209445583	273.10099189250195	31.5	31.625	19.97059113220185	19.636905837639222	3.4749983363061783	0.030961893260142814	0.02861570000018787
274.0-276.0 kDa	274.0	276.0	15	7.5	33.931999535345845	33.61152817760951	3.5238150681367113	0.02950265607816512	0.9306981519507187	0.0693018480492813	274.9001663333353	32.0	32.4	18.580950492082966	18.784600040682864	3.514869108647726	0.02975169693909232	0.08088329999895905
276.0-278.0 kDa	276.0	278.0	19	9.5	35.9178987723242	35.74289190979285	3.5811640563355427	0.027845244434615352	0.9317248459958932	0.06827515400410678	277.08890363263316	35.0	35.05263157894737	22.484333751522893	22.03791714233791	3.5763514216730674	0.0279775906919837	0.0293846000014355
278.0-280.0 kDa	278.0	280.0	18	9.0	36.994623375206366	37.11238039686185	3.6106628460793107	0.02703689409347199	0.9332648870636551	0.06673511293634493	278.9582205466687	35.5	35.666666666666664	20.999757706420016	21.320244120511912	3.613948557699829	0.026945297193221064	0.07249639999906776
280.0-282.0 kDa	280.0	282.0	20	10.0	32.99783332045422	32.2297183462522	3.4945591946431014	0.030418211113084886	0.9301848049281314	0.06981519507186862	281.24684400000257	31.0	31.8	20.074557643541148	20.091152209834537	3.4728884474812736	0.031027296240538987	0.040630549998724064
282.0-284.0 kDa	282.0	284.0	10	5.0	30.820229517334262	31.15020383536475	3.4271809566032276	0.032510694375927865	0.9281314168377823	0.07186858316221767	283.15106937000155	30.0	29.9	16.30048493305521	16.87957133622978	3.438820199835437	0.03210255648348172	0.0723075000015001
284.0-286.0 kDa	284.0	286.0	16	8.0	29.107951558288157	29.020579831625408	3.3708619698903597	0.03436513095531581	0.9265913757700205	0.07340862422997951	285.0129254800028	29.0	28.0	17.270837788499463	17.0814562562381	3.368000239039635	0.034458649107430066	0.06904010000113203
286.0-288.0 kDa	286.0	288.0	13	6.5	28.572325014046193	28.110863802045582	3.3520900100702344	0.03502312647578905	0.925564681724846	0.07443531827515404	286.97461944923333	26.0	26.384615384615383	16.524410297024346	16.1438080234704	3.3361561137969113	0.035573435488924096	0.05463349999985212
288.0-290.0 kDa	288.0	290.0	15	7.5	29.37716378915331	29.16167555359081	3.3800750589740787	0.03404971654435547	0.9271047227926078	0.0728952772073922	289.19952288000246	28.0	28.266666666666666	18.386187411026313	17.742464481008618	3.3728553661752114	0.03429158239423816	0.02749560000125939
290.0-292.0 kDa	290.0	292.0	15	7.5	30.721590046848743	30.88567646760937	3.4244437045870986	0.03258464062481851	0.9276180698151951	0.07238193018480488	291.062595780003	32.0	30.333333333333332	17.485124185675602	17.834566577202715	3.430292531696064	0.03237746795181017	0.023927299999684237
292.0-294.0 kDa	292.0	294.0	13	6.5	26.134476691853987	26.351902447823946	3.260939367712527	0.03844425747476541	0.9235112936344969	0.07648870636550309	292.9541317030791	27.0	25.46153846153846	15.862706009408129	15.590789017169474	3.2715404715395415	0.0379479243284227	0.04494290000059209
294.0-296.0 kDa	294.0	296.0	7	3.5	21.365007112652343	22.124471588238894	3.0593829754280195	0.04703406284843731	0.919917864476386	0.08008213552361398	294.75883463714507	21.0	21.285714285714285	11.02135492383161	11.129587230735764	3.0966843075913384	0.04519881959719156	0.08763569999524634
296.0-298.0 kDa	296.0	298.0	11	5.5	18.62301784007873	17.89048635681112	2.922933062938576	0.053852747793495866	0.9168377823408624	0.08316221765913756	296.7583842981843	17.0	18.181818181818183	10.935696255999662	10.760770007531939	2.884269083110354	0.055895629669077615	0.0229137000000037
298.0-300.0 kDa	298.0	300.0	9	4.5	19.20877734222899	19.04817759766352	2.955168535676703	0.05208013126722332	0.917864476386037	0.08213552361396304	298.9840857911128	18.0	18.0	11.026405541794082	10.909471637852253	2.9469714328319574	0.05249846054158281	0.100379000000828
300.0-302.0 kDa	300.0	302.0	9	4.5	21.93306755097797	22.38893601994498	3.0867896260615826	0.045704302887107875	0.9204312114989733	0.07956878850102667	300.82491609111435	22.0	21.0	11.301338981331375	11.671913623399544	3.1085669091575077	0.04466491838241706	0.057396599999151476
302.0-304.0 kDa	302.0	304.0	13	6.5	23.735176597558453	23.103883806241814	3.165819443075729	0.04222628441660065	0.9214579055441479	0.07854209445585214	302.7593530107719	22.0	23.307692307692307	14.311040698521584	14.270016323605349	3.140000733535798	0.04328276615249584	0.07107880000000932
304.0-306.0 kDa	304.0	306.0	14	7.0	24.20346409471401	23.811837308395482	3.185481489714286	0.0413990536865795	0.9224845995893224	0.07751540041067762	305.01227858714657	24.0	23.785714285714285	14.504496150092578	14.360480221963968	3.170149936586549	0.04199868165987034	0.0381647500018687
306.0-308.0 kDa	306.0	308.0	10	5.0	24.04757847431688	24.06296356948644	3.1799675945602064	0.041589795052793865	0.9219712525667351	0.07802874743326493	307.0558728100028	22.0	22.6	12.613891585870885	12.669015884838599	3.1806737930718345	0.04155764792413598	0.05683994999969855
308.0-310.0 kDa	308.0	310.0	12	6.0	26.755864458864036	27.203035275549276	3.285913958843213	0.03743839406959992	0.9250513347022588	0.07494866529774125	309.0613565300023	27.0	26.666666666666668	15.520177006414759	15.706930690859224	3.3033252671170175	0.03676084568637872	0.12365909999869018
310.0-312.0 kDa	310.0	312.0	15	7.5	25.168627095493346	25.29390768532832	3.224429702563698	0.03982570524994878	0.9229979466119097	0.0770020533880903	310.7664061600031	25.0	24.8	16.84259847179954	15.981103143584482	3.230563563784339	0.03953521189531533	0.07087279999763041
312.0-314.0 kDa	312.0	314.0	6	3.0	19.397056208420043	19.43377606274288	2.964109236851461	0.05165855080766817	0.9183778234086243	0.08162217659137572	313.0124212133356	16.5	16.666666666666668	8.85127552797416	8.82086816898348	2.966875456165045	0.05147091820084913	0.11105739999720754
314.0-316.0 kDa	314.0	316.0	11	5.5	17.58187979913449	17.333083731273533	2.866218415778048	0.05694947918578282	0.9163244353182751	0.08367556468172488	314.95229584363983	17.0	16.636363636363637	11.10385212470162	10.977907334260232	2.8526170296908004	0.05769313848035775	0.05978359999892291
316.0-318.0 kDa	316.0	318.0	8	4.0	18.95821549509208	18.818886774747583	2.9419364820467693	0.05277887849492131	0.9173511293634496	0.08264887063655035	317.1717504675032	18.0	18.0	10.086524052414646	10.248683267350014	2.9348591609396957	0.05313829944074108	0.12668849999926124
318.0-320.0 kDa	318.0	320.0	11	5.5	19.620330635765367	19.637617407536247	2.9765113610396527	0.050973151385655675	0.9194045174537988	0.08059548254620119	319.03958682545715	19.0	19.636363636363637	11.3189973918967	11.350294810151313	2.977446982305369	0.05092267454076349	0.08009949999939181
320.0-322.0 kDa	320.0	322.0	8	4.0	16.752796737350252	16.893025353740846	2.8165343684559407	0.0599354898134499	0.9147843942505134	0.08521560574948661	321.046361567503	17.0	16.25	9.696297699162933	9.528889874181472	2.826778615741551	0.05921049954135344	0.050685349999326945
322.0-324.0 kDa	322.0	324.0	5	2.5	11.412100612398177	11.703576593032958	2.428950863484729	0.08866793676714871	0.9106776180698152	0.08932238193018482	322.94146418000344	11.0	10.6	5.930258677106535	5.669139700467006	2.4598944868017374	0.08544396595783307	0.1607514000003789
324.0-326.0 kDa	324.0	326.0	3	1.5	8.796238321054028	8.746683696876332	2.1742826398174624	0.11369438239996388	0.9014373716632443	0.09856262833675566	325.05426674666995	8.0	8.0	3.485541857296094	3.742370270245184	2.168674622457293	0.11432904568815333	0.40584979999914594
326.0-328.0 kDa	326.0	328.0	5	2.5	9.25428000914221	8.99049198359389	2.224042450082702	0.10828173239347783	0.9029774127310062	0.09702258726899382	326.8478493600036	9.0	9.0	5.253424055071154	5.1924771419661955	2.1961675726361785	0.11122861816959839	0.2723041999999509
328.0-330.0 kDa	328.0	330.0	6	3.0	9.36438625304541	8.833035138280898	2.2328897288714162	0.10763331818242462	0.9034907597535934	0.09650924024640661	329.06492884666915	9.0	9.166666666666666	5.041484682420176	5.014661183853693	2.1784984168951325	0.11321142984291163	0.06891890000213152
330.0-332.0 kDa	330.0	332.0	3	1.5	7.753964956774929	7.598531093405001	2.0470767622482007	0.12925497914511155	0.8968172484599589	0.10318275154004108	331.20393664667097	7.0	6.666666666666667	3.1284854252974617	2.999057125470523	2.027954951428291	0.13160438349300574	0.19684219999948027
332.0-334.0 kDa	332.0	334.0	3	1.5	14.011990303758003	13.97043178333436	2.639751182295098	0.07139057659801736	0.9137577002053389	0.08624229979466114	333.52257131333926	13.0	13.0	6.983220762323685	7.019668434531467	2.636943080689181	0.07157974896616455	0.05301769999999806
334.0-336.0 kDa	334.0	336.0	13	6.5	22.212751685608893	22.769979404405298	3.0935865993658	0.045689540624182796	0.9209445585215605	0.07905544147843946	335.0788045184653	23.0	22.692307692307693	13.905523233204757	13.620870229429507	3.125442975569543	0.0439174749453893	0.039148200001875466
336.0-338.0 kDa	336.0	338.0	13	6.5	26.640825150078367	25.243372140514023	3.279181319083861	0.03777596580491008	0.9245379876796714	0.07546201232032856	336.94082461077295	25.0	26.0	15.260938186640168	14.884219612591455	3.228563631780381	0.039614358748650026	0.04293829999994614
338.0-340.0 kDa	338.0	340.0	18	9.0	28.803019391291222	28.40179633313776	3.3600325268572315	0.03474898528351299	0.9260780287474333	0.07392197125256672	339.39037034667064	28.0	28.555555555555557	20.463060735042603	19.74334023405301	3.346452350379989	0.03520904368787061	0.04056609999997818
340.0-342.0 kDa	340.0	342.0	10	5.0	26.53584176412471	28.366628198075883	3.269411594998605	0.03839965935208378	0.9240246406570842	0.07597535934291577	341.0426315700045	29.5	26.4	14.969057314170893	15.148167472077137	3.345204893165307	0.035253290888593115	0.07770039999923029
342.0-344.0 kDa	342.0	344.0	6	3.0	16.765266109126767	16.88855996061108	2.8130555334839813	0.06043057390020986	0.9152977412731006	0.0847022587268994	342.5902354966704	15.5	15.166666666666666	9.276478131230318	9.010314045407055	2.8265925419300313	0.05921688154225771	0.104177899999911
344.0-346.0 kDa	344.0	346.0	5	2.5	10.794129927234314	10.587127198024248	2.378116718354489	0.09280577348432287	0.9096509240246407	0.09034907597535935	344.7915863400045	10.0	9.6	5.046046921272112	5.039186226552536	2.3596388478375006	0.09445432942249134	0.3239727000008088
346.0-348.0 kDa	346.0	348.0	6	3.0	12.442675318626506	12.34823497109522	2.5163269403254707	0.08114000352936591	0.9132443531827515	0.08675564681724846	347.01565818000387	11.0	11.5	6.297173356660095	6.254922864378888	2.51270096786359	0.0811148846490932	0.3291568000016696
348.0-350.0 kDa	348.0	350.0	9	4.5	17.12370569524775	17.378169181420166	2.839925723985033	0.05846262919018757	0.9158110882956879	0.08418891170431209	349.19962026889345	18.0	17.22222222222222	10.739385457237082	10.192420777138853	2.8552147737488505	0.05754346096878536	0.07214349999935621
350.0-352.0 kDa	350.0	352.0	9	4.5	14.709880532030802	15.247018613868136	2.67921415133984	0.06929407246440725	0.9142710472279261	0.08572895277207393	350.88714411333797	16.0	14.88888888888889	9.755757212689831	9.074745785033462	2.7243839832107035	0.06558659271855524	0.10765950000029534
352.0-354.0 kDa	352.0	354.0	0	0.0					0.4173511293634497	0.5826488706365502								
354.0-356.0 kDa	354.0	356.0	4	2.0	7.169465723135456	6.528902111375083	1.935287333508191	0.14895959862373337	0.8937371663244353	0.10626283367556466	354.862807330005	5.5	6.5	2.9055905836933746	3.241871736369081	1.8721795938127026	0.15441362685848972	0.3781402999999557
356.0-358.0 kDa	356.0	358.0	8	4.0	10.267213920772301	10.169882498807182	2.328767638056622	0.09743380114848844	0.9086242299794661	0.09137577002053388	357.1840099050036	10.0	10.125	6.640533224845859	6.465461783051038	2.319430192576252	0.09832964417633275	0.05457609999425017
358.0-360.0 kDa	358.0	360.0	3	1.5	8.506753615436175	8.603297521926246	2.1405531518474556	0.11762627365684347	0.9004106776180698	0.09958932238193019	359.62230731333904	8.0	8.0	3.7489699892928208	3.7972433378481347	2.15214556255002	0.11623450164909603	0.04904549999957908
360.0-362.0 kDa	360.0	362.0	4	2.0	8.212169083823008	8.302267152989604	2.1041776720516805	0.12212354960816234	0.8993839835728953	0.10061601642710472	361.3269259050048	8.5	8.5	4.497567431867791	4.435424329357366	2.1158441701366244	0.12061402453096298	0.3704059500013557
362.0-364.0 kDa	362.0	364.0	3	1.5	6.731758104707896	6.907263754194708	1.9053298598745718	0.14900303191438038	0.8901437371663244	0.10985626283367556	362.70135724667233	7.0	6.666666666666667	3.977866055495406	3.4470137291345746	1.9325735758834264	0.14477512884790458	0.1289007000002016
364.0-366.0 kDa	364.0	366.0	2	1.0	4.302073231724116	4.302073231724116	1.4590870427371523	0.23245072031435537	0.8726899383983573	0.1273100616016427	365.4772752300054	4.0	4.0	1.8136865941099582	1.8136865941099582	1.4590870427371523	0.23245072031435537	0.5359267000013688
366.0-368.0 kDa	366.0	368.0	2	1.0	5.1416516170016795	5.1416516170016795	1.6359539697196417	0.1950433211552862	0.8773100616016427	0.12268993839835729	366.9018987800056	5.0	5.0	2.1383556211256494	2.1383556211256494	1.6359539697196417	0.1950433211552862	0.636629399997787
368.0-370.0 kDa	368.0	370.0	4	2.0	6.460028518560948	6.467185094529681	1.8649891308696813	0.1549980003781854	0.8886036960985626	0.1113963039014374	369.22595103000526	6.5	6.5	3.1832450451734875	3.070165608282899	1.8665628529189482	0.15468186388204336	0.42368699999960313
370.0-372.0 kDa	370.0	372.0	3	1.5	6.299211045247037	6.305019076427532	1.8404095206663593	0.15875476387013557	0.8875770020533881	0.11242299794661192	371.07392788000635	6.0	5.666666666666667	3.0971052267947963	3.135677641124611	1.8413459950154036	0.15860380244346653	0.1498505999994677
372.0-374.0 kDa	372.0	374.0	3	1.5	5.920165062476248	5.835818001573799	1.7781628934588296	0.168981954366363	0.8814168377823408	0.11858316221765919	373.4290806800054	5.0	5.333333333333333	3.3533982737575387	3.2568435185663005	1.7640144447002728	0.1713555836954341	0.04229600000337541
374.0-376.0 kDa	374.0	376.0	3	1.5	6.746387281328005	6.7720304620351435	1.9069584712018903	0.14883784222488985	0.8906570841889117	0.10934291581108835	375.014078013335	7.0	7.0	2.914084445080391	3.0098297400209844	1.912800962493959	0.14766619931881966	0.6812331999955745
376.0-378.0 kDa	376.0	378.0	4	2.0	6.69336355870778	6.630569190211508	1.8999319403452501	0.1497549231325962	0.8896303901437371	0.11036960985626287	377.1971424300045	6.5	6.75	3.244159911300365	3.2340206368419984	1.890986517360957	0.1510291546731709	0.18502880000110622
378.0-380.0 kDa	378.0	380.0	3	1.5	6.211700614189996	6.073298862445027	1.8246168744220228	0.16156732535480087	0.8865503080082136	0.11344969199178645	379.44438271333917	6.0	6.333333333333333	3.2536713524888397	3.274693320449568	1.8039019273701573	0.1646551606711832	0.2725359999981265
380.0-382.0 kDa	380.0	382.0	2	1.0	5.636326767188585	5.636326767188585	1.7291963225686637	0.17743337826909064	0.8798767967145791	0.12012320328542092	380.7209649799981	5.5	5.5	2.3390301271094405	2.3390301271094405	1.7291963225686637	0.17743337826909064	0.7514399999989507
382.0-384.0 kDa	382.0	384.0	2	1.0	2.93945541546739	2.93945541546739	1.0777096614134876	0.34054943122288384	0.864476386036961	0.13552361396303902	382.87870108000436	3.0	3.0	1.3099800383283626	1.3099800383283626	1.0777096614134876	0.34054943122288384	0.18438999999938233
384.0-386.0 kDa	384.0	386.0	0	0.0					0.4173511293634497	0.5826488706365502								
386.0-388.0 kDa	386.0	388.0	4	2.0	6.995093716257841	7.39260471670588	1.9352342469994925	0.14599372485194895	0.8927104722792608	0.10728952772073919	386.96126993000485	8.0	7.25	4.248511871181105	3.8391771770949306	2.0003358307280417	0.1353093658248349	0.25967114999988894
388.0-390.0 kDa	388.0	390.0	4	2.0	7.5741392380871515	7.546733549525728	2.0246547239253063	0.132050591008038	0.8957905544147844	0.10420944558521561	388.4053915300041	8.0	7.75	4.5954447738857045	4.6241129024356615	2.021096779427958	0.13251244258556205	0.14153015000030678
390.0-392.0 kDa	390.0	392.0	3	1.5	5.973755706850347	5.644658438033979	1.7841358475171283	0.16846709840107224	0.8819301848049281	0.11806981519507187	391.1310807800052	5.0	5.333333333333333	2.898548870292644	2.595345383079059	1.73070968877968	0.17715863784812066	0.05400089999938018
392.0-394.0 kDa	392.0	394.0	3	1.5	9.067899623517713	9.178077882170777	2.1792613100042515	0.11615414283530094	0.9024640657084189	0.09753593429158114	392.96302418000624	7.0	8.666666666666666	3.3616248023143402	4.041671768743744	2.2168178016819833	0.10895527504103968	0.5746204000009811
394.0-396.0 kDa	394.0	396.0	9	4.5	12.112733490160496	12.012307536836422	2.493695857356209	0.08265011058778096	0.9127310061601642	0.08726899383983577	395.06411278000604	12.0	12.222222222222221	8.052245152005941	7.713944054571694	2.485931752260581	0.08324795189712246	0.11483600000019578
396.0-398.0 kDa	396.0	398.0	4	2.0	11.489273964698617	11.070786036827887	2.4392282248220036	0.08740986546394827	0.9117043121149897	0.0882956878850103	397.12628263000374	11.0	11.25	5.071664245895338	5.300738212265506	2.4042848695502625	0.09033231780327151	0.03775880000006282
398.0-400.0 kDa	398.0	400.0	4	2.0	8.653327362476766	8.661152638123133	2.1579066675818663	0.1155710954598278	0.9009240246406571	0.09907597535934287	398.84959110500506	8.0	8.25	4.718318584652393	4.669711968923651	2.1588265856571667	0.11546297553986135	0.08215070000085234
400.0-402.0 kDa	400.0	402.0	5	2.5	9.643052337901645	9.644607139916406	2.266205660562452	0.10370823925665948	0.9065708418891171	0.09342915811088293	401.1546986800057	9.0	9.2	4.855361151286224	4.899620125140685	2.2663989135339704	0.1036848868484515	0.21951989999786292
402.0-404.0 kDa	402.0	404.0	5	2.5	10.08314595686922	9.983410476130278	2.3105311740191303	0.09924161904636972	0.9075975359342916	0.0924024640657084	402.87111042000305	9.0	9.4	5.545262342658823	5.3871384069253185	2.300924763021786	0.10016617090832224	0.143435000001773
404.0-406.0 kDa	404.0	406.0	6	3.0	11.341670151148662	11.205275256868916	2.428114491753409	0.08823526431508667	0.910164271047228	0.08983572895277203	405.36451378000567	11.0	10.833333333333334	6.906542569357342	6.362780359990826	2.4163844444834046	0.08924372075566828	0.12949435000092535
406.0-408.0 kDa	406.0	408.0	5	2.5	9.575548818247436	9.479509980758854	2.2575317514405357	0.10478336373141331	0.9050308008213552	0.09496919917864477	406.81371302000673	9.0	9.6	6.089614652498212	6.113039441331776	2.249132625137597	0.10549068485921337	0.14423820000001797
408.0-410.0 kDa	408.0	410.0	1	0.5	5.82702136462816	5.82702136462816	1.762505954642659	0.1716142669512613	0.8803901437371663	0.11960985626283371	409.7350641800071	5.0	5.0	2.122329646088006	2.122329646088006	1.762505954642659	0.1716142669512613	0.7864617999983352
410.0-412.0 kDa	410.0	412.0	5	2.5	7.807555232842828	7.784496186634232	2.0479763964524778	0.1298942227658659	0.8978439425051334	0.10215605749486656	411.15226062000403	7.0	7.6	4.48719928953008	4.328400653486645	2.0521340872809724	0.12846046500953687	0.298568699991165
412.0-414.0 kDa	412.0	414.0	5	2.5	7.024846117940044	6.927861512131225	1.9415257666469974	0.14455883639384962	0.893223819301848	0.10677618069815198	413.31441624000627	6.0	6.8	4.3752890964397935	4.2361782880099685	1.9355511814718904	0.14434468677656478	0.08707820000000766
414.0-416.0 kDa	414.0	416.0	0	0.0					0.4173511293634497	0.5826488706365502								
416.0-418.0 kDa	416.0	418.0	1	0.5	3.244862939343604	3.244862939343604	1.1770731117736106	0.3081794265869016	0.86652977412731	0.13347022587268997	417.915546980007	3.0	3.0	1.4174283673080819	1.4174283673080819	1.1770731117736106	0.3081794265869016	0.4033146000007264
418.0-420.0 kDa	418.0	420.0	2	1.0	5.026994346422212	5.026994346422212	1.587075637100257	0.2102771168491726	0.8762833675564682	0.12371663244353182	418.7763855300074	4.5	4.5	2.0216969438893644	2.0216969438893644	1.587075637100257	0.2102771168491726	0.6591812500000742
420.0-422.0 kDa	420.0	422.0	5	2.5	9.579511611918267	9.477773731715041	2.2549327840933024	0.1053746906459991	0.9055441478439425	0.09445585215605745	421.10207156000723	10.0	9.4	5.090979775059935	5.0957733996578725	2.248949450261386	0.10551000987222829	0.2661859000010054
422.0-424.0 kDa	422.0	424.0	7	3.5	10.257709334903987	10.489178566661764	2.3263583533858356	0.09781660581235696	0.9081108829568788	0.0918891170431212	423.00673230857893	10.0	10.428571428571429	6.294815351213154	5.8647741385351875	2.3503441130181555	0.09533635009116403	0.18433740000000398
424.0-426.0 kDa	424.0	426.0	2	1.0	6.968351423770137	6.968351423770137	1.9408126072155172	0.14366852505656363	0.8916837782340863	0.10831622176591371	425.2415141300073	6.0	6.0	2.6138060644248817	2.6138060644248817	1.9408126072155172	0.14366852505656363	0.2723591000000738
426.0-428.0 kDa	426.0	428.0	3	1.5	4.2354120584236705	3.9851305588966492	1.4356946638594803	0.23972526773613245	0.87217659137577	0.12782340862423003	427.065700880007	4.0	4.0	2.1142364478277296	2.1440442278011447	1.3825700742893483	0.2509328076510665	0.1898508000011816
428.0-430.0 kDa	428.0	430.0	0	0.0					0.4173511293634497	0.5826488706365502								
430.0-432.0 kDa	430.0	432.0	0	0.0					0.4173511293634497	0.5826488706365502								
432.0-434.0 kDa	432.0	434.0	2	1.0	4.116753077809028	4.116753077809028	1.361634812652936	0.2703048560210528	0.8711498973305954	0.12885010266940455	433.06661838000747	4.0	4.0	1.4058157251177743	1.4058157251177743	1.361634812652936	0.2703048560210528	1.0103772999997318
434.0-436.0 kDa	434.0	436.0	4	2.0	6.216022522118486	6.222030885697244	1.8269347075500477	0.16093756657019545	0.8870636550308009	0.11293634496919913	435.0556252800071	6.0	6.25	3.534381199767763	3.4772895392469234	1.8280781023535635	0.16072509750552877	0.3050858499998981
436.0-438.0 kDa	436.0	438.0	2	1.0	6.377310651218419	6.377310651218419	1.8515778197351072	0.15717284447115482	0.8880903490759754	0.1119096509240246	436.8560359300072	5.5	5.5	2.4828153480269672	2.4828153480269672	1.8515778197351072	0.15717284447115482	0.8864450000000943
438.0-440.0 kDa	438.0	440.0	3	1.5	6.063318667688484	6.082912591372636	1.802243564433554	0.16493071364414566	0.88347022587269	0.11652977412731003	438.890099846674	5.0	5.333333333333333	2.5438595278948024	2.8355951105945074	1.8054836259064835	0.16439493170069466	0.004820600002062747
440.0-442.0 kDa	440.0	442.0	3	1.5	5.840221218212574	5.808127372880437	1.7647125066081328	0.17124558403190424	0.8809034907597536	0.1190965092402464	440.3199265800074	4.0	4.666666666666667	3.2515375030691764	3.294135061943761	1.7592582078743846	0.1721725326943145	0.059382000000596236
442.0-444.0 kDa	442.0	444.0	3	1.5	4.221023011015592	4.3378931498397515	1.4387733677719663	0.2375352375267291	0.8716632443531828	0.12833675564681724	442.7841384133413	3.0	3.3333333333333335	2.1533742893293657	2.063071837187074	1.4673887808979529	0.23052665555788104	0.04109149999942474
444.0-446.0 kDa	444.0	446.0	1	0.5	2.830703425080046	2.830703425080046	1.040525240868159	0.3532690818614183	0.8624229979466119	0.13757700205338808	445.0271816800056	3.0	3.0	0.46504956444439793	0.46504956444439793	1.040525240868159	0.3532690818614183	1.8178920999972092
446.0-448.0 kDa	446.0	448.0	1	0.5	4.361079263008224	4.361079263008224	1.4727195641158264	0.2293010375854098	0.8747433264887063	0.12525667351129366	446.9244880800061	5.0	5.0	1.1530905187996408	1.1530905187996408	1.4727195641158264	0.2293010375854098	1.3330863000026056
448.0-450.0 kDa	448.0	450.0	4	2.0	6.01947839613692	6.0051043705990095	1.7942867639040874	0.16636443767300046	0.8824435318275154	0.11755646817248455	448.72471430500775	6.0	6.25	3.270622690521483	3.260893394223327	1.7922930694452899	0.1666305316401815	0.25579304999953933
450.0-452.0 kDa	450.0	452.0	2	1.0	6.1470890031268715	6.1470890031268715	1.8159661069497193	0.1626827039234743	0.8844969199178645	0.1155030800821355	450.24319278000786	6.0	6.0	2.676671018224482	2.676671018224482	1.8159661069497193	0.1626827039234743	0.3891379999988658
452.0-454.0 kDa	452.0	454.0	6	3.0	7.801917350754121	7.928321236653739	2.053323216759852	0.1284440168730175	0.8973305954825462	0.10266940451745377	453.0426500800077	8.0	7.666666666666667	4.768566207059413	4.312339892603399	2.0703063237834174	0.1261641638814024	0.11079345000067065
454.0-456.0 kDa	454.0	456.0	4	2.0	7.857473400258781	7.730843876797096	2.059129560329812	0.12785861515973523	0.8983572895277208	0.10164271047227924	455.3195616300083	7.5	7.75	4.0770378460111285	4.0880080196395205	2.0442262153084294	0.12960882478299288	0.1532838999990247
456.0-458.0 kDa	456.0	458.0	2	1.0	5.364599839192298	5.364599839192298	1.6796369958031616	0.18647609862928888	0.8788501026694046	0.12114989733059545	456.8962559800083	5.5	5.5	2.3030232770976076	2.3030232770976076	1.6796369958031616	0.18647609862928888	0.12205479999937552
458.0-460.0 kDa	458.0	460.0	1	0.5	2.1820500490583914	2.1820500490583914	0.7802648243881506	0.45828463028679145	0.8547227926078029	0.14527720739219707	459.1700917800083	1.0	1.0	0.2833495150654932	0.2833495150654932	0.7802648243881506	0.45828463028679145	2.0311843000000067
460.0-462.0 kDa	460.0	462.0	1	0.5	2.143984620981272	2.143984620981272	0.7626660701330493	0.46642125611064966	0.8536960985626283	0.1463039014373717	461.2012760800083	2.0	2.0	0.3413929955390185	0.3413929955390185	0.7626660701330493	0.46642125611064966	1.7789921000004938
462.0-464.0 kDa	462.0	464.0	1	0.5	2.500152094379594	2.500152094379594	0.9163515677754517	0.39997566637966775	0.8593429158110883	0.14065708418891165	462.9802681800088	3.0	3.0	0.6374899254426678	0.6374899254426678	0.9163515677754517	0.39997566637966775	1.2968713999989063
464.0-466.0 kDa	464.0	466.0	1	0.5	1.9070640673551416	1.9070640673551416	0.6455649219402357	0.5243662324291362	0.8495893223819302	0.1504106776180698	464.2771395800077	2.0	2.0	0.44012823216596564	0.44012823216596564	0.6455649219402357	0.5243662324291362	1.2968713999989063
466.0-468.0 kDa	466.0	468.0	0	0.0					0.4173511293634497	0.5826488706365502								
468.0-470.0 kDa	468.0	470.0	0	0.0					0.4173511293634497	0.5826488706365502								
470.0-472.0 kDa	470.0	472.0	1	0.5	1.3791509584885329	1.3791509584885329	0.32146806235464426	0.7250837871264944	0.8454825462012321	0.1545174537987679	470.0921618800085	1.0	1.0	0.0823398128414945	0.0823398128414945	0.32146806235464426	0.7250837871264944	2.489767500000198
472.0-474.0 kDa	472.0	474.0	2	1.0	3.800958876641709	3.800958876641709	1.3350799538238927	0.2631827722136767	0.8706365503080082	0.12936344969199176	472.6195535300087	4.0	4.0	1.4979357986688389	1.4979357986688389	1.3350799538238927	0.2631827722136767	0.07524829999999838
474.0-476.0 kDa	474.0	476.0	6	3.0	9.893061120013847	10.16293095910249	2.289726791827848	0.10151245885481852	0.9070841889117043	0.09291581108829572	475.26641103000765	10.5	10.333333333333334	6.0000004284106065	5.734087897925794	2.318492628213871	0.09844685932219892	0.020337299997606806
476.0-478.0 kDa	476.0	478.0	5	2.5	9.369653888977183	9.409522218602897	2.2366078482511123	0.10691234214163256	0.9040041067761807	0.0959958932238193	476.5742203200076	9.0	9.4	6.831908363368657	6.649108109917999	2.241722178514727	0.1062753216122888	0.09280880000352454
478.0-480.0 kDa	478.0	480.0	0	0.0					0.4173511293634497	0.5826488706365502								
480.0-482.0 kDa	480.0	482.0	3	1.5	3.3002913562647707	3.2788135243358822	1.1914055950096474	0.3045833186100775	0.8675564681724846	0.13244353182751545	480.7757050133411	3.0	3.3333333333333335	1.5237223532701574	1.4793822963435455	1.187481626570433	0.30498837234195814	0.5213626000009413
482.0-484.0 kDa	482.0	484.0	1	0.5	4.343525155189374	4.343525155189374	1.4686862661571225	0.23022774457867756	0.8737166324435318	0.12628336755646818	483.2329559800093	4.0	4.0	1.3878664358364516	1.3878664358364516	1.4686862661571225	0.23022774457867756	0.9171391000008384
484.0-486.0 kDa	484.0	486.0	3	1.5	6.186022167168681	6.160471951499252	1.814010025170365	0.1643604213648948	0.885523613963039	0.11447638603696098	484.8073303466749	7.0	6.333333333333333	2.571993179382035	2.863380280212833	1.818153390113736	0.1623252257088247	0.4148825999966448
486.0-488.0 kDa	486.0	488.0	5	2.5	7.1951317341367345	7.017945283439542	1.9728555059849349	0.13913447312038876	0.8942505133470225	0.10574948665297745	486.77790712000944	7.0	7.2	4.133174149911086	3.7519144724613347	1.9484704805275437	0.14249184905441345	0.13423059999820453
488.0-490.0 kDa	488.0	490.0	3	1.5	7.578322188688486	7.5002586087165195	2.025176085948243	0.1319857697804334	0.8963039014373717	0.10369609856262829	489.4385755133435	8.0	7.666666666666667	3.607371283090818	3.6767919851098525	2.0149375011100057	0.13332873600356093	0.2741281000029403
490.0-492.0 kDa	490.0	492.0	5	2.5	6.848618081335776	6.603892133311952	1.9179135106924292	0.1478287680179894	0.891170431211499	0.10882956878850103	491.1133007600105	7.0	7.2	3.93564343239532	3.9357851130822654	1.887659192386019	0.15142585308983308	0.4581246000000192
492.0-494.0 kDa	492.0	494.0	0	0.0					0.4173511293634497	0.5826488706365502								
494.0-496.0 kDa	494.0	496.0	2	1.0	2.4744301213852786	2.4744301213852786	0.9049379794400154	0.4050009592509081	0.8583162217659137	0.1416837782340863	494.96323853000854	2.5	2.5	0.9821076693856801	0.9821076693856801	0.9049379794400154	0.4050009592509081	0.535359500003949
496.0-498.0 kDa	496.0	498.0	1	0.5	4.575379284036551	4.575379284036551	1.5206895989057165	0.2185611154662061	0.8752566735112937	0.12474332648870634	497.19507518000665	5.0	5.0	1.3139832793995634	1.3139832793995634	1.5206895989057165	0.2185611154662061	1.1278294000040319
498.0-500.0 kDa	498.0	500.0	4	2.0	6.058312316785187	6.122032246497312	1.7996816910952886	0.1656440103782062	0.8829568788501027	0.11704312114989734	498.9781122800103	6.5	6.5	3.163916895695861	3.1098041976809587	1.8109874159228063	0.16364092651574896	0.24806499999931475
500.0-502.0 kDa	500.0	502.0	3	1.5	5.5224450817617	5.443790628351938	1.7035283614783037	0.18299739971568693	0.8793634496919918	0.12063655030800824	500.8382480466749	5.0	5.666666666666667	2.596794025223217	2.4988375153622493	1.6944756248931334	0.18369552913954398	0.7096984000033899
502.0-504.0 kDa	502.0	504.0	1	0.5	5.288884350275302	5.288884350275302	1.6656073257595623	0.18907579250583295	0.8783367556468172	0.12166324435318276	503.3533790800096	4.0	4.0	1.5860402785535102	1.5860402785535102	1.6656073257595623	0.18907579250583295	1.102060900000481
504.0-506.0 kDa	504.0	506.0	4	2.0	9.048492857543351	9.02240374128754	2.188908688892722	0.11358278742231044	0.9019507186858317	0.09804928131416835	504.9658776800099	8.0	8.0	4.435620278758959	4.467330660278019	2.18736152669739	0.11360676031421107	0.06176549999960912
506.0-508.0 kDa	506.0	508.0	7	3.5	11.451781423896847	11.471704052926468	2.438082917917422	0.08733359558794689	0.9111909650924025	0.0888090349075975	506.7905935514389	11.0	11.142857142857142	7.142916007760258	6.995663726245703	2.4398834861854617	0.08717100749691123	0.04806700000000319
508.0-510.0 kDa	508.0	510.0	4	2.0	9.385674107947956	9.584169262867487	2.232993306126596	0.10789812965521627	0.9045174537987679	0.09548254620123209	508.6698241550099	9.0	8.5	4.439437029038287	4.324654481183106	2.2587041476196394	0.1046330728765837	0.38738970000028417
510.0-512.0 kDa	510.0	512.0	3	1.5	6.080957731350662	6.213778205949236	1.8041784964845284	0.1647746977226869	0.8839835728952772	0.11601642710472282	511.05207468001	6.0	5.666666666666667	2.8920333705680727	2.8905777508527914	1.826769117696143	0.16093268328157795	0.1431042999996066
512.0-514.0 kDa	512.0	514.0	2	1.0	5.048122825211685	5.048122825211685	1.6183625547387168	0.19835267356727265	0.8767967145790554	0.12320328542094461	512.4595320300125	5.5	5.5	2.3616525416136613	2.3616525416136613	1.6183625547387168	0.19835267356727265	0.4327706999962402
514.0-516.0 kDa	514.0	516.0	1	0.5	2.8858306640954012	2.8858306640954012	1.0598127836806184	0.34652067858370417	0.8629363449691991	0.13706365503080087	514.21260818001	3.0	3.0	0.5402677976087256	0.5402677976087256	1.0598127836806184	0.34652067858370417	1.5366907999994055
516.0-518.0 kDa	516.0	518.0	2	1.0	2.890702593413458	2.890702593413458	1.0612532757080564	0.3461071163771366	0.8634496919917864	0.13655030800821355	516.9828189300104	3.0	3.0	1.309464392160507	1.309464392160507	1.0612532757080564	0.3461071163771366	0.26774250000005395
518.0-520.0 kDa	518.0	520.0	1	0.5	4.329049997682408	4.329049997682408	1.4653481178693346	0.23099756309937702	0.8732032854209446	0.1267967145790554	518.5135085800106	4.0	4.0	1.037936792748536	1.037936792748536	1.4653481178693346	0.23099756309937702	1.3968184000002566
520.0-522.0 kDa	520.0	522.0	6	3.0	10.665481040098223	10.430972525455978	2.3525637161715904	0.09659638415023358	0.9091375770020534	0.09086242299794656	521.1478426466768	10.0	10.5	5.679644923933647	5.801196659933864	2.3447794470235817	0.09586834967010796	0.15450634999723434
522.0-524.0 kDa	522.0	524.0	8	4.0	11.910746562280806	12.022663525437189	2.474286852275768	0.08449848748078678	0.912217659137577	0.08778234086242298	523.0091289800088	12.0	12.0	7.9437513193115254	7.603095166388954	2.486645900611679	0.08320080085589854	0.161468649996948
524.0-526.0 kDa	524.0	526.0	1	0.5	8.492018258426135	8.492018258426135	2.1391266939124307	0.11775763659101394	0.8998973305954825	0.10010266940451751	524.475863480014	7.0	7.0	3.1958997087528758	3.1958997087528758	2.1391266939124307	0.11775763659101394	0.6811597000040592
526.0-528.0 kDa	526.0	528.0	2	1.0	3.0922868238474903	3.0922868238474903	1.128910872118194	0.3233852782733345	0.8649897330595483	0.1350102669404517	526.935147980013	3.0	3.0	1.3457604946285722	1.3457604946285722	1.128910872118194	0.3233852782733345	0.023548400003164716
528.0-530.0 kDa	528.0	530.0	2	1.0	5.253535355827848	5.253535355827848	1.6547222918146418	0.19194558999688702	0.87782340862423	0.12217659137576997	529.2419708800122	5.0	5.0	1.903683157329202	1.903683157329202	1.6547222918146418	0.19194558999688702	0.77732724999845
530.0-532.0 kDa	530.0	532.0	3	1.5	7.524382778330167	7.991726926766472	2.006619187903608	0.13610030761977573	0.8952772073921971	0.10472279260780293	530.8241867466774	7.0	7.333333333333333	3.73614380683141	3.4887633639683284	2.0784068724399885	0.1251294005868403	0.2428069999989475
532.0-534.0 kDa	532.0	534.0	7	3.5	9.585285015412456	9.579412197980018	2.259759919969117	0.10442509568922632	0.9060574948665298	0.09394250513347024	532.9834293514399	10.0	9.714285714285714	5.8786053874718265	5.640374246970744	2.259616232895748	0.10439053872333284	0.22536409999895568
534.0-536.0 kDa	534.0	536.0	2	1.0	8.146520876870902	8.146520876870902	2.0973420547265706	0.12281290740692506	0.898870636550308	0.10112936344969203	534.6004074800112	8.0	8.0	3.679401312695386	3.679401312695386	2.0973420547265706	0.12281290740692506	0.28979200000242145
536.0-538.0 kDa	536.0	538.0	2	1.0	3.407765134271183	3.407765134271183	1.2149045459300487	0.30006612820451695	0.8680698151950719	0.13193018480492813	536.5099249800098	3.0	3.0	1.2947819552357926	1.2947819552357926	1.2149045459300487	0.30006612820451695	0.5035737999997991
538.0-540.0 kDa	538.0	540.0	0	0.0					0.4173511293634497	0.5826488706365502								
540.0-542.0 kDa	540.0	542.0	2	1.0	2.5410673311572323	2.5410673311572323	0.9247779896284731	0.39972767454415814	0.8603696098562629	0.13963039014373713	540.9888888300097	2.5	2.5	0.8011806832801641	0.8011806832801641	0.9247779896284731	0.39972767454415814	1.1307951999997954
542.0-544.0 kDa	542.0	544.0	1	0.5	2.449433023134988	2.449433023134988	0.8958565786465209	0.4082577439574636	0.8572895277207392	0.1427104722792608	542.6318398800083	2.0	2.0	0.7017014378838411	0.7017014378838411	0.8958565786465209	0.4082577439574636	1.024311699997611
544.0-546.0 kDa	544.0	546.0	1	0.5	1.8019975241743793	1.8019975241743793	0.5888957852531154	0.5549397191642479	0.8470225872689938	0.15297741273100618	545.2507595800083	2.0	2.0	0.25535364313262576	0.25535364313262576	0.5888957852531154	0.5549397191642479	1.7359288000001243
546.0-548.0 kDa	546.0	548.0	1	0.5	1.9114722526656023	1.9114722526656023	0.6478737580487641	0.5231569532884779	0.8501026694045175	0.1498973305954825	546.9866883800084	2.0	2.0	0.2830807424829225	0.2830807424829225	0.6478737580487641	0.5231569532884779	1.7359288000001243
548.0-550.0 kDa	548.0	550.0	1	0.5	2.237011631710748	2.237011631710748	0.8051408821863598	0.4470249442714131	0.8552361396303901	0.14476386036960986	549.3573883800095	2.0	2.0	0.5102919162151132	0.5102919162151132	0.8051408821863598	0.4470249442714131	1.2862314999958926
550.0-552.0 kDa	550.0	552.0	1	0.5	3.2738819408262394	3.2738819408262394	1.1859764186855357	0.3054477889167949	0.8670431211498973	0.13295687885010266	550.6436198800054	3.0	3.0	0.7897845637932619	0.7897845637932619	1.1859764186855357	0.3054477889167949	1.2862314999958926
552.0-554.0 kDa	552.0	554.0	4	2.0	6.554419980790939	6.612800372100068	1.8780054772071824	0.15322518519635217	0.8891170431211499	0.11088295687885008	553.06739288001	6.5	6.5	3.7130107603857234	3.5463766330444897	1.8881316594775042	0.15148690431861844	0.30140269999805014
554.0-556.0 kDa	554.0	556.0	3	1.5	7.287385798727755	7.2800902641021	1.9860403490621144	0.13725209825175583	0.8947638603696099	0.10523613963039014	554.5509114800075	7.0	7.333333333333333	3.8567031058756696	3.6805834278872887	1.9851432610468522	0.13736093423607248	0.329420099999993
556.0-558.0 kDa	556.0	558.0	3	1.5	6.176098723668144	5.9798829831363545	1.8195089971122045	0.16229211613713437	0.8850102669404517	0.1149897330595483	556.738604613341	5.0	5.666666666666667	2.4383482200094138	2.5020270810389618	1.788400999733685	0.1672273525786479	0.19478820000131236
558.0-560.0 kDa	558.0	560.0	4	2.0	6.968510426735725	6.95913021361417	1.9400420484018972	0.14389325934921238	0.8921971252566735	0.1078028747433265	558.9572613300078	7.0	6.75	3.6474476040515587	3.592060030862335	1.939323483141766	0.14390635994983209	0.2882948000043939
560.0-562.0 kDa	560.0	562.0	3	1.5	6.202615206479602	6.30002386207084	1.82275756122628	0.16194373725420974	0.8860369609856262	0.11396303901437377	560.8350578466733	6.0	6.333333333333333	3.2553744581669326	3.1688518496226465	1.840553421020606	0.15872955752127843	0.208093099993107
562.0-564.0 kDa	562.0	564.0	1	0.5	5.005208251121238	5.005208251121238	1.6104790205172015	0.19979188673637818	0.8757700205338809	0.12422997946611913	562.1418104800043	4.0	4.0	1.561930683881024	1.561930683881024	1.6104790205172015	0.19979188673637818	0.9571126000000731
564.0-566.0 kDa	564.0	566.0	3	1.5	3.738206975086376	3.7299786699693174	1.3184835541042124	0.26757342030878467	0.8701232032854209	0.12987679671457908	564.56911118001	3.0	3.3333333333333335	1.843246158463117	1.8752652225802533	1.316402515132488	0.268098047865841	0.24548539999989316
566.0-568.0 kDa	566.0	568.0	1	0.5	2.9045374947586597	2.9045374947586597	1.0662741675627407	0.34428889343123825	0.8639630390143738	0.13603696098562623	566.6265894800108	2.0	2.0	0.548299458788986	0.548299458788986	1.0662741675627407	0.34428889343123825	1.5592961000008927
568.0-570.0 kDa	568.0	570.0	1	0.5	1.6617193149258602	1.6617193149258602	0.5078527982513031	0.60178634924552	0.8465092402464066	0.1534907597535934	568.7391663800041	1.0	1.0	0.16324411206774725	0.16324411206774725	0.5078527982513031	0.60178634924552	2.1125768999933143
570.0-572.0 kDa	570.0	572.0	1	0.5	3.513251048736383	3.513251048736383	1.25654183350757	0.2846366474037407	0.8690965092402464	0.1309034907597536	571.1623117800112	3.0	3.0	0.9375616469805705	0.9375616469805705	1.25654183350757	0.2846366474037407	1.335088499999756
572.0-574.0 kDa	572.0	574.0	4	2.0	4.348986153261118	4.3535012669137565	1.467424092058156	0.23109990593277857	0.8742299794661191	0.12577002053388087	573.0995969550092	4.5	4.5	2.2357406678087983	2.233416495501505	1.4685774560748412	0.2308067492666197	0.03003814999658516
574.0-576.0 kDa	574.0	576.0	0	0.0					0.4173511293634497	0.5826488706365502								
576.0-578.0 kDa	576.0	578.0	2	1.0	2.036862762455808	2.036862762455808	0.711378845496811	0.49098243370218025	0.8531827515400411	0.14681724845995892	577.1627555800093	2.0	2.0	0.9583489846635259	0.9583489846635259	0.711378845496811	0.49098243370218025	0.31032419999951344
578.0-580.0 kDa	578.0	580.0	0	0.0					0.4173511293634497	0.5826488706365502								
580.0-582.0 kDa	580.0	582.0	0	0.0					0.4173511293634497	0.5826488706365502								
582.0-584.0 kDa	582.0	584.0	2	1.0	2.2489888772658353	2.2489888772658353	0.7970009121993324	0.4567947575973852	0.8557494866529775	0.14425051334702255	582.8121700800094	2.0	2.0	0.5198083793821079	0.5198083793821079	0.7970009121993324	0.4567947575973852	1.2969049999996969
584.0-586.0 kDa	584.0	586.0	1	0.5	3.4652696003608683	3.4652696003608683	1.2427904363570323	0.288577835299124	0.8685831622176592	0.1314168377823408	585.4735087800094	3.0	3.0	1.5754312443811713	1.5754312443811713	1.2427904363570323	0.288577835299124	0.6533301999993455
586.0-588.0 kDa	586.0	588.0	2	1.0	3.1973548132112812	3.1973548132112812	1.1623106949396964	0.31276675973654167	0.8660164271047228	0.13398357289527718	586.2809162800088	3.0	3.0	1.7163638946081623	1.7163638946081623	1.1623106949396964	0.31276675973654167	0.3081546000000799
588.0-590.0 kDa	588.0	590.0	1	0.5	1.866830699684643	1.866830699684643	0.6242421800432859	0.5356672140483475	0.8485626283367557	0.15143737166324434	589.0491955800076	1.0	1.0	0.19678475034366905	0.19678475034366905	0.6242421800432859	0.5356672140483475	2.04412620000096
590.0-592.0 kDa	590.0	592.0	2	1.0	2.26449483087289	2.26449483087289	0.815150804185796	0.44354770994672676	0.8562628336755647	0.14373716632443534	591.4327913800089	2.0	2.0	0.8683132685100381	0.8683132685100381	0.815150804185796	0.44354770994672676	0.678939200000741
592.0-594.0 kDa	592.0	594.0	0	0.0					0.4173511293634497	0.5826488706365502								
594.0-596.0 kDa	594.0	596.0	0	0.0					0.4173511293634497	0.5826488706365502								
596.0-598.0 kDa	596.0	598.0	0	0.0					0.4173511293634497	0.5826488706365502								
598.0-600.0 kDa	598.0	600.0	0	0.0					0.4173511293634497	0.5826488706365502								
600.0-602.0 kDa	600.0	602.0	0	0.0					0.4173511293634497	0.5826488706365502								
602.0-604.0 kDa	602.0	604.0	0	0.0					0.4173511293634497	0.5826488706365502								
604.0-606.0 kDa	604.0	606.0	1	0.5	1.0	1.0	0.0	1.0	0.8395790554414785	0.16042094455852152	604.4842374800078	1.0	1.0	0.0	0.0	-0.0	1.0	9.457850699999085
606.0-608.0 kDa	606.0	608.0	0	0.0					0.4173511293634497	0.5826488706365502								
608.0-610.0 kDa	608.0	610.0	0	0.0					0.4173511293634497	0.5826488706365502								
610.0-612.0 kDa	610.0	612.0	0	0.0					0.4173511293634497	0.5826488706365502								
612.0-614.0 kDa	612.0	614.0	1	0.5	2.4807631601864877	2.4807631601864877	0.9085662387206411	0.40310176160662853	0.858829568788501	0.14117043121149897	613.9420881800069	3.0	3.0	0.8347818311249695	0.8347818311249695	0.9085662387206411	0.40310176160662853	0.8809906999999839
614.0-616.0 kDa	614.0	616.0	2	1.0	2.6899139380457564	2.6899139380457564	0.985892611229415	0.3744578536612368	0.8613963039014374	0.1386036960985626	615.3457086300066	3.0	3.0	0.996488827088902	0.996488827088902	0.985892611229415	0.3744578536612368	0.9631250999997292
616.0-618.0 kDa	616.0	618.0	0	0.0					0.4173511293634497	0.5826488706365502								
618.0-620.0 kDa	618.0	620.0	0	0.0					0.4173511293634497	0.5826488706365502								
620.0-622.0 kDa	620.0	622.0	0	0.0					0.4173511293634497	0.5826488706365502								
622.0-624.0 kDa	622.0	624.0	0	0.0					0.4173511293634497	0.5826488706365502								
624.0-626.0 kDa	624.0	626.0	0	0.0					0.4173511293634497	0.5826488706365502								
626.0-628.0 kDa	626.0	628.0	0	0.0					0.4173511293634497	0.5826488706365502								
628.0-630.0 kDa	628.0	630.0	0	0.0					0.4173511293634497	0.5826488706365502								
630.0-632.0 kDa	630.0	632.0	0	0.0					0.4173511293634497	0.5826488706365502								
632.0-634.0 kDa	632.0	634.0	1	0.5	1.0	1.0	0.0	1.0	0.8395790554414785	0.16042094455852152	632.74284318	1.0	1.0	0.0	0.0	-0.0	1.0	14.614770600004363
634.0-636.0 kDa	634.0	636.0	0	0.0					0.4173511293634497	0.5826488706365502								
636.0-638.0 kDa	636.0	638.0	0	0.0					0.4173511293634497	0.5826488706365502								
638.0-640.0 kDa	638.0	640.0	0	0.0					0.4173511293634497	0.5826488706365502								
640.0-642.0 kDa	640.0	642.0	0	0.0					0.4173511293634497	0.5826488706365502								
642.0-644.0 kDa	642.0	644.0	0	0.0					0.4173511293634497	0.5826488706365502								
644.0-646.0 kDa	644.0	646.0	0	0.0					0.4173511293634497	0.5826488706365502								
646.0-648.0 kDa	646.0	648.0	1	0.5	1.0	1.0	0.0	1.0	0.8395790554414785	0.16042094455852152	647.3576137800044	1.0	1.0	0.0	0.0	-0.0	1.0	8.134780300003172
648.0-650.0 kDa	648.0	650.0	0	0.0					0.4173511293634497	0.5826488706365502								
650.0-652.0 kDa	650.0	652.0	0	0.0					0.4173511293634497	0.5826488706365502								
652.0-654.0 kDa	652.0	654.0	0	0.0					0.4173511293634497	0.5826488706365502								
654.0-656.0 kDa	654.0	656.0	1	0.5	1.0	1.0	0.0	1.0	0.8395790554414785	0.16042094455852152	655.4923940800076	1.0	1.0	0.0	0.0	-0.0	1.0	8.134780300003172
656.0-658.0 kDa	656.0	658.0	0	0.0					0.4173511293634497	0.5826488706365502								
658.0-660.0 kDa	658.0	660.0	0	0.0					0.4173511293634497	0.5826488706365502								
660.0-662.0 kDa	660.0	662.0	0	0.0					0.4173511293634497	0.5826488706365502								
662.0-664.0 kDa	662.0	664.0	0	0.0					0.4173511293634497	0.5826488706365502								
664.0-666.0 kDa	664.0	666.0	0	0.0					0.4173511293634497	0.5826488706365502								
666.0-668.0 kDa	666.0	668.0	1	0.5	1.0	1.0	0.0	1.0	0.8395790554414785	0.16042094455852152	667.2076089800033	1.0	1.0	0.0	0.0	-0.0	1.0	11.715214899995772
668.0-670.0 kDa	668.0	670.0	0	0.0					0.4173511293634497	0.5826488706365502								
670.0-672.0 kDa	670.0	672.0	0	0.0					0.4173511293634497	0.5826488706365502								
672.0-674.0 kDa	672.0	674.0	0	0.0					0.4173511293634497	0.5826488706365502								
674.0-676.0 kDa	674.0	676.0	0	0.0					0.4173511293634497	0.5826488706365502								
676.0-678.0 kDa	676.0	678.0	0	0.0					0.4173511293634497	0.5826488706365502								
678.0-680.0 kDa	678.0	680.0	1	0.5	1.0	1.0	0.0	1.0	0.8395790554414785	0.16042094455852152	679.5000515800026	1.0	1.0	0.0	0.0	-0.0	1.0	5.294613900004492
680.0-682.0 kDa	680.0	682.0	0	0.0					0.4173511293634497	0.5826488706365502								
682.0-684.0 kDa	682.0	684.0	0	0.0					0.4173511293634497	0.5826488706365502								
684.0-686.0 kDa	684.0	686.0	2	1.0	1.9953149812128606	1.9953149812128606	0.6908019231989809	0.5011740048140899	0.8516427104722792	0.14835728952772076	685.0565200300048	2.0	2.0	0.8718519856490585	0.8718519856490585	0.6908019231989809	0.5011740048140899	0.523709099995358
686.0-688.0 kDa	686.0	688.0	0	0.0					0.4173511293634497	0.5826488706365502								
688.0-690.0 kDa	688.0	690.0	0	0.0					0.4173511293634497	0.5826488706365502								
690.0-692.0 kDa	690.0	692.0	0	0.0					0.4173511293634497	0.5826488706365502								
692.0-694.0 kDa	692.0	694.0	0	0.0					0.4173511293634497	0.5826488706365502								
694.0-696.0 kDa	694.0	696.0	0	0.0					0.4173511293634497	0.5826488706365502								
696.0-698.0 kDa	696.0	698.0	0	0.0					0.4173511293634497	0.5826488706365502								
698.0-700.0 kDa	698.0	700.0	0	0.0					0.4173511293634497	0.5826488706365502								
700.0-702.0 kDa	700.0	702.0	1	0.5	1.0	1.0	0.0	1.0	0.8395790554414785	0.16042094455852152	701.2781784800078	1.0	1.0	0.0	0.0	-0.0	1.0	6.53378849999126
702.0-704.0 kDa	702.0	704.0	0	0.0					0.4173511293634497	0.5826488706365502								
704.0-706.0 kDa	704.0	706.0	0	0.0					0.4173511293634497	0.5826488706365502								
706.0-708.0 kDa	706.0	708.0	1	0.5	1.0	1.0	0.0	1.0	0.8395790554414785	0.16042094455852152	707.811966979999	1.0	1.0	0.0	0.0	-0.0	1.0	6.53378849999126
708.0-710.0 kDa	708.0	710.0	0	0.0					0.4173511293634497	0.5826488706365502								
710.0-712.0 kDa	710.0	712.0	0	0.0					0.4173511293634497	0.5826488706365502								
712.0-714.0 kDa	712.0	714.0	0	0.0					0.4173511293634497	0.5826488706365502								
714.0-716.0 kDa	714.0	716.0	0	0.0					0.4173511293634497	0.5826488706365502								
716.0-718.0 kDa	716.0	718.0	0	0.0					0.4173511293634497	0.5826488706365502								
718.0-720.0 kDa	718.0	720.0	0	0.0					0.4173511293634497	0.5826488706365502								
720.0-722.0 kDa	720.0	722.0	0	0.0					0.4173511293634497	0.5826488706365502								
722.0-724.0 kDa	722.0	724.0	0	0.0					0.4173511293634497	0.5826488706365502								
724.0-726.0 kDa	724.0	726.0	0	0.0					0.4173511293634497	0.5826488706365502								
726.0-728.0 kDa	726.0	728.0	0	0.0					0.4173511293634497	0.5826488706365502								
728.0-730.0 kDa	728.0	730.0	0	0.0					0.4173511293634497	0.5826488706365502								
730.0-732.0 kDa	730.0	732.0	0	0.0					0.4173511293634497	0.5826488706365502								
732.0-734.0 kDa	732.0	734.0	0	0.0					0.4173511293634497	0.5826488706365502								
734.0-736.0 kDa	734.0	736.0	1	0.5	1.8606477630997884	1.8606477630997884	0.6209246868278346	0.5374472373717997	0.8477926078028748	0.1522073921971252	735.9701328799979	2.0	2.0	0.4541119822694797	0.4541119822694797	0.6209246868278346	0.5374472373717997	1.2565121999999747
736.0-738.0 kDa	736.0	738.0	1	0.5	1.8606477630997884	1.8606477630997884	0.6209246868278346	0.5374472373717997	0.8477926078028748	0.1522073921971252	737.2266450799979	2.0	2.0	0.4541119822694797	0.4541119822694797	0.6209246868278346	0.5374472373717997	1.2565121999999747
738.0-740.0 kDa	738.0	740.0	0	0.0					0.4173511293634497	0.5826488706365502								
740.0-742.0 kDa	740.0	742.0	0	0.0					0.4173511293634497	0.5826488706365502								
742.0-744.0 kDa	742.0	744.0	0	0.0					0.4173511293634497	0.5826488706365502								
744.0-746.0 kDa	744.0	746.0	0	0.0					0.4173511293634497	0.5826488706365502								
746.0-748.0 kDa	746.0	748.0	0	0.0					0.4173511293634497	0.5826488706365502								
748.0-750.0 kDa	748.0	750.0	0	0.0					0.4173511293634497	0.5826488706365502								
750.0-752.0 kDa	750.0	752.0	0	0.0					0.4173511293634497	0.5826488706365502								
752.0-754.0 kDa	752.0	754.0	0	0.0					0.4173511293634497	0.5826488706365502								
754.0-756.0 kDa	754.0	756.0	0	0.0					0.4173511293634497	0.5826488706365502								
756.0-758.0 kDa	756.0	758.0	0	0.0					0.4173511293634497	0.5826488706365502								
758.0-760.0 kDa	758.0	760.0	0	0.0					0.4173511293634497	0.5826488706365502								
760.0-762.0 kDa	760.0	762.0	0	0.0					0.4173511293634497	0.5826488706365502								
762.0-764.0 kDa	762.0	764.0	0	0.0					0.4173511293634497	0.5826488706365502								
764.0-766.0 kDa	764.0	766.0	0	0.0					0.4173511293634497	0.5826488706365502								
766.0-768.0 kDa	766.0	768.0	0	0.0					0.4173511293634497	0.5826488706365502								
768.0-770.0 kDa	768.0	770.0	0	0.0					0.4173511293634497	0.5826488706365502								
770.0-772.0 kDa	770.0	772.0	0	0.0					0.4173511293634497	0.5826488706365502								
772.0-774.0 kDa	772.0	774.0	0	0.0					0.4173511293634497	0.5826488706365502								
774.0-776.0 kDa	774.0	776.0	0	0.0					0.4173511293634497	0.5826488706365502								
776.0-778.0 kDa	776.0	778.0	0	0.0					0.4173511293634497	0.5826488706365502								
778.0-780.0 kDa	778.0	780.0	0	0.0					0.4173511293634497	0.5826488706365502								
780.0-782.0 kDa	780.0	782.0	0	0.0					0.4173511293634497	0.5826488706365502								
782.0-784.0 kDa	782.0	784.0	0	0.0					0.4173511293634497	0.5826488706365502								
784.0-786.0 kDa	784.0	786.0	0	0.0					0.4173511293634497	0.5826488706365502								
786.0-788.0 kDa	786.0	788.0	0	0.0					0.4173511293634497	0.5826488706365502								
788.0-790.0 kDa	788.0	790.0	0	0.0					0.4173511293634497	0.5826488706365502								
790.0-792.0 kDa	790.0	792.0	0	0.0					0.4173511293634497	0.5826488706365502								
792.0-794.0 kDa	792.0	794.0	0	0.0					0.4173511293634497	0.5826488706365502								
794.0-796.0 kDa	794.0	796.0	0	0.0					0.4173511293634497	0.5826488706365502								
796.0-798.0 kDa	796.0	798.0	1	0.5	1.0	1.0	0.0	1.0	0.8395790554414785	0.16042094455852152	796.9660279799956	1.0	1.0	0.0	0.0	-0.0	1.0	4.967722999999978
798.0-800.0 kDa	798.0	800.0	0	0.0					0.4173511293634497	0.5826488706365502								
800.0-802.0 kDa	800.0	802.0	1	0.5	2.1582432743639473	2.1582432743639473	0.7692945918835092	0.46333979671254094	0.8542094455852156	0.1457905544147844	801.9337509799956	2.0	2.0	0.6854205569781304	0.6854205569781304	0.7692945918835092	0.46333979671254094	0.9355618000032564
802.0-804.0 kDa	802.0	804.0	1	0.5	2.828952281776912	2.828952281776912	1.0399064246539877	0.353487758150478	0.8619096509240246	0.1380903490759754	802.8693127799988	3.0	3.0	0.9421235364826903	0.9421235364826903	1.0399064246539877	0.353487758150478	0.9355618000032564
804.0-806.0 kDa	804.0	806.0	2	1.0	2.4734574450519817	2.4734574450519817	0.8924554308182754	0.4150758873250803	0.8578028747433265	0.1421971252566735	805.0302469299972	2.5	2.5	0.7207757117607786	0.7207757117607786	0.8924554308182754	0.4150758873250803	1.089208500003565
806.0-808.0 kDa	806.0	808.0	0	0.0					0.4173511293634497	0.5826488706365502								
808.0-810.0 kDa	808.0	810.0	0	0.0					0.4173511293634497	0.5826488706365502								
810.0-812.0 kDa	810.0	812.0	0	0.0					0.4173511293634497	0.5826488706365502								
812.0-814.0 kDa	812.0	814.0	0	0.0					0.4173511293634497	0.5826488706365502								
814.0-816.0 kDa	814.0	816.0	0	0.0					0.4173511293634497	0.5826488706365502								
816.0-818.0 kDa	816.0	818.0	0	0.0					0.4173511293634497	0.5826488706365502								
818.0-820.0 kDa	818.0	820.0	0	0.0					0.4173511293634497	0.5826488706365502								
820.0-822.0 kDa	820.0	822.0	0	0.0					0.4173511293634497	0.5826488706365502								
822.0-824.0 kDa	822.0	824.0	2	1.0	1.9999987149258391	1.9999987149258391	0.6931465380226584	0.5000003212687466	0.8526694045174538	0.14733059548254623	823.368416929997	2.0	2.0	0.9977353448862416	0.9977353448862416	0.6931465380226584	0.5000003212687466	0.06733829999768659
824.0-826.0 kDa	824.0	826.0	0	0.0					0.4173511293634497	0.5826488706365502								
826.0-828.0 kDa	826.0	828.0	2	1.0	3.1087816948418423	3.1087816948418423	1.1338733805076664	0.3218995142889445	0.8655030800821355	0.1344969199178645	827.5237505299926	3.0	3.0	1.424429794171847	1.424429794171847	1.1338733805076664	0.3218995142889445	0.15000330000646045
828.0-830.0 kDa	828.0	830.0	2	1.0	3.6892449690758484	3.6892449690758484	1.3037302903347152	0.2719767324032619	0.8696098562628337	0.1303901437371663	829.3474219799956	3.5	3.5	1.3771894265079407	1.3771894265079407	1.3037302903347152	0.2719767324032619	0.7067990000000464
830.0-832.0 kDa	830.0	832.0	1	0.5	1.9912574264321414	1.9912574264321414	0.688766311767943	0.5021952394129983	0.851129363449692	0.14887063655030797	831.3367256799958	2.0	2.0	0.32809656863303127	0.32809656863303127	0.688766311767943	0.5021952394129983	1.635904200000141
832.0-834.0 kDa	832.0	834.0	0	0.0					0.4173511293634497	0.5826488706365502								
834.0-836.0 kDa	834.0	836.0	0	0.0					0.4173511293634497	0.5826488706365502								
836.0-838.0 kDa	836.0	838.0	0	0.0					0.4173511293634497	0.5826488706365502								
838.0-840.0 kDa	838.0	840.0	0	0.0					0.4173511293634497	0.5826488706365502								
840.0-842.0 kDa	840.0	842.0	0	0.0					0.4173511293634497	0.5826488706365502								
842.0-844.0 kDa	842.0	844.0	0	0.0					0.4173511293634497	0.5826488706365502								
844.0-846.0 kDa	844.0	846.0	0	0.0					0.4173511293634497	0.5826488706365502								
846.0-848.0 kDa	846.0	848.0	0	0.0					0.4173511293634497	0.5826488706365502								
848.0-850.0 kDa	848.0	850.0	1	0.5	1.0	1.0	0.0	1.0	0.8395790554414785	0.16042094455852152	848.1460535799978	1.0	1.0	0.0	0.0	-0.0	1.0	16.809327900002017
850.0-852.0 kDa	850.0	852.0	0	0.0					0.4173511293634497	0.5826488706365502								
852.0-854.0 kDa	852.0	854.0	0	0.0					0.4173511293634497	0.5826488706365502								
854.0-856.0 kDa	854.0	856.0	0	0.0					0.4173511293634497	0.5826488706365502								
856.0-858.0 kDa	856.0	858.0	0	0.0					0.4173511293634497	0.5826488706365502								
858.0-860.0 kDa	858.0	860.0	0	0.0					0.4173511293634497	0.5826488706365502								
860.0-862.0 kDa	860.0	862.0	0	0.0					0.4173511293634497	0.5826488706365502								
862.0-864.0 kDa	862.0	864.0	0	0.0					0.4173511293634497	0.5826488706365502								
864.0-866.0 kDa	864.0	866.0	0	0.0					0.4173511293634497	0.5826488706365502								
866.0-868.0 kDa	866.0	868.0	2	1.0	2.540291726902347	2.540291726902347	0.9322477222706047	0.39368014386238925	0.8598562628336756	0.14014373716632444	866.3588337299879	3.0	3.0	1.1936295410621476	1.1936295410621476	0.9322477222706047	0.39368014386238925	0.06032169999980397
868.0-870.0 kDa	868.0	870.0	1	0.5	2.621278557905521	2.621278557905521	0.9636621979406998	0.38149322092613824	0.8608829568788501	0.13911704312114992	868.1667998799962	3.0	3.0	0.47610210310772993	0.47610210310772993	0.9636621979406998	0.38149322092613824	1.777805300008481
870.0-872.0 kDa	870.0	872.0	1	0.5	1.3212963094201617	1.3212963094201617	0.2786133072911391	0.7568325082500537	0.8449691991786448	0.15503080082135523	870.3843033799876	1.0	1.0	0.08589124791041036	0.08589124791041036	0.2786133072911391	0.7568325082500537	2.2175034999913805
872.0-874.0 kDa	872.0	874.0	0	0.0					0.4173511293634497	0.5826488706365502								
874.0-876.0 kDa	874.0	876.0	0	0.0					0.4173511293634497	0.5826488706365502								
876.0-878.0 kDa	876.0	878.0	0	0.0					0.4173511293634497	0.5826488706365502								
878.0-880.0 kDa	878.0	880.0	1	0.5	1.4921951314264597	1.4921951314264597	0.4002482783683162	0.670153640726634	0.8459958932238193	0.1540041067761807	878.9403849799867	2.0	2.0	0.1452757829953184	0.1452757829953184	0.4002482783683162	0.670153640726634	1.983113700008289
880.0-882.0 kDa	880.0	882.0	1	0.5	2.3732281897902316	2.3732281897902316	0.8642511337197321	0.4213669820298188	0.856776180698152	0.14322381930184802	880.923498679995	3.0	3.0	0.5957967893614919	0.5957967893614919	0.8642511337197321	0.4213669820298188	1.2534984999916787
882.0-884.0 kDa	882.0	884.0	1	0.5	1.9028521996503291	1.9028521996503291	0.643353918272197	0.5255268907294857	0.8490759753593429	0.15092402464065713	882.1769971799866	2.0	2.0	0.4611445559203933	0.4611445559203933	0.643353918272197	0.5255268907294857	1.2534984999916787
884.0-886.0 kDa	884.0	886.0	0	0.0					0.4173511293634497	0.5826488706365502								
886.0-888.0 kDa	886.0	888.0	0	0.0					0.4173511293634497	0.5826488706365502								
888.0-890.0 kDa	888.0	890.0	0	0.0					0.4173511293634497	0.5826488706365502								
890.0-892.0 kDa	890.0	892.0	2	1.0	1.9980464862379177	1.9980464862379177	0.6921699463410478	0.5004888559339179	0.8521560574948666	0.14784394250513344	890.7537821299945	2.0	2.0	0.9153379109915807	0.9153379109915807	0.6921699463410478	0.5004888559339179	0.42062330000021575
892.0-894.0 kDa	892.0	894.0	0	0.0					0.4173511293634497	0.5826488706365502								
894.0-896.0 kDa	894.0	896.0	0	0.0					0.4173511293634497	0.5826488706365502								
896.0-898.0 kDa	896.0	898.0	0	0.0					0.4173511293634497	0.5826488706365502								
898.0-900.0 kDa	898.0	900.0	0	0.0					0.4173511293634497	0.5826488706365502								
900.0-902.0 kDa	900.0	902.0	1	0.5	1.0	1.0	0.0	1.0	0.8395790554414785	0.16042094455852152	900.4516286799944	1.0	1.0	0.0	0.0	-0.0	1.0	9.487534899999787
902.0-904.0 kDa	902.0	904.0	0	0.0					0.4173511293634497	0.5826488706365502								
904.0-906.0 kDa	904.0	906.0	0	0.0					0.4173511293634497	0.5826488706365502								
906.0-908.0 kDa	906.0	908.0	0	0.0					0.4173511293634497	0.5826488706365502								
908.0-910.0 kDa	908.0	910.0	0	0.0					0.4173511293634497	0.5826488706365502								
910.0-912.0 kDa	910.0	912.0	0	0.0					0.4173511293634497	0.5826488706365502								
912.0-914.0 kDa	912.0	914.0	0	0.0					0.4173511293634497	0.5826488706365502								
914.0-916.0 kDa	914.0	916.0	1	0.5	1.0	1.0	0.0	1.0	0.8395790554414785	0.16042094455852152	914.0341816799923	1.0	1.0	0.0	0.0	-0.0	1.0	13.582552999997915
916.0-918.0 kDa	916.0	918.0	0	0.0					0.4173511293634497	0.5826488706365502								
918.0-920.0 kDa	918.0	920.0	0	0.0					0.4173511293634497	0.5826488706365502								
920.0-922.0 kDa	920.0	922.0	0	0.0					0.4173511293634497	0.5826488706365502								
922.0-924.0 kDa	922.0	924.0	0	0.0					0.4173511293634497	0.5826488706365502								
924.0-926.0 kDa	924.0	926.0	0	0.0					0.4173511293634497	0.5826488706365502								
926.0-928.0 kDa	926.0	928.0	0	0.0					0.4173511293634497	0.5826488706365502								
928.0-930.0 kDa	928.0	930.0	0	0.0					0.4173511293634497	0.5826488706365502								
930.0-932.0 kDa	930.0	932.0	0	0.0					0.4173511293634497	0.5826488706365502								
932.0-934.0 kDa	932.0	934.0	0	0.0					0.4173511293634497	0.5826488706365502								
934.0-936.0 kDa	934.0	936.0	0	0.0					0.4173511293634497	0.5826488706365502								
936.0-938.0 kDa	936.0	938.0	0	0.0					0.4173511293634497	0.5826488706365502								
938.0-940.0 kDa	938.0	940.0	0	0.0					0.4173511293634497	0.5826488706365502								
940.0-942.0 kDa	940.0	942.0	0	0.0					0.4173511293634497	0.5826488706365502								
942.0-944.0 kDa	942.0	944.0	0	0.0					0.4173511293634497	0.5826488706365502								
944.0-946.0 kDa	944.0	946.0	0	0.0					0.4173511293634497	0.5826488706365502								
946.0-948.0 kDa	946.0	948.0	0	0.0					0.4173511293634497	0.5826488706365502								
948.0-950.0 kDa	948.0	950.0	0	0.0					0.4173511293634497	0.5826488706365502								
950.0-952.0 kDa	950.0	952.0	0	0.0					0.4173511293634497	0.5826488706365502								
952.0-954.0 kDa	952.0	954.0	0	0.0					0.4173511293634497	0.5826488706365502								
954.0-956.0 kDa	954.0	956.0	0	0.0					0.4173511293634497	0.5826488706365502								
956.0-958.0 kDa	956.0	958.0	0	0.0					0.4173511293634497	0.5826488706365502								
958.0-960.0 kDa	958.0	960.0	0	0.0					0.4173511293634497	0.5826488706365502								
960.0-962.0 kDa	960.0	962.0	0	0.0					0.4173511293634497	0.5826488706365502								
962.0-964.0 kDa	962.0	964.0	0	0.0					0.4173511293634497	0.5826488706365502								
964.0-966.0 kDa	964.0	966.0	0	0.0					0.4173511293634497	0.5826488706365502								
966.0-968.0 kDa	966.0	968.0	0	0.0					0.4173511293634497	0.5826488706365502								
968.0-970.0 kDa	968.0	970.0	0	0.0					0.4173511293634497	0.5826488706365502								
970.0-972.0 kDa	970.0	972.0	0	0.0					0.4173511293634497	0.5826488706365502								
972.0-974.0 kDa	972.0	974.0	0	0.0					0.4173511293634497	0.5826488706365502								
974.0-976.0 kDa	974.0	976.0	0	0.0					0.4173511293634497	0.5826488706365502								
976.0-978.0 kDa	976.0	978.0	0	0.0					0.4173511293634497	0.5826488706365502								
978.0-980.0 kDa	978.0	980.0	0	0.0					0.4173511293634497	0.5826488706365502								
980.0-982.0 kDa	980.0	982.0	0	0.0					0.4173511293634497	0.5826488706365502								
982.0-984.0 kDa	982.0	984.0	0	0.0					0.4173511293634497	0.5826488706365502								
984.0-986.0 kDa	984.0	986.0	0	0.0					0.4173511293634497	0.5826488706365502								
986.0-988.0 kDa	986.0	988.0	0	0.0					0.4173511293634497	0.5826488706365502								
988.0-990.0 kDa	988.0	990.0	0	0.0					0.4173511293634497	0.5826488706365502								
990.0-992.0 kDa	990.0	992.0	0	0.0					0.4173511293634497	0.5826488706365502								
992.0-994.0 kDa	992.0	994.0	0	0.0					0.4173511293634497	0.5826488706365502								
994.0-996.0 kDa	994.0	996.0	0	0.0					0.4173511293634497	0.5826488706365502								
996.0-998.0 kDa	996.0	998.0	0	0.0					0.4173511293634497	0.5826488706365502								
998.0-1000.0 kDa	998.0	1000.0	0	0.0					0.4173511293634497	0.5826488706365502								
1000.0-1002.0 kDa	1000.0	1002.0	0	0.0					0.4173511293634497	0.5826488706365502								
1002.0-1004.0 kDa	1002.0	1004.0	0	0.0					0.4173511293634497	0.5826488706365502								
1004.0-1006.0 kDa	1004.0	1006.0	0	0.0					0.4173511293634497	0.5826488706365502								
1006.0-1008.0 kDa	1006.0	1008.0	0	0.0					0.4173511293634497	0.5826488706365502								
1008.0-1010.0 kDa	1008.0	1010.0	0	0.0					0.4173511293634497	0.5826488706365502								
1010.0-1012.0 kDa	1010.0	1012.0	0	0.0					0.4173511293634497	0.5826488706365502								
1012.0-1014.0 kDa	1012.0	1014.0	0	0.0					0.4173511293634497	0.5826488706365502								
1014.0-1016.0 kDa	1014.0	1016.0	0	0.0					0.4173511293634497	0.5826488706365502								
1016.0-1018.0 kDa	1016.0	1018.0	0	0.0					0.4173511293634497	0.5826488706365502								
1018.0-1020.0 kDa	1018.0	1020.0	0	0.0					0.4173511293634497	0.5826488706365502								
1020.0-1022.0 kDa	1020.0	1022.0	0	0.0					0.4173511293634497	0.5826488706365502								
1022.0-1024.0 kDa	1022.0	1024.0	0	0.0					0.4173511293634497	0.5826488706365502								
1024.0-1026.0 kDa	1024.0	1026.0	0	0.0					0.4173511293634497	0.5826488706365502								
1026.0-1028.0 kDa	1026.0	1028.0	0	0.0					0.4173511293634497	0.5826488706365502								
1028.0-1030.0 kDa	1028.0	1030.0	0	0.0					0.4173511293634497	0.5826488706365502								
1030.0-1032.0 kDa	1030.0	1032.0	0	0.0					0.4173511293634497	0.5826488706365502								
1032.0-1034.0 kDa	1032.0	1034.0	0	0.0					0.4173511293634497	0.5826488706365502								
1034.0-1036.0 kDa	1034.0	1036.0	0	0.0					0.4173511293634497	0.5826488706365502								
1036.0-1038.0 kDa	1036.0	1038.0	0	0.0					0.4173511293634497	0.5826488706365502								
1038.0-1040.0 kDa	1038.0	1040.0	0	0.0					0.4173511293634497	0.5826488706365502								
1040.0-1042.0 kDa	1040.0	1042.0	0	0.0					0.4173511293634497	0.5826488706365502								
1042.0-1044.0 kDa	1042.0	1044.0	0	0.0					0.4173511293634497	0.5826488706365502								
1044.0-1046.0 kDa	1044.0	1046.0	0	0.0					0.4173511293634497	0.5826488706365502								
1046.0-1048.0 kDa	1046.0	1048.0	0	0.0					0.4173511293634497	0.5826488706365502								
1048.0-1050.0 kDa	1048.0	1050.0	0	0.0					0.4173511293634497	0.5826488706365502								
1050.0-1052.0 kDa	1050.0	1052.0	0	0.0					0.4173511293634497	0.5826488706365502								
1052.0-1054.0 kDa	1052.0	1054.0	0	0.0					0.4173511293634497	0.5826488706365502								
1054.0-1056.0 kDa	1054.0	1056.0	0	0.0					0.4173511293634497	0.5826488706365502								
1056.0-1058.0 kDa	1056.0	1058.0	0	0.0					0.4173511293634497	0.5826488706365502								
1058.0-1060.0 kDa	1058.0	1060.0	0	0.0					0.4173511293634497	0.5826488706365502								
1060.0-1062.0 kDa	1060.0	1062.0	0	0.0					0.4173511293634497	0.5826488706365502								
1062.0-1064.0 kDa	1062.0	1064.0	0	0.0					0.4173511293634497	0.5826488706365502								
1064.0-1066.0 kDa	1064.0	1066.0	0	0.0					0.4173511293634497	0.5826488706365502								
1066.0-1068.0 kDa	1066.0	1068.0	0	0.0					0.4173511293634497	0.5826488706365502								
1068.0-1070.0 kDa	1068.0	1070.0	0	0.0					0.4173511293634497	0.5826488706365502								
1070.0-1072.0 kDa	1070.0	1072.0	0	0.0					0.4173511293634497	0.5826488706365502								
1072.0-1074.0 kDa	1072.0	1074.0	0	0.0					0.4173511293634497	0.5826488706365502								
1074.0-1076.0 kDa	1074.0	1076.0	0	0.0					0.4173511293634497	0.5826488706365502								
1076.0-1078.0 kDa	1076.0	1078.0	0	0.0					0.4173511293634497	0.5826488706365502								
1078.0-1080.0 kDa	1078.0	1080.0	0	0.0					0.4173511293634497	0.5826488706365502								
1080.0-1082.0 kDa	1080.0	1082.0	0	0.0					0.4173511293634497	0.5826488706365502								
1082.0-1084.0 kDa	1082.0	1084.0	0	0.0					0.4173511293634497	0.5826488706365502								
1084.0-1086.0 kDa	1084.0	1086.0	0	0.0					0.4173511293634497	0.5826488706365502								
1086.0-1088.0 kDa	1086.0	1088.0	0	0.0					0.4173511293634497	0.5826488706365502								
1088.0-1090.0 kDa	1088.0	1090.0	0	0.0					0.4173511293634497	0.5826488706365502								
1090.0-1092.0 kDa	1090.0	1092.0	0	0.0					0.4173511293634497	0.5826488706365502								
1092.0-1094.0 kDa	1092.0	1094.0	0	0.0					0.4173511293634497	0.5826488706365502								
1094.0-1096.0 kDa	1094.0	1096.0	0	0.0					0.4173511293634497	0.5826488706365502								
1096.0-1098.0 kDa	1096.0	1098.0	0	0.0					0.4173511293634497	0.5826488706365502								
1098.0-1100.0 kDa	1098.0	1100.0	0	0.0					0.4173511293634497	0.5826488706365502								
1100.0-1102.0 kDa	1100.0	1102.0	0	0.0					0.4173511293634497	0.5826488706365502								
1102.0-1104.0 kDa	1102.0	1104.0	0	0.0					0.4173511293634497	0.5826488706365502								
1104.0-1106.0 kDa	1104.0	1106.0	0	0.0					0.4173511293634497	0.5826488706365502								
1106.0-1108.0 kDa	1106.0	1108.0	0	0.0					0.4173511293634497	0.5826488706365502								
1108.0-1110.0 kDa	1108.0	1110.0	0	0.0					0.4173511293634497	0.5826488706365502								
1110.0-1112.0 kDa	1110.0	1112.0	0	0.0					0.4173511293634497	0.5826488706365502								
1112.0-1114.0 kDa	1112.0	1114.0	0	0.0					0.4173511293634497	0.5826488706365502								
1114.0-1116.0 kDa	1114.0	1116.0	0	0.0					0.4173511293634497	0.5826488706365502								
1116.0-1118.0 kDa	1116.0	1118.0	0	0.0					0.4173511293634497	0.5826488706365502								
1118.0-1120.0 kDa	1118.0	1120.0	0	0.0					0.4173511293634497	0.5826488706365502								
1120.0-1122.0 kDa	1120.0	1122.0	0	0.0					0.4173511293634497	0.5826488706365502								
1122.0-1124.0 kDa	1122.0	1124.0	0	0.0					0.4173511293634497	0.5826488706365502								
1124.0-1126.0 kDa	1124.0	1126.0	0	0.0					0.4173511293634497	0.5826488706365502								
1126.0-1128.0 kDa	1126.0	1128.0	0	0.0					0.4173511293634497	0.5826488706365502								
1128.0-1130.0 kDa	1128.0	1130.0	0	0.0					0.4173511293634497	0.5826488706365502								
1130.0-1132.0 kDa	1130.0	1132.0	0	0.0					0.4173511293634497	0.5826488706365502								
1132.0-1134.0 kDa	1132.0	1134.0	0	0.0					0.4173511293634497	0.5826488706365502								
1134.0-1136.0 kDa	1134.0	1136.0	0	0.0					0.4173511293634497	0.5826488706365502								
1136.0-1138.0 kDa	1136.0	1138.0	0	0.0					0.4173511293634497	0.5826488706365502								
1138.0-1140.0 kDa	1138.0	1140.0	0	0.0					0.4173511293634497	0.5826488706365502								
1140.0-1142.0 kDa	1140.0	1142.0	0	0.0					0.4173511293634497	0.5826488706365502								
1142.0-1144.0 kDa	1142.0	1144.0	0	0.0					0.4173511293634497	0.5826488706365502								
1144.0-1146.0 kDa	1144.0	1146.0	0	0.0					0.4173511293634497	0.5826488706365502								
1146.0-1148.0 kDa	1146.0	1148.0	0	0.0					0.4173511293634497	0.5826488706365502								
1148.0-1150.0 kDa	1148.0	1150.0	0	0.0					0.4173511293634497	0.5826488706365502								
1150.0-1152.0 kDa	1150.0	1152.0	0	0.0					0.4173511293634497	0.5826488706365502								
1152.0-1154.0 kDa	1152.0	1154.0	0	0.0					0.4173511293634497	0.5826488706365502								
1154.0-1156.0 kDa	1154.0	1156.0	0	0.0					0.4173511293634497	0.5826488706365502								
1156.0-1158.0 kDa	1156.0	1158.0	0	0.0					0.4173511293634497	0.5826488706365502								
1158.0-1160.0 kDa	1158.0	1160.0	0	0.0					0.4173511293634497	0.5826488706365502								
1160.0-1162.0 kDa	1160.0	1162.0	0	0.0					0.4173511293634497	0.5826488706365502								
1162.0-1164.0 kDa	1162.0	1164.0	0	0.0					0.4173511293634497	0.5826488706365502								
1164.0-1166.0 kDa	1164.0	1166.0	0	0.0					0.4173511293634497	0.5826488706365502								
1166.0-1168.0 kDa	1166.0	1168.0	0	0.0					0.4173511293634497	0.5826488706365502								
1168.0-1170.0 kDa	1168.0	1170.0	0	0.0					0.4173511293634497	0.5826488706365502								
1170.0-1172.0 kDa	1170.0	1172.0	0	0.0					0.4173511293634497	0.5826488706365502								
1172.0-1174.0 kDa	1172.0	1174.0	0	0.0					0.4173511293634497	0.5826488706365502								
1174.0-1176.0 kDa	1174.0	1176.0	0	0.0					0.4173511293634497	0.5826488706365502								
1176.0-1178.0 kDa	1176.0	1178.0	0	0.0					0.4173511293634497	0.5826488706365502								
1178.0-1180.0 kDa	1178.0	1180.0	0	0.0					0.4173511293634497	0.5826488706365502								
1180.0-1182.0 kDa	1180.0	1182.0	0	0.0					0.4173511293634497	0.5826488706365502								
1182.0-1184.0 kDa	1182.0	1184.0	0	0.0					0.4173511293634497	0.5826488706365502								
1184.0-1186.0 kDa	1184.0	1186.0	0	0.0					0.4173511293634497	0.5826488706365502								
1186.0-1188.0 kDa	1186.0	1188.0	0	0.0					0.4173511293634497	0.5826488706365502								
1188.0-1190.0 kDa	1188.0	1190.0	0	0.0					0.4173511293634497	0.5826488706365502								
1190.0-1192.0 kDa	1190.0	1192.0	0	0.0					0.4173511293634497	0.5826488706365502								
1192.0-1194.0 kDa	1192.0	1194.0	0	0.0					0.4173511293634497	0.5826488706365502								
1194.0-1196.0 kDa	1194.0	1196.0	0	0.0					0.4173511293634497	0.5826488706365502								
1196.0-1198.0 kDa	1196.0	1198.0	0	0.0					0.4173511293634497	0.5826488706365502								
1198.0-1200.0 kDa	1198.0	1200.0	0	0.0					0.4173511293634497	0.5826488706365502								
1200.0-1202.0 kDa	1200.0	1202.0	0	0.0					0.4173511293634497	0.5826488706365502								
1202.0-1204.0 kDa	1202.0	1204.0	0	0.0					0.4173511293634497	0.5826488706365502								
1204.0-1206.0 kDa	1204.0	1206.0	0	0.0					0.4173511293634497	0.5826488706365502								
1206.0-1208.0 kDa	1206.0	1208.0	0	0.0					0.4173511293634497	0.5826488706365502								
1208.0-1210.0 kDa	1208.0	1210.0	0	0.0					0.4173511293634497	0.5826488706365502								
1210.0-1212.0 kDa	1210.0	1212.0	0	0.0					0.4173511293634497	0.5826488706365502								
1212.0-1214.0 kDa	1212.0	1214.0	0	0.0					0.4173511293634497	0.5826488706365502								
1214.0-1216.0 kDa	1214.0	1216.0	0	0.0					0.4173511293634497	0.5826488706365502								
1216.0-1218.0 kDa	1216.0	1218.0	0	0.0					0.4173511293634497	0.5826488706365502								
1218.0-1220.0 kDa	1218.0	1220.0	0	0.0					0.4173511293634497	0.5826488706365502								
1220.0-1222.0 kDa	1220.0	1222.0	0	0.0					0.4173511293634497	0.5826488706365502								
1222.0-1224.0 kDa	1222.0	1224.0	0	0.0					0.4173511293634497	0.5826488706365502								
1224.0-1226.0 kDa	1224.0	1226.0	0	0.0					0.4173511293634497	0.5826488706365502								
1226.0-1228.0 kDa	1226.0	1228.0	0	0.0					0.4173511293634497	0.5826488706365502								
1228.0-1230.0 kDa	1228.0	1230.0	0	0.0					0.4173511293634497	0.5826488706365502								
1230.0-1232.0 kDa	1230.0	1232.0	0	0.0					0.4173511293634497	0.5826488706365502								
1232.0-1234.0 kDa	1232.0	1234.0	0	0.0					0.4173511293634497	0.5826488706365502								
1234.0-1236.0 kDa	1234.0	1236.0	0	0.0					0.4173511293634497	0.5826488706365502								
1236.0-1238.0 kDa	1236.0	1238.0	0	0.0					0.4173511293634497	0.5826488706365502								
1238.0-1240.0 kDa	1238.0	1240.0	0	0.0					0.4173511293634497	0.5826488706365502								
1240.0-1242.0 kDa	1240.0	1242.0	0	0.0					0.4173511293634497	0.5826488706365502								
1242.0-1244.0 kDa	1242.0	1244.0	0	0.0					0.4173511293634497	0.5826488706365502								
1244.0-1246.0 kDa	1244.0	1246.0	0	0.0					0.4173511293634497	0.5826488706365502								
1246.0-1248.0 kDa	1246.0	1248.0	0	0.0					0.4173511293634497	0.5826488706365502								
1248.0-1250.0 kDa	1248.0	1250.0	0	0.0					0.4173511293634497	0.5826488706365502								
1250.0-1252.0 kDa	1250.0	1252.0	0	0.0					0.4173511293634497	0.5826488706365502								
1252.0-1254.0 kDa	1252.0	1254.0	0	0.0					0.4173511293634497	0.5826488706365502								
1254.0-1256.0 kDa	1254.0	1256.0	0	0.0					0.4173511293634497	0.5826488706365502								
1256.0-1258.0 kDa	1256.0	1258.0	0	0.0					0.4173511293634497	0.5826488706365502								
1258.0-1260.0 kDa	1258.0	1260.0	0	0.0					0.4173511293634497	0.5826488706365502								
1260.0-1262.0 kDa	1260.0	1262.0	0	0.0					0.4173511293634497	0.5826488706365502								
1262.0-1264.0 kDa	1262.0	1264.0	0	0.0					0.4173511293634497	0.5826488706365502								
1264.0-1266.0 kDa	1264.0	1266.0	0	0.0					0.4173511293634497	0.5826488706365502								
1266.0-1268.0 kDa	1266.0	1268.0	0	0.0					0.4173511293634497	0.5826488706365502								
1268.0-1270.0 kDa	1268.0	1270.0	0	0.0					0.4173511293634497	0.5826488706365502								
1270.0-1272.0 kDa	1270.0	1272.0	0	0.0					0.4173511293634497	0.5826488706365502								
1272.0-1274.0 kDa	1272.0	1274.0	0	0.0					0.4173511293634497	0.5826488706365502								
1274.0-1276.0 kDa	1274.0	1276.0	0	0.0					0.4173511293634497	0.5826488706365502								
1276.0-1278.0 kDa	1276.0	1278.0	0	0.0					0.4173511293634497	0.5826488706365502								
1278.0-1280.0 kDa	1278.0	1280.0	0	0.0					0.4173511293634497	0.5826488706365502								
1280.0-1282.0 kDa	1280.0	1282.0	0	0.0					0.4173511293634497	0.5826488706365502								
1282.0-1284.0 kDa	1282.0	1284.0	0	0.0					0.4173511293634497	0.5826488706365502								
1284.0-1286.0 kDa	1284.0	1286.0	0	0.0					0.4173511293634497	0.5826488706365502								
1286.0-1288.0 kDa	1286.0	1288.0	0	0.0					0.4173511293634497	0.5826488706365502								
1288.0-1290.0 kDa	1288.0	1290.0	0	0.0					0.4173511293634497	0.5826488706365502								
1290.0-1292.0 kDa	1290.0	1292.0	0	0.0					0.4173511293634497	0.5826488706365502								
1292.0-1294.0 kDa	1292.0	1294.0	0	0.0					0.4173511293634497	0.5826488706365502								
1294.0-1296.0 kDa	1294.0	1296.0	0	0.0					0.4173511293634497	0.5826488706365502								
1296.0-1298.0 kDa	1296.0	1298.0	0	0.0					0.4173511293634497	0.5826488706365502								
1298.0-1300.0 kDa	1298.0	1300.0	0	0.0					0.4173511293634497	0.5826488706365502								
1300.0-1302.0 kDa	1300.0	1302.0	0	0.0					0.4173511293634497	0.5826488706365502								
1302.0-1304.0 kDa	1302.0	1304.0	0	0.0					0.4173511293634497	0.5826488706365502								
1304.0-1306.0 kDa	1304.0	1306.0	0	0.0					0.4173511293634497	0.5826488706365502								
1306.0-1308.0 kDa	1306.0	1308.0	0	0.0					0.4173511293634497	0.5826488706365502								
1308.0-1310.0 kDa	1308.0	1310.0	0	0.0					0.4173511293634497	0.5826488706365502								
1310.0-1312.0 kDa	1310.0	1312.0	0	0.0					0.4173511293634497	0.5826488706365502								
1312.0-1314.0 kDa	1312.0	1314.0	0	0.0					0.4173511293634497	0.5826488706365502								
1314.0-1316.0 kDa	1314.0	1316.0	0	0.0					0.4173511293634497	0.5826488706365502								
1316.0-1318.0 kDa	1316.0	1318.0	0	0.0					0.4173511293634497	0.5826488706365502								
1318.0-1320.0 kDa	1318.0	1320.0	0	0.0					0.4173511293634497	0.5826488706365502								
1320.0-1322.0 kDa	1320.0	1322.0	0	0.0					0.4173511293634497	0.5826488706365502								
1322.0-1324.0 kDa	1322.0	1324.0	0	0.0					0.4173511293634497	0.5826488706365502								
1324.0-1326.0 kDa	1324.0	1326.0	0	0.0					0.4173511293634497	0.5826488706365502								
1326.0-1328.0 kDa	1326.0	1328.0	0	0.0					0.4173511293634497	0.5826488706365502								
1328.0-1330.0 kDa	1328.0	1330.0	0	0.0					0.4173511293634497	0.5826488706365502								
1330.0-1332.0 kDa	1330.0	1332.0	0	0.0					0.4173511293634497	0.5826488706365502								
1332.0-1334.0 kDa	1332.0	1334.0	0	0.0					0.4173511293634497	0.5826488706365502								
1334.0-1336.0 kDa	1334.0	1336.0	0	0.0					0.4173511293634497	0.5826488706365502								
1336.0-1338.0 kDa	1336.0	1338.0	0	0.0					0.4173511293634497	0.5826488706365502								
1338.0-1340.0 kDa	1338.0	1340.0	0	0.0					0.4173511293634497	0.5826488706365502								
1340.0-1342.0 kDa	1340.0	1342.0	0	0.0					0.4173511293634497	0.5826488706365502								
1342.0-1344.0 kDa	1342.0	1344.0	0	0.0					0.4173511293634497	0.5826488706365502								
1344.0-1346.0 kDa	1344.0	1346.0	0	0.0					0.4173511293634497	0.5826488706365502								
1346.0-1348.0 kDa	1346.0	1348.0	0	0.0					0.4173511293634497	0.5826488706365502								
1348.0-1350.0 kDa	1348.0	1350.0	0	0.0					0.4173511293634497	0.5826488706365502								
1350.0-1352.0 kDa	1350.0	1352.0	0	0.0					0.4173511293634497	0.5826488706365502								
1352.0-1354.0 kDa	1352.0	1354.0	0	0.0					0.4173511293634497	0.5826488706365502								
1354.0-1356.0 kDa	1354.0	1356.0	0	0.0					0.4173511293634497	0.5826488706365502								
1356.0-1358.0 kDa	1356.0	1358.0	0	0.0					0.4173511293634497	0.5826488706365502								
1358.0-1360.0 kDa	1358.0	1360.0	0	0.0					0.4173511293634497	0.5826488706365502								
1360.0-1362.0 kDa	1360.0	1362.0	0	0.0					0.4173511293634497	0.5826488706365502								
1362.0-1364.0 kDa	1362.0	1364.0	0	0.0					0.4173511293634497	0.5826488706365502								
1364.0-1366.0 kDa	1364.0	1366.0	0	0.0					0.4173511293634497	0.5826488706365502								
1366.0-1368.0 kDa	1366.0	1368.0	0	0.0					0.4173511293634497	0.5826488706365502								
1368.0-1370.0 kDa	1368.0	1370.0	0	0.0					0.4173511293634497	0.5826488706365502								
1370.0-1372.0 kDa	1370.0	1372.0	0	0.0					0.4173511293634497	0.5826488706365502								
1372.0-1374.0 kDa	1372.0	1374.0	0	0.0					0.4173511293634497	0.5826488706365502								
1374.0-1376.0 kDa	1374.0	1376.0	0	0.0					0.4173511293634497	0.5826488706365502								
1376.0-1378.0 kDa	1376.0	1378.0	0	0.0					0.4173511293634497	0.5826488706365502								
1378.0-1380.0 kDa	1378.0	1380.0	0	0.0					0.4173511293634497	0.5826488706365502								
1380.0-1382.0 kDa	1380.0	1382.0	0	0.0					0.4173511293634497	0.5826488706365502								
1382.0-1384.0 kDa	1382.0	1384.0	0	0.0					0.4173511293634497	0.5826488706365502								
1384.0-1386.0 kDa	1384.0	1386.0	0	0.0					0.4173511293634497	0.5826488706365502								
1386.0-1388.0 kDa	1386.0	1388.0	0	0.0					0.4173511293634497	0.5826488706365502								
1388.0-1390.0 kDa	1388.0	1390.0	0	0.0					0.4173511293634497	0.5826488706365502								
1390.0-1392.0 kDa	1390.0	1392.0	0	0.0					0.4173511293634497	0.5826488706365502								
1392.0-1394.0 kDa	1392.0	1394.0	0	0.0					0.4173511293634497	0.5826488706365502								
1394.0-1396.0 kDa	1394.0	1396.0	0	0.0					0.4173511293634497	0.5826488706365502								
1396.0-1398.0 kDa	1396.0	1398.0	0	0.0					0.4173511293634497	0.5826488706365502								
1398.0-1400.0 kDa	1398.0	1400.0	0	0.0					0.4173511293634497	0.5826488706365502								
1400.0-1402.0 kDa	1400.0	1402.0	0	0.0					0.4173511293634497	0.5826488706365502								
1402.0-1404.0 kDa	1402.0	1404.0	0	0.0					0.4173511293634497	0.5826488706365502								
1404.0-1406.0 kDa	1404.0	1406.0	0	0.0					0.4173511293634497	0.5826488706365502								
1406.0-1408.0 kDa	1406.0	1408.0	0	0.0					0.4173511293634497	0.5826488706365502								
1408.0-1410.0 kDa	1408.0	1410.0	0	0.0					0.4173511293634497	0.5826488706365502								
1410.0-1412.0 kDa	1410.0	1412.0	0	0.0					0.4173511293634497	0.5826488706365502								
1412.0-1414.0 kDa	1412.0	1414.0	0	0.0					0.4173511293634497	0.5826488706365502								
1414.0-1416.0 kDa	1414.0	1416.0	0	0.0					0.4173511293634497	0.5826488706365502								
1416.0-1418.0 kDa	1416.0	1418.0	0	0.0					0.4173511293634497	0.5826488706365502								
1418.0-1420.0 kDa	1418.0	1420.0	0	0.0					0.4173511293634497	0.5826488706365502								
1420.0-1422.0 kDa	1420.0	1422.0	0	0.0					0.4173511293634497	0.5826488706365502								
1422.0-1424.0 kDa	1422.0	1424.0	0	0.0					0.4173511293634497	0.5826488706365502								
1424.0-1426.0 kDa	1424.0	1426.0	0	0.0					0.4173511293634497	0.5826488706365502								
1426.0-1428.0 kDa	1426.0	1428.0	0	0.0					0.4173511293634497	0.5826488706365502								
1428.0-1430.0 kDa	1428.0	1430.0	0	0.0					0.4173511293634497	0.5826488706365502								
1430.0-1432.0 kDa	1430.0	1432.0	0	0.0					0.4173511293634497	0.5826488706365502								
1432.0-1434.0 kDa	1432.0	1434.0	0	0.0					0.4173511293634497	0.5826488706365502								
1434.0-1436.0 kDa	1434.0	1436.0	0	0.0					0.4173511293634497	0.5826488706365502								
1436.0-1438.0 kDa	1436.0	1438.0	0	0.0					0.4173511293634497	0.5826488706365502								
1438.0-1440.0 kDa	1438.0	1440.0	0	0.0					0.4173511293634497	0.5826488706365502								
1440.0-1442.0 kDa	1440.0	1442.0	0	0.0					0.4173511293634497	0.5826488706365502								
1442.0-1444.0 kDa	1442.0	1444.0	0	0.0					0.4173511293634497	0.5826488706365502								
1444.0-1446.0 kDa	1444.0	1446.0	0	0.0					0.4173511293634497	0.5826488706365502								
1446.0-1448.0 kDa	1446.0	1448.0	0	0.0					0.4173511293634497	0.5826488706365502								
1448.0-1450.0 kDa	1448.0	1450.0	0	0.0					0.4173511293634497	0.5826488706365502								
1450.0-1452.0 kDa	1450.0	1452.0	0	0.0					0.4173511293634497	0.5826488706365502								
1452.0-1454.0 kDa	1452.0	1454.0	0	0.0					0.4173511293634497	0.5826488706365502								
1454.0-1456.0 kDa	1454.0	1456.0	0	0.0					0.4173511293634497	0.5826488706365502								
1456.0-1458.0 kDa	1456.0	1458.0	0	0.0					0.4173511293634497	0.5826488706365502								
1458.0-1460.0 kDa	1458.0	1460.0	0	0.0					0.4173511293634497	0.5826488706365502								
1460.0-1462.0 kDa	1460.0	1462.0	0	0.0					0.4173511293634497	0.5826488706365502								
1462.0-1464.0 kDa	1462.0	1464.0	0	0.0					0.4173511293634497	0.5826488706365502								
1464.0-1466.0 kDa	1464.0	1466.0	0	0.0					0.4173511293634497	0.5826488706365502								
1466.0-1468.0 kDa	1466.0	1468.0	0	0.0					0.4173511293634497	0.5826488706365502								
1468.0-1470.0 kDa	1468.0	1470.0	0	0.0					0.4173511293634497	0.5826488706365502								
1470.0-1472.0 kDa	1470.0	1472.0	0	0.0					0.4173511293634497	0.5826488706365502								
1472.0-1474.0 kDa	1472.0	1474.0	0	0.0					0.4173511293634497	0.5826488706365502								
1474.0-1476.0 kDa	1474.0	1476.0	0	0.0					0.4173511293634497	0.5826488706365502								
1476.0-1478.0 kDa	1476.0	1478.0	0	0.0					0.4173511293634497	0.5826488706365502								
1478.0-1480.0 kDa	1478.0	1480.0	0	0.0					0.4173511293634497	0.5826488706365502								
1480.0-1482.0 kDa	1480.0	1482.0	0	0.0					0.4173511293634497	0.5826488706365502								
1482.0-1484.0 kDa	1482.0	1484.0	0	0.0					0.4173511293634497	0.5826488706365502								
1484.0-1486.0 kDa	1484.0	1486.0	0	0.0					0.4173511293634497	0.5826488706365502								
1486.0-1488.0 kDa	1486.0	1488.0	0	0.0					0.4173511293634497	0.5826488706365502								
1488.0-1490.0 kDa	1488.0	1490.0	0	0.0					0.4173511293634497	0.5826488706365502								
1490.0-1492.0 kDa	1490.0	1492.0	0	0.0					0.4173511293634497	0.5826488706365502								
1492.0-1494.0 kDa	1492.0	1494.0	0	0.0					0.4173511293634497	0.5826488706365502								
1494.0-1496.0 kDa	1494.0	1496.0	0	0.0					0.4173511293634497	0.5826488706365502								
1496.0-1498.0 kDa	1496.0	1498.0	0	0.0					0.4173511293634497	0.5826488706365502								
1498.0-1500.0 kDa	1498.0	1500.0	0	0.0					0.4173511293634497	0.5826488706365502								
1500.0-1502.0 kDa	1500.0	1502.0	0	0.0					0.4173511293634497	0.5826488706365502								
1502.0-1504.0 kDa	1502.0	1504.0	0	0.0					0.4173511293634497	0.5826488706365502								
1504.0-1506.0 kDa	1504.0	1506.0	0	0.0					0.4173511293634497	0.5826488706365502								
1506.0-1508.0 kDa	1506.0	1508.0	0	0.0					0.4173511293634497	0.5826488706365502								
1508.0-1510.0 kDa	1508.0	1510.0	0	0.0					0.4173511293634497	0.5826488706365502								
1510.0-1512.0 kDa	1510.0	1512.0	0	0.0					0.4173511293634497	0.5826488706365502								
1512.0-1514.0 kDa	1512.0	1514.0	0	0.0					0.4173511293634497	0.5826488706365502								
1514.0-1516.0 kDa	1514.0	1516.0	0	0.0					0.4173511293634497	0.5826488706365502								
1516.0-1518.0 kDa	1516.0	1518.0	0	0.0					0.4173511293634497	0.5826488706365502								
1518.0-1520.0 kDa	1518.0	1520.0	0	0.0					0.4173511293634497	0.5826488706365502								
1520.0-1522.0 kDa	1520.0	1522.0	0	0.0					0.4173511293634497	0.5826488706365502								
1522.0-1524.0 kDa	1522.0	1524.0	0	0.0					0.4173511293634497	0.5826488706365502								
1524.0-1526.0 kDa	1524.0	1526.0	0	0.0					0.4173511293634497	0.5826488706365502								
1526.0-1528.0 kDa	1526.0	1528.0	0	0.0					0.4173511293634497	0.5826488706365502								
1528.0-1530.0 kDa	1528.0	1530.0	0	0.0					0.4173511293634497	0.5826488706365502								
1530.0-1532.0 kDa	1530.0	1532.0	0	0.0					0.4173511293634497	0.5826488706365502								
1532.0-1534.0 kDa	1532.0	1534.0	0	0.0					0.4173511293634497	0.5826488706365502								
1534.0-1536.0 kDa	1534.0	1536.0	0	0.0					0.4173511293634497	0.5826488706365502								
1536.0-1538.0 kDa	1536.0	1538.0	0	0.0					0.4173511293634497	0.5826488706365502								
1538.0-1540.0 kDa	1538.0	1540.0	0	0.0					0.4173511293634497	0.5826488706365502								
1540.0-1542.0 kDa	1540.0	1542.0	0	0.0					0.4173511293634497	0.5826488706365502								
1542.0-1544.0 kDa	1542.0	1544.0	0	0.0					0.4173511293634497	0.5826488706365502								
1544.0-1546.0 kDa	1544.0	1546.0	0	0.0					0.4173511293634497	0.5826488706365502								
1546.0-1548.0 kDa	1546.0	1548.0	0	0.0					0.4173511293634497	0.5826488706365502								
1548.0-1550.0 kDa	1548.0	1550.0	0	0.0					0.4173511293634497	0.5826488706365502								
1550.0-1552.0 kDa	1550.0	1552.0	0	0.0					0.4173511293634497	0.5826488706365502								
1552.0-1554.0 kDa	1552.0	1554.0	0	0.0					0.4173511293634497	0.5826488706365502								
1554.0-1556.0 kDa	1554.0	1556.0	0	0.0					0.4173511293634497	0.5826488706365502								
1556.0-1558.0 kDa	1556.0	1558.0	0	0.0					0.4173511293634497	0.5826488706365502								
1558.0-1560.0 kDa	1558.0	1560.0	0	0.0					0.4173511293634497	0.5826488706365502								
1560.0-1562.0 kDa	1560.0	1562.0	0	0.0					0.4173511293634497	0.5826488706365502								
1562.0-1564.0 kDa	1562.0	1564.0	0	0.0					0.4173511293634497	0.5826488706365502								
1564.0-1566.0 kDa	1564.0	1566.0	0	0.0					0.4173511293634497	0.5826488706365502								
1566.0-1568.0 kDa	1566.0	1568.0	0	0.0					0.4173511293634497	0.5826488706365502								
1568.0-1570.0 kDa	1568.0	1570.0	0	0.0					0.4173511293634497	0.5826488706365502								
1570.0-1572.0 kDa	1570.0	1572.0	0	0.0					0.4173511293634497	0.5826488706365502								
1572.0-1574.0 kDa	1572.0	1574.0	0	0.0					0.4173511293634497	0.5826488706365502								
1574.0-1576.0 kDa	1574.0	1576.0	0	0.0					0.4173511293634497	0.5826488706365502								
1576.0-1578.0 kDa	1576.0	1578.0	0	0.0					0.4173511293634497	0.5826488706365502								
1578.0-1580.0 kDa	1578.0	1580.0	0	0.0					0.4173511293634497	0.5826488706365502								
1580.0-1582.0 kDa	1580.0	1582.0	0	0.0					0.4173511293634497	0.5826488706365502								
1582.0-1584.0 kDa	1582.0	1584.0	0	0.0					0.4173511293634497	0.5826488706365502								
1584.0-1586.0 kDa	1584.0	1586.0	0	0.0					0.4173511293634497	0.5826488706365502								
1586.0-1588.0 kDa	1586.0	1588.0	0	0.0					0.4173511293634497	0.5826488706365502								
1588.0-1590.0 kDa	1588.0	1590.0	0	0.0					0.4173511293634497	0.5826488706365502								
1590.0-1592.0 kDa	1590.0	1592.0	0	0.0					0.4173511293634497	0.5826488706365502								
1592.0-1594.0 kDa	1592.0	1594.0	0	0.0					0.4173511293634497	0.5826488706365502								
1594.0-1596.0 kDa	1594.0	1596.0	0	0.0					0.4173511293634497	0.5826488706365502								
1596.0-1598.0 kDa	1596.0	1598.0	0	0.0					0.4173511293634497	0.5826488706365502								
1598.0-1600.0 kDa	1598.0	1600.0	0	0.0					0.4173511293634497	0.5826488706365502								
1600.0-1602.0 kDa	1600.0	1602.0	0	0.0					0.4173511293634497	0.5826488706365502								
1602.0-1604.0 kDa	1602.0	1604.0	0	0.0					0.4173511293634497	0.5826488706365502								
1604.0-1606.0 kDa	1604.0	1606.0	0	0.0					0.4173511293634497	0.5826488706365502								
1606.0-1608.0 kDa	1606.0	1608.0	0	0.0					0.4173511293634497	0.5826488706365502								
1608.0-1610.0 kDa	1608.0	1610.0	0	0.0					0.4173511293634497	0.5826488706365502								
1610.0-1612.0 kDa	1610.0	1612.0	0	0.0					0.4173511293634497	0.5826488706365502								
1612.0-1614.0 kDa	1612.0	1614.0	0	0.0					0.4173511293634497	0.5826488706365502								
1614.0-1616.0 kDa	1614.0	1616.0	0	0.0					0.4173511293634497	0.5826488706365502								
1616.0-1618.0 kDa	1616.0	1618.0	0	0.0					0.4173511293634497	0.5826488706365502								
1618.0-1620.0 kDa	1618.0	1620.0	0	0.0					0.4173511293634497	0.5826488706365502								
1620.0-1622.0 kDa	1620.0	1622.0	0	0.0					0.4173511293634497	0.5826488706365502								
1622.0-1624.0 kDa	1622.0	1624.0	0	0.0					0.4173511293634497	0.5826488706365502								
1624.0-1626.0 kDa	1624.0	1626.0	0	0.0					0.4173511293634497	0.5826488706365502								
1626.0-1628.0 kDa	1626.0	1628.0	0	0.0					0.4173511293634497	0.5826488706365502								
1628.0-1630.0 kDa	1628.0	1630.0	0	0.0					0.4173511293634497	0.5826488706365502								
1630.0-1632.0 kDa	1630.0	1632.0	0	0.0					0.4173511293634497	0.5826488706365502								
1632.0-1634.0 kDa	1632.0	1634.0	0	0.0					0.4173511293634497	0.5826488706365502								
1634.0-1636.0 kDa	1634.0	1636.0	0	0.0					0.4173511293634497	0.5826488706365502								
1636.0-1638.0 kDa	1636.0	1638.0	0	0.0					0.4173511293634497	0.5826488706365502								
1638.0-1640.0 kDa	1638.0	1640.0	0	0.0					0.4173511293634497	0.5826488706365502								
1640.0-1642.0 kDa	1640.0	1642.0	0	0.0					0.4173511293634497	0.5826488706365502								
1642.0-1644.0 kDa	1642.0	1644.0	0	0.0					0.4173511293634497	0.5826488706365502								
1644.0-1646.0 kDa	1644.0	1646.0	0	0.0					0.4173511293634497	0.5826488706365502								
1646.0-1648.0 kDa	1646.0	1648.0	0	0.0					0.4173511293634497	0.5826488706365502								
1648.0-1650.0 kDa	1648.0	1650.0	0	0.0					0.4173511293634497	0.5826488706365502								
1650.0-1652.0 kDa	1650.0	1652.0	0	0.0					0.4173511293634497	0.5826488706365502								
1652.0-1654.0 kDa	1652.0	1654.0	0	0.0					0.4173511293634497	0.5826488706365502								
1654.0-1656.0 kDa	1654.0	1656.0	0	0.0					0.4173511293634497	0.5826488706365502								
1656.0-1658.0 kDa	1656.0	1658.0	0	0.0					0.4173511293634497	0.5826488706365502								
1658.0-1660.0 kDa	1658.0	1660.0	0	0.0					0.4173511293634497	0.5826488706365502								
1660.0-1662.0 kDa	1660.0	1662.0	0	0.0					0.4173511293634497	0.5826488706365502								
1662.0-1664.0 kDa	1662.0	1664.0	0	0.0					0.4173511293634497	0.5826488706365502								
1664.0-1666.0 kDa	1664.0	1666.0	0	0.0					0.4173511293634497	0.5826488706365502								
1666.0-1668.0 kDa	1666.0	1668.0	0	0.0					0.4173511293634497	0.5826488706365502								
1668.0-1670.0 kDa	1668.0	1670.0	0	0.0					0.4173511293634497	0.5826488706365502								
1670.0-1672.0 kDa	1670.0	1672.0	0	0.0					0.4173511293634497	0.5826488706365502								
1672.0-1674.0 kDa	1672.0	1674.0	0	0.0					0.4173511293634497	0.5826488706365502								
1674.0-1676.0 kDa	1674.0	1676.0	0	0.0					0.4173511293634497	0.5826488706365502								
1676.0-1678.0 kDa	1676.0	1678.0	0	0.0					0.4173511293634497	0.5826488706365502								
1678.0-1680.0 kDa	1678.0	1680.0	0	0.0					0.4173511293634497	0.5826488706365502								
1680.0-1682.0 kDa	1680.0	1682.0	0	0.0					0.4173511293634497	0.5826488706365502								
1682.0-1684.0 kDa	1682.0	1684.0	0	0.0					0.4173511293634497	0.5826488706365502								
1684.0-1686.0 kDa	1684.0	1686.0	0	0.0					0.4173511293634497	0.5826488706365502								
1686.0-1688.0 kDa	1686.0	1688.0	0	0.0					0.4173511293634497	0.5826488706365502								
1688.0-1690.0 kDa	1688.0	1690.0	0	0.0					0.4173511293634497	0.5826488706365502								
1690.0-1692.0 kDa	1690.0	1692.0	0	0.0					0.4173511293634497	0.5826488706365502								
1692.0-1694.0 kDa	1692.0	1694.0	0	0.0					0.4173511293634497	0.5826488706365502								
1694.0-1696.0 kDa	1694.0	1696.0	0	0.0					0.4173511293634497	0.5826488706365502								
1696.0-1698.0 kDa	1696.0	1698.0	0	0.0					0.4173511293634497	0.5826488706365502								
1698.0-1700.0 kDa	1698.0	1700.0	0	0.0					0.4173511293634497	0.5826488706365502								
1700.0-1702.0 kDa	1700.0	1702.0	0	0.0					0.4173511293634497	0.5826488706365502								
1702.0-1704.0 kDa	1702.0	1704.0	0	0.0					0.4173511293634497	0.5826488706365502								
1704.0-1706.0 kDa	1704.0	1706.0	0	0.0					0.4173511293634497	0.5826488706365502								
1706.0-1708.0 kDa	1706.0	1708.0	0	0.0					0.4173511293634497	0.5826488706365502								
1708.0-1710.0 kDa	1708.0	1710.0	0	0.0					0.4173511293634497	0.5826488706365502								
1710.0-1712.0 kDa	1710.0	1712.0	0	0.0					0.4173511293634497	0.5826488706365502								
1712.0-1714.0 kDa	1712.0	1714.0	0	0.0					0.4173511293634497	0.5826488706365502								
1714.0-1716.0 kDa	1714.0	1716.0	0	0.0					0.4173511293634497	0.5826488706365502								
1716.0-1718.0 kDa	1716.0	1718.0	0	0.0					0.4173511293634497	0.5826488706365502								
1718.0-1720.0 kDa	1718.0	1720.0	0	0.0					0.4173511293634497	0.5826488706365502								
1720.0-1722.0 kDa	1720.0	1722.0	0	0.0					0.4173511293634497	0.5826488706365502								
1722.0-1724.0 kDa	1722.0	1724.0	0	0.0					0.4173511293634497	0.5826488706365502								
1724.0-1726.0 kDa	1724.0	1726.0	0	0.0					0.4173511293634497	0.5826488706365502								
1726.0-1728.0 kDa	1726.0	1728.0	0	0.0					0.4173511293634497	0.5826488706365502								
1728.0-1730.0 kDa	1728.0	1730.0	0	0.0					0.4173511293634497	0.5826488706365502								
1730.0-1732.0 kDa	1730.0	1732.0	0	0.0					0.4173511293634497	0.5826488706365502								
1732.0-1734.0 kDa	1732.0	1734.0	0	0.0					0.4173511293634497	0.5826488706365502								
1734.0-1736.0 kDa	1734.0	1736.0	0	0.0					0.4173511293634497	0.5826488706365502								
1736.0-1738.0 kDa	1736.0	1738.0	0	0.0					0.4173511293634497	0.5826488706365502								
1738.0-1740.0 kDa	1738.0	1740.0	0	0.0					0.4173511293634497	0.5826488706365502								
1740.0-1742.0 kDa	1740.0	1742.0	0	0.0					0.4173511293634497	0.5826488706365502								
1742.0-1744.0 kDa	1742.0	1744.0	0	0.0					0.4173511293634497	0.5826488706365502								
1744.0-1746.0 kDa	1744.0	1746.0	0	0.0					0.4173511293634497	0.5826488706365502								
1746.0-1748.0 kDa	1746.0	1748.0	0	0.0					0.4173511293634497	0.5826488706365502								
1748.0-1750.0 kDa	1748.0	1750.0	0	0.0					0.4173511293634497	0.5826488706365502								
1750.0-1752.0 kDa	1750.0	1752.0	0	0.0					0.4173511293634497	0.5826488706365502								
1752.0-1754.0 kDa	1752.0	1754.0	0	0.0					0.4173511293634497	0.5826488706365502								
1754.0-1756.0 kDa	1754.0	1756.0	0	0.0					0.4173511293634497	0.5826488706365502								
1756.0-1758.0 kDa	1756.0	1758.0	0	0.0					0.4173511293634497	0.5826488706365502								
1758.0-1760.0 kDa	1758.0	1760.0	0	0.0					0.4173511293634497	0.5826488706365502								
1760.0-1762.0 kDa	1760.0	1762.0	0	0.0					0.4173511293634497	0.5826488706365502								
1762.0-1764.0 kDa	1762.0	1764.0	0	0.0					0.4173511293634497	0.5826488706365502								
1764.0-1766.0 kDa	1764.0	1766.0	0	0.0					0.4173511293634497	0.5826488706365502								
1766.0-1768.0 kDa	1766.0	1768.0	0	0.0					0.4173511293634497	0.5826488706365502								
1768.0-1770.0 kDa	1768.0	1770.0	0	0.0					0.4173511293634497	0.5826488706365502								
1770.0-1772.0 kDa	1770.0	1772.0	0	0.0					0.4173511293634497	0.5826488706365502								
1772.0-1774.0 kDa	1772.0	1774.0	0	0.0					0.4173511293634497	0.5826488706365502								
1774.0-1776.0 kDa	1774.0	1776.0	0	0.0					0.4173511293634497	0.5826488706365502								
1776.0-1778.0 kDa	1776.0	1778.0	0	0.0					0.4173511293634497	0.5826488706365502								
1778.0-1780.0 kDa	1778.0	1780.0	0	0.0					0.4173511293634497	0.5826488706365502								
1780.0-1782.0 kDa	1780.0	1782.0	0	0.0					0.4173511293634497	0.5826488706365502								
1782.0-1784.0 kDa	1782.0	1784.0	0	0.0					0.4173511293634497	0.5826488706365502								
1784.0-1786.0 kDa	1784.0	1786.0	0	0.0					0.4173511293634497	0.5826488706365502								
1786.0-1788.0 kDa	1786.0	1788.0	0	0.0					0.4173511293634497	0.5826488706365502								
1788.0-1790.0 kDa	1788.0	1790.0	0	0.0					0.4173511293634497	0.5826488706365502								
1790.0-1792.0 kDa	1790.0	1792.0	0	0.0					0.4173511293634497	0.5826488706365502								
1792.0-1794.0 kDa	1792.0	1794.0	0	0.0					0.4173511293634497	0.5826488706365502								
1794.0-1796.0 kDa	1794.0	1796.0	0	0.0					0.4173511293634497	0.5826488706365502								
1796.0-1798.0 kDa	1796.0	1798.0	0	0.0					0.4173511293634497	0.5826488706365502								
1798.0-1800.0 kDa	1798.0	1800.0	0	0.0					0.4173511293634497	0.5826488706365502								
1800.0-1802.0 kDa	1800.0	1802.0	0	0.0					0.4173511293634497	0.5826488706365502								
1802.0-1804.0 kDa	1802.0	1804.0	0	0.0					0.4173511293634497	0.5826488706365502								
1804.0-1806.0 kDa	1804.0	1806.0	0	0.0					0.4173511293634497	0.5826488706365502								
1806.0-1808.0 kDa	1806.0	1808.0	0	0.0					0.4173511293634497	0.5826488706365502								
1808.0-1810.0 kDa	1808.0	1810.0	0	0.0					0.4173511293634497	0.5826488706365502								
1810.0-1812.0 kDa	1810.0	1812.0	0	0.0					0.4173511293634497	0.5826488706365502								
1812.0-1814.0 kDa	1812.0	1814.0	0	0.0					0.4173511293634497	0.5826488706365502								
1814.0-1816.0 kDa	1814.0	1816.0	0	0.0					0.4173511293634497	0.5826488706365502								
1816.0-1818.0 kDa	1816.0	1818.0	0	0.0					0.4173511293634497	0.5826488706365502								
1818.0-1820.0 kDa	1818.0	1820.0	0	0.0					0.4173511293634497	0.5826488706365502								
1820.0-1822.0 kDa	1820.0	1822.0	0	0.0					0.4173511293634497	0.5826488706365502								
1822.0-1824.0 kDa	1822.0	1824.0	0	0.0					0.4173511293634497	0.5826488706365502								
1824.0-1826.0 kDa	1824.0	1826.0	0	0.0					0.4173511293634497	0.5826488706365502								
1826.0-1828.0 kDa	1826.0	1828.0	0	0.0					0.4173511293634497	0.5826488706365502								
1828.0-1830.0 kDa	1828.0	1830.0	0	0.0					0.4173511293634497	0.5826488706365502								
1830.0-1832.0 kDa	1830.0	1832.0	0	0.0					0.4173511293634497	0.5826488706365502								
1832.0-1834.0 kDa	1832.0	1834.0	0	0.0					0.4173511293634497	0.5826488706365502								
1834.0-1836.0 kDa	1834.0	1836.0	0	0.0					0.4173511293634497	0.5826488706365502								
1836.0-1838.0 kDa	1836.0	1838.0	0	0.0					0.4173511293634497	0.5826488706365502								
1838.0-1840.0 kDa	1838.0	1840.0	0	0.0					0.4173511293634497	0.5826488706365502								
1840.0-1842.0 kDa	1840.0	1842.0	0	0.0					0.4173511293634497	0.5826488706365502								
1842.0-1844.0 kDa	1842.0	1844.0	0	0.0					0.4173511293634497	0.5826488706365502								
1844.0-1846.0 kDa	1844.0	1846.0	0	0.0					0.4173511293634497	0.5826488706365502								
1846.0-1848.0 kDa	1846.0	1848.0	0	0.0					0.4173511293634497	0.5826488706365502								
1848.0-1850.0 kDa	1848.0	1850.0	0	0.0					0.4173511293634497	0.5826488706365502								
1850.0-1852.0 kDa	1850.0	1852.0	0	0.0					0.4173511293634497	0.5826488706365502								
1852.0-1854.0 kDa	1852.0	1854.0	0	0.0					0.4173511293634497	0.5826488706365502								
1854.0-1856.0 kDa	1854.0	1856.0	0	0.0					0.4173511293634497	0.5826488706365502								
1856.0-1858.0 kDa	1856.0	1858.0	0	0.0					0.4173511293634497	0.5826488706365502								
1858.0-1860.0 kDa	1858.0	1860.0	0	0.0					0.4173511293634497	0.5826488706365502								
1860.0-1862.0 kDa	1860.0	1862.0	0	0.0					0.4173511293634497	0.5826488706365502								
1862.0-1864.0 kDa	1862.0	1864.0	0	0.0					0.4173511293634497	0.5826488706365502								
1864.0-1866.0 kDa	1864.0	1866.0	0	0.0					0.4173511293634497	0.5826488706365502								
1866.0-1868.0 kDa	1866.0	1868.0	0	0.0					0.4173511293634497	0.5826488706365502								
1868.0-1870.0 kDa	1868.0	1870.0	0	0.0					0.4173511293634497	0.5826488706365502								
1870.0-1872.0 kDa	1870.0	1872.0	0	0.0					0.4173511293634497	0.5826488706365502								
1872.0-1874.0 kDa	1872.0	1874.0	0	0.0					0.4173511293634497	0.5826488706365502								
1874.0-1876.0 kDa	1874.0	1876.0	0	0.0					0.4173511293634497	0.5826488706365502								
1876.0-1878.0 kDa	1876.0	1878.0	0	0.0					0.4173511293634497	0.5826488706365502								
1878.0-1880.0 kDa	1878.0	1880.0	0	0.0					0.4173511293634497	0.5826488706365502								
1880.0-1882.0 kDa	1880.0	1882.0	0	0.0					0.4173511293634497	0.5826488706365502								
1882.0-1884.0 kDa	1882.0	1884.0	0	0.0					0.4173511293634497	0.5826488706365502								
1884.0-1886.0 kDa	1884.0	1886.0	0	0.0					0.4173511293634497	0.5826488706365502								
1886.0-1888.0 kDa	1886.0	1888.0	0	0.0					0.4173511293634497	0.5826488706365502								
1888.0-1890.0 kDa	1888.0	1890.0	0	0.0					0.4173511293634497	0.5826488706365502								
1890.0-1892.0 kDa	1890.0	1892.0	0	0.0					0.4173511293634497	0.5826488706365502								
1892.0-1894.0 kDa	1892.0	1894.0	0	0.0					0.4173511293634497	0.5826488706365502								
1894.0-1896.0 kDa	1894.0	1896.0	0	0.0					0.4173511293634497	0.5826488706365502								
1896.0-1898.0 kDa	1896.0	1898.0	0	0.0					0.4173511293634497	0.5826488706365502								
1898.0-1900.0 kDa	1898.0	1900.0	0	0.0					0.4173511293634497	0.5826488706365502								
1900.0-1902.0 kDa	1900.0	1902.0	0	0.0					0.4173511293634497	0.5826488706365502								
1902.0-1904.0 kDa	1902.0	1904.0	0	0.0					0.4173511293634497	0.5826488706365502								
1904.0-1906.0 kDa	1904.0	1906.0	0	0.0					0.4173511293634497	0.5826488706365502								
1906.0-1908.0 kDa	1906.0	1908.0	0	0.0					0.4173511293634497	0.5826488706365502								
1908.0-1910.0 kDa	1908.0	1910.0	0	0.0					0.4173511293634497	0.5826488706365502								
1910.0-1912.0 kDa	1910.0	1912.0	0	0.0					0.4173511293634497	0.5826488706365502								
1912.0-1914.0 kDa	1912.0	1914.0	0	0.0					0.4173511293634497	0.5826488706365502								
1914.0-1916.0 kDa	1914.0	1916.0	0	0.0					0.4173511293634497	0.5826488706365502								
1916.0-1918.0 kDa	1916.0	1918.0	0	0.0					0.4173511293634497	0.5826488706365502								
1918.0-1920.0 kDa	1918.0	1920.0	0	0.0					0.4173511293634497	0.5826488706365502								
1920.0-1922.0 kDa	1920.0	1922.0	0	0.0					0.4173511293634497	0.5826488706365502								
1922.0-1924.0 kDa	1922.0	1924.0	0	0.0					0.4173511293634497	0.5826488706365502								
1924.0-1926.0 kDa	1924.0	1926.0	0	0.0					0.4173511293634497	0.5826488706365502								
1926.0-1928.0 kDa	1926.0	1928.0	0	0.0					0.4173511293634497	0.5826488706365502								
1928.0-1930.0 kDa	1928.0	1930.0	0	0.0					0.4173511293634497	0.5826488706365502								
1930.0-1932.0 kDa	1930.0	1932.0	0	0.0					0.4173511293634497	0.5826488706365502								
1932.0-1934.0 kDa	1932.0	1934.0	0	0.0					0.4173511293634497	0.5826488706365502								
1934.0-1936.0 kDa	1934.0	1936.0	0	0.0					0.4173511293634497	0.5826488706365502								
1936.0-1938.0 kDa	1936.0	1938.0	0	0.0					0.4173511293634497	0.5826488706365502								
1938.0-1940.0 kDa	1938.0	1940.0	0	0.0					0.4173511293634497	0.5826488706365502								
1940.0-1942.0 kDa	1940.0	1942.0	0	0.0					0.4173511293634497	0.5826488706365502								
1942.0-1944.0 kDa	1942.0	1944.0	0	0.0					0.4173511293634497	0.5826488706365502								
1944.0-1946.0 kDa	1944.0	1946.0	0	0.0					0.4173511293634497	0.5826488706365502								
1946.0-1948.0 kDa	1946.0	1948.0	0	0.0					0.4173511293634497	0.5826488706365502								
1948.0-1950.0 kDa	1948.0	1950.0	0	0.0					0.4173511293634497	0.5826488706365502								
1950.0-1952.0 kDa	1950.0	1952.0	0	0.0					0.4173511293634497	0.5826488706365502								
1952.0-1954.0 kDa	1952.0	1954.0	0	0.0					0.4173511293634497	0.5826488706365502								
1954.0-1956.0 kDa	1954.0	1956.0	0	0.0					0.4173511293634497	0.5826488706365502								
1956.0-1958.0 kDa	1956.0	1958.0	0	0.0					0.4173511293634497	0.5826488706365502								
1958.0-1960.0 kDa	1958.0	1960.0	0	0.0					0.4173511293634497	0.5826488706365502								
1960.0-1962.0 kDa	1960.0	1962.0	0	0.0					0.4173511293634497	0.5826488706365502								
1962.0-1964.0 kDa	1962.0	1964.0	0	0.0					0.4173511293634497	0.5826488706365502								
1964.0-1966.0 kDa	1964.0	1966.0	0	0.0					0.4173511293634497	0.5826488706365502								
1966.0-1968.0 kDa	1966.0	1968.0	0	0.0					0.4173511293634497	0.5826488706365502								
1968.0-1970.0 kDa	1968.0	1970.0	0	0.0					0.4173511293634497	0.5826488706365502								
1970.0-1972.0 kDa	1970.0	1972.0	0	0.0					0.4173511293634497	0.5826488706365502								
1972.0-1974.0 kDa	1972.0	1974.0	0	0.0					0.4173511293634497	0.5826488706365502								
1974.0-1976.0 kDa	1974.0	1976.0	0	0.0					0.4173511293634497	0.5826488706365502								
1976.0-1978.0 kDa	1976.0	1978.0	0	0.0					0.4173511293634497	0.5826488706365502								
1978.0-1980.0 kDa	1978.0	1980.0	0	0.0					0.4173511293634497	0.5826488706365502								
1980.0-1982.0 kDa	1980.0	1982.0	0	0.0					0.4173511293634497	0.5826488706365502								
1982.0-1984.0 kDa	1982.0	1984.0	0	0.0					0.4173511293634497	0.5826488706365502								
1984.0-1986.0 kDa	1984.0	1986.0	0	0.0					0.4173511293634497	0.5826488706365502								
1986.0-1988.0 kDa	1986.0	1988.0	0	0.0					0.4173511293634497	0.5826488706365502								
1988.0-1990.0 kDa	1988.0	1990.0	0	0.0					0.4173511293634497	0.5826488706365502								
1990.0-1992.0 kDa	1990.0	1992.0	0	0.0					0.4173511293634497	0.5826488706365502								
1992.0-1994.0 kDa	1992.0	1994.0	0	0.0					0.4173511293634497	0.5826488706365502								
1994.0-1996.0 kDa	1994.0	1996.0	0	0.0					0.4173511293634497	0.5826488706365502								
1996.0-1998.0 kDa	1996.0	1998.0	0	0.0					0.4173511293634497	0.5826488706365502								
1998.0-2000.0 kDa	1998.0	2000.0	0	0.0					0.4173511293634497	0.5826488706365502								
2000.0-2002.0 kDa	2000.0	2002.0	0	0.0					0.4173511293634497	0.5826488706365502								
2002.0-2004.0 kDa	2002.0	2004.0	0	0.0					0.4173511293634497	0.5826488706365502								
2004.0-2006.0 kDa	2004.0	2006.0	0	0.0					0.4173511293634497	0.5826488706365502								
2006.0-2008.0 kDa	2006.0	2008.0	0	0.0					0.4173511293634497	0.5826488706365502								
2008.0-2010.0 kDa	2008.0	2010.0	0	0.0					0.4173511293634497	0.5826488706365502								
2010.0-2012.0 kDa	2010.0	2012.0	0	0.0					0.4173511293634497	0.5826488706365502								
2012.0-2014.0 kDa	2012.0	2014.0	0	0.0					0.4173511293634497	0.5826488706365502								
2014.0-2016.0 kDa	2014.0	2016.0	0	0.0					0.4173511293634497	0.5826488706365502								
2016.0-2018.0 kDa	2016.0	2018.0	0	0.0					0.4173511293634497	0.5826488706365502								
2018.0-2020.0 kDa	2018.0	2020.0	0	0.0					0.4173511293634497	0.5826488706365502								
2020.0-2022.0 kDa	2020.0	2022.0	0	0.0					0.4173511293634497	0.5826488706365502								
2022.0-2024.0 kDa	2022.0	2024.0	0	0.0					0.4173511293634497	0.5826488706365502								
2024.0-2026.0 kDa	2024.0	2026.0	0	0.0					0.4173511293634497	0.5826488706365502								
2026.0-2028.0 kDa	2026.0	2028.0	0	0.0					0.4173511293634497	0.5826488706365502								
2028.0-2030.0 kDa	2028.0	2030.0	0	0.0					0.4173511293634497	0.5826488706365502								
2030.0-2032.0 kDa	2030.0	2032.0	0	0.0					0.4173511293634497	0.5826488706365502								
2032.0-2034.0 kDa	2032.0	2034.0	0	0.0					0.4173511293634497	0.5826488706365502								
2034.0-2036.0 kDa	2034.0	2036.0	0	0.0					0.4173511293634497	0.5826488706365502								
2036.0-2038.0 kDa	2036.0	2038.0	0	0.0					0.4173511293634497	0.5826488706365502								
2038.0-2040.0 kDa	2038.0	2040.0	0	0.0					0.4173511293634497	0.5826488706365502								
2040.0-2042.0 kDa	2040.0	2042.0	0	0.0					0.4173511293634497	0.5826488706365502								
2042.0-2044.0 kDa	2042.0	2044.0	0	0.0					0.4173511293634497	0.5826488706365502								
2044.0-2046.0 kDa	2044.0	2046.0	0	0.0					0.4173511293634497	0.5826488706365502								
2046.0-2048.0 kDa	2046.0	2048.0	0	0.0					0.4173511293634497	0.5826488706365502								
2048.0-2050.0 kDa	2048.0	2050.0	0	0.0					0.4173511293634497	0.5826488706365502								
2050.0-2052.0 kDa	2050.0	2052.0	0	0.0					0.4173511293634497	0.5826488706365502								
2052.0-2054.0 kDa	2052.0	2054.0	0	0.0					0.4173511293634497	0.5826488706365502								
2054.0-2056.0 kDa	2054.0	2056.0	0	0.0					0.4173511293634497	0.5826488706365502								
2056.0-2058.0 kDa	2056.0	2058.0	0	0.0					0.4173511293634497	0.5826488706365502								
2058.0-2060.0 kDa	2058.0	2060.0	0	0.0					0.4173511293634497	0.5826488706365502								
2060.0-2062.0 kDa	2060.0	2062.0	0	0.0					0.4173511293634497	0.5826488706365502								
2062.0-2064.0 kDa	2062.0	2064.0	0	0.0					0.4173511293634497	0.5826488706365502								
2064.0-2066.0 kDa	2064.0	2066.0	0	0.0					0.4173511293634497	0.5826488706365502								
2066.0-2068.0 kDa	2066.0	2068.0	0	0.0					0.4173511293634497	0.5826488706365502								
2068.0-2070.0 kDa	2068.0	2070.0	0	0.0					0.4173511293634497	0.5826488706365502								
2070.0-2072.0 kDa	2070.0	2072.0	0	0.0					0.4173511293634497	0.5826488706365502								
2072.0-2074.0 kDa	2072.0	2074.0	0	0.0					0.4173511293634497	0.5826488706365502								
2074.0-2076.0 kDa	2074.0	2076.0	0	0.0					0.4173511293634497	0.5826488706365502								
2076.0-2078.0 kDa	2076.0	2078.0	0	0.0					0.4173511293634497	0.5826488706365502								
2078.0-2080.0 kDa	2078.0	2080.0	0	0.0					0.4173511293634497	0.5826488706365502								
2080.0-2082.0 kDa	2080.0	2082.0	0	0.0					0.4173511293634497	0.5826488706365502								
2082.0-2084.0 kDa	2082.0	2084.0	0	0.0					0.4173511293634497	0.5826488706365502								
2084.0-2086.0 kDa	2084.0	2086.0	0	0.0					0.4173511293634497	0.5826488706365502								
2086.0-2088.0 kDa	2086.0	2088.0	0	0.0					0.4173511293634497	0.5826488706365502								
2088.0-2090.0 kDa	2088.0	2090.0	0	0.0					0.4173511293634497	0.5826488706365502								
2090.0-2092.0 kDa	2090.0	2092.0	0	0.0					0.4173511293634497	0.5826488706365502								
2092.0-2094.0 kDa	2092.0	2094.0	0	0.0					0.4173511293634497	0.5826488706365502								
2094.0-2096.0 kDa	2094.0	2096.0	0	0.0					0.4173511293634497	0.5826488706365502								
2096.0-2098.0 kDa	2096.0	2098.0	0	0.0					0.4173511293634497	0.5826488706365502								
2098.0-2100.0 kDa	2098.0	2100.0	0	0.0					0.4173511293634497	0.5826488706365502								
2100.0-2102.0 kDa	2100.0	2102.0	0	0.0					0.4173511293634497	0.5826488706365502								
2102.0-2104.0 kDa	2102.0	2104.0	0	0.0					0.4173511293634497	0.5826488706365502								
2104.0-2106.0 kDa	2104.0	2106.0	0	0.0					0.4173511293634497	0.5826488706365502								
2106.0-2108.0 kDa	2106.0	2108.0	0	0.0					0.4173511293634497	0.5826488706365502								
2108.0-2110.0 kDa	2108.0	2110.0	0	0.0					0.4173511293634497	0.5826488706365502								
2110.0-2112.0 kDa	2110.0	2112.0	0	0.0					0.4173511293634497	0.5826488706365502								
2112.0-2114.0 kDa	2112.0	2114.0	0	0.0					0.4173511293634497	0.5826488706365502								
2114.0-2116.0 kDa	2114.0	2116.0	0	0.0					0.4173511293634497	0.5826488706365502								
2116.0-2118.0 kDa	2116.0	2118.0	0	0.0					0.4173511293634497	0.5826488706365502								
2118.0-2120.0 kDa	2118.0	2120.0	0	0.0					0.4173511293634497	0.5826488706365502								
2120.0-2122.0 kDa	2120.0	2122.0	0	0.0					0.4173511293634497	0.5826488706365502								
2122.0-2124.0 kDa	2122.0	2124.0	0	0.0					0.4173511293634497	0.5826488706365502								
2124.0-2126.0 kDa	2124.0	2126.0	0	0.0					0.4173511293634497	0.5826488706365502								
2126.0-2128.0 kDa	2126.0	2128.0	0	0.0					0.4173511293634497	0.5826488706365502								
2128.0-2130.0 kDa	2128.0	2130.0	0	0.0					0.4173511293634497	0.5826488706365502								
2130.0-2132.0 kDa	2130.0	2132.0	0	0.0					0.4173511293634497	0.5826488706365502								
2132.0-2134.0 kDa	2132.0	2134.0	0	0.0					0.4173511293634497	0.5826488706365502								
2134.0-2136.0 kDa	2134.0	2136.0	0	0.0					0.4173511293634497	0.5826488706365502								
2136.0-2138.0 kDa	2136.0	2138.0	0	0.0					0.4173511293634497	0.5826488706365502								
2138.0-2140.0 kDa	2138.0	2140.0	0	0.0					0.4173511293634497	0.5826488706365502								
2140.0-2142.0 kDa	2140.0	2142.0	0	0.0					0.4173511293634497	0.5826488706365502								
2142.0-2144.0 kDa	2142.0	2144.0	0	0.0					0.4173511293634497	0.5826488706365502								
2144.0-2146.0 kDa	2144.0	2146.0	0	0.0					0.4173511293634497	0.5826488706365502								
2146.0-2148.0 kDa	2146.0	2148.0	0	0.0					0.4173511293634497	0.5826488706365502								
2148.0-2150.0 kDa	2148.0	2150.0	0	0.0					0.4173511293634497	0.5826488706365502								
2150.0-2152.0 kDa	2150.0	2152.0	0	0.0					0.4173511293634497	0.5826488706365502								
2152.0-2154.0 kDa	2152.0	2154.0	0	0.0					0.4173511293634497	0.5826488706365502								
2154.0-2156.0 kDa	2154.0	2156.0	0	0.0					0.4173511293634497	0.5826488706365502								
2156.0-2158.0 kDa	2156.0	2158.0	0	0.0					0.4173511293634497	0.5826488706365502								
2158.0-2160.0 kDa	2158.0	2160.0	0	0.0					0.4173511293634497	0.5826488706365502								
2160.0-2162.0 kDa	2160.0	2162.0	0	0.0					0.4173511293634497	0.5826488706365502								
2162.0-2164.0 kDa	2162.0	2164.0	0	0.0					0.4173511293634497	0.5826488706365502								
2164.0-2166.0 kDa	2164.0	2166.0	0	0.0					0.4173511293634497	0.5826488706365502								
2166.0-2168.0 kDa	2166.0	2168.0	0	0.0					0.4173511293634497	0.5826488706365502								
2168.0-2170.0 kDa	2168.0	2170.0	0	0.0					0.4173511293634497	0.5826488706365502								
2170.0-2172.0 kDa	2170.0	2172.0	0	0.0					0.4173511293634497	0.5826488706365502								
2172.0-2174.0 kDa	2172.0	2174.0	0	0.0					0.4173511293634497	0.5826488706365502								
2174.0-2176.0 kDa	2174.0	2176.0	0	0.0					0.4173511293634497	0.5826488706365502								
2176.0-2178.0 kDa	2176.0	2178.0	0	0.0					0.4173511293634497	0.5826488706365502								
2178.0-2180.0 kDa	2178.0	2180.0	0	0.0					0.4173511293634497	0.5826488706365502								
2180.0-2182.0 kDa	2180.0	2182.0	0	0.0					0.4173511293634497	0.5826488706365502								
2182.0-2184.0 kDa	2182.0	2184.0	0	0.0					0.4173511293634497	0.5826488706365502								
2184.0-2186.0 kDa	2184.0	2186.0	0	0.0					0.4173511293634497	0.5826488706365502								
2186.0-2188.0 kDa	2186.0	2188.0	0	0.0					0.4173511293634497	0.5826488706365502								
2188.0-2190.0 kDa	2188.0	2190.0	0	0.0					0.4173511293634497	0.5826488706365502								
2190.0-2192.0 kDa	2190.0	2192.0	0	0.0					0.4173511293634497	0.5826488706365502								
2192.0-2194.0 kDa	2192.0	2194.0	0	0.0					0.4173511293634497	0.5826488706365502								
2194.0-2196.0 kDa	2194.0	2196.0	0	0.0					0.4173511293634497	0.5826488706365502								
2196.0-2198.0 kDa	2196.0	2198.0	0	0.0					0.4173511293634497	0.5826488706365502								
2198.0-2200.0 kDa	2198.0	2200.0	0	0.0					0.4173511293634497	0.5826488706365502								
2200.0-2202.0 kDa	2200.0	2202.0	0	0.0					0.4173511293634497	0.5826488706365502								
2202.0-2204.0 kDa	2202.0	2204.0	0	0.0					0.4173511293634497	0.5826488706365502								
2204.0-2206.0 kDa	2204.0	2206.0	0	0.0					0.4173511293634497	0.5826488706365502								
2206.0-2208.0 kDa	2206.0	2208.0	0	0.0					0.4173511293634497	0.5826488706365502								
2208.0-2210.0 kDa	2208.0	2210.0	0	0.0					0.4173511293634497	0.5826488706365502								
2210.0-2212.0 kDa	2210.0	2212.0	0	0.0					0.4173511293634497	0.5826488706365502								
2212.0-2214.0 kDa	2212.0	2214.0	0	0.0					0.4173511293634497	0.5826488706365502								
2214.0-2216.0 kDa	2214.0	2216.0	0	0.0					0.4173511293634497	0.5826488706365502								
2216.0-2218.0 kDa	2216.0	2218.0	0	0.0					0.4173511293634497	0.5826488706365502								
2218.0-2220.0 kDa	2218.0	2220.0	0	0.0					0.4173511293634497	0.5826488706365502								
2220.0-2222.0 kDa	2220.0	2222.0	0	0.0					0.4173511293634497	0.5826488706365502								
2222.0-2224.0 kDa	2222.0	2224.0	0	0.0					0.4173511293634497	0.5826488706365502								
2224.0-2226.0 kDa	2224.0	2226.0	0	0.0					0.4173511293634497	0.5826488706365502								
2226.0-2228.0 kDa	2226.0	2228.0	0	0.0					0.4173511293634497	0.5826488706365502								
2228.0-2230.0 kDa	2228.0	2230.0	0	0.0					0.4173511293634497	0.5826488706365502								
2230.0-2232.0 kDa	2230.0	2232.0	0	0.0					0.4173511293634497	0.5826488706365502								
2232.0-2234.0 kDa	2232.0	2234.0	0	0.0					0.4173511293634497	0.5826488706365502								
2234.0-2236.0 kDa	2234.0	2236.0	0	0.0					0.4173511293634497	0.5826488706365502								
2236.0-2238.0 kDa	2236.0	2238.0	0	0.0					0.4173511293634497	0.5826488706365502								
2238.0-2240.0 kDa	2238.0	2240.0	0	0.0					0.4173511293634497	0.5826488706365502								
2240.0-2242.0 kDa	2240.0	2242.0	0	0.0					0.4173511293634497	0.5826488706365502								
2242.0-2244.0 kDa	2242.0	2244.0	0	0.0					0.4173511293634497	0.5826488706365502								
2244.0-2246.0 kDa	2244.0	2246.0	0	0.0					0.4173511293634497	0.5826488706365502								
2246.0-2248.0 kDa	2246.0	2248.0	0	0.0					0.4173511293634497	0.5826488706365502								
2248.0-2250.0 kDa	2248.0	2250.0	0	0.0					0.4173511293634497	0.5826488706365502								
2250.0-2252.0 kDa	2250.0	2252.0	0	0.0					0.4173511293634497	0.5826488706365502								
2252.0-2254.0 kDa	2252.0	2254.0	0	0.0					0.4173511293634497	0.5826488706365502								
2254.0-2256.0 kDa	2254.0	2256.0	0	0.0					0.4173511293634497	0.5826488706365502								
2256.0-2258.0 kDa	2256.0	2258.0	0	0.0					0.4173511293634497	0.5826488706365502								
2258.0-2260.0 kDa	2258.0	2260.0	0	0.0					0.4173511293634497	0.5826488706365502								
2260.0-2262.0 kDa	2260.0	2262.0	0	0.0					0.4173511293634497	0.5826488706365502								
2262.0-2264.0 kDa	2262.0	2264.0	0	0.0					0.4173511293634497	0.5826488706365502								
2264.0-2266.0 kDa	2264.0	2266.0	0	0.0					0.4173511293634497	0.5826488706365502								
2266.0-2268.0 kDa	2266.0	2268.0	0	0.0					0.4173511293634497	0.5826488706365502								
2268.0-2270.0 kDa	2268.0	2270.0	0	0.0					0.4173511293634497	0.5826488706365502								
2270.0-2272.0 kDa	2270.0	2272.0	0	0.0					0.4173511293634497	0.5826488706365502								
2272.0-2274.0 kDa	2272.0	2274.0	0	0.0					0.4173511293634497	0.5826488706365502								
2274.0-2276.0 kDa	2274.0	2276.0	0	0.0					0.4173511293634497	0.5826488706365502								
2276.0-2278.0 kDa	2276.0	2278.0	0	0.0					0.4173511293634497	0.5826488706365502								
2278.0-2280.0 kDa	2278.0	2280.0	0	0.0					0.4173511293634497	0.5826488706365502								
2280.0-2282.0 kDa	2280.0	2282.0	0	0.0					0.4173511293634497	0.5826488706365502								
2282.0-2284.0 kDa	2282.0	2284.0	0	0.0					0.4173511293634497	0.5826488706365502								
2284.0-2286.0 kDa	2284.0	2286.0	0	0.0					0.4173511293634497	0.5826488706365502								
2286.0-2288.0 kDa	2286.0	2288.0	0	0.0					0.4173511293634497	0.5826488706365502								
2288.0-2290.0 kDa	2288.0	2290.0	0	0.0					0.4173511293634497	0.5826488706365502								
2290.0-2292.0 kDa	2290.0	2292.0	0	0.0					0.4173511293634497	0.5826488706365502								
2292.0-2294.0 kDa	2292.0	2294.0	0	0.0					0.4173511293634497	0.5826488706365502								
2294.0-2296.0 kDa	2294.0	2296.0	0	0.0					0.4173511293634497	0.5826488706365502								
2296.0-2298.0 kDa	2296.0	2298.0	0	0.0					0.4173511293634497	0.5826488706365502								
2298.0-2300.0 kDa	2298.0	2300.0	0	0.0					0.4173511293634497	0.5826488706365502								
2300.0-2302.0 kDa	2300.0	2302.0	0	0.0					0.4173511293634497	0.5826488706365502								
2302.0-2304.0 kDa	2302.0	2304.0	0	0.0					0.4173511293634497	0.5826488706365502								
2304.0-2306.0 kDa	2304.0	2306.0	0	0.0					0.4173511293634497	0.5826488706365502								
2306.0-2308.0 kDa	2306.0	2308.0	0	0.0					0.4173511293634497	0.5826488706365502								
2308.0-2310.0 kDa	2308.0	2310.0	0	0.0					0.4173511293634497	0.5826488706365502								
2310.0-2312.0 kDa	2310.0	2312.0	0	0.0					0.4173511293634497	0.5826488706365502								
2312.0-2314.0 kDa	2312.0	2314.0	0	0.0					0.4173511293634497	0.5826488706365502								
2314.0-2316.0 kDa	2314.0	2316.0	0	0.0					0.4173511293634497	0.5826488706365502								
2316.0-2318.0 kDa	2316.0	2318.0	0	0.0					0.4173511293634497	0.5826488706365502								
2318.0-2320.0 kDa	2318.0	2320.0	0	0.0					0.4173511293634497	0.5826488706365502								
2320.0-2322.0 kDa	2320.0	2322.0	0	0.0					0.4173511293634497	0.5826488706365502								
2322.0-2324.0 kDa	2322.0	2324.0	0	0.0					0.4173511293634497	0.5826488706365502								
2324.0-2326.0 kDa	2324.0	2326.0	0	0.0					0.4173511293634497	0.5826488706365502								
2326.0-2328.0 kDa	2326.0	2328.0	0	0.0					0.4173511293634497	0.5826488706365502								
2328.0-2330.0 kDa	2328.0	2330.0	0	0.0					0.4173511293634497	0.5826488706365502								
2330.0-2332.0 kDa	2330.0	2332.0	0	0.0					0.4173511293634497	0.5826488706365502								
2332.0-2334.0 kDa	2332.0	2334.0	0	0.0					0.4173511293634497	0.5826488706365502								
2334.0-2336.0 kDa	2334.0	2336.0	0	0.0					0.4173511293634497	0.5826488706365502								
2336.0-2338.0 kDa	2336.0	2338.0	0	0.0					0.4173511293634497	0.5826488706365502								
2338.0-2340.0 kDa	2338.0	2340.0	0	0.0					0.4173511293634497	0.5826488706365502								
2340.0-2342.0 kDa	2340.0	2342.0	0	0.0					0.4173511293634497	0.5826488706365502								
2342.0-2344.0 kDa	2342.0	2344.0	0	0.0					0.4173511293634497	0.5826488706365502								
2344.0-2346.0 kDa	2344.0	2346.0	0	0.0					0.4173511293634497	0.5826488706365502								
2346.0-2348.0 kDa	2346.0	2348.0	0	0.0					0.4173511293634497	0.5826488706365502								
2348.0-2350.0 kDa	2348.0	2350.0	0	0.0					0.4173511293634497	0.5826488706365502								
2350.0-2352.0 kDa	2350.0	2352.0	0	0.0					0.4173511293634497	0.5826488706365502								
2352.0-2354.0 kDa	2352.0	2354.0	0	0.0					0.4173511293634497	0.5826488706365502								
2354.0-2356.0 kDa	2354.0	2356.0	0	0.0					0.4173511293634497	0.5826488706365502								
2356.0-2358.0 kDa	2356.0	2358.0	0	0.0					0.4173511293634497	0.5826488706365502								
2358.0-2360.0 kDa	2358.0	2360.0	0	0.0					0.4173511293634497	0.5826488706365502								
2360.0-2362.0 kDa	2360.0	2362.0	0	0.0					0.4173511293634497	0.5826488706365502								
2362.0-2364.0 kDa	2362.0	2364.0	0	0.0					0.4173511293634497	0.5826488706365502								
2364.0-2366.0 kDa	2364.0	2366.0	0	0.0					0.4173511293634497	0.5826488706365502								
2366.0-2368.0 kDa	2366.0	2368.0	0	0.0					0.4173511293634497	0.5826488706365502								
2368.0-2370.0 kDa	2368.0	2370.0	0	0.0					0.4173511293634497	0.5826488706365502								
2370.0-2372.0 kDa	2370.0	2372.0	0	0.0					0.4173511293634497	0.5826488706365502								
2372.0-2374.0 kDa	2372.0	2374.0	0	0.0					0.4173511293634497	0.5826488706365502								
2374.0-2376.0 kDa	2374.0	2376.0	0	0.0					0.4173511293634497	0.5826488706365502								
2376.0-2378.0 kDa	2376.0	2378.0	0	0.0					0.4173511293634497	0.5826488706365502								
2378.0-2380.0 kDa	2378.0	2380.0	0	0.0					0.4173511293634497	0.5826488706365502								
2380.0-2382.0 kDa	2380.0	2382.0	0	0.0					0.4173511293634497	0.5826488706365502								
2382.0-2384.0 kDa	2382.0	2384.0	0	0.0					0.4173511293634497	0.5826488706365502								
2384.0-2386.0 kDa	2384.0	2386.0	0	0.0					0.4173511293634497	0.5826488706365502								
2386.0-2388.0 kDa	2386.0	2388.0	0	0.0					0.4173511293634497	0.5826488706365502								
2388.0-2390.0 kDa	2388.0	2390.0	0	0.0					0.4173511293634497	0.5826488706365502								
2390.0-2392.0 kDa	2390.0	2392.0	0	0.0					0.4173511293634497	0.5826488706365502								
2392.0-2394.0 kDa	2392.0	2394.0	0	0.0					0.4173511293634497	0.5826488706365502								
2394.0-2396.0 kDa	2394.0	2396.0	0	0.0					0.4173511293634497	0.5826488706365502								
2396.0-2398.0 kDa	2396.0	2398.0	0	0.0					0.4173511293634497	0.5826488706365502								
2398.0-2400.0 kDa	2398.0	2400.0	0	0.0					0.4173511293634497	0.5826488706365502								
2400.0-2402.0 kDa	2400.0	2402.0	0	0.0					0.4173511293634497	0.5826488706365502								
2402.0-2404.0 kDa	2402.0	2404.0	0	0.0					0.4173511293634497	0.5826488706365502								
2404.0-2406.0 kDa	2404.0	2406.0	0	0.0					0.4173511293634497	0.5826488706365502								
2406.0-2408.0 kDa	2406.0	2408.0	0	0.0					0.4173511293634497	0.5826488706365502								
2408.0-2410.0 kDa	2408.0	2410.0	0	0.0					0.4173511293634497	0.5826488706365502								
2410.0-2412.0 kDa	2410.0	2412.0	0	0.0					0.4173511293634497	0.5826488706365502								
2412.0-2414.0 kDa	2412.0	2414.0	0	0.0					0.4173511293634497	0.5826488706365502								
2414.0-2416.0 kDa	2414.0	2416.0	0	0.0					0.4173511293634497	0.5826488706365502								
2416.0-2418.0 kDa	2416.0	2418.0	0	0.0					0.4173511293634497	0.5826488706365502								
2418.0-2420.0 kDa	2418.0	2420.0	0	0.0					0.4173511293634497	0.5826488706365502								
2420.0-2422.0 kDa	2420.0	2422.0	0	0.0					0.4173511293634497	0.5826488706365502								
2422.0-2424.0 kDa	2422.0	2424.0	0	0.0					0.4173511293634497	0.5826488706365502								
2424.0-2426.0 kDa	2424.0	2426.0	0	0.0					0.4173511293634497	0.5826488706365502								
2426.0-2428.0 kDa	2426.0	2428.0	0	0.0					0.4173511293634497	0.5826488706365502								
2428.0-2430.0 kDa	2428.0	2430.0	0	0.0					0.4173511293634497	0.5826488706365502								
2430.0-2432.0 kDa	2430.0	2432.0	0	0.0					0.4173511293634497	0.5826488706365502								
2432.0-2434.0 kDa	2432.0	2434.0	0	0.0					0.4173511293634497	0.5826488706365502								
2434.0-2436.0 kDa	2434.0	2436.0	0	0.0					0.4173511293634497	0.5826488706365502								
2436.0-2438.0 kDa	2436.0	2438.0	0	0.0					0.4173511293634497	0.5826488706365502								
2438.0-2440.0 kDa	2438.0	2440.0	0	0.0					0.4173511293634497	0.5826488706365502								
2440.0-2442.0 kDa	2440.0	2442.0	0	0.0					0.4173511293634497	0.5826488706365502								
2442.0-2444.0 kDa	2442.0	2444.0	0	0.0					0.4173511293634497	0.5826488706365502								
2444.0-2446.0 kDa	2444.0	2446.0	0	0.0					0.4173511293634497	0.5826488706365502								
2446.0-2448.0 kDa	2446.0	2448.0	0	0.0					0.4173511293634497	0.5826488706365502								
2448.0-2450.0 kDa	2448.0	2450.0	0	0.0					0.4173511293634497	0.5826488706365502								
2450.0-2452.0 kDa	2450.0	2452.0	0	0.0					0.4173511293634497	0.5826488706365502								
2452.0-2454.0 kDa	2452.0	2454.0	0	0.0					0.4173511293634497	0.5826488706365502								
2454.0-2456.0 kDa	2454.0	2456.0	0	0.0					0.4173511293634497	0.5826488706365502								
2456.0-2458.0 kDa	2456.0	2458.0	0	0.0					0.4173511293634497	0.5826488706365502								
2458.0-2460.0 kDa	2458.0	2460.0	0	0.0					0.4173511293634497	0.5826488706365502								
2460.0-2462.0 kDa	2460.0	2462.0	0	0.0					0.4173511293634497	0.5826488706365502								
2462.0-2464.0 kDa	2462.0	2464.0	0	0.0					0.4173511293634497	0.5826488706365502								
2464.0-2466.0 kDa	2464.0	2466.0	0	0.0					0.4173511293634497	0.5826488706365502								
2466.0-2468.0 kDa	2466.0	2468.0	0	0.0					0.4173511293634497	0.5826488706365502								
2468.0-2470.0 kDa	2468.0	2470.0	0	0.0					0.4173511293634497	0.5826488706365502								
2470.0-2472.0 kDa	2470.0	2472.0	0	0.0					0.4173511293634497	0.5826488706365502								
2472.0-2474.0 kDa	2472.0	2474.0	0	0.0					0.4173511293634497	0.5826488706365502								
2474.0-2476.0 kDa	2474.0	2476.0	0	0.0					0.4173511293634497	0.5826488706365502								
2476.0-2478.0 kDa	2476.0	2478.0	0	0.0					0.4173511293634497	0.5826488706365502								
2478.0-2480.0 kDa	2478.0	2480.0	0	0.0					0.4173511293634497	0.5826488706365502								
2480.0-2482.0 kDa	2480.0	2482.0	0	0.0					0.4173511293634497	0.5826488706365502								
2482.0-2484.0 kDa	2482.0	2484.0	0	0.0					0.4173511293634497	0.5826488706365502								
2484.0-2486.0 kDa	2484.0	2486.0	0	0.0					0.4173511293634497	0.5826488706365502								
2486.0-2488.0 kDa	2486.0	2488.0	0	0.0					0.4173511293634497	0.5826488706365502								
2488.0-2490.0 kDa	2488.0	2490.0	0	0.0					0.4173511293634497	0.5826488706365502								
2490.0-2492.0 kDa	2490.0	2492.0	0	0.0					0.4173511293634497	0.5826488706365502								
2492.0-2494.0 kDa	2492.0	2494.0	0	0.0					0.4173511293634497	0.5826488706365502								
2494.0-2496.0 kDa	2494.0	2496.0	0	0.0					0.4173511293634497	0.5826488706365502								
2496.0-2498.0 kDa	2496.0	2498.0	0	0.0					0.4173511293634497	0.5826488706365502								
2498.0-2500.0 kDa	2498.0	2500.0	0	0.0					0.4173511293634497	0.5826488706365502								
2500.0-2502.0 kDa	2500.0	2502.0	0	0.0					0.4173511293634497	0.5826488706365502								
2502.0-2504.0 kDa	2502.0	2504.0	0	0.0					0.4173511293634497	0.5826488706365502								
2504.0-2506.0 kDa	2504.0	2506.0	0	0.0					0.4173511293634497	0.5826488706365502								
2506.0-2508.0 kDa	2506.0	2508.0	0	0.0					0.4173511293634497	0.5826488706365502								
2508.0-2510.0 kDa	2508.0	2510.0	0	0.0					0.4173511293634497	0.5826488706365502								
2510.0-2512.0 kDa	2510.0	2512.0	0	0.0					0.4173511293634497	0.5826488706365502								
2512.0-2514.0 kDa	2512.0	2514.0	0	0.0					0.4173511293634497	0.5826488706365502								
2514.0-2516.0 kDa	2514.0	2516.0	0	0.0					0.4173511293634497	0.5826488706365502								
2516.0-2518.0 kDa	2516.0	2518.0	0	0.0					0.4173511293634497	0.5826488706365502								
2518.0-2520.0 kDa	2518.0	2520.0	0	0.0					0.4173511293634497	0.5826488706365502								
2520.0-2522.0 kDa	2520.0	2522.0	0	0.0					0.4173511293634497	0.5826488706365502								
2522.0-2524.0 kDa	2522.0	2524.0	0	0.0					0.4173511293634497	0.5826488706365502								
2524.0-2526.0 kDa	2524.0	2526.0	0	0.0					0.4173511293634497	0.5826488706365502								
2526.0-2528.0 kDa	2526.0	2528.0	0	0.0					0.4173511293634497	0.5826488706365502								
2528.0-2530.0 kDa	2528.0	2530.0	0	0.0					0.4173511293634497	0.5826488706365502								
2530.0-2532.0 kDa	2530.0	2532.0	0	0.0					0.4173511293634497	0.5826488706365502								
2532.0-2534.0 kDa	2532.0	2534.0	0	0.0					0.4173511293634497	0.5826488706365502								
2534.0-2536.0 kDa	2534.0	2536.0	0	0.0					0.4173511293634497	0.5826488706365502								
2536.0-2538.0 kDa	2536.0	2538.0	0	0.0					0.4173511293634497	0.5826488706365502								
2538.0-2540.0 kDa	2538.0	2540.0	0	0.0					0.4173511293634497	0.5826488706365502								
2540.0-2542.0 kDa	2540.0	2542.0	0	0.0					0.4173511293634497	0.5826488706365502								
2542.0-2544.0 kDa	2542.0	2544.0	0	0.0					0.4173511293634497	0.5826488706365502								
2544.0-2546.0 kDa	2544.0	2546.0	0	0.0					0.4173511293634497	0.5826488706365502								
2546.0-2548.0 kDa	2546.0	2548.0	0	0.0					0.4173511293634497	0.5826488706365502								
2548.0-2550.0 kDa	2548.0	2550.0	0	0.0					0.4173511293634497	0.5826488706365502								
2550.0-2552.0 kDa	2550.0	2552.0	0	0.0					0.4173511293634497	0.5826488706365502								
2552.0-2554.0 kDa	2552.0	2554.0	0	0.0					0.4173511293634497	0.5826488706365502								
2554.0-2556.0 kDa	2554.0	2556.0	0	0.0					0.4173511293634497	0.5826488706365502								
2556.0-2558.0 kDa	2556.0	2558.0	0	0.0					0.4173511293634497	0.5826488706365502								
2558.0-2560.0 kDa	2558.0	2560.0	0	0.0					0.4173511293634497	0.5826488706365502								
2560.0-2562.0 kDa	2560.0	2562.0	0	0.0					0.4173511293634497	0.5826488706365502								
2562.0-2564.0 kDa	2562.0	2564.0	0	0.0					0.4173511293634497	0.5826488706365502								
2564.0-2566.0 kDa	2564.0	2566.0	0	0.0					0.4173511293634497	0.5826488706365502								
2566.0-2568.0 kDa	2566.0	2568.0	0	0.0					0.4173511293634497	0.5826488706365502								
2568.0-2570.0 kDa	2568.0	2570.0	0	0.0					0.4173511293634497	0.5826488706365502								
2570.0-2572.0 kDa	2570.0	2572.0	0	0.0					0.4173511293634497	0.5826488706365502								
2572.0-2574.0 kDa	2572.0	2574.0	0	0.0					0.4173511293634497	0.5826488706365502								
2574.0-2576.0 kDa	2574.0	2576.0	0	0.0					0.4173511293634497	0.5826488706365502								
2576.0-2578.0 kDa	2576.0	2578.0	0	0.0					0.4173511293634497	0.5826488706365502								
2578.0-2580.0 kDa	2578.0	2580.0	0	0.0					0.4173511293634497	0.5826488706365502								
2580.0-2582.0 kDa	2580.0	2582.0	0	0.0					0.4173511293634497	0.5826488706365502								
2582.0-2584.0 kDa	2582.0	2584.0	0	0.0					0.4173511293634497	0.5826488706365502								
2584.0-2586.0 kDa	2584.0	2586.0	0	0.0					0.4173511293634497	0.5826488706365502								
2586.0-2588.0 kDa	2586.0	2588.0	0	0.0					0.4173511293634497	0.5826488706365502								
2588.0-2590.0 kDa	2588.0	2590.0	0	0.0					0.4173511293634497	0.5826488706365502								
2590.0-2592.0 kDa	2590.0	2592.0	0	0.0					0.4173511293634497	0.5826488706365502								
2592.0-2594.0 kDa	2592.0	2594.0	0	0.0					0.4173511293634497	0.5826488706365502								
2594.0-2596.0 kDa	2594.0	2596.0	0	0.0					0.4173511293634497	0.5826488706365502								
2596.0-2598.0 kDa	2596.0	2598.0	0	0.0					0.4173511293634497	0.5826488706365502								
2598.0-2600.0 kDa	2598.0	2600.0	0	0.0					0.4173511293634497	0.5826488706365502								
2600.0-2602.0 kDa	2600.0	2602.0	0	0.0					0.4173511293634497	0.5826488706365502								
2602.0-2604.0 kDa	2602.0	2604.0	0	0.0					0.4173511293634497	0.5826488706365502								
2604.0-2606.0 kDa	2604.0	2606.0	0	0.0					0.4173511293634497	0.5826488706365502								
2606.0-2608.0 kDa	2606.0	2608.0	0	0.0					0.4173511293634497	0.5826488706365502								
2608.0-2610.0 kDa	2608.0	2610.0	0	0.0					0.4173511293634497	0.5826488706365502								
2610.0-2612.0 kDa	2610.0	2612.0	0	0.0					0.4173511293634497	0.5826488706365502								
2612.0-2614.0 kDa	2612.0	2614.0	0	0.0					0.4173511293634497	0.5826488706365502								
2614.0-2616.0 kDa	2614.0	2616.0	0	0.0					0.4173511293634497	0.5826488706365502								
2616.0-2618.0 kDa	2616.0	2618.0	0	0.0					0.4173511293634497	0.5826488706365502								
2618.0-2620.0 kDa	2618.0	2620.0	0	0.0					0.4173511293634497	0.5826488706365502								
2620.0-2622.0 kDa	2620.0	2622.0	0	0.0					0.4173511293634497	0.5826488706365502								
2622.0-2624.0 kDa	2622.0	2624.0	0	0.0					0.4173511293634497	0.5826488706365502								
2624.0-2626.0 kDa	2624.0	2626.0	0	0.0					0.4173511293634497	0.5826488706365502								
2626.0-2628.0 kDa	2626.0	2628.0	0	0.0					0.4173511293634497	0.5826488706365502								
2628.0-2630.0 kDa	2628.0	2630.0	0	0.0					0.4173511293634497	0.5826488706365502								
2630.0-2632.0 kDa	2630.0	2632.0	0	0.0					0.4173511293634497	0.5826488706365502								
2632.0-2634.0 kDa	2632.0	2634.0	0	0.0					0.4173511293634497	0.5826488706365502								
2634.0-2636.0 kDa	2634.0	2636.0	0	0.0					0.4173511293634497	0.5826488706365502								
2636.0-2638.0 kDa	2636.0	2638.0	0	0.0					0.4173511293634497	0.5826488706365502								
2638.0-2640.0 kDa	2638.0	2640.0	0	0.0					0.4173511293634497	0.5826488706365502								
2640.0-2642.0 kDa	2640.0	2642.0	0	0.0					0.4173511293634497	0.5826488706365502								
2642.0-2644.0 kDa	2642.0	2644.0	0	0.0					0.4173511293634497	0.5826488706365502								
2644.0-2646.0 kDa	2644.0	2646.0	0	0.0					0.4173511293634497	0.5826488706365502								
2646.0-2648.0 kDa	2646.0	2648.0	0	0.0					0.4173511293634497	0.5826488706365502								
2648.0-2650.0 kDa	2648.0	2650.0	0	0.0					0.4173511293634497	0.5826488706365502								
2650.0-2652.0 kDa	2650.0	2652.0	0	0.0					0.4173511293634497	0.5826488706365502								
2652.0-2654.0 kDa	2652.0	2654.0	0	0.0					0.4173511293634497	0.5826488706365502								
2654.0-2656.0 kDa	2654.0	2656.0	0	0.0					0.4173511293634497	0.5826488706365502								
2656.0-2658.0 kDa	2656.0	2658.0	0	0.0					0.4173511293634497	0.5826488706365502								
2658.0-2660.0 kDa	2658.0	2660.0	0	0.0					0.4173511293634497	0.5826488706365502								
2660.0-2662.0 kDa	2660.0	2662.0	0	0.0					0.4173511293634497	0.5826488706365502								
2662.0-2664.0 kDa	2662.0	2664.0	0	0.0					0.4173511293634497	0.5826488706365502								
2664.0-2666.0 kDa	2664.0	2666.0	0	0.0					0.4173511293634497	0.5826488706365502								
2666.0-2668.0 kDa	2666.0	2668.0	0	0.0					0.4173511293634497	0.5826488706365502								
2668.0-2670.0 kDa	2668.0	2670.0	0	0.0					0.4173511293634497	0.5826488706365502								
2670.0-2672.0 kDa	2670.0	2672.0	0	0.0					0.4173511293634497	0.5826488706365502								
2672.0-2674.0 kDa	2672.0	2674.0	0	0.0					0.4173511293634497	0.5826488706365502								
2674.0-2676.0 kDa	2674.0	2676.0	0	0.0					0.4173511293634497	0.5826488706365502								
2676.0-2678.0 kDa	2676.0	2678.0	0	0.0					0.4173511293634497	0.5826488706365502								
2678.0-2680.0 kDa	2678.0	2680.0	0	0.0					0.4173511293634497	0.5826488706365502								
2680.0-2682.0 kDa	2680.0	2682.0	0	0.0					0.4173511293634497	0.5826488706365502								
2682.0-2684.0 kDa	2682.0	2684.0	0	0.0					0.4173511293634497	0.5826488706365502								
2684.0-2686.0 kDa	2684.0	2686.0	0	0.0					0.4173511293634497	0.5826488706365502								
2686.0-2688.0 kDa	2686.0	2688.0	0	0.0					0.4173511293634497	0.5826488706365502								
2688.0-2690.0 kDa	2688.0	2690.0	0	0.0					0.4173511293634497	0.5826488706365502								
2690.0-2692.0 kDa	2690.0	2692.0	0	0.0					0.4173511293634497	0.5826488706365502								
2692.0-2694.0 kDa	2692.0	2694.0	0	0.0					0.4173511293634497	0.5826488706365502								
2694.0-2696.0 kDa	2694.0	2696.0	0	0.0					0.4173511293634497	0.5826488706365502								
2696.0-2698.0 kDa	2696.0	2698.0	0	0.0					0.4173511293634497	0.5826488706365502								
2698.0-2700.0 kDa	2698.0	2700.0	0	0.0					0.4173511293634497	0.5826488706365502								
2700.0-2702.0 kDa	2700.0	2702.0	0	0.0					0.4173511293634497	0.5826488706365502								
2702.0-2704.0 kDa	2702.0	2704.0	0	0.0					0.4173511293634497	0.5826488706365502								
2704.0-2706.0 kDa	2704.0	2706.0	0	0.0					0.4173511293634497	0.5826488706365502								
2706.0-2708.0 kDa	2706.0	2708.0	0	0.0					0.4173511293634497	0.5826488706365502								
2708.0-2710.0 kDa	2708.0	2710.0	0	0.0					0.4173511293634497	0.5826488706365502								
2710.0-2712.0 kDa	2710.0	2712.0	0	0.0					0.4173511293634497	0.5826488706365502								
2712.0-2714.0 kDa	2712.0	2714.0	0	0.0					0.4173511293634497	0.5826488706365502								
2714.0-2716.0 kDa	2714.0	2716.0	0	0.0					0.4173511293634497	0.5826488706365502								
2716.0-2718.0 kDa	2716.0	2718.0	0	0.0					0.4173511293634497	0.5826488706365502								
2718.0-2720.0 kDa	2718.0	2720.0	0	0.0					0.4173511293634497	0.5826488706365502								
2720.0-2722.0 kDa	2720.0	2722.0	0	0.0					0.4173511293634497	0.5826488706365502								
2722.0-2724.0 kDa	2722.0	2724.0	0	0.0					0.4173511293634497	0.5826488706365502								
2724.0-2726.0 kDa	2724.0	2726.0	0	0.0					0.4173511293634497	0.5826488706365502								
2726.0-2728.0 kDa	2726.0	2728.0	0	0.0					0.4173511293634497	0.5826488706365502								
2728.0-2730.0 kDa	2728.0	2730.0	0	0.0					0.4173511293634497	0.5826488706365502								
2730.0-2732.0 kDa	2730.0	2732.0	0	0.0					0.4173511293634497	0.5826488706365502								
2732.0-2734.0 kDa	2732.0	2734.0	0	0.0					0.4173511293634497	0.5826488706365502								
2734.0-2736.0 kDa	2734.0	2736.0	0	0.0					0.4173511293634497	0.5826488706365502								
2736.0-2738.0 kDa	2736.0	2738.0	0	0.0					0.4173511293634497	0.5826488706365502								
2738.0-2740.0 kDa	2738.0	2740.0	0	0.0					0.4173511293634497	0.5826488706365502								
2740.0-2742.0 kDa	2740.0	2742.0	0	0.0					0.4173511293634497	0.5826488706365502								
2742.0-2744.0 kDa	2742.0	2744.0	0	0.0					0.4173511293634497	0.5826488706365502								
2744.0-2746.0 kDa	2744.0	2746.0	0	0.0					0.4173511293634497	0.5826488706365502								
2746.0-2748.0 kDa	2746.0	2748.0	0	0.0					0.4173511293634497	0.5826488706365502								
2748.0-2750.0 kDa	2748.0	2750.0	0	0.0					0.4173511293634497	0.5826488706365502								
2750.0-2752.0 kDa	2750.0	2752.0	0	0.0					0.4173511293634497	0.5826488706365502								
2752.0-2754.0 kDa	2752.0	2754.0	0	0.0					0.4173511293634497	0.5826488706365502								
2754.0-2756.0 kDa	2754.0	2756.0	0	0.0					0.4173511293634497	0.5826488706365502								
2756.0-2758.0 kDa	2756.0	2758.0	0	0.0					0.4173511293634497	0.5826488706365502								
2758.0-2760.0 kDa	2758.0	2760.0	0	0.0					0.4173511293634497	0.5826488706365502								
2760.0-2762.0 kDa	2760.0	2762.0	0	0.0					0.4173511293634497	0.5826488706365502								
2762.0-2764.0 kDa	2762.0	2764.0	0	0.0					0.4173511293634497	0.5826488706365502								
2764.0-2766.0 kDa	2764.0	2766.0	0	0.0					0.4173511293634497	0.5826488706365502								
2766.0-2768.0 kDa	2766.0	2768.0	0	0.0					0.4173511293634497	0.5826488706365502								
2768.0-2770.0 kDa	2768.0	2770.0	0	0.0					0.4173511293634497	0.5826488706365502								
2770.0-2772.0 kDa	2770.0	2772.0	0	0.0					0.4173511293634497	0.5826488706365502								
2772.0-2774.0 kDa	2772.0	2774.0	0	0.0					0.4173511293634497	0.5826488706365502								
2774.0-2776.0 kDa	2774.0	2776.0	0	0.0					0.4173511293634497	0.5826488706365502								
2776.0-2778.0 kDa	2776.0	2778.0	0	0.0					0.4173511293634497	0.5826488706365502								
2778.0-2780.0 kDa	2778.0	2780.0	0	0.0					0.4173511293634497	0.5826488706365502								
2780.0-2782.0 kDa	2780.0	2782.0	0	0.0					0.4173511293634497	0.5826488706365502								
2782.0-2784.0 kDa	2782.0	2784.0	0	0.0					0.4173511293634497	0.5826488706365502								
2784.0-2786.0 kDa	2784.0	2786.0	0	0.0					0.4173511293634497	0.5826488706365502								
2786.0-2788.0 kDa	2786.0	2788.0	0	0.0					0.4173511293634497	0.5826488706365502								
2788.0-2790.0 kDa	2788.0	2790.0	0	0.0					0.4173511293634497	0.5826488706365502								
2790.0-2792.0 kDa	2790.0	2792.0	0	0.0					0.4173511293634497	0.5826488706365502								
2792.0-2794.0 kDa	2792.0	2794.0	0	0.0					0.4173511293634497	0.5826488706365502								
2794.0-2796.0 kDa	2794.0	2796.0	0	0.0					0.4173511293634497	0.5826488706365502								
2796.0-2798.0 kDa	2796.0	2798.0	0	0.0					0.4173511293634497	0.5826488706365502								
2798.0-2800.0 kDa	2798.0	2800.0	0	0.0					0.4173511293634497	0.5826488706365502								
2800.0-2802.0 kDa	2800.0	2802.0	0	0.0					0.4173511293634497	0.5826488706365502								
2802.0-2804.0 kDa	2802.0	2804.0	0	0.0					0.4173511293634497	0.5826488706365502								
2804.0-2806.0 kDa	2804.0	2806.0	0	0.0					0.4173511293634497	0.5826488706365502								
2806.0-2808.0 kDa	2806.0	2808.0	0	0.0					0.4173511293634497	0.5826488706365502								
2808.0-2810.0 kDa	2808.0	2810.0	0	0.0					0.4173511293634497	0.5826488706365502								
2810.0-2812.0 kDa	2810.0	2812.0	0	0.0					0.4173511293634497	0.5826488706365502								
2812.0-2814.0 kDa	2812.0	2814.0	0	0.0					0.4173511293634497	0.5826488706365502								
2814.0-2816.0 kDa	2814.0	2816.0	0	0.0					0.4173511293634497	0.5826488706365502								
2816.0-2818.0 kDa	2816.0	2818.0	0	0.0					0.4173511293634497	0.5826488706365502								
2818.0-2820.0 kDa	2818.0	2820.0	0	0.0					0.4173511293634497	0.5826488706365502								
2820.0-2822.0 kDa	2820.0	2822.0	0	0.0					0.4173511293634497	0.5826488706365502								
2822.0-2824.0 kDa	2822.0	2824.0	0	0.0					0.4173511293634497	0.5826488706365502								
2824.0-2826.0 kDa	2824.0	2826.0	0	0.0					0.4173511293634497	0.5826488706365502								
2826.0-2828.0 kDa	2826.0	2828.0	0	0.0					0.4173511293634497	0.5826488706365502								
2828.0-2830.0 kDa	2828.0	2830.0	0	0.0					0.4173511293634497	0.5826488706365502								
2830.0-2832.0 kDa	2830.0	2832.0	0	0.0					0.4173511293634497	0.5826488706365502								
2832.0-2834.0 kDa	2832.0	2834.0	0	0.0					0.4173511293634497	0.5826488706365502								
2834.0-2836.0 kDa	2834.0	2836.0	0	0.0					0.4173511293634497	0.5826488706365502								
2836.0-2838.0 kDa	2836.0	2838.0	0	0.0					0.4173511293634497	0.5826488706365502								
2838.0-2840.0 kDa	2838.0	2840.0	0	0.0					0.4173511293634497	0.5826488706365502								
2840.0-2842.0 kDa	2840.0	2842.0	0	0.0					0.4173511293634497	0.5826488706365502								
2842.0-2844.0 kDa	2842.0	2844.0	0	0.0					0.4173511293634497	0.5826488706365502								
2844.0-2846.0 kDa	2844.0	2846.0	0	0.0					0.4173511293634497	0.5826488706365502								
2846.0-2848.0 kDa	2846.0	2848.0	0	0.0					0.4173511293634497	0.5826488706365502								
2848.0-2850.0 kDa	2848.0	2850.0	0	0.0					0.4173511293634497	0.5826488706365502								
2850.0-2852.0 kDa	2850.0	2852.0	0	0.0					0.4173511293634497	0.5826488706365502								
2852.0-2854.0 kDa	2852.0	2854.0	0	0.0					0.4173511293634497	0.5826488706365502								
2854.0-2856.0 kDa	2854.0	2856.0	0	0.0					0.4173511293634497	0.5826488706365502								
2856.0-2858.0 kDa	2856.0	2858.0	0	0.0					0.4173511293634497	0.5826488706365502								
2858.0-2860.0 kDa	2858.0	2860.0	0	0.0					0.4173511293634497	0.5826488706365502								
2860.0-2862.0 kDa	2860.0	2862.0	0	0.0					0.4173511293634497	0.5826488706365502								
2862.0-2864.0 kDa	2862.0	2864.0	0	0.0					0.4173511293634497	0.5826488706365502								
2864.0-2866.0 kDa	2864.0	2866.0	0	0.0					0.4173511293634497	0.5826488706365502								
2866.0-2868.0 kDa	2866.0	2868.0	0	0.0					0.4173511293634497	0.5826488706365502								
2868.0-2870.0 kDa	2868.0	2870.0	0	0.0					0.4173511293634497	0.5826488706365502								
2870.0-2872.0 kDa	2870.0	2872.0	0	0.0					0.4173511293634497	0.5826488706365502								
2872.0-2874.0 kDa	2872.0	2874.0	0	0.0					0.4173511293634497	0.5826488706365502								
2874.0-2876.0 kDa	2874.0	2876.0	0	0.0					0.4173511293634497	0.5826488706365502								
2876.0-2878.0 kDa	2876.0	2878.0	0	0.0					0.4173511293634497	0.5826488706365502								
2878.0-2880.0 kDa	2878.0	2880.0	0	0.0					0.4173511293634497	0.5826488706365502								
2880.0-2882.0 kDa	2880.0	2882.0	0	0.0					0.4173511293634497	0.5826488706365502								
2882.0-2884.0 kDa	2882.0	2884.0	0	0.0					0.4173511293634497	0.5826488706365502								
2884.0-2886.0 kDa	2884.0	2886.0	0	0.0					0.4173511293634497	0.5826488706365502								
2886.0-2888.0 kDa	2886.0	2888.0	0	0.0					0.4173511293634497	0.5826488706365502								
2888.0-2890.0 kDa	2888.0	2890.0	0	0.0					0.4173511293634497	0.5826488706365502								
2890.0-2892.0 kDa	2890.0	2892.0	0	0.0					0.4173511293634497	0.5826488706365502								
2892.0-2894.0 kDa	2892.0	2894.0	0	0.0					0.4173511293634497	0.5826488706365502								
2894.0-2896.0 kDa	2894.0	2896.0	0	0.0					0.4173511293634497	0.5826488706365502								
2896.0-2898.0 kDa	2896.0	2898.0	0	0.0					0.4173511293634497	0.5826488706365502								
2898.0-2900.0 kDa	2898.0	2900.0	0	0.0					0.4173511293634497	0.5826488706365502								
2900.0-2902.0 kDa	2900.0	2902.0	0	0.0					0.4173511293634497	0.5826488706365502								
2902.0-2904.0 kDa	2902.0	2904.0	0	0.0					0.4173511293634497	0.5826488706365502								
2904.0-2906.0 kDa	2904.0	2906.0	0	0.0					0.4173511293634497	0.5826488706365502								
2906.0-2908.0 kDa	2906.0	2908.0	0	0.0					0.4173511293634497	0.5826488706365502								
2908.0-2910.0 kDa	2908.0	2910.0	0	0.0					0.4173511293634497	0.5826488706365502								
2910.0-2912.0 kDa	2910.0	2912.0	0	0.0					0.4173511293634497	0.5826488706365502								
2912.0-2914.0 kDa	2912.0	2914.0	0	0.0					0.4173511293634497	0.5826488706365502								
2914.0-2916.0 kDa	2914.0	2916.0	0	0.0					0.4173511293634497	0.5826488706365502								
2916.0-2918.0 kDa	2916.0	2918.0	0	0.0					0.4173511293634497	0.5826488706365502								
2918.0-2920.0 kDa	2918.0	2920.0	0	0.0					0.4173511293634497	0.5826488706365502								
2920.0-2922.0 kDa	2920.0	2922.0	0	0.0					0.4173511293634497	0.5826488706365502								
2922.0-2924.0 kDa	2922.0	2924.0	0	0.0					0.4173511293634497	0.5826488706365502								
2924.0-2926.0 kDa	2924.0	2926.0	0	0.0					0.4173511293634497	0.5826488706365502								
2926.0-2928.0 kDa	2926.0	2928.0	0	0.0					0.4173511293634497	0.5826488706365502								
2928.0-2930.0 kDa	2928.0	2930.0	0	0.0					0.4173511293634497	0.5826488706365502								
2930.0-2932.0 kDa	2930.0	2932.0	0	0.0					0.4173511293634497	0.5826488706365502								
2932.0-2934.0 kDa	2932.0	2934.0	0	0.0					0.4173511293634497	0.5826488706365502								
2934.0-2936.0 kDa	2934.0	2936.0	0	0.0					0.4173511293634497	0.5826488706365502								
2936.0-2938.0 kDa	2936.0	2938.0	0	0.0					0.4173511293634497	0.5826488706365502								
2938.0-2940.0 kDa	2938.0	2940.0	0	0.0					0.4173511293634497	0.5826488706365502								
2940.0-2942.0 kDa	2940.0	2942.0	0	0.0					0.4173511293634497	0.5826488706365502								
2942.0-2944.0 kDa	2942.0	2944.0	0	0.0					0.4173511293634497	0.5826488706365502								
2944.0-2946.0 kDa	2944.0	2946.0	0	0.0					0.4173511293634497	0.5826488706365502								
2946.0-2948.0 kDa	2946.0	2948.0	0	0.0					0.4173511293634497	0.5826488706365502								
2948.0-2950.0 kDa	2948.0	2950.0	0	0.0					0.4173511293634497	0.5826488706365502								
2950.0-2952.0 kDa	2950.0	2952.0	0	0.0					0.4173511293634497	0.5826488706365502								
2952.0-2954.0 kDa	2952.0	2954.0	0	0.0					0.4173511293634497	0.5826488706365502								
2954.0-2956.0 kDa	2954.0	2956.0	0	0.0					0.4173511293634497	0.5826488706365502								
2956.0-2958.0 kDa	2956.0	2958.0	0	0.0					0.4173511293634497	0.5826488706365502								
2958.0-2960.0 kDa	2958.0	2960.0	0	0.0					0.4173511293634497	0.5826488706365502								
2960.0-2962.0 kDa	2960.0	2962.0	0	0.0					0.4173511293634497	0.5826488706365502								
2962.0-2964.0 kDa	2962.0	2964.0	0	0.0					0.4173511293634497	0.5826488706365502								
2964.0-2966.0 kDa	2964.0	2966.0	0	0.0					0.4173511293634497	0.5826488706365502								
2966.0-2968.0 kDa	2966.0	2968.0	0	0.0					0.4173511293634497	0.5826488706365502								
2968.0-2970.0 kDa	2968.0	2970.0	0	0.0					0.4173511293634497	0.5826488706365502								
2970.0-2972.0 kDa	2970.0	2972.0	0	0.0					0.4173511293634497	0.5826488706365502								
2972.0-2974.0 kDa	2972.0	2974.0	0	0.0					0.4173511293634497	0.5826488706365502								
2974.0-2976.0 kDa	2974.0	2976.0	0	0.0					0.4173511293634497	0.5826488706365502								
2976.0-2978.0 kDa	2976.0	2978.0	0	0.0					0.4173511293634497	0.5826488706365502								
2978.0-2980.0 kDa	2978.0	2980.0	0	0.0					0.4173511293634497	0.5826488706365502								
2980.0-2982.0 kDa	2980.0	2982.0	0	0.0					0.4173511293634497	0.5826488706365502								
2982.0-2984.0 kDa	2982.0	2984.0	0	0.0					0.4173511293634497	0.5826488706365502								
2984.0-2986.0 kDa	2984.0	2986.0	0	0.0					0.4173511293634497	0.5826488706365502								
2986.0-2988.0 kDa	2986.0	2988.0	0	0.0					0.4173511293634497	0.5826488706365502								
2988.0-2990.0 kDa	2988.0	2990.0	0	0.0					0.4173511293634497	0.5826488706365502								
2990.0-2992.0 kDa	2990.0	2992.0	0	0.0					0.4173511293634497	0.5826488706365502								
2992.0-2994.0 kDa	2992.0	2994.0	0	0.0					0.4173511293634497	0.5826488706365502								
2994.0-2996.0 kDa	2994.0	2996.0	0	0.0					0.4173511293634497	0.5826488706365502								
2996.0-2998.0 kDa	2996.0	2998.0	0	0.0					0.4173511293634497	0.5826488706365502								
2998.0-3000.0 kDa	2998.0	3000.0	0	0.0					0.4173511293634497	0.5826488706365502								
3000.0-3002.0 kDa	3000.0	3002.0	0	0.0					0.4173511293634497	0.5826488706365502								
3002.0-3004.0 kDa	3002.0	3004.0	0	0.0					0.4173511293634497	0.5826488706365502								
3004.0-3006.0 kDa	3004.0	3006.0	0	0.0					0.4173511293634497	0.5826488706365502								
3006.0-3008.0 kDa	3006.0	3008.0	0	0.0					0.4173511293634497	0.5826488706365502								
3008.0-3010.0 kDa	3008.0	3010.0	0	0.0					0.4173511293634497	0.5826488706365502								
3010.0-3012.0 kDa	3010.0	3012.0	0	0.0					0.4173511293634497	0.5826488706365502								
3012.0-3014.0 kDa	3012.0	3014.0	0	0.0					0.4173511293634497	0.5826488706365502								
3014.0-3016.0 kDa	3014.0	3016.0	0	0.0					0.4173511293634497	0.5826488706365502								
3016.0-3018.0 kDa	3016.0	3018.0	0	0.0					0.4173511293634497	0.5826488706365502								
3018.0-3020.0 kDa	3018.0	3020.0	0	0.0					0.4173511293634497	0.5826488706365502								
3020.0-3022.0 kDa	3020.0	3022.0	0	0.0					0.4173511293634497	0.5826488706365502								
3022.0-3024.0 kDa	3022.0	3024.0	0	0.0					0.4173511293634497	0.5826488706365502								
3024.0-3026.0 kDa	3024.0	3026.0	0	0.0					0.4173511293634497	0.5826488706365502								
3026.0-3028.0 kDa	3026.0	3028.0	0	0.0					0.4173511293634497	0.5826488706365502								
3028.0-3030.0 kDa	3028.0	3030.0	0	0.0					0.4173511293634497	0.5826488706365502								
3030.0-3032.0 kDa	3030.0	3032.0	0	0.0					0.4173511293634497	0.5826488706365502								
3032.0-3034.0 kDa	3032.0	3034.0	0	0.0					0.4173511293634497	0.5826488706365502								
3034.0-3036.0 kDa	3034.0	3036.0	0	0.0					0.4173511293634497	0.5826488706365502								
3036.0-3038.0 kDa	3036.0	3038.0	0	0.0					0.4173511293634497	0.5826488706365502								
3038.0-3040.0 kDa	3038.0	3040.0	0	0.0					0.4173511293634497	0.5826488706365502								
3040.0-3042.0 kDa	3040.0	3042.0	0	0.0					0.4173511293634497	0.5826488706365502								
3042.0-3044.0 kDa	3042.0	3044.0	0	0.0					0.4173511293634497	0.5826488706365502								
3044.0-3046.0 kDa	3044.0	3046.0	0	0.0					0.4173511293634497	0.5826488706365502								
3046.0-3048.0 kDa	3046.0	3048.0	0	0.0					0.4173511293634497	0.5826488706365502								
3048.0-3050.0 kDa	3048.0	3050.0	0	0.0					0.4173511293634497	0.5826488706365502								
3050.0-3052.0 kDa	3050.0	3052.0	0	0.0					0.4173511293634497	0.5826488706365502								
3052.0-3054.0 kDa	3052.0	3054.0	0	0.0					0.4173511293634497	0.5826488706365502								
3054.0-3056.0 kDa	3054.0	3056.0	0	0.0					0.4173511293634497	0.5826488706365502								
3056.0-3058.0 kDa	3056.0	3058.0	0	0.0					0.4173511293634497	0.5826488706365502								
3058.0-3060.0 kDa	3058.0	3060.0	0	0.0					0.4173511293634497	0.5826488706365502								
3060.0-3062.0 kDa	3060.0	3062.0	0	0.0					0.4173511293634497	0.5826488706365502								
3062.0-3064.0 kDa	3062.0	3064.0	0	0.0					0.4173511293634497	0.5826488706365502								
3064.0-3066.0 kDa	3064.0	3066.0	0	0.0					0.4173511293634497	0.5826488706365502								
3066.0-3068.0 kDa	3066.0	3068.0	0	0.0					0.4173511293634497	0.5826488706365502								
3068.0-3070.0 kDa	3068.0	3070.0	0	0.0					0.4173511293634497	0.5826488706365502								
3070.0-3072.0 kDa	3070.0	3072.0	0	0.0					0.4173511293634497	0.5826488706365502								
3072.0-3074.0 kDa	3072.0	3074.0	0	0.0					0.4173511293634497	0.5826488706365502								
3074.0-3076.0 kDa	3074.0	3076.0	0	0.0					0.4173511293634497	0.5826488706365502								
3076.0-3078.0 kDa	3076.0	3078.0	0	0.0					0.4173511293634497	0.5826488706365502								
3078.0-3080.0 kDa	3078.0	3080.0	0	0.0					0.4173511293634497	0.5826488706365502								
3080.0-3082.0 kDa	3080.0	3082.0	0	0.0					0.4173511293634497	0.5826488706365502								
3082.0-3084.0 kDa	3082.0	3084.0	0	0.0					0.4173511293634497	0.5826488706365502								
3084.0-3086.0 kDa	3084.0	3086.0	0	0.0					0.4173511293634497	0.5826488706365502								
3086.0-3088.0 kDa	3086.0	3088.0	0	0.0					0.4173511293634497	0.5826488706365502								
3088.0-3090.0 kDa	3088.0	3090.0	0	0.0					0.4173511293634497	0.5826488706365502								
3090.0-3092.0 kDa	3090.0	3092.0	0	0.0					0.4173511293634497	0.5826488706365502								
3092.0-3094.0 kDa	3092.0	3094.0	0	0.0					0.4173511293634497	0.5826488706365502								
3094.0-3096.0 kDa	3094.0	3096.0	0	0.0					0.4173511293634497	0.5826488706365502								
3096.0-3098.0 kDa	3096.0	3098.0	0	0.0					0.4173511293634497	0.5826488706365502								
3098.0-3100.0 kDa	3098.0	3100.0	0	0.0					0.4173511293634497	0.5826488706365502								
3100.0-3102.0 kDa	3100.0	3102.0	0	0.0					0.4173511293634497	0.5826488706365502								
3102.0-3104.0 kDa	3102.0	3104.0	0	0.0					0.4173511293634497	0.5826488706365502								
3104.0-3106.0 kDa	3104.0	3106.0	0	0.0					0.4173511293634497	0.5826488706365502								
3106.0-3108.0 kDa	3106.0	3108.0	0	0.0					0.4173511293634497	0.5826488706365502								
3108.0-3110.0 kDa	3108.0	3110.0	0	0.0					0.4173511293634497	0.5826488706365502								
3110.0-3112.0 kDa	3110.0	3112.0	0	0.0					0.4173511293634497	0.5826488706365502								
3112.0-3114.0 kDa	3112.0	3114.0	0	0.0					0.4173511293634497	0.5826488706365502								
3114.0-3116.0 kDa	3114.0	3116.0	0	0.0					0.4173511293634497	0.5826488706365502								
3116.0-3118.0 kDa	3116.0	3118.0	0	0.0					0.4173511293634497	0.5826488706365502								
3118.0-3120.0 kDa	3118.0	3120.0	0	0.0					0.4173511293634497	0.5826488706365502								
3120.0-3122.0 kDa	3120.0	3122.0	0	0.0					0.4173511293634497	0.5826488706365502								
3122.0-3124.0 kDa	3122.0	3124.0	0	0.0					0.4173511293634497	0.5826488706365502								
3124.0-3126.0 kDa	3124.0	3126.0	0	0.0					0.4173511293634497	0.5826488706365502								
3126.0-3128.0 kDa	3126.0	3128.0	0	0.0					0.4173511293634497	0.5826488706365502								
3128.0-3130.0 kDa	3128.0	3130.0	0	0.0					0.4173511293634497	0.5826488706365502								
3130.0-3132.0 kDa	3130.0	3132.0	0	0.0					0.4173511293634497	0.5826488706365502								
3132.0-3134.0 kDa	3132.0	3134.0	0	0.0					0.4173511293634497	0.5826488706365502								
3134.0-3136.0 kDa	3134.0	3136.0	0	0.0					0.4173511293634497	0.5826488706365502								
3136.0-3138.0 kDa	3136.0	3138.0	0	0.0					0.4173511293634497	0.5826488706365502								
3138.0-3140.0 kDa	3138.0	3140.0	0	0.0					0.4173511293634497	0.5826488706365502								
3140.0-3142.0 kDa	3140.0	3142.0	0	0.0					0.4173511293634497	0.5826488706365502								
3142.0-3144.0 kDa	3142.0	3144.0	0	0.0					0.4173511293634497	0.5826488706365502								
3144.0-3146.0 kDa	3144.0	3146.0	0	0.0					0.4173511293634497	0.5826488706365502								
3146.0-3148.0 kDa	3146.0	3148.0	0	0.0					0.4173511293634497	0.5826488706365502								
3148.0-3150.0 kDa	3148.0	3150.0	0	0.0					0.4173511293634497	0.5826488706365502								
3150.0-3152.0 kDa	3150.0	3152.0	0	0.0					0.4173511293634497	0.5826488706365502								
3152.0-3154.0 kDa	3152.0	3154.0	0	0.0					0.4173511293634497	0.5826488706365502								
3154.0-3156.0 kDa	3154.0	3156.0	0	0.0					0.4173511293634497	0.5826488706365502								
3156.0-3158.0 kDa	3156.0	3158.0	0	0.0					0.4173511293634497	0.5826488706365502								
3158.0-3160.0 kDa	3158.0	3160.0	0	0.0					0.4173511293634497	0.5826488706365502								
3160.0-3162.0 kDa	3160.0	3162.0	0	0.0					0.4173511293634497	0.5826488706365502								
3162.0-3164.0 kDa	3162.0	3164.0	0	0.0					0.4173511293634497	0.5826488706365502								
3164.0-3166.0 kDa	3164.0	3166.0	0	0.0					0.4173511293634497	0.5826488706365502								
3166.0-3168.0 kDa	3166.0	3168.0	0	0.0					0.4173511293634497	0.5826488706365502								
3168.0-3170.0 kDa	3168.0	3170.0	0	0.0					0.4173511293634497	0.5826488706365502								
3170.0-3172.0 kDa	3170.0	3172.0	0	0.0					0.4173511293634497	0.5826488706365502								
3172.0-3174.0 kDa	3172.0	3174.0	0	0.0					0.4173511293634497	0.5826488706365502								
3174.0-3176.0 kDa	3174.0	3176.0	0	0.0					0.4173511293634497	0.5826488706365502								
3176.0-3178.0 kDa	3176.0	3178.0	0	0.0					0.4173511293634497	0.5826488706365502								
3178.0-3180.0 kDa	3178.0	3180.0	0	0.0					0.4173511293634497	0.5826488706365502								
3180.0-3182.0 kDa	3180.0	3182.0	0	0.0					0.4173511293634497	0.5826488706365502								
3182.0-3184.0 kDa	3182.0	3184.0	0	0.0					0.4173511293634497	0.5826488706365502								
3184.0-3186.0 kDa	3184.0	3186.0	0	0.0					0.4173511293634497	0.5826488706365502								
3186.0-3188.0 kDa	3186.0	3188.0	0	0.0					0.4173511293634497	0.5826488706365502								
3188.0-3190.0 kDa	3188.0	3190.0	0	0.0					0.4173511293634497	0.5826488706365502								
3190.0-3192.0 kDa	3190.0	3192.0	0	0.0					0.4173511293634497	0.5826488706365502								
3192.0-3194.0 kDa	3192.0	3194.0	0	0.0					0.4173511293634497	0.5826488706365502								
3194.0-3196.0 kDa	3194.0	3196.0	0	0.0					0.4173511293634497	0.5826488706365502								
3196.0-3198.0 kDa	3196.0	3198.0	0	0.0					0.4173511293634497	0.5826488706365502								
3198.0-3200.0 kDa	3198.0	3200.0	0	0.0					0.4173511293634497	0.5826488706365502								
3200.0-3202.0 kDa	3200.0	3202.0	0	0.0					0.4173511293634497	0.5826488706365502								
3202.0-3204.0 kDa	3202.0	3204.0	0	0.0					0.4173511293634497	0.5826488706365502								
3204.0-3206.0 kDa	3204.0	3206.0	0	0.0					0.4173511293634497	0.5826488706365502								
3206.0-3208.0 kDa	3206.0	3208.0	0	0.0					0.4173511293634497	0.5826488706365502								
3208.0-3210.0 kDa	3208.0	3210.0	0	0.0					0.4173511293634497	0.5826488706365502								
3210.0-3212.0 kDa	3210.0	3212.0	0	0.0					0.4173511293634497	0.5826488706365502								
3212.0-3214.0 kDa	3212.0	3214.0	0	0.0					0.4173511293634497	0.5826488706365502								
3214.0-3216.0 kDa	3214.0	3216.0	0	0.0					0.4173511293634497	0.5826488706365502								
3216.0-3218.0 kDa	3216.0	3218.0	0	0.0					0.4173511293634497	0.5826488706365502								
3218.0-3220.0 kDa	3218.0	3220.0	0	0.0					0.4173511293634497	0.5826488706365502								
3220.0-3222.0 kDa	3220.0	3222.0	0	0.0					0.4173511293634497	0.5826488706365502								
3222.0-3224.0 kDa	3222.0	3224.0	0	0.0					0.4173511293634497	0.5826488706365502								
3224.0-3226.0 kDa	3224.0	3226.0	0	0.0					0.4173511293634497	0.5826488706365502								
3226.0-3228.0 kDa	3226.0	3228.0	0	0.0					0.4173511293634497	0.5826488706365502								
3228.0-3230.0 kDa	3228.0	3230.0	0	0.0					0.4173511293634497	0.5826488706365502								
3230.0-3232.0 kDa	3230.0	3232.0	0	0.0					0.4173511293634497	0.5826488706365502								
3232.0-3234.0 kDa	3232.0	3234.0	0	0.0					0.4173511293634497	0.5826488706365502								
3234.0-3236.0 kDa	3234.0	3236.0	0	0.0					0.4173511293634497	0.5826488706365502								
3236.0-3238.0 kDa	3236.0	3238.0	0	0.0					0.4173511293634497	0.5826488706365502								
3238.0-3240.0 kDa	3238.0	3240.0	0	0.0					0.4173511293634497	0.5826488706365502								
3240.0-3242.0 kDa	3240.0	3242.0	0	0.0					0.4173511293634497	0.5826488706365502								
3242.0-3244.0 kDa	3242.0	3244.0	0	0.0					0.4173511293634497	0.5826488706365502								
3244.0-3246.0 kDa	3244.0	3246.0	0	0.0					0.4173511293634497	0.5826488706365502								
3246.0-3248.0 kDa	3246.0	3248.0	0	0.0					0.4173511293634497	0.5826488706365502								
3248.0-3250.0 kDa	3248.0	3250.0	0	0.0					0.4173511293634497	0.5826488706365502								
3250.0-3252.0 kDa	3250.0	3252.0	0	0.0					0.4173511293634497	0.5826488706365502								
3252.0-3254.0 kDa	3252.0	3254.0	0	0.0					0.4173511293634497	0.5826488706365502								
3254.0-3256.0 kDa	3254.0	3256.0	0	0.0					0.4173511293634497	0.5826488706365502								
3256.0-3258.0 kDa	3256.0	3258.0	0	0.0					0.4173511293634497	0.5826488706365502								
3258.0-3260.0 kDa	3258.0	3260.0	0	0.0					0.4173511293634497	0.5826488706365502								
3260.0-3262.0 kDa	3260.0	3262.0	0	0.0					0.4173511293634497	0.5826488706365502								
3262.0-3264.0 kDa	3262.0	3264.0	0	0.0					0.4173511293634497	0.5826488706365502								
3264.0-3266.0 kDa	3264.0	3266.0	0	0.0					0.4173511293634497	0.5826488706365502								
3266.0-3268.0 kDa	3266.0	3268.0	0	0.0					0.4173511293634497	0.5826488706365502								
3268.0-3270.0 kDa	3268.0	3270.0	0	0.0					0.4173511293634497	0.5826488706365502								
3270.0-3272.0 kDa	3270.0	3272.0	0	0.0					0.4173511293634497	0.5826488706365502								
3272.0-3274.0 kDa	3272.0	3274.0	0	0.0					0.4173511293634497	0.5826488706365502								
3274.0-3276.0 kDa	3274.0	3276.0	0	0.0					0.4173511293634497	0.5826488706365502								
3276.0-3278.0 kDa	3276.0	3278.0	0	0.0					0.4173511293634497	0.5826488706365502								
3278.0-3280.0 kDa	3278.0	3280.0	0	0.0					0.4173511293634497	0.5826488706365502								
3280.0-3282.0 kDa	3280.0	3282.0	0	0.0					0.4173511293634497	0.5826488706365502								
3282.0-3284.0 kDa	3282.0	3284.0	0	0.0					0.4173511293634497	0.5826488706365502								
3284.0-3286.0 kDa	3284.0	3286.0	0	0.0					0.4173511293634497	0.5826488706365502								
3286.0-3288.0 kDa	3286.0	3288.0	0	0.0					0.4173511293634497	0.5826488706365502								
3288.0-3290.0 kDa	3288.0	3290.0	0	0.0					0.4173511293634497	0.5826488706365502								
3290.0-3292.0 kDa	3290.0	3292.0	0	0.0					0.4173511293634497	0.5826488706365502								
3292.0-3294.0 kDa	3292.0	3294.0	0	0.0					0.4173511293634497	0.5826488706365502								
3294.0-3296.0 kDa	3294.0	3296.0	0	0.0					0.4173511293634497	0.5826488706365502								
3296.0-3298.0 kDa	3296.0	3298.0	0	0.0					0.4173511293634497	0.5826488706365502								
3298.0-3300.0 kDa	3298.0	3300.0	0	0.0					0.4173511293634497	0.5826488706365502								
3300.0-3302.0 kDa	3300.0	3302.0	0	0.0					0.4173511293634497	0.5826488706365502								
3302.0-3304.0 kDa	3302.0	3304.0	0	0.0					0.4173511293634497	0.5826488706365502								
3304.0-3306.0 kDa	3304.0	3306.0	0	0.0					0.4173511293634497	0.5826488706365502								
3306.0-3308.0 kDa	3306.0	3308.0	0	0.0					0.4173511293634497	0.5826488706365502								
3308.0-3310.0 kDa	3308.0	3310.0	0	0.0					0.4173511293634497	0.5826488706365502								
3310.0-3312.0 kDa	3310.0	3312.0	0	0.0					0.4173511293634497	0.5826488706365502								
3312.0-3314.0 kDa	3312.0	3314.0	0	0.0					0.4173511293634497	0.5826488706365502								
3314.0-3316.0 kDa	3314.0	3316.0	0	0.0					0.4173511293634497	0.5826488706365502								
3316.0-3318.0 kDa	3316.0	3318.0	0	0.0					0.4173511293634497	0.5826488706365502								
3318.0-3320.0 kDa	3318.0	3320.0	0	0.0					0.4173511293634497	0.5826488706365502								
3320.0-3322.0 kDa	3320.0	3322.0	0	0.0					0.4173511293634497	0.5826488706365502								
3322.0-3324.0 kDa	3322.0	3324.0	0	0.0					0.4173511293634497	0.5826488706365502								
3324.0-3326.0 kDa	3324.0	3326.0	0	0.0					0.4173511293634497	0.5826488706365502								
3326.0-3328.0 kDa	3326.0	3328.0	0	0.0					0.4173511293634497	0.5826488706365502								
3328.0-3330.0 kDa	3328.0	3330.0	0	0.0					0.4173511293634497	0.5826488706365502								
3330.0-3332.0 kDa	3330.0	3332.0	0	0.0					0.4173511293634497	0.5826488706365502								
3332.0-3334.0 kDa	3332.0	3334.0	0	0.0					0.4173511293634497	0.5826488706365502								
3334.0-3336.0 kDa	3334.0	3336.0	0	0.0					0.4173511293634497	0.5826488706365502								
3336.0-3338.0 kDa	3336.0	3338.0	0	0.0					0.4173511293634497	0.5826488706365502								
3338.0-3340.0 kDa	3338.0	3340.0	0	0.0					0.4173511293634497	0.5826488706365502								
3340.0-3342.0 kDa	3340.0	3342.0	0	0.0					0.4173511293634497	0.5826488706365502								
3342.0-3344.0 kDa	3342.0	3344.0	0	0.0					0.4173511293634497	0.5826488706365502								
3344.0-3346.0 kDa	3344.0	3346.0	0	0.0					0.4173511293634497	0.5826488706365502								
3346.0-3348.0 kDa	3346.0	3348.0	0	0.0					0.4173511293634497	0.5826488706365502								
3348.0-3350.0 kDa	3348.0	3350.0	0	0.0					0.4173511293634497	0.5826488706365502								
3350.0-3352.0 kDa	3350.0	3352.0	0	0.0					0.4173511293634497	0.5826488706365502								
3352.0-3354.0 kDa	3352.0	3354.0	0	0.0					0.4173511293634497	0.5826488706365502								
3354.0-3356.0 kDa	3354.0	3356.0	0	0.0					0.4173511293634497	0.5826488706365502								
3356.0-3358.0 kDa	3356.0	3358.0	0	0.0					0.4173511293634497	0.5826488706365502								
3358.0-3360.0 kDa	3358.0	3360.0	0	0.0					0.4173511293634497	0.5826488706365502								
3360.0-3362.0 kDa	3360.0	3362.0	0	0.0					0.4173511293634497	0.5826488706365502								
3362.0-3364.0 kDa	3362.0	3364.0	0	0.0					0.4173511293634497	0.5826488706365502								
3364.0-3366.0 kDa	3364.0	3366.0	0	0.0					0.4173511293634497	0.5826488706365502								
3366.0-3368.0 kDa	3366.0	3368.0	0	0.0					0.4173511293634497	0.5826488706365502								
3368.0-3370.0 kDa	3368.0	3370.0	0	0.0					0.4173511293634497	0.5826488706365502								
3370.0-3372.0 kDa	3370.0	3372.0	0	0.0					0.4173511293634497	0.5826488706365502								
3372.0-3374.0 kDa	3372.0	3374.0	0	0.0					0.4173511293634497	0.5826488706365502								
3374.0-3376.0 kDa	3374.0	3376.0	0	0.0					0.4173511293634497	0.5826488706365502								
3376.0-3378.0 kDa	3376.0	3378.0	0	0.0					0.4173511293634497	0.5826488706365502								
3378.0-3380.0 kDa	3378.0	3380.0	0	0.0					0.4173511293634497	0.5826488706365502								
3380.0-3382.0 kDa	3380.0	3382.0	0	0.0					0.4173511293634497	0.5826488706365502								
3382.0-3384.0 kDa	3382.0	3384.0	0	0.0					0.4173511293634497	0.5826488706365502								
3384.0-3386.0 kDa	3384.0	3386.0	0	0.0					0.4173511293634497	0.5826488706365502								
3386.0-3388.0 kDa	3386.0	3388.0	0	0.0					0.4173511293634497	0.5826488706365502								
3388.0-3390.0 kDa	3388.0	3390.0	0	0.0					0.4173511293634497	0.5826488706365502								
3390.0-3392.0 kDa	3390.0	3392.0	0	0.0					0.4173511293634497	0.5826488706365502								
3392.0-3394.0 kDa	3392.0	3394.0	0	0.0					0.4173511293634497	0.5826488706365502								
3394.0-3396.0 kDa	3394.0	3396.0	0	0.0					0.4173511293634497	0.5826488706365502								
3396.0-3398.0 kDa	3396.0	3398.0	0	0.0					0.4173511293634497	0.5826488706365502								
3398.0-3400.0 kDa	3398.0	3400.0	0	0.0					0.4173511293634497	0.5826488706365502								
3400.0-3402.0 kDa	3400.0	3402.0	0	0.0					0.4173511293634497	0.5826488706365502								
3402.0-3404.0 kDa	3402.0	3404.0	0	0.0					0.4173511293634497	0.5826488706365502								
3404.0-3406.0 kDa	3404.0	3406.0	0	0.0					0.4173511293634497	0.5826488706365502								
3406.0-3408.0 kDa	3406.0	3408.0	0	0.0					0.4173511293634497	0.5826488706365502								
3408.0-3410.0 kDa	3408.0	3410.0	0	0.0					0.4173511293634497	0.5826488706365502								
3410.0-3412.0 kDa	3410.0	3412.0	0	0.0					0.4173511293634497	0.5826488706365502								
3412.0-3414.0 kDa	3412.0	3414.0	0	0.0					0.4173511293634497	0.5826488706365502								
3414.0-3416.0 kDa	3414.0	3416.0	0	0.0					0.4173511293634497	0.5826488706365502								
3416.0-3418.0 kDa	3416.0	3418.0	0	0.0					0.4173511293634497	0.5826488706365502								
3418.0-3420.0 kDa	3418.0	3420.0	0	0.0					0.4173511293634497	0.5826488706365502								
3420.0-3422.0 kDa	3420.0	3422.0	0	0.0					0.4173511293634497	0.5826488706365502								
3422.0-3424.0 kDa	3422.0	3424.0	0	0.0					0.4173511293634497	0.5826488706365502								
3424.0-3426.0 kDa	3424.0	3426.0	0	0.0					0.4173511293634497	0.5826488706365502								
3426.0-3428.0 kDa	3426.0	3428.0	0	0.0					0.4173511293634497	0.5826488706365502								
3428.0-3430.0 kDa	3428.0	3430.0	0	0.0					0.4173511293634497	0.5826488706365502								
3430.0-3432.0 kDa	3430.0	3432.0	0	0.0					0.4173511293634497	0.5826488706365502								
3432.0-3434.0 kDa	3432.0	3434.0	0	0.0					0.4173511293634497	0.5826488706365502								
3434.0-3436.0 kDa	3434.0	3436.0	0	0.0					0.4173511293634497	0.5826488706365502								
3436.0-3438.0 kDa	3436.0	3438.0	0	0.0					0.4173511293634497	0.5826488706365502								
3438.0-3440.0 kDa	3438.0	3440.0	0	0.0					0.4173511293634497	0.5826488706365502								
3440.0-3442.0 kDa	3440.0	3442.0	0	0.0					0.4173511293634497	0.5826488706365502								
3442.0-3444.0 kDa	3442.0	3444.0	0	0.0					0.4173511293634497	0.5826488706365502								
3444.0-3446.0 kDa	3444.0	3446.0	0	0.0					0.4173511293634497	0.5826488706365502								
3446.0-3448.0 kDa	3446.0	3448.0	0	0.0					0.4173511293634497	0.5826488706365502								
3448.0-3450.0 kDa	3448.0	3450.0	0	0.0					0.4173511293634497	0.5826488706365502								
3450.0-3452.0 kDa	3450.0	3452.0	0	0.0					0.4173511293634497	0.5826488706365502								
3452.0-3454.0 kDa	3452.0	3454.0	0	0.0					0.4173511293634497	0.5826488706365502								
3454.0-3456.0 kDa	3454.0	3456.0	0	0.0					0.4173511293634497	0.5826488706365502								
3456.0-3458.0 kDa	3456.0	3458.0	0	0.0					0.4173511293634497	0.5826488706365502								
3458.0-3460.0 kDa	3458.0	3460.0	0	0.0					0.4173511293634497	0.5826488706365502								
3460.0-3462.0 kDa	3460.0	3462.0	0	0.0					0.4173511293634497	0.5826488706365502								
3462.0-3464.0 kDa	3462.0	3464.0	0	0.0					0.4173511293634497	0.5826488706365502								
3464.0-3466.0 kDa	3464.0	3466.0	0	0.0					0.4173511293634497	0.5826488706365502								
3466.0-3468.0 kDa	3466.0	3468.0	0	0.0					0.4173511293634497	0.5826488706365502								
3468.0-3470.0 kDa	3468.0	3470.0	0	0.0					0.4173511293634497	0.5826488706365502								
3470.0-3472.0 kDa	3470.0	3472.0	0	0.0					0.4173511293634497	0.5826488706365502								
3472.0-3474.0 kDa	3472.0	3474.0	0	0.0					0.4173511293634497	0.5826488706365502								
3474.0-3476.0 kDa	3474.0	3476.0	0	0.0					0.4173511293634497	0.5826488706365502								
3476.0-3478.0 kDa	3476.0	3478.0	0	0.0					0.4173511293634497	0.5826488706365502								
3478.0-3480.0 kDa	3478.0	3480.0	0	0.0					0.4173511293634497	0.5826488706365502								
3480.0-3482.0 kDa	3480.0	3482.0	0	0.0					0.4173511293634497	0.5826488706365502								
3482.0-3484.0 kDa	3482.0	3484.0	0	0.0					0.4173511293634497	0.5826488706365502								
3484.0-3486.0 kDa	3484.0	3486.0	0	0.0					0.4173511293634497	0.5826488706365502								
3486.0-3488.0 kDa	3486.0	3488.0	0	0.0					0.4173511293634497	0.5826488706365502								
3488.0-3490.0 kDa	3488.0	3490.0	0	0.0					0.4173511293634497	0.5826488706365502								
3490.0-3492.0 kDa	3490.0	3492.0	0	0.0					0.4173511293634497	0.5826488706365502								
3492.0-3494.0 kDa	3492.0	3494.0	0	0.0					0.4173511293634497	0.5826488706365502								
3494.0-3496.0 kDa	3494.0	3496.0	0	0.0					0.4173511293634497	0.5826488706365502								
3496.0-3498.0 kDa	3496.0	3498.0	0	0.0					0.4173511293634497	0.5826488706365502								
3498.0-3500.0 kDa	3498.0	3500.0	0	0.0					0.4173511293634497	0.5826488706365502								
3500.0-3502.0 kDa	3500.0	3502.0	0	0.0					0.4173511293634497	0.5826488706365502								
3502.0-3504.0 kDa	3502.0	3504.0	0	0.0					0.4173511293634497	0.5826488706365502								
3504.0-3506.0 kDa	3504.0	3506.0	0	0.0					0.4173511293634497	0.5826488706365502								
3506.0-3508.0 kDa	3506.0	3508.0	0	0.0					0.4173511293634497	0.5826488706365502								
3508.0-3510.0 kDa	3508.0	3510.0	0	0.0					0.4173511293634497	0.5826488706365502								
3510.0-3512.0 kDa	3510.0	3512.0	0	0.0					0.4173511293634497	0.5826488706365502								
3512.0-3514.0 kDa	3512.0	3514.0	0	0.0					0.4173511293634497	0.5826488706365502								
3514.0-3516.0 kDa	3514.0	3516.0	0	0.0					0.4173511293634497	0.5826488706365502								
3516.0-3518.0 kDa	3516.0	3518.0	0	0.0					0.4173511293634497	0.5826488706365502								
3518.0-3520.0 kDa	3518.0	3520.0	0	0.0					0.4173511293634497	0.5826488706365502								
3520.0-3522.0 kDa	3520.0	3522.0	0	0.0					0.4173511293634497	0.5826488706365502								
3522.0-3524.0 kDa	3522.0	3524.0	0	0.0					0.4173511293634497	0.5826488706365502								
3524.0-3526.0 kDa	3524.0	3526.0	0	0.0					0.4173511293634497	0.5826488706365502								
3526.0-3528.0 kDa	3526.0	3528.0	0	0.0					0.4173511293634497	0.5826488706365502								
3528.0-3530.0 kDa	3528.0	3530.0	0	0.0					0.4173511293634497	0.5826488706365502								
3530.0-3532.0 kDa	3530.0	3532.0	0	0.0					0.4173511293634497	0.5826488706365502								
3532.0-3534.0 kDa	3532.0	3534.0	0	0.0					0.4173511293634497	0.5826488706365502								
3534.0-3536.0 kDa	3534.0	3536.0	0	0.0					0.4173511293634497	0.5826488706365502								
3536.0-3538.0 kDa	3536.0	3538.0	0	0.0					0.4173511293634497	0.5826488706365502								
3538.0-3540.0 kDa	3538.0	3540.0	0	0.0					0.4173511293634497	0.5826488706365502								
3540.0-3542.0 kDa	3540.0	3542.0	0	0.0					0.4173511293634497	0.5826488706365502								
3542.0-3544.0 kDa	3542.0	3544.0	0	0.0					0.4173511293634497	0.5826488706365502								
3544.0-3546.0 kDa	3544.0	3546.0	0	0.0					0.4173511293634497	0.5826488706365502								
3546.0-3548.0 kDa	3546.0	3548.0	0	0.0					0.4173511293634497	0.5826488706365502								
3548.0-3550.0 kDa	3548.0	3550.0	0	0.0					0.4173511293634497	0.5826488706365502								
3550.0-3552.0 kDa	3550.0	3552.0	0	0.0					0.4173511293634497	0.5826488706365502								
3552.0-3554.0 kDa	3552.0	3554.0	0	0.0					0.4173511293634497	0.5826488706365502								
3554.0-3556.0 kDa	3554.0	3556.0	0	0.0					0.4173511293634497	0.5826488706365502								
3556.0-3558.0 kDa	3556.0	3558.0	0	0.0					0.4173511293634497	0.5826488706365502								
3558.0-3560.0 kDa	3558.0	3560.0	0	0.0					0.4173511293634497	0.5826488706365502								
3560.0-3562.0 kDa	3560.0	3562.0	0	0.0					0.4173511293634497	0.5826488706365502								
3562.0-3564.0 kDa	3562.0	3564.0	0	0.0					0.4173511293634497	0.5826488706365502								
3564.0-3566.0 kDa	3564.0	3566.0	0	0.0					0.4173511293634497	0.5826488706365502								
3566.0-3568.0 kDa	3566.0	3568.0	0	0.0					0.4173511293634497	0.5826488706365502								
3568.0-3570.0 kDa	3568.0	3570.0	0	0.0					0.4173511293634497	0.5826488706365502								
3570.0-3572.0 kDa	3570.0	3572.0	0	0.0					0.4173511293634497	0.5826488706365502								
3572.0-3574.0 kDa	3572.0	3574.0	0	0.0					0.4173511293634497	0.5826488706365502								
3574.0-3576.0 kDa	3574.0	3576.0	0	0.0					0.4173511293634497	0.5826488706365502								
3576.0-3578.0 kDa	3576.0	3578.0	0	0.0					0.4173511293634497	0.5826488706365502								
3578.0-3580.0 kDa	3578.0	3580.0	0	0.0					0.4173511293634497	0.5826488706365502								
3580.0-3582.0 kDa	3580.0	3582.0	0	0.0					0.4173511293634497	0.5826488706365502								
3582.0-3584.0 kDa	3582.0	3584.0	0	0.0					0.4173511293634497	0.5826488706365502								
3584.0-3586.0 kDa	3584.0	3586.0	0	0.0					0.4173511293634497	0.5826488706365502								
3586.0-3588.0 kDa	3586.0	3588.0	0	0.0					0.4173511293634497	0.5826488706365502								
3588.0-3590.0 kDa	3588.0	3590.0	0	0.0					0.4173511293634497	0.5826488706365502								
3590.0-3592.0 kDa	3590.0	3592.0	0	0.0					0.4173511293634497	0.5826488706365502								
3592.0-3594.0 kDa	3592.0	3594.0	0	0.0					0.4173511293634497	0.5826488706365502								
3594.0-3596.0 kDa	3594.0	3596.0	0	0.0					0.4173511293634497	0.5826488706365502								
3596.0-3598.0 kDa	3596.0	3598.0	0	0.0					0.4173511293634497	0.5826488706365502								
3598.0-3600.0 kDa	3598.0	3600.0	0	0.0					0.4173511293634497	0.5826488706365502								
3600.0-3602.0 kDa	3600.0	3602.0	0	0.0					0.4173511293634497	0.5826488706365502								
3602.0-3604.0 kDa	3602.0	3604.0	0	0.0					0.4173511293634497	0.5826488706365502								
3604.0-3606.0 kDa	3604.0	3606.0	0	0.0					0.4173511293634497	0.5826488706365502								
3606.0-3608.0 kDa	3606.0	3608.0	0	0.0					0.4173511293634497	0.5826488706365502								
3608.0-3610.0 kDa	3608.0	3610.0	0	0.0					0.4173511293634497	0.5826488706365502								
3610.0-3612.0 kDa	3610.0	3612.0	0	0.0					0.4173511293634497	0.5826488706365502								
3612.0-3614.0 kDa	3612.0	3614.0	0	0.0					0.4173511293634497	0.5826488706365502								
3614.0-3616.0 kDa	3614.0	3616.0	1	0.5	1.0	1.0	0.0	1.0	0.8395790554414785	0.16042094455852152	3615.8311157789167	1.0	1.0	0.0	0.0	-0.0	1.0	28.53449179997733
3616.0-3618.0 kDa	3616.0	3618.0	0	0.0					0.4173511293634497	0.5826488706365502								
3618.0-3620.0 kDa	3618.0	3620.0	0	0.0					0.4173511293634497	0.5826488706365502								
3620.0-3622.0 kDa	3620.0	3622.0	0	0.0					0.4173511293634497	0.5826488706365502								
3622.0-3624.0 kDa	3622.0	3624.0	0	0.0					0.4173511293634497	0.5826488706365502								
3624.0-3626.0 kDa	3624.0	3626.0	0	0.0					0.4173511293634497	0.5826488706365502								
3626.0-3628.0 kDa	3626.0	3628.0	0	0.0					0.4173511293634497	0.5826488706365502								
3628.0-3630.0 kDa	3628.0	3630.0	0	0.0					0.4173511293634497	0.5826488706365502								
3630.0-3632.0 kDa	3630.0	3632.0	0	0.0					0.4173511293634497	0.5826488706365502								
3632.0-3634.0 kDa	3632.0	3634.0	0	0.0					0.4173511293634497	0.5826488706365502								
3634.0-3636.0 kDa	3634.0	3636.0	0	0.0					0.4173511293634497	0.5826488706365502								
3636.0-3638.0 kDa	3636.0	3638.0	0	0.0					0.4173511293634497	0.5826488706365502								
3638.0-3640.0 kDa	3638.0	3640.0	0	0.0					0.4173511293634497	0.5826488706365502								
3640.0-3642.0 kDa	3640.0	3642.0	0	0.0					0.4173511293634497	0.5826488706365502								
3642.0-3644.0 kDa	3642.0	3644.0	0	0.0					0.4173511293634497	0.5826488706365502								
3644.0-3646.0 kDa	3644.0	3646.0	2	1.0	1.9211490563939464	1.9211490563939464	0.6529234739016563	0.5205218182690257	0.8506160164271047	0.14938398357289528	3644.903699578892	2.0	2.0	0.5604103470945394	0.5604103470945394	0.6529234739016563	0.5205218182690257	1.0761839999959193
3646.0-3648.0 kDa	3646.0	3648.0	0	0.0					0.4173511293634497	0.5826488706365502								
3648.0-3650.0 kDa	3648.0	3650.0	0	0.0					0.4173511293634497	0.5826488706365502								
3650.0-3652.0 kDa	3650.0	3652.0	0	0.0					0.4173511293634497	0.5826488706365502								
3652.0-3654.0 kDa	3652.0	3654.0	0	0.0					0.4173511293634497	0.5826488706365502								
3654.0-3656.0 kDa	3654.0	3656.0	1	0.5	1.0	1.0	0.0	1.0	0.8395790554414785	0.16042094455852152	3654.965826178883	1.0	1.0	0.0	0.0	-0.0	1.0	9.524034599993229
3656.0-3658.0 kDa	3656.0	3658.0	0	0.0					0.4173511293634497	0.5826488706365502								
3658.0-3660.0 kDa	3658.0	3660.0	0	0.0					0.4173511293634497	0.5826488706365502								
3660.0-3662.0 kDa	3660.0	3662.0	0	0.0					0.4173511293634497	0.5826488706365502								
3662.0-3664.0 kDa	3662.0	3664.0	0	0.0					0.4173511293634497	0.5826488706365502								
3664.0-3666.0 kDa	3664.0	3666.0	0	0.0					0.4173511293634497	0.5826488706365502								
3666.0-3668.0 kDa	3666.0	3668.0	0	0.0					0.4173511293634497	0.5826488706365502								
3668.0-3670.0 kDa	3668.0	3670.0	0	0.0					0.4173511293634497	0.5826488706365502								
3670.0-3672.0 kDa	3670.0	3672.0	0	0.0					0.4173511293634497	0.5826488706365502								
3672.0-3674.0 kDa	3672.0	3674.0	0	0.0					0.4173511293634497	0.5826488706365502								
3674.0-3676.0 kDa	3674.0	3676.0	0	0.0					0.4173511293634497	0.5826488706365502								
3676.0-3678.0 kDa	3676.0	3678.0	0	0.0					0.4173511293634497	0.5826488706365502								
3678.0-3680.0 kDa	3678.0	3680.0	0	0.0					0.4173511293634497	0.5826488706365502								
3680.0-3682.0 kDa	3680.0	3682.0	0	0.0					0.4173511293634497	0.5826488706365502								
3682.0-3684.0 kDa	3682.0	3684.0	0	0.0					0.4173511293634497	0.5826488706365502								
3684.0-3686.0 kDa	3684.0	3686.0	1	0.5	1.0	1.0	0.0	1.0	0.8395790554414785	0.16042094455852152	3684.946067278858	1.0	1.0	0.0	0.0	-0.0	1.0	20.747236899987456
3686.0-3688.0 kDa	3686.0	3688.0	0	0.0					0.4173511293634497	0.5826488706365502								
3688.0-3690.0 kDa	3688.0	3690.0	0	0.0					0.4173511293634497	0.5826488706365502								
3690.0-3692.0 kDa	3690.0	3692.0	0	0.0					0.4173511293634497	0.5826488706365502								
3692.0-3694.0 kDa	3692.0	3694.0	0	0.0					0.4173511293634497	0.5826488706365502								
3694.0-3696.0 kDa	3694.0	3696.0	0	0.0					0.4173511293634497	0.5826488706365502								
3696.0-3698.0 kDa	3696.0	3698.0	0	0.0					0.4173511293634497	0.5826488706365502								
3698.0-3700.0 kDa	3698.0	3700.0	0	0.0					0.4173511293634497	0.5826488706365502								
3700.0-3702.0 kDa	3700.0	3702.0	0	0.0					0.4173511293634497	0.5826488706365502								
3702.0-3704.0 kDa	3702.0	3704.0	0	0.0					0.4173511293634497	0.5826488706365502								
3704.0-3706.0 kDa	3704.0	3706.0	1	0.5	1.0	1.0	0.0	1.0	0.8395790554414785	0.16042094455852152	3705.6933041788457	1.0	1.0	0.0	0.0	-0.0	1.0	9.043787399993562
3706.0-3708.0 kDa	3706.0	3708.0	0	0.0					0.4173511293634497	0.5826488706365502								
3708.0-3710.0 kDa	3708.0	3710.0	0	0.0					0.4173511293634497	0.5826488706365502								
3710.0-3712.0 kDa	3710.0	3712.0	0	0.0					0.4173511293634497	0.5826488706365502								
3712.0-3714.0 kDa	3712.0	3714.0	0	0.0					0.4173511293634497	0.5826488706365502								
3714.0-3716.0 kDa	3714.0	3716.0	1	0.5	1.0	1.0	0.0	1.0	0.8395790554414785	0.16042094455852152	3714.737091578839	1.0	1.0	0.0	0.0	-0.0	1.0	9.043787399993562
3716.0-3718.0 kDa	3716.0	3718.0	0	0.0					0.4173511293634497	0.5826488706365502								
3718.0-3720.0 kDa	3718.0	3720.0	0	0.0					0.4173511293634497	0.5826488706365502								
3720.0-3722.0 kDa	3720.0	3722.0	0	0.0					0.4173511293634497	0.5826488706365502								
3722.0-3724.0 kDa	3722.0	3724.0	0	0.0					0.4173511293634497	0.5826488706365502								
3724.0-3726.0 kDa	3724.0	3726.0	0	0.0					0.4173511293634497	0.5826488706365502								
3726.0-3728.0 kDa	3726.0	3728.0	0	0.0					0.4173511293634497	0.5826488706365502								
3728.0-3730.0 kDa	3728.0	3730.0	0	0.0					0.4173511293634497	0.5826488706365502								
3730.0-3732.0 kDa	3730.0	3732.0	0	0.0					0.4173511293634497	0.5826488706365502								
3732.0-3734.0 kDa	3732.0	3734.0	0	0.0					0.4173511293634497	0.5826488706365502								
3734.0-3736.0 kDa	3734.0	3736.0	0	0.0					0.4173511293634497	0.5826488706365502								
3736.0-3738.0 kDa	3736.0	3738.0	0	0.0					0.4173511293634497	0.5826488706365502								
3738.0-3740.0 kDa	3738.0	3740.0	0	0.0					0.4173511293634497	0.5826488706365502								
3740.0-3742.0 kDa	3740.0	3742.0	0	0.0					0.4173511293634497	0.5826488706365502								
3742.0-3744.0 kDa	3742.0	3744.0	0	0.0					0.4173511293634497	0.5826488706365502								
3744.0-3746.0 kDa	3744.0	3746.0	0	0.0					0.4173511293634497	0.5826488706365502								
3746.0-3748.0 kDa	3746.0	3748.0	0	0.0					0.4173511293634497	0.5826488706365502								
3748.0-3750.0 kDa	3748.0	3750.0	0	0.0					0.4173511293634497	0.5826488706365502								
3750.0-3752.0 kDa	3750.0	3752.0	0	0.0					0.4173511293634497	0.5826488706365502								
3752.0-3754.0 kDa	3752.0	3754.0	0	0.0					0.4173511293634497	0.5826488706365502								
3754.0-3756.0 kDa	3754.0	3756.0	0	0.0					0.4173511293634497	0.5826488706365502								
3756.0-3758.0 kDa	3756.0	3758.0	0	0.0					0.4173511293634497	0.5826488706365502								
3758.0-3760.0 kDa	3758.0	3760.0	0	0.0					0.4173511293634497	0.5826488706365502								
3760.0-3762.0 kDa	3760.0	3762.0	0	0.0					0.4173511293634497	0.5826488706365502								
3762.0-3764.0 kDa	3762.0	3764.0	0	0.0					0.4173511293634497	0.5826488706365502								
3764.0-3766.0 kDa	3764.0	3766.0	0	0.0					0.4173511293634497	0.5826488706365502								
3766.0-3768.0 kDa	3766.0	3768.0	0	0.0					0.4173511293634497	0.5826488706365502								
3768.0-3770.0 kDa	3768.0	3770.0	0	0.0					0.4173511293634497	0.5826488706365502								
3770.0-3772.0 kDa	3770.0	3772.0	0	0.0					0.4173511293634497	0.5826488706365502								
3772.0-3774.0 kDa	3772.0	3774.0	0	0.0					0.4173511293634497	0.5826488706365502								
3774.0-3776.0 kDa	3774.0	3776.0	0	0.0					0.4173511293634497	0.5826488706365502								
3776.0-3778.0 kDa	3776.0	3778.0	0	0.0					0.4173511293634497	0.5826488706365502								
3778.0-3780.0 kDa	3778.0	3780.0	0	0.0					0.4173511293634497	0.5826488706365502								
3780.0-3782.0 kDa	3780.0	3782.0	0	0.0					0.4173511293634497	0.5826488706365502								
3782.0-3784.0 kDa	3782.0	3784.0	0	0.0					0.4173511293634497	0.5826488706365502								
3784.0-3786.0 kDa	3784.0	3786.0	0	0.0					0.4173511293634497	0.5826488706365502								
3786.0-3788.0 kDa	3786.0	3788.0	0	0.0					0.4173511293634497	0.5826488706365502								
3788.0-3790.0 kDa	3788.0	3790.0	0	0.0					0.4173511293634497	0.5826488706365502								
3790.0-3792.0 kDa	3790.0	3792.0	0	0.0					0.4173511293634497	0.5826488706365502								
3792.0-3794.0 kDa	3792.0	3794.0	0	0.0					0.4173511293634497	0.5826488706365502								
3794.0-3796.0 kDa	3794.0	3796.0	0	0.0					0.4173511293634497	0.5826488706365502								
3796.0-3798.0 kDa	3796.0	3798.0	0	0.0					0.4173511293634497	0.5826488706365502								
3798.0-3800.0 kDa	3798.0	3800.0	0	0.0					0.4173511293634497	0.5826488706365502								
3800.0-3802.0 kDa	3800.0	3802.0	0	0.0					0.4173511293634497	0.5826488706365502								
3802.0-3804.0 kDa	3802.0	3804.0	0	0.0					0.4173511293634497	0.5826488706365502								
3804.0-3806.0 kDa	3804.0	3806.0	0	0.0					0.4173511293634497	0.5826488706365502								
3806.0-3808.0 kDa	3806.0	3808.0	0	0.0					0.4173511293634497	0.5826488706365502								
3808.0-3810.0 kDa	3808.0	3810.0	0	0.0					0.4173511293634497	0.5826488706365502								
3810.0-3812.0 kDa	3810.0	3812.0	0	0.0					0.4173511293634497	0.5826488706365502								
3812.0-3814.0 kDa	3812.0	3814.0	0	0.0					0.4173511293634497	0.5826488706365502								
3814.0-3816.0 kDa	3814.0	3816.0	0	0.0					0.4173511293634497	0.5826488706365502								
3816.0-3818.0 kDa	3816.0	3818.0	0	0.0					0.4173511293634497	0.5826488706365502								
3818.0-3820.0 kDa	3818.0	3820.0	0	0.0					0.4173511293634497	0.5826488706365502								
3820.0-3822.0 kDa	3820.0	3822.0	1	0.5	1.0	1.0	0.0	1.0	0.8395790554414785	0.16042094455852152	3820.160502578778	1.0	1.0	0.0	0.0	-0.0	1.0	20.310733799995432
3822.0-3824.0 kDa	3822.0	3824.0	0	0.0					0.4173511293634497	0.5826488706365502								
3824.0-3826.0 kDa	3824.0	3826.0	0	0.0					0.4173511293634497	0.5826488706365502								
3826.0-3828.0 kDa	3826.0	3828.0	0	0.0					0.4173511293634497	0.5826488706365502								
3828.0-3830.0 kDa	3828.0	3830.0	0	0.0					0.4173511293634497	0.5826488706365502								
3830.0-3832.0 kDa	3830.0	3832.0	0	0.0					0.4173511293634497	0.5826488706365502								
3832.0-3834.0 kDa	3832.0	3834.0	0	0.0					0.4173511293634497	0.5826488706365502								
3834.0-3836.0 kDa	3834.0	3836.0	0	0.0					0.4173511293634497	0.5826488706365502								
3836.0-3838.0 kDa	3836.0	3838.0	0	0.0					0.4173511293634497	0.5826488706365502								
3838.0-3840.0 kDa	3838.0	3840.0	0	0.0					0.4173511293634497	0.5826488706365502								
3840.0-3842.0 kDa	3840.0	3842.0	1	0.5	1.0	1.0	0.0	1.0	0.8395790554414785	0.16042094455852152	3840.4712363787735	1.0	1.0	0.0	0.0	-0.0	1.0	20.310733799995432
3842.0-3844.0 kDa	3842.0	3844.0	0	0.0					0.4173511293634497	0.5826488706365502								
3844.0-3846.0 kDa	3844.0	3846.0	0	0.0					0.4173511293634497	0.5826488706365502								
3846.0-3848.0 kDa	3846.0	3848.0	0	0.0					0.4173511293634497	0.5826488706365502								
3848.0-3850.0 kDa	3848.0	3850.0	0	0.0					0.4173511293634497	0.5826488706365502								
3850.0-3852.0 kDa	3850.0	3852.0	0	0.0					0.4173511293634497	0.5826488706365502								
3852.0-3854.0 kDa	3852.0	3854.0	0	0.0					0.4173511293634497	0.5826488706365502								
3854.0-3856.0 kDa	3854.0	3856.0	0	0.0					0.4173511293634497	0.5826488706365502								
3856.0-3858.0 kDa	3856.0	3858.0	0	0.0					0.4173511293634497	0.5826488706365502								
3858.0-3860.0 kDa	3858.0	3860.0	0	0.0					0.4173511293634497	0.5826488706365502								
3860.0-3862.0 kDa	3860.0	3862.0	0	0.0					0.4173511293634497	0.5826488706365502								
3862.0-3864.0 kDa	3862.0	3864.0	0	0.0					0.4173511293634497	0.5826488706365502								
3864.0-3866.0 kDa	3864.0	3866.0	0	0.0					0.4173511293634497	0.5826488706365502								
3866.0-3868.0 kDa	3866.0	3868.0	0	0.0					0.4173511293634497	0.5826488706365502								
3868.0-3870.0 kDa	3868.0	3870.0	0	0.0					0.4173511293634497	0.5826488706365502								
3870.0-3872.0 kDa	3870.0	3872.0	0	0.0					0.4173511293634497	0.5826488706365502								
3872.0-3874.0 kDa	3872.0	3874.0	0	0.0					0.4173511293634497	0.5826488706365502								
3874.0-3876.0 kDa	3874.0	3876.0	0	0.0					0.4173511293634497	0.5826488706365502								
3876.0-3878.0 kDa	3876.0	3878.0	0	0.0					0.4173511293634497	0.5826488706365502								
3878.0-3880.0 kDa	3878.0	3880.0	0	0.0					0.4173511293634497	0.5826488706365502								
3880.0-3882.0 kDa	3880.0	3882.0	0	0.0					0.4173511293634497	0.5826488706365502								
3882.0-3884.0 kDa	3882.0	3884.0	0	0.0					0.4173511293634497	0.5826488706365502								
3884.0-3886.0 kDa	3884.0	3886.0	0	0.0					0.4173511293634497	0.5826488706365502								
3886.0-3888.0 kDa	3886.0	3888.0	0	0.0					0.4173511293634497	0.5826488706365502								
3888.0-3890.0 kDa	3888.0	3890.0	0	0.0					0.4173511293634497	0.5826488706365502								
3890.0-3892.0 kDa	3890.0	3892.0	0	0.0					0.4173511293634497	0.5826488706365502								
3892.0-3894.0 kDa	3892.0	3894.0	0	0.0					0.4173511293634497	0.5826488706365502								
3894.0-3896.0 kDa	3894.0	3896.0	1	0.5	1.0	1.0	0.0	1.0	0.8395790554414785	0.16042094455852152	3895.525057078744	1.0	1.0	0.0	0.0	-0.0	1.0	55.0538206999704
