mw_bin_label	bin_start_kda	bin_end_kda	protein_count	protein_density_per_kda	mean_effective_candidates	median_effective_candidates	mean_identity_entropy_nats	mean_discriminability	ambiguity_percentile	auditability_percentile	mean_mw_kda	median_window_count	mean_window_count	median_gaussian_ambiguity	mean_gaussian_ambiguity	median_identity_entropy_nats	median_discriminability	median_nearest_neighbor_gap_kda
0.0-2.0 kDa	0.0	2.0	61	30.5	126.72181066805301	130.3887040677543	4.840054755013645	0.007922584904997502	0.9672466734902764	0.032753326509723624	1.5475001160655737	133.0	129.78688524590163	107.9871642027169	98.46567578994258	4.870520020493086	0.007669376018035786	0.007976299999999936
2.0-4.0 kDa	2.0	4.0	79	39.5	138.82711887081464	137.85517311832467	4.93295499571499	0.007207149382481604	0.9698055271238485	0.030194472876151512	2.6117344989873414	140.0	139.86075949367088	111.07773388521002	97.80745236348761	4.926203663920737	0.007253989657259173	0.006006300000000131
4.0-6.0 kDa	4.0	6.0	41	20.5	160.09699236381772	153.14225879455853	5.069523589146039	0.006324290247731206	0.9708290685772774	0.029170931422722646	5.317191482439024	127.0	134.4878048780488	76.07531684523485	80.14717922086587	5.031367285442717	0.006529876259311986	0.011073199999999339
6.0-8.0 kDa	6.0	8.0	138	69.0	312.6755323620684	321.65073105827196	5.721101299451518	0.0033606058541944543	0.9779938587512794	0.02200614124872058	7.165120166956521	302.5	291.19565217391306	188.57744709610307	182.12083019929062	5.773458863990812	0.003109008365136717	0.0038240000000038243
8.0-10.0 kDa	8.0	10.0	238	119.0	595.3159209986691	601.9583949009518	6.375662208220514	0.0017263698000013407	0.9861821903787104	0.013817809621289645	9.080205368235294	577.5	565.7142857142857	348.12102109806904	348.29451098948954	6.400187977949814	0.001661245553666158	0.00343520000000197
10.0-12.0 kDa	10.0	12.0	467	233.5	1001.8146733293202	1013.2858501148049	6.898751837331343	0.0010203392178208517	0.9923234390992836	0.007676560900716445	10.996623550663815	1000.0	978.4625267665953	587.977195571128	598.5116039040965	6.9209536461949295	0.0009868883493110068	0.001490099999996275
12.0-14.0 kDa	12.0	14.0	745	372.5	1208.5755505530005	1210.607617122278	7.097190177241149	0.0008274328452537851	0.9969293756397134	0.0030706243602866	12.962447111275173	1208.0	1210.4939597315436	832.7131634807969	819.741945194145	7.09887767546016	0.000826031478619876	0.00092549999999747
14.0-16.0 kDa	14.0	16.0	436	218.0	1080.744647319289	1084.9632472420312	6.982691477992453	0.0009303511522073116	0.9948822927328557	0.0051177072671443335	14.936586849724781	1015.5	1029.9747706422017	591.8900877768604	611.0178345224881	6.989301363387845	0.0009216902595997468	0.0015785499999942942
16.0-18.0 kDa	16.0	18.0	461	230.5	929.7819124147359	927.2589646469493	6.834895096735611	0.0010756390228983032	0.9897645854657113	0.010235414534288667	17.031015562863352	891.0	889.587852494577	564.7939966785696	563.3121210238274	6.83223288431644	0.001078447378916144	0.0017046000000107142
18.0-20.0 kDa	18.0	20.0	448	224.0	1011.706535391362	1011.2418233628639	6.918812805157003	0.0009895791935015399	0.9928352098259979	0.007164790174002067	18.999161384017867	982.0	972.5066964285714	592.164431261124	598.3665759972173	6.918934378148781	0.000988883159233229	0.0015840500000035007
20.0-22.0 kDa	20.0	22.0	585	292.5	1114.6036416933864	1110.1564585589888	7.015935913685308	0.0008977503315743654	0.9959058341862845	0.004094165813715467	21.01920131863249	1079.0	1086.8529914529915	698.1186670289367	692.0635293015596	7.012256238030093	0.000900773933521069	0.0011790000000004852
22.0-24.0 kDa	22.0	24.0	556	278.0	1213.5452167350966	1217.7240418051042	7.1010975590735415	0.0008243685807043182	0.9974411463664279	0.0025588536335721113	23.003227712553965	1169.0	1171.9892086330935	716.2232985129945	722.0919918551468	7.104738855902058	0.0008212041199318456	0.0013109999999905142
24.0-26.0 kDa	24.0	26.0	666	333.0	1255.5159458124313	1256.3144214823978	7.135300342302024	0.000796487754174842	0.9979529170931423	0.0020470829068577334	25.04498145192193	1224.0	1227.1381381381382	787.4624469574868	784.2925526649926	7.13593765127056	0.0007959790820741205	0.0010494000000065284
26.0-28.0 kDa	26.0	28.0	559	279.5	1201.829713285069	1208.962563031786	7.091062735313475	0.0008329644674602916	0.996417604912999	0.003582395087000978	26.98944291363149	1170.0	1172.2432915921288	727.2062249296728	728.6135243480873	7.097517884901105	0.0008271554724508935	0.0013212000000208945
28.0-30.0 kDa	28.0	30.0	506	253.0	1070.1224739588129	1064.0982064084726	6.975242338386636	0.000935005258369368	0.9943705220061413	0.005629477993858711	28.95435637367589	1017.0	1026.5810276679842	638.6119780902269	640.7133262033987	6.9698829646348655	0.0009397628851402453	0.0012260499999978691
30.0-32.0 kDa	30.0	32.0	490	245.0	1064.0139241307877	1039.224191067894	6.968943132691655	0.0009414274449330993	0.9938587512794268	0.0061412487205732	31.00961085979592	989.0	989.5448979591837	615.9548490564234	620.3788237658567	6.9462297435008935	0.0009622562762314896	0.0013314000000050896
32.0-34.0 kDa	32.0	34.0	545	272.5	1768.5978947380145	1814.099056145769	7.460950908848972	0.0005855416212411093	0.9989764585465711	0.0010235414534288667	33.05407233908257	1680.0	1652.783486238532	897.913490559569	934.3407877128059	7.503344235659268	0.0005512378150532738	0.0012825999999961368
34.0-36.0 kDa	34.0	36.0	1722	861.0	2367.7794938491106	2387.0206345251036	7.76952580585532	0.0004224918039568061	1.0	0.0	35.04853475067363	2423.0	2402.1085946573753	1744.3180991295899	1705.093976883839	7.777801270827357	0.0004189322813432546	0.00038930000000547693
36.0-38.0 kDa	36.0	38.0	734	367.0	2029.8210927776104	2093.795215171771	7.60439039508042	0.000504233596708252	0.9994882292732856	0.0005117707267143778	36.949402651117154	2059.5	1965.1198910081744	1114.6702031192467	1151.61804328534	7.646733576416143	0.00047760163993780064	0.0009563999999784301
38.0-40.0 kDa	38.0	40.0	553	276.5	1277.1489268468436	1254.3680276026153	7.150053617986926	0.0007866100025576243	0.9984646878198568	0.0015353121801432446	38.91914193569618	1177.0	1180.48643761302	727.3768362453853	735.7167802901776	7.134387161071868	0.0007972141971054772	0.0011394000000279902
40.0-42.0 kDa	40.0	42.0	551	275.5	1107.2764292322413	1102.620029597087	7.009460677179617	0.000903473061653379	0.9953940634595702	0.004605936540429845	41.009562658947345	1069.0	1069.4410163339383	676.0880462911722	675.6565575410921	7.0054444717778965	0.0009069307405611107	0.001332300000079556
42.0-44.0 kDa	42.0	44.0	503	251.5	1047.1701464591167	1050.2912948490243	6.953654529454156	0.000955322884666383	0.9933469805527124	0.006653019447287578	42.94717197025842	1023.0	1017.1630218687873	634.7640909762143	634.4676400418169	6.956822828342477	0.0009521168126445783	0.0011951999999837426
44.0-46.0 kDa	44.0	46.0	451	225.5	989.8352041610965	989.2686924305683	6.897528884655453	0.0010102885040863233	0.9918116683725691	0.008188331627430934	44.96233807423499	951.0	949.4057649667405	587.5144363864194	588.480271919	6.89696597564483	0.0010108477177651965	0.0016193999999600805
46.0-48.0 kDa	46.0	48.0	510	255.0	955.2322210981214	949.9440766212626	6.861880481820935	0.0010470202593118373	0.9907881269191402	0.0092118730808598	46.97625434882348	926.0	930.5333333333333	601.4980047532888	595.8498693062909	6.856403111478631	0.0010526935573874413	0.0014154000000452527
48.0-50.0 kDa	48.0	50.0	430	215.0	905.0223385319972	900.3529397848657	6.807546544366578	0.0011058561514704563	0.9887410440122825	0.011258955987717534	49.05436429046507	854.0	871.060465116279	533.221808834885	538.3378732753775	6.802786841716176	0.0011106755539029502	0.0016781000000030133
50.0-52.0 kDa	50.0	52.0	408	204.0	904.0956769626669	910.3106732464742	6.806826636118751	0.001106318686620264	0.9882292732855681	0.011770726714431912	51.04511394348034	880.0	871.1176470588235	535.8422318317917	539.7577223239731	6.813785940347151	0.0010985260631715763	0.0015824500000576336
52.0-54.0 kDa	52.0	54.0	469	234.5	944.2512059210612	945.5853254913224	6.850258725102705	0.0010593233786946419	0.9902763561924258	0.009723643807574178	52.99395815206816	927.0	918.2515991471215	582.4026213236684	579.7137033639235	6.851804127803966	0.0010575460225975947	0.0014344000000150459
54.0-56.0 kDa	54.0	56.0	473	236.5	958.1803920397506	956.9597379098502	6.865032180188411	0.0010436529117424068	0.9912998976458547	0.008700102354145312	54.99936114004221	929.0	929.3636363636364	583.082711430986	582.0617792175481	6.863761319418357	0.0010449760427582422	0.0013501999999405712
56.0-58.0 kDa	56.0	58.0	475	237.5	919.0068396435361	920.5375560525297	6.822933929449636	0.0010889147058466364	0.989252814738997	0.010747185261003045	57.05962076105255	892.0	895.4757894736842	568.8278715016847	565.3230227267014	6.8249577994633706	0.0010863217838587955	0.0013872999999833269
58.0-60.0 kDa	58.0	60.0	378	189.0	838.5050852061006	844.2738773229488	6.730928993027903	0.0011942588662212374	0.9877175025588536	0.0122824974411464	59.01131290830679	819.5	813.8015873015873	501.3416233328557	504.52395501469516	6.738476729105234	0.0011844502725478464	0.0020177000000174417
60.0-62.0 kDa	60.0	62.0	358	179.0	735.4720371002709	736.6666219536182	6.599993873564517	0.00136108394405107	0.9872057318321392	0.012794268167860778	60.96809125094963	715.0	709.7653631284916	445.40852564652846	444.62839343840733	6.602135443329969	0.0013574661506755563	0.0021614999999854945
62.0-64.0 kDa	62.0	64.0	318	159.0	647.7846574937251	645.395308600071	6.472900272706091	0.0015457510599619269	0.9866939611054247	0.013306038894575267	62.995454096352105	616.0	626.0283018867924	394.11259811712796	392.9609250296291	6.469862989199409	0.0015494380413028366	0.0021473999999415128
64.0-66.0 kDa	64.0	66.0	274	137.0	583.7880063053725	582.5641561019263	6.36902224547016	0.0017147179617467072	0.9856704196519959	0.014329580348004134	65.01855234824806	565.0	564.1350364963504	346.6240170473611	349.3464595304575	6.3674392278094825	0.0017165494497357835	0.0027156000000303493
66.0-68.0 kDa	66.0	68.0	259	129.5	539.0799961122283	539.6034347528033	6.289755445850886	0.00185541499337874	0.9851586489252815	0.014841351074718512	66.98035705258677	525.0	520.6679536679536	326.8665696176074	326.257219191977	6.290834489681769	0.001853212814440494	0.002529599999732568
68.0-70.0 kDa	68.0	70.0	238	119.0	518.2930052069357	518.902327959973	6.250515860969648	0.001929506623366209	0.984646878198567	0.015353121801433	68.98071422285707	499.5	500.46638655462186	309.5485316663985	310.0276429790158	6.251715672666144	0.0019271449484515872	0.0027017499999999472
70.0-72.0 kDa	70.0	72.0	253	126.5	500.6325079268401	500.9931115873397	6.215821006372573	0.0019976783319611605	0.9841351074718526	0.01586489252814738	70.93277376893278	488.0	486.7154150197629	310.73051444284124	308.1230315945932	6.2165923516636745	0.0019960354281750776	0.002815499999996973
72.0-74.0 kDa	72.0	74.0	223	111.5	472.18754823856926	474.6570632458971	6.157007285807	0.0021193735865514506	0.9836233367451381	0.016376663254861867	72.95868188986546	459.0	457.8206278026906	281.94807536233003	283.32130677948265	6.162592571173365	0.0021067841973352198	0.0031648999999731586
74.0-76.0 kDa	74.0	76.0	202	101.0	441.220926197869	441.45357828761206	6.089519981877402	0.0022665552903640153	0.9831115660184238	0.016888433981576245	74.854492720099	427.0	427.28712871287127	266.3307697630899	266.2878568244113	6.090072869045745	0.0022652438427078394	0.0034856999999988147
76.0-78.0 kDa	76.0	78.0	224	112.0	422.0737074756743	421.7307442934688	6.045151972585499	0.002369386836641504	0.9825997952917093	0.017400204708290734	76.94996055767861	406.0	407.0267857142857	255.46738733481078	254.7168938797873	6.044367063052173	0.0023711811738323014	0.003359000000131118
78.0-80.0 kDa	78.0	80.0	199	99.5	418.83106237052294	419.8824967097555	6.037416190885574	0.0023878434639463546	0.9820880245649949	0.017911975435005112	79.03976769457293	406.0	407.32663316582915	255.1978955077189	254.82056176117982	6.039974902395882	0.0023816186857897334	0.002911799999949949
80.0-82.0 kDa	80.0	82.0	200	100.0	411.90966261544577	411.8180606318866	6.020799427493569	0.002427739288330553	0.9815762538382804	0.0184237461617196	80.97740354900009	400.0	399.14	246.55409380262012	247.05898597093142	6.020581651316325	0.0024282567856484588	0.003538499999990563
82.0-84.0 kDa	82.0	84.0	203	101.5	388.4565773874377	385.78313637115974	5.961877992561467	0.0025758463387324133	0.981064483111566	0.01893551688843398	83.06057632778334	374.0	377.5960591133005	243.10093793641255	241.25711500800335	5.9552753887105805	0.002592129892992279	0.00381419999996524
84.0-86.0 kDa	84.0	86.0	158	79.0	374.4645378773859	376.9990009936909	5.925403355807263	0.0026709825131024296	0.9805527123848515	0.019447287615148467	85.01368551860773	360.0	360.4113924050633	215.7588497814269	217.8530341381882	5.932242511655321	0.0026525270602159377	0.003730100000097991
86.0-88.0 kDa	86.0	88.0	189	94.5	346.60647746906534	347.48615558705103	5.8477522037884055	0.002887654133541703	0.9795291709314228	0.020470829068577223	86.99614258793666	344.0	341.1164021164021	222.5107986943441	220.33256115696528	5.850724824173948	0.0028778124938836115	0.004168899999783093
88.0-90.0 kDa	88.0	90.0	128	64.0	298.67717094753834	298.27006119327655	5.698196756605189	0.0033559065082999005	0.9769703172978506	0.023029682702149445	88.88120623468765	285.0	284.0859375	175.08901849343266	174.59741376937845	5.697999301674636	0.0033526664932633883	0.005745900000007964
90.0-92.0 kDa	90.0	92.0	130	65.0	276.90346977671487	276.15027839809056	5.623624412251457	0.0036116875503272674	0.9759467758444217	0.024053224155578312	91.11365990538481	266.0	265.0769230769231	165.67048708476537	164.07946893552045	5.62094520443292	0.003621216700957393	0.00459890000040275
92.0-94.0 kDa	92.0	94.0	148	74.0	300.6717746111629	305.0764784786196	5.705643623799534	0.00332840319689874	0.977482088024565	0.022517911975434957	92.95777832864886	299.0	294.7972972972973	186.0703556685359	185.69507266451376	5.720562493704	0.0032778666062672377	0.004265399999852093
94.0-96.0 kDa	94.0	96.0	150	75.0	326.39153140736397	324.5555811996039	5.787288807059349	0.003068753280887503	0.9785056294779939	0.02149437052200609	94.99743788333359	309.0	310.58666666666664	186.5739534425578	189.87675593160134	5.782456803460628	0.003081136357326749	0.0037293999999690186
96.0-98.0 kDa	96.0	98.0	191	95.5	348.96020224877	349.1423241310693	5.854954670882548	0.0028656747173011867	0.9800409416581372	0.019959058341862845	97.05336852397936	346.0	345.5026178010471	227.65172108465174	224.76137027681523	5.8554796446055	0.0028641614919897146	0.003581499999825155
98.0-100.0 kDa	98.0	100.0	146	73.0	326.90902675163426	328.5056063312741	5.788901179444173	0.00306375428535725	0.9790174002047083	0.020982599795291712	98.91663664369895	320.5	316.05479452054794	194.26306833093258	194.03262202713398	5.794553831466842	0.0030440885216761883	0.005092699999963202
100.0-102.0 kDa	100.0	102.0	137	68.5	284.48633070166153	281.60209691416264	5.650271107588344	0.003517999781231375	0.9764585465711362	0.023541453428863823	101.03424320043828	270.0	273.2773722627737	170.7740547734179	170.70326209974607	5.640495070684297	0.0035511099205515428	0.006229899999979693
102.0-104.0 kDa	102.0	104.0	134	67.0	270.26481202786755	272.0931307709575	5.599151186483777	0.0037019450757006336	0.9754350051177073	0.02456499488229269	102.95544888074663	268.0	263.96268656716416	164.89429409965243	164.93757088905585	5.606144398904981	0.0036752122327501327	0.007419300000023554
104.0-106.0 kDa	104.0	106.0	116	58.0	237.5177580657734	240.1520459638036	5.468832557809245	0.004222174416134837	0.9749232343909928	0.02507676560900718	104.98962084982794	238.0	230.9655172413793	144.90751766758757	144.03133026719658	5.481272226882717	0.004164028823570101	0.006970950000052767
106.0-108.0 kDa	106.0	108.0	93	46.5	203.87772857534333	203.93293903851924	5.317096502080355	0.00490905792291284	0.9744114636642784	0.025588536335721557	106.91559546709716	191.0	195.2688172043011	120.15736019237356	119.8866273098343	5.317791209597262	0.004903572736776564	0.0053154000001711665
108.0-110.0 kDa	108.0	110.0	95	47.5	186.24697806094383	186.08338600036612	5.226848060040245	0.0053716312031829375	0.973899692937564	0.026100307062436046	109.08100256315828	180.0	180.81052631578947	114.20299599263822	113.63338787615963	5.226194885081402	0.005373934887438218	0.007861800000199537
110.0-112.0 kDa	110.0	112.0	83	41.5	183.9189079727155	184.11253279713304	5.214451901418261	0.005437646918863192	0.9733879222108496	0.026612077789150423	110.95958519927751	179.0	178.74698795180723	108.74898299644879	108.83729642696149	5.215547161952019	0.005431460774600629	0.009095599999895398
112.0-114.0 kDa	112.0	114.0	88	44.0	174.0280465486488	173.33900492067673	5.15915627813871	0.0057468880938468655	0.9728761514841351	0.027123848515864912	112.99592156522773	168.0	168.04545454545453	107.98475198806378	107.61907886902522	5.155249235750059	0.005769042086598059	0.00820194999985091
114.0-116.0 kDa	114.0	116.0	80	40.0	168.59291838912395	168.5669247719492	5.1272401353367645	0.005934378090812284	0.9723643807574207	0.02763561924257929	114.99753992000043	163.5	163.35	99.31604299816755	99.89292172827543	5.1273327676144405	0.005932362871956613	0.008817949999773589
116.0-118.0 kDa	116.0	118.0	76	38.0	166.69468405066823	166.7680888245208	5.116031862907347	0.00600057638052532	0.9718526100307062	0.02814738996929378	116.97212700368465	158.5	161.71052631578948	97.58222517654647	98.29881347881927	5.116604090046975	0.005996351833224664	0.008934399999802167
118.0-120.0 kDa	118.0	120.0	90	45.0	164.25743680727237	162.769835028121	5.10131655779029	0.006089439459373459	0.9713408393039918	0.028659160696008157	118.97868855222274	160.0	160.46666666666667	104.05975167994971	103.50888959969379	5.092337122687637	0.0061436447988207025	0.007711900000046512
120.0-122.0 kDa	120.0	122.0	68	34.0	150.5405723066792	151.01567441524986	5.0133081819919205	0.006655008789620788	0.970317297850563	0.029682702149437024	121.00637606970643	149.0	144.44117647058823	87.6049696241802	87.98177084570376	5.017383545169334	0.006621830379778638	0.009308649999937302
122.0-124.0 kDa	122.0	124.0	66	33.0	130.26963864232405	130.77017728852576	4.868860600664915	0.007687856756491642	0.9687819856704196	0.03121801432958038	123.02432773151573	127.5	127.22727272727273	80.28614035782542	79.35945681493085	4.87343882237788	0.0076470430589221814	0.008385500000073876
124.0-126.0 kDa	124.0	126.0	51	25.5	119.66690406355198	120.55724349999349	4.784590952886094	0.008358562432500645	0.9651995905834186	0.03480040941658136	124.96999089568686	116.0	115.80392156862744	68.05080553074512	68.91342984679135	4.7921246899227565	0.008294814736702684	0.015237899999874571
126.0-128.0 kDa	126.0	128.0	58	29.0	122.06048791399553	121.1207046270415	4.803763192844504	0.008205006337050411	0.9662231320368475	0.03377686796315249	126.96060580069025	118.0	117.24137931034483	71.78302371369787	72.5630426488156	4.796787520251552	0.008256228174278731	0.010130950000025507
128.0-130.0 kDa	128.0	130.0	64	32.0	129.07834646645907	128.70594117023262	4.8603658325801415	0.007748064050810206	0.9677584442169908	0.032241555783009246	128.8994696659381	127.0	126.84375	80.71851252551639	80.33418616117511	4.857530125060382	0.007769651453055963	0.01102819999985627
130.0-132.0 kDa	130.0	132.0	62	31.0	124.57437024820746	124.15474075923261	4.824786773169646	0.008029194831512753	0.9667349027635619	0.03326509723643811	130.87129106871032	119.5	119.35483870967742	73.92262895007721	73.62926224209636	4.821528655643496	0.008054465552598158	0.009877200000204311
132.0-134.0 kDa	132.0	134.0	62	31.0	129.69057720343932	129.10847594951144	4.865090807029841	0.007711593506058873	0.9682702149437052	0.03172978505629476	133.0950305896781	125.5	125.54838709677419	77.95541532385415	77.91968136990253	4.860652888651408	0.007745425813590592	0.014251850000050581
134.0-136.0 kDa	134.0	136.0	68	34.0	133.7227139399147	133.92879452743543	4.895750183137036	0.007478433692396221	0.9692937563971341	0.03070624360286589	134.92580393735363	132.0	131.6764705882353	83.68742281299966	82.68927473067377	4.897308272361542	0.007466654261996653	0.01077415000021631
136.0-138.0 kDa	136.0	138.0	58	29.0	120.42682209321403	121.05869172660775	4.790001449950485	0.008321125919568564	0.965711361310133	0.03428863868986698	136.98509439379376	118.0	116.8103448275862	72.67829289333015	72.16636602918128	4.796260216994732	0.008260708251409996	0.009799699999987865
138.0-140.0 kDa	138.0	140.0	49	24.5	104.34085709267791	103.32251206651192	4.647309151478005	0.009590714092179393	0.9646878198567042	0.035312180143295846	138.89430695959257	99.0	100.24489795918367	61.359426818234084	61.40781397387502	4.637855281390376	0.009678432899078847	0.015836399999898276
140.0-142.0 kDa	140.0	142.0	49	24.5	86.65590582874164	85.76247914562632	4.460767632697307	0.011566638280052098	0.9631525076765609	0.03684749232343909	141.07572674938854	81.0	82.61224489795919	55.611474657339706	54.26227665521762	4.451581604852733	0.011660110691319697	0.011204700000263301
142.0-144.0 kDa	142.0	144.0	28	14.0	84.41577974081552	84.84711929483778	4.435676725349249	0.011847972389383721	0.9626407369498464	0.03735926305015358	143.0436632942865	79.0	79.71428571428571	44.204134383264524	45.33380878442314	4.440850575458231	0.011785914931223485	0.01956410000012454
144.0-146.0 kDa	144.0	146.0	48	24.0	83.8727311439252	82.35695053084225	4.428676775770951	0.01193751504275859	0.962128966223132	0.03787103377686796	144.92683044041746	80.5	81.20833333333333	53.69778834803053	53.18253643305557	4.411062817503	0.012142266916237552	0.01797640000006595
146.0-148.0 kDa	146.0	148.0	43	21.5	89.64578729545629	89.12585580000307	4.495588491615624	0.011161199225278237	0.9641760491299898	0.035823950870010224	147.11578318930313	87.0	87.30232558139535	53.0110331156903	53.10068318915713	4.4900494809324325	0.011220088615406772	0.021050599999512087
148.0-150.0 kDa	148.0	150.0	44	22.0	87.64179844479013	87.96048126086237	4.4730917628305615	0.011413887918100211	0.9636642784032753	0.03633572159672471	148.98755610500086	86.0	86.31818181818181	53.01193516986442	53.22977476316278	4.476887530979969	0.01136874421069193	0.017168299999880787
150.0-152.0 kDa	150.0	152.0	36	18.0	77.26483832949913	78.64803727946202	4.34559357690561	0.012985757985418817	0.9616171954964176	0.038382804503582446	150.9753135827786	76.0	74.72222222222223	46.70031641012796	46.33431330990446	4.364982357756277	0.012714883514145747	0.028476800000049707
152.0-154.0 kDa	152.0	154.0	30	15.0	62.426905762954426	60.98435691411751	4.133118372508233	0.016046584208914815	0.9595701125895599	0.04042988741044007	152.85071624000082	58.0	59.0	35.93409078145109	36.217480498421004	4.110617001512615	0.016397660352366318	0.02172269999989851
154.0-156.0 kDa	154.0	156.0	30	15.0	53.154109304183315	52.23247691228855	3.9725234621997116	0.01883807654290469	0.9585465711361311	0.041453428863868935	155.25997457666753	51.0	50.63333333333333	33.22558978590003	32.76676968369818	3.9557044644957573	0.01914517670069215	0.0223553000000436
156.0-158.0 kDa	156.0	158.0	19	9.5	51.52497349069534	51.71603651157077	3.9415625372753604	0.01942782049605927	0.9575230296827022	0.0424769703172978	157.03851830105364	52.0	50.68421052631579	29.082288381652077	29.66496436050384	3.9457679173935034	0.01933636193825997	0.02990180000082887
158.0-160.0 kDa	158.0	160.0	23	11.5	52.898760001796795	50.56302310588478	3.962452128287249	0.019124657519324323	0.9580348004094166	0.041965199590583424	158.93669008000109	45.0	48.65217391304348	27.1021196630676	28.311585593130403	3.9232205404934466	0.01977729847967921	0.013200200000198947
160.0-162.0 kDa	160.0	162.0	41	20.5	67.55832535911625	67.19835762550291	4.2124646691695675	0.01481760908683363	0.9605936540429887	0.03940634595701131	161.21311317268388	66.0	67.0	46.328306244047994	44.87460026588876	4.207648807133757	0.014881316081756189	0.023513200000252255
162.0-164.0 kDa	162.0	164.0	27	13.5	73.03255223096234	73.11659258604416	4.2907439597102135	0.013696954712977216	0.9611054247697032	0.038894575230296824	162.9415818244454	72.0	71.66666666666667	41.08461521923157	41.72452280051134	4.2920553257597955	0.013676786138839723	0.027909300000118265
164.0-166.0 kDa	164.0	166.0	38	19.0	64.87538734418175	64.47764206060111	4.172301354204233	0.015419276907369875	0.9600818833162743	0.03991811668372569	164.98889943263256	63.0	62.94736842105263	39.90490354002225	39.61116072697278	4.166318528820604	0.015509252019486684	0.016078899999129703
166.0-168.0 kDa	166.0	168.0	26	13.0	54.10803889624659	53.00179227965563	3.9889242741297206	0.01855716245229406	0.9590583418628454	0.04094165813715456	167.03994266077018	51.0	52.07692307692308	32.81780465703948	32.80985989222361	3.9703235906236145	0.018867367213561668	0.02207800000050497
168.0-170.0 kDa	168.0	170.0	18	9.0	43.12339226918167	41.89113237553908	3.762078737517147	0.02327958291532903	0.9559877175025588	0.04401228249744116	169.06928261888984	40.0	39.72222222222222	22.98787520657308	23.582629289758536	3.735049726720213	0.023872567402042143	0.015454200000036167
170.0-172.0 kDa	170.0	172.0	20	10.0	44.06171345016774	44.589440195169544	3.7853332947077902	0.02270727499713742	0.9570112589559877	0.04298874104401229	171.07833668000117	44.0	42.9	25.586309679284426	25.678749492745943	3.797496977077425	0.022426838498169968	0.05105569999972204
172.0-174.0 kDa	172.0	174.0	24	12.0	43.66446030309737	43.63359841626665	3.7765061883214117	0.022903216073948254	0.9564994882292733	0.04350051177072667	172.90011169250104	43.0	42.5	27.700440188558815	26.93121767197705	3.775827444807941	0.022918119651303505	0.02620255000036309
174.0-176.0 kDa	174.0	176.0	19	9.5	40.261004117476766	40.12444341482065	3.6937928637188624	0.02491638369692487	0.9554759467758445	0.044524053224155535	175.18385376947472	38.0	39.05263157894737	23.481916691949806	23.585811801284184	3.6919857100722444	0.024922464086583017	0.04859150000041268
176.0-178.0 kDa	176.0	178.0	17	8.5	36.509084306497236	36.427781664885785	3.5975363522967156	0.027391796706560473	0.9518935516888434	0.048106448311156624	176.83992252117764	35.0	35.1764705882353	22.810489842777326	21.811660705720158	3.5953317160806537	0.027451575536479634	0.02676030000068863
178.0-180.0 kDa	178.0	180.0	15	7.5	34.66667774772656	34.33708266464959	3.5455818041540965	0.028857404859063327	0.9503582395087001	0.04964176049129987	179.09534172666764	33.0	32.4	19.503804388730057	19.788215859995965	3.536225897423968	0.0291230332456144	0.08396399999963933
180.0-182.0 kDa	180.0	182.0	21	10.5	38.163626324142484	38.9462212071208	3.6414488009068515	0.026225869145100507	0.9539406345957011	0.04605936540429889	180.98225769428686	38.0	37.523809523809526	22.594186974841975	22.570389150862127	3.662181751105109	0.025676431987634356	0.030648700000284634
182.0-184.0 kDa	182.0	184.0	16	8.0	40.101858346663704	40.26233294161649	3.6911621295395567	0.0249494983123109	0.95496417604913	0.045035823950870024	182.91820223625123	39.5	39.125	22.854433863065765	22.920908388089043	3.695414518638987	0.02483720193302809	0.05214765000089017
184.0-186.0 kDa	184.0	186.0	22	11.0	39.996311827007055	40.11739657008852	3.6884931252429882	0.025017154776012133	0.9544524053224156	0.0455475946775844	184.86611639363772	39.0	39.95454545454545	24.598865551480507	24.54980820448541	3.6918098374161916	0.024926853447430154	0.02885320000024194
186.0-188.0 kDa	186.0	188.0	16	8.0	31.60763596369476	32.20388998531322	3.449959207704309	0.03185786463113856	0.9488229273285568	0.051177072671443224	186.74549315500116	32.0	30.5625	19.999188683617014	18.844465209460665	3.4720327032530633	0.031055537216266776	0.06382344999978784
188.0-190.0 kDa	188.0	190.0	8	4.0	24.45365097216265	23.888823728706114	3.1955081712347546	0.04099634628175902	0.9431934493346981	0.056806550665301936	189.13355703000119	20.0	20.75	11.010499873361544	11.638083069024477	3.173342247807125	0.041866312524481274	0.08268749999990632
190.0-192.0 kDa	190.0	192.0	18	9.0	32.94251260723266	33.604243425388646	3.4935040156757458	0.030434347616914405	0.9498464687819856	0.05015353121801436	191.1561453022233	33.0	32.94444444444444	21.943831943860154	20.842451484327498	3.5146482392554685	0.029758391275127	0.030662099999602788
192.0-194.0 kDa	192.0	194.0	16	8.0	36.333316291194265	36.237647024896106	3.5922060832549585	0.027552027702876344	0.951381780962129	0.048618219037871	192.74376681125136	35.0	35.5625	21.905651698064254	21.556401335709634	3.590089414615834	0.027596114980750923	0.038130649999473576
194.0-196.0 kDa	194.0	196.0	19	9.5	36.73136921903595	35.81121303417262	3.6028314147698723	0.02726802540855125	0.9524053224155579	0.047594677584442135	194.99235010631702	34.0	35.21052631578947	20.63218828719844	21.101253325144466	3.5782610576106713	0.027924214659965762	0.03170690000175114
196.0-198.0 kDa	196.0	198.0	22	11.0	37.36741292244571	37.11240897141353	3.6207071098069075	0.02676618569051786	0.9534288638689867	0.04657113613101327	197.05061793000112	37.0	36.95454545454545	23.374680825394954	23.00540268446303	3.613951380076276	0.026945165840429323	0.04085295000001565
198.0-200.0 kDa	198.0	200.0	14	7.0	29.176351851880373	29.04745072154652	3.3711310793241047	0.03442628564815977	0.9472876151484135	0.05271238485158647	199.18758307285842	27.5	28.0	17.358605126625505	17.01197199474948	3.368918130876423	0.034427296128016135	0.0339242499993162
200.0-202.0 kDa	200.0	202.0	9	4.5	25.308338278215306	24.792311931931554	3.230573477655132	0.03955660340615376	0.9452405322415558	0.0547594677584442	201.19262356889007	22.0	23.22222222222222	12.912780210746083	13.049521579110156	3.2105336023654574	0.040335084632104765	0.0790074000004779
202.0-204.0 kDa	202.0	204.0	14	7.0	25.411974504603325	25.56581789377926	3.2349603292927847	0.039372055501301684	0.9457523029682702	0.054247697031729825	203.09097984428692	26.0	25.071428571428573	15.874089000920092	15.63959546478078	3.2412455493060897	0.03911556232006599	0.07798154999989038
204.0-206.0 kDa	204.0	206.0	9	4.5	24.828140121899068	24.539941803084524	3.2116604652461374	0.040302310576449535	0.9437052200614124	0.05629477993858756	204.69221468000134	24.0	23.666666666666668	13.732998977957248	13.923649922202571	3.200302067767505	0.04074989288989699	0.10766429999858929
206.0-208.0 kDa	206.0	208.0	13	6.5	26.33844617804227	25.32084438088654	3.2657821533093663	0.038360956984744496	0.9462640736949847	0.053735926305015336	206.8309234261549	23.0	24.23076923076923	14.20031308969434	14.604485202638076	3.2316279450961765	0.039493153741541526	0.06343999999631933
208.0-210.0 kDa	208.0	210.0	18	9.0	31.943899798138798	31.162953264335	3.4623693736347616	0.0314032225388226	0.9493346980552713	0.050665301944728736	208.90485838000143	30.0	30.27777777777778	20.097869941633636	19.897017189040007	3.4391899077052797	0.0320919576260497	0.035792499998251515
210.0-212.0 kDa	210.0	212.0	21	10.5	36.73782208963933	35.86169275839597	3.6032199009369754	0.027251586632400078	0.9529170931422722	0.04708290685772776	211.24880281333495	35.0	35.857142857142854	23.416004699248866	22.49184185101014	3.579669671703038	0.02788490790819904	0.03136380000074723
212.0-214.0 kDa	212.0	214.0	14	7.0	35.525061522606435	36.07011170812143	3.5696873495698744	0.02818060746294006	0.9508700102354145	0.04912998976458549	212.9583288657154	36.0	35.07142857142857	20.404879200128683	20.49935442686123	3.585462070792853	0.027723924181418072	0.05974460000177828
214.0-216.0 kDa	214.0	216.0	17	8.5	28.85927079731856	28.356673560267705	3.3611470693130125	0.03473934421720002	0.946775844421699	0.05322415557830096	215.0977214094133	27.0	27.823529411764707	16.48477072683793	16.39191788198877	3.344862401423017	0.03526506724685656	0.07036609999801158
216.0-218.0 kDa	216.0	218.0	11	5.5	24.851499548731145	24.55418396802651	3.211764374576804	0.04033101515841048	0.9442169907881269	0.05578300921187307	217.29402732545606	24.0	24.363636363636363	14.414416819965268	14.401037875209049	3.200882266115793	0.0407262567268438	0.10045490000081259
218.0-220.0 kDa	218.0	220.0	10	5.0	22.61199718652488	23.0425946215547	3.1177548278096414	0.04428887078142509	0.9421699078812692	0.0578300921187308	219.0695391100015	21.0	21.6	12.369605178688488	12.482930952782741	3.137321900194362	0.04339984726512447	0.09183580000032521
220.0-222.0 kDa	220.0	222.0	11	5.5	24.33657889481409	25.381756225002377	3.1884294704585256	0.041385392339242405	0.9426816786079836	0.057318321392016425	221.1595720709106	25.0	23.454545454545453	12.966649632314518	12.817263557428918	3.234030657094841	0.03939837697341632	0.07617749999954526
222.0-224.0 kDa	222.0	224.0	16	8.0	29.45284576781824	29.47894989226441	3.3822159570324852	0.033991652705354314	0.9477993858751279	0.05220061412487209	223.25070901750215	29.0	29.0	18.945043250296504	18.345125300703398	3.383676090009547	0.0339225350619588	0.05308014999874899
224.0-226.0 kDa	224.0	226.0	14	7.0	31.149203124778996	31.31432771744013	3.437541711946891	0.03218437991467871	0.9483111566018424	0.0516888433981576	225.13554813714455	31.0	30.857142857142858	18.084510045345368	18.18953483254544	3.4439239350344333	0.031943961236350314	0.07988370000077794
226.0-228.0 kDa	226.0	228.0	13	6.5	25.122530333433456	25.19823735524724	3.2214767024451154	0.039990768437980766	0.9447287615148413	0.05527123848515869	226.85513421077087	24.0	24.307692307692307	15.518842198435486	15.109375588221342	3.226774045850679	0.03968531552036363	0.04924310000217247
228.0-230.0 kDa	228.0	230.0	7	3.5	13.9533902723559	13.745135095170706	2.63162243483382	0.07224857292604221	0.936028659160696	0.063971340839304	229.07703635143065	12.0	12.142857142857142	7.772525044964883	7.533971314954444	2.6206849502462966	0.07275301356269286	0.18672420000069678
230.0-232.0 kDa	230.0	232.0	4	2.0	15.836403139082822	15.72501471262537	2.76209689519401	0.06317260959934695	0.9375639713408394	0.06243602865916065	231.5426546550013	16.0	16.0	7.6084508446118315	7.842028101544373	2.7552052772364655	0.0635989819228329	0.10582554999928107
232.0-234.0 kDa	232.0	234.0	11	5.5	18.150384484717392	18.11722186937326	2.8983018549983686	0.055138842094688	0.9401228249744115	0.059877175025588536	232.9313721436384	18.0	18.363636363636363	12.510548845263394	12.327289547399884	2.896862970393096	0.05519610055063004	0.025441300000892397
234.0-236.0 kDa	234.0	236.0	9	4.5	19.413652594014053	18.861097352415214	2.964976242232829	0.05161258740832486	0.9411463664278403	0.05885363357215967	235.0491930355571	18.0	17.666666666666668	9.938879355944016	9.976705409179118	2.9371014596280163	0.05301918447878364	0.1265086999999312
236.0-238.0 kDa	236.0	238.0	11	5.5	18.896754518650823	18.899893221523868	2.938819203257867	0.052937256577393225	0.9406345957011258	0.05936540429887416	237.2062012527291	19.0	18.636363636363637	11.516923174107903	11.347758122644459	2.9391562723948157	0.05291035183527728	0.011013200000604684
238.0-240.0 kDa	238.0	240.0	6	3.0	17.767746391967666	18.007211593860966	2.876887082522646	0.05633830064576074	0.9390992835209826	0.0609007164790174	238.98727391333492	17.5	17.5	9.138482438973778	9.233101693798547	2.890765641395684	0.05553404843452156	0.2161115000006646
240.0-242.0 kDa	240.0	242.0	8	4.0	18.01489595119061	18.23494833457303	2.8894900639137777	0.05570005816685528	0.9396110542476971	0.060388945752302914	240.91962508000196	17.5	17.625	9.51021194847888	9.410968321883015	2.902973300927778	0.054879982693843435	0.06612840000018139
242.0-244.0 kDa	242.0	244.0	12	6.0	19.717235173277693	19.7783504140237	2.981440144155577	0.05072244810573202	0.9416581371545547	0.05834186284544529	242.93745742166837	20.0	19.833333333333332	12.484116639879922	12.181154164056927	2.9845842653513714	0.050560704027397374	0.021118550000764458
244.0-246.0 kDa	244.0	246.0	7	3.5	17.4669599619716	17.957025544325663	2.859088674299965	0.057393005268048365	0.9385875127942682	0.06141248720573178	244.8972126514303	17.0	16.571428571428573	9.419864874303812	8.890954249669386	2.8879814335862126	0.05568851018959514	0.08250750000041762
246.0-248.0 kDa	246.0	248.0	8	4.0	13.777117839106811	13.431503285646288	2.621954300722766	0.07273481010024185	0.9344933469805528	0.06550665301944725	247.05420773000083	13.5	13.5	8.044743921601968	8.019122449040239	2.5975986457947355	0.07445246935604223	0.03973074999881021
248.0-250.0 kDa	248.0	250.0	5	2.5	13.466143847050114	13.895944016687764	2.5991757901888186	0.07441096991977951	0.9334698055271239	0.06653019447287611	249.07305842000181	13.0	12.8	6.4752626145476135	6.528231838210756	2.6315970001949203	0.07196344478641328	0.22586069999988467
250.0-252.0 kDa	250.0	252.0	6	3.0	11.238186978701771	11.215564980692966	2.419231162767019	0.08899766888994674	0.9303991811668373	0.06960081883316271	250.7750098466682	11.0	11.166666666666666	6.903517469028323	6.753159672624304	2.4172986485059127	0.08916249806558872	0.13541459999871108
252.0-254.0 kDa	252.0	254.0	5	2.5	13.685255100620989	13.695519923620827	2.6161423294104518	0.07309715657219196	0.9339815762538383	0.06601842374616174	253.11097460000124	14.0	13.2	7.2506164021489194	6.799872437129475	2.6170687664793175	0.07301657809100683	0.2081944999987968
254.0-256.0 kDa	254.0	256.0	9	4.5	13.837222318662565	13.577638463338358	2.626972055831276	0.07232460332359689	0.9350051177072671	0.06499488229273287	254.71243435777967	14.0	13.222222222222221	9.511662847657025	9.218129124953075	2.608424208874375	0.07365051018998249	0.08181130000102144
256.0-258.0 kDa	256.0	258.0	6	3.0	10.927750014446495	10.395016517307003	2.386363227395654	0.09240302946856742	0.9293756397134084	0.07062436028659158	257.2526797466689	9.5	10.166666666666666	6.646788259241342	6.553707881628378	2.34094832580658	0.09627273351516444	0.05634600000047385
258.0-260.0 kDa	258.0	260.0	3	1.5	9.621584700497541	9.593383057857691	2.2639998093644826	0.10393488764005486	0.9283520982599796	0.07164790174002045	258.5017152466675	9.0	9.0	5.744151668045354	4.888433135401668	2.2610735960151036	0.10423851460626561	0.01652730000171232
260.0-262.0 kDa	260.0	262.0	5	2.5	9.583844376331225	9.627342830062892	2.2595017607141736	0.10446263842385048	0.9278403275332651	0.07215967246673494	261.24995668000173	10.0	9.4	5.8464150865883004	5.23539983408161	2.2646072614698425	0.10387082060455381	0.18087599999938675
262.0-264.0 kDa	262.0	264.0	5	2.5	10.999000997602957	11.116958937559115	2.395565910844172	0.09132582480432949	0.9298874104401228	0.0701125895598772	262.67383086000245	10.0	10.4	5.947919943464898	5.975021845114721	2.4084717745826176	0.08995265752232455	0.20383370000001833
264.0-266.0 kDa	264.0	266.0	8	4.0	13.408500277430067	13.24351459272143	2.5956641792935176	0.07461283857840748	0.932446264073695	0.06755373592630498	265.2734066300019	13.0	13.375	8.881560423447208	8.11226168219531	2.583506326283476	0.07550890484902403	0.07948944999890273
266.0-268.0 kDa	266.0	268.0	6	3.0	13.070198255458648	13.079673684512015	2.5703202496900537	0.07651214538027444	0.9319344933469805	0.06806550665301947	266.840423480002	12.5	12.666666666666666	7.523324196942755	7.184764092107948	2.571056139862729	0.07645500495788837	0.10310060000142585
268.0-270.0 kDa	268.0	270.0	5	2.5	13.417721065813344	13.384111040355528	2.5965527563415844	0.07453180296524992	0.9329580348004094	0.0670419651995906	269.4883719600019	12.0	12.6	8.488986941877476	7.8029072708507226	2.5940682601500717	0.07471545902337617	0.13009270000014794
270.0-272.0 kDa	270.0	272.0	8	4.0	14.552436924385097	14.338561500094535	2.675667728121354	0.06899556834144283	0.9370522006141249	0.06294779938587514	270.7830223550017	15.0	14.75	9.285240587633178	9.036394829020965	2.6629058485584833	0.06974851277165267	0.08384290000103078
272.0-274.0 kDa	272.0	274.0	9	4.5	14.163692471747119	13.4774667734308	2.6475388580430366	0.07103931636267732	0.9365404298874105	0.06345957011258951	273.37047819111325	14.0	14.222222222222221	8.904681841090904	8.494053801417923	2.601019163004406	0.07419791989184342	0.10975170000017442
274.0-276.0 kDa	274.0	276.0	4	2.0	12.783091076348459	13.255212350587822	2.545884328085618	0.07858883317844301	0.9314227226202662	0.06857727737973385	274.85674760500183	13.0	12.5	7.0846344259427845	6.904447401906568	2.5843895925543134	0.0754422115993943	0.25832219999958284
276.0-278.0 kDa	276.0	278.0	5	2.5	8.30990854097499	8.252716048256286	2.111885594703881	0.12168442175283105	0.925281473899693	0.07471852610030705	276.95372778000177	7.0	7.0	4.334823777742742	4.1152320816837715	2.1105423641367036	0.12117222913676882	0.2923206000012897
278.0-280.0 kDa	278.0	280.0	2	1.0	7.734130493575689	7.734130493575689	2.04533713732651	0.12937615222754537	0.9237461617195496	0.0762538382804504	279.2259492300028	6.5	6.5	3.1261810475095126	3.1261810475095126	2.04533713732651	0.12937615222754537	0.5643752999989715
280.0-282.0 kDa	280.0	282.0	5	2.5	9.014731755467608	8.7855258474834	2.1956224540997757	0.1116480448907545	0.9273285568065507	0.07267144319344931	280.91515458000214	9.0	9.0	4.986937833731725	4.941161111935552	2.17310557727322	0.11382357952841814	0.3665716999975075
282.0-284.0 kDa	282.0	284.0	4	2.0	10.127142018546245	10.130213681091435	2.3152183823297383	0.09874469321075349	0.9288638689866939	0.07113613101330607	282.6730245550021	10.0	10.25	5.328820819302565	5.312861922984419	2.3155223039656603	0.09871462215932092	0.10709340000028078
284.0-286.0 kDa	284.0	286.0	6	3.0	8.469598627763087	8.605435928823253	2.12933237425185	0.11978910907967281	0.9257932446264073	0.07420675537359267	284.779730663336	8.5	8.5	4.667034762011053	4.398617034295059	2.1523098778159273	0.11622519108551242	0.07947460000087858
286.0-288.0 kDa	286.0	288.0	1	0.5	7.556786197849262	7.556786197849262	2.0224459937036308	0.13233138715564166	0.9232343909928352	0.07676560900716478	286.52495028000385	6.0	6.0	2.338378085993735	2.338378085993735	2.0224459937036308	0.13233138715564166	0.8618660000007026
288.0-290.0 kDa	288.0	290.0	7	3.5	11.880087990875818	11.400750557824104	2.4663652594213334	0.08556168310880666	0.9309109518935517	0.06908904810644834	288.88361083714614	11.0	11.428571428571429	7.006677539749454	7.031235501338666	2.43367919163882	0.0877135233270866	0.09599640000067211
290.0-292.0 kDa	290.0	292.0	9	4.5	16.03637684889235	16.158520502347407	2.7743576137620907	0.06242112343223148	0.9380757420675537	0.06192425793244627	290.9073343466692	16.0	16.333333333333332	10.045573820032835	9.939760269788062	2.7824474958291496	0.06188685405045136	0.042435899999588855
292.0-294.0 kDa	292.0	294.0	5	2.5	13.927714530411285	14.091956165815597	2.633178092625408	0.07190092724562806	0.9355168884339816	0.06448311156601838	292.40026576000275	14.0	13.8	7.85179299937772	7.433637461440114	2.645604149901885	0.07096246881790688	0.14796300000057272
294.0-296.0 kDa	294.0	296.0	5	2.5	8.532507491322553	8.089758336179795	2.139323270173429	0.11822597905904104	0.9263050153531218	0.07369498464687818	294.714423760002	8.0	8.0	4.601311881226266	4.538126298335529	2.0905988587057824	0.12361308687401747	0.14312480000160122
296.0-298.0 kDa	296.0	298.0	4	2.0	6.130893669648453	5.835797493178337	1.7944762192626547	0.16926415128725306	0.9191402251791198	0.08085977482088025	296.99715283000273	5.5	5.75	2.7582321430539825	2.827394545927967	1.7549486480122214	0.1744902582477605	0.32082740000038257
298.0-300.0 kDa	298.0	300.0	0	0.0					0.4321903787103378	0.5678096212896622								
300.0-302.0 kDa	300.0	302.0	5	2.5	6.1348219144678025	5.481122295985819	1.7999513558539006	0.1674532390945845	0.9196519959058342	0.08034800409416576	300.74749074000226	5.0	5.8	3.2093050282894486	3.1695689558862834	1.7013098785291247	0.1824443874810757	0.17697399999354957
302.0-304.0 kDa	302.0	304.0	4	2.0	8.234686754369019	8.196352956060197	2.1082702148085146	0.12145813794366503	0.9247697031729785	0.07523029682702154	303.3207187050025	8.0	7.75	4.300680315490498	4.2111720759311275	2.1036709203059933	0.12200996628392333	0.3999146500000563
304.0-306.0 kDa	304.0	306.0	4	2.0	8.747280965411965	8.716436826677953	2.1686314739437047	0.11434667792101177	0.9268167860798362	0.0731832139201638	304.98515690500295	9.0	9.0	4.462018749009275	4.448561521952533	2.165158320945512	0.1147377593259464	0.2907179999997993
306.0-308.0 kDa	306.0	308.0	4	2.0	8.063858437429651	8.121676854276803	2.0862703076570046	0.12428940112110005	0.9242579324462641	0.07574206755373591	306.9390631300032	8.0	8.25	3.9914189421590742	3.9999218632108855	2.0938310994672653	0.12330114815992851	0.22519159999760063
308.0-310.0 kDa	308.0	310.0	3	1.5	6.638873196743027	6.603242980633422	1.892847352356501	0.15065649425205319	0.9216990788126919	0.07830092118730814	308.6818358466696	6.0	6.333333333333333	3.4303514662396246	3.1283010768659576	1.8875608890562732	0.15144073948708064	0.07302049999907467
310.0-312.0 kDa	310.0	312.0	3	1.5	5.579812388564162	5.555521277896565	1.719124849140634	0.17922833911967553	0.9176049129989765	0.08239508700102349	311.08729761333547	5.0	5.0	2.8713720795535775	2.8570065874215254	1.714792258094274	0.1800011106030037	0.19118890000146394
312.0-314.0 kDa	312.0	314.0	4	2.0	5.586115196295987	5.352366424289863	1.7132544858505767	0.18148481693350005	0.9181166837256909	0.08188331627430911	313.2258940050025	5.0	5.5	2.727847343668099	2.700142762770627	1.6762273811686539	0.18732391835183282	0.3252677499984884
314.0-316.0 kDa	314.0	316.0	1	0.5	4.975897012473446	4.975897012473446	1.604605658372504	0.2009687896460129	0.9140225179119754	0.08597748208802458	315.4502608800039	5.0	5.0	1.1834276726325834	1.1834276726325834	1.604605658372504	0.2009687896460129	1.536184699999069
316.0-318.0 kDa	316.0	318.0	3	1.5	3.9091435947572335	3.918398279568165	1.3632721584898	0.25583415161394346	0.9073694984646878	0.09263050153531216	317.2647629800037	4.0	4.0	2.0987616239789784	2.0021433611260497	1.3656829681507874	0.25520631866707716	0.07719409999975824
318.0-320.0 kDa	318.0	320.0	1	0.5	1.9474275484901125	1.9474275484901125	0.6665092957550112	0.5134979223105497	0.8838280450358239	0.1161719549641761	319.59550458000285	2.0	2.0	0.25401101937096104	0.25401101937096104	0.6665092957550112	0.5134979223105497	1.8513008999974545
320.0-322.0 kDa	320.0	322.0	0	0.0					0.4321903787103378	0.5678096212896622								
322.0-324.0 kDa	322.0	324.0	1	0.5	1.7035704193646908	1.7035704193646908	0.5327262953124453	0.587002444180105	0.8797338792221086	0.12026612077789145	323.8599463800033	2.0	2.0	0.22677042005691117	0.22677042005691117	0.5327262953124453	0.587002444180105	1.768046700000241
324.0-326.0 kDa	324.0	326.0	1	0.5	3.4642835373436602	3.4642835373436602	1.242505839932337	0.2886599752071041	0.9042988741044012	0.09570112589559876	325.62799308000353	4.0	4.0	0.970398310421936	0.970398310421936	1.242505839932337	0.2886599752071041	1.1145726000000877
326.0-328.0 kDa	326.0	328.0	2	1.0	4.747516022526009	4.747516022526009	1.5554845371522004	0.21153865406328198	0.9129989764585466	0.08700102354145345	327.09775613000284	4.5	4.5	1.9862838625633843	1.9862838625633843	1.5554845371522004	0.21153865406328198	0.7103808999983698
328.0-330.0 kDa	328.0	330.0	3	1.5	5.475283644998434	5.393305329508584	1.6998335131622593	0.182788070998308	0.9160696008188332	0.08393039918116685	328.8594614133373	5.0	5.0	2.5247801898397317	2.4741438644193194	1.6851584306450322	0.18541505420222815	0.48978120000003855
330.0-332.0 kDa	330.0	332.0	3	1.5	6.181605071604104	6.19195419611468	1.8208921427299887	0.16199258557555765	0.9201637666325486	0.07983623336745138	331.1225495133377	6.0	6.0	2.6447260857367416	2.5749162643912538	1.8232507389917652	0.16149990266844655	0.22992349999856287
332.0-334.0 kDa	332.0	334.0	3	1.5	6.567814074713897	6.624327378345772	1.882011447463966	0.1523095119264312	0.9211873080859775	0.07881269191402251	333.0372639466705	7.0	7.0	3.670576077088267	3.674548551621234	1.8907488389211256	0.15095872273295166	0.05953559999960589
334.0-336.0 kDa	334.0	336.0	2	1.0	5.894154223322217	5.894154223322217	1.7739607670633526	0.16965972186043943	0.9186284544524054	0.08137154554759463	334.1359412800032	6.0	6.0	2.8936983589898038	2.8936983589898038	1.7739607670633526	0.16965972186043943	0.15076179999584838
336.0-338.0 kDa	336.0	338.0	4	2.0	6.822594888916699	6.801681004081807	1.9184530168239224	0.1470958607996486	0.9222108495394064	0.07778915046059365	337.0017895800036	6.5	6.75	3.6390104974858297	3.379969552787513	1.917093198126741	0.14704500124415482	0.2543543999988742
338.0-340.0 kDa	338.0	340.0	4	2.0	7.381094277322687	7.514185276162401	1.9980079223666594	0.13573257089742158	0.9227226202661207	0.07727737973387927	338.7413733050039	7.0	7.0	3.978063628151603	3.865353713459267	2.0167153940420475	0.13310217883898845	0.2418208499997263
340.0-342.0 kDa	340.0	342.0	2	1.0	5.414895899309013	5.414895899309013	1.6868870582833617	0.18551482874510739	0.9150460593654043	0.08495394063459571	340.66751688000545	4.0	4.0	2.004442491225823	2.004442491225823	1.6868870582833617	0.18551482874510739	0.8025799500002506
342.0-344.0 kDa	342.0	344.0	3	1.5	4.45225474396177	4.3597346184071535	1.4929297523610128	0.2248198715210966	0.9109518935516888	0.08904810644831118	343.20225418000473	4.0	4.0	2.0679693762514546	1.9472277497096104	1.4724111881706425	0.22937175941350163	0.4947262999989448
344.0-346.0 kDa	344.0	346.0	1	0.5	4.73391889554365	4.73391889554365	1.5547533786137373	0.2112414728823018	0.9124872057318322	0.08751279426816783	344.6900205800052	5.0	5.0	1.6152825464706395	1.6152825464706395	1.5547533786137373	0.2112414728823018	0.8751605000007885
346.0-348.0 kDa	346.0	348.0	3	1.5	4.186677158099179	3.8451321351478702	1.4252326923062342	0.24197855756982245	0.90992835209826	0.09007164790174005	346.90034704667136	4.0	4.333333333333333	1.6436345589008567	1.5760217416216762	1.3468079678152094	0.2600690860163492	0.07267969999827528
348.0-350.0 kDa	348.0	350.0	2	1.0	5.4972942761709565	5.4972942761709565	1.7042483407095954	0.18191046563437696	0.9165813715455476	0.08341862845445236	349.3425484300052	6.0	6.0	2.4923865541855434	2.4923865541855434	1.7042483407095954	0.18191046563437696	0.15181009999861317
350.0-352.0 kDa	350.0	352.0	3	1.5	4.76472190897492	4.787674289891594	1.561072641493017	0.2099459169389336	0.913510747185261	0.08648925281473896	350.73842074667067	5.0	5.0	2.8013722379172683	2.764526545753556	1.5660447590434	0.20886968065295075	0.0713804999995773
352.0-354.0 kDa	352.0	354.0	1	0.5	3.4075301337785247	3.4075301337785247	1.2259877279180542	0.2934676908905645	0.9032753326509724	0.09672466734902763	353.7599562800052	3.0	3.0	1.7730700210509043	1.7730700210509043	1.2259877279180542	0.2934676908905645	0.5711177999996835
354.0-356.0 kDa	354.0	356.0	2	1.0	3.5270390315948483	3.5270390315948483	1.260458424147011	0.2835241056766301	0.9048106448311156	0.09518935516888438	354.3368167800053	4.0	4.0	2.017949467697999	2.017949467697999	1.260458424147011	0.2835241056766301	0.01148540000082221
356.0-358.0 kDa	356.0	358.0	1	0.5	3.272062425929093	3.272062425929093	1.185420497387687	0.30561764105587097	0.9022517911975435	0.0977482088024565	356.2306399800053	3.0	3.0	0.5350447901477988	0.5350447901477988	1.185420497387687	0.30561764105587097	1.888080499999603
358.0-360.0 kDa	358.0	360.0	3	1.5	4.660428080633001	4.529946963831484	1.537969837812643	0.21505611471449085	0.9114636642784033	0.08853633572159669	358.80941264667194	5.0	5.0	2.2105956616235916	2.3500017521869796	1.5107102316629368	0.22075313640188582	0.07202990000109821
360.0-362.0 kDa	360.0	362.0	2	1.0	4.173962300045129	4.173962300045129	1.428653080629413	0.23968244329023775	0.9094165813715456	0.09058341862845443	360.2807287800046	5.0	5.0	2.0928363587754504	2.0928363587754504	1.428653080629413	0.23968244329023775	0.13096680000148808
362.0-364.0 kDa	362.0	364.0	0	0.0					0.4321903787103378	0.5678096212896622								
364.0-366.0 kDa	364.0	366.0	2	1.0	3.8717082104058322	3.8717082104058322	1.3116316600296714	0.2809531042495741	0.906345957011259	0.09365404298874103	364.9394099800048	3.5	3.5	1.4514062287562597	1.4514062287562597	1.3116316600296714	0.2809531042495741	1.0044304499998873
366.0-368.0 kDa	366.0	368.0	3	1.5	5.447144841020354	5.563629470308216	1.6943737036117705	0.1838484555342964	0.9155578300921188	0.08444216990788123	366.5840310800042	6.0	5.333333333333333	2.9517451697042656	2.936703500170736	1.716250677722253	0.1797387847872985	0.04894339999935937
368.0-370.0 kDa	368.0	370.0	3	1.5	6.371820004006004	6.421319398329856	1.8518147434707517	0.1569631914148937	0.920675537359263	0.079324462640737	368.83617828000405	6.0	6.0	2.5260274795588478	2.73264338975072	1.8596236103453547	0.15573123496396918	0.06291450000770737
370.0-372.0 kDa	370.0	372.0	3	1.5	5.540092950110082	5.452278974981604	1.7115244413021422	0.18067709316994332	0.917093142272262	0.08290685772773798	370.4598761466723	5.0	5.333333333333333	3.046385024470787	3.0871973931481005	1.6960336818174797	0.18340954389689387	0.10168499999906544
372.0-374.0 kDa	372.0	374.0	1	0.5	3.343082022391595	3.343082022391595	1.2068931427013114	0.29912517649944276	0.9027635619242579	0.09723643807574212	372.1697204800006	3.0	3.0	0.7684377728836982	0.7684377728836982	1.2068931427013114	0.29912517649944276	1.505966099995419
374.0-376.0 kDa	374.0	376.0	0	0.0					0.4321903787103378	0.5678096212896622								
376.0-378.0 kDa	376.0	378.0	1	0.5	1.0	1.0	0.0	1.0	0.8682190378710338	0.13178096212896617	377.6270214800064	1.0	1.0	0.0	0.0	-0.0	1.0	5.4573010000058275
378.0-380.0 kDa	378.0	380.0	0	0.0					0.4321903787103378	0.5678096212896622								
380.0-382.0 kDa	380.0	382.0	0	0.0					0.4321903787103378	0.5678096212896622								
382.0-384.0 kDa	382.0	384.0	0	0.0					0.4321903787103378	0.5678096212896622								
384.0-386.0 kDa	384.0	386.0	0	0.0					0.4321903787103378	0.5678096212896622								
386.0-388.0 kDa	386.0	388.0	3	1.5	3.1644142717290813	3.123264997471634	1.1517557223834916	0.31614779190391706	0.9007164790174002	0.09928352098259985	387.60481211333854	3.0	3.0	1.9440610665809759	1.9420499331413363	1.1388789281982483	0.32017776295304	0.03806549999882236
388.0-390.0 kDa	388.0	390.0	0	0.0					0.4321903787103378	0.5678096212896622								
390.0-392.0 kDa	390.0	392.0	1	0.5	3.232870101277054	3.232870101277054	1.173370318931166	0.3093226664458242	0.901740020470829	0.09825997952917098	390.19612548000185	1.0	1.0	0.43829079742475896	0.43829079742475896	1.173370318931166	0.3093226664458242	2.1264690000038513
392.0-394.0 kDa	392.0	394.0	5	2.5	5.142543333030609	5.1146460585486455	1.6374978823660957	0.19447565638480396	0.9145342886386899	0.08546571136131009	392.7393027200055	5.0	5.2	3.348281418389438	3.05422652751176	1.6321082002447	0.1955169504502848	0.14123059999968746
394.0-396.0 kDa	394.0	396.0	1	0.5	2.078563072878514	2.078563072878514	0.7316768246331183	0.4811015903477696	0.8858751279426816	0.11412487205731836	395.621744480007	2.0	2.0	0.2767890965819675	0.2767890965819675	0.7316768246331183	0.4811015903477696	1.7706122000036544
396.0-398.0 kDa	396.0	398.0	0	0.0					0.4321903787103378	0.5678096212896622								
398.0-400.0 kDa	398.0	400.0	3	1.5	3.0507532428098756	3.043112772951529	1.1152427742657507	0.32788335364809046	0.8996929375639714	0.1003070624360286	398.7148867800054	3.0	3.0	1.6700134891745528	1.724108934146931	1.1128809300216067	0.32861089108771196	0.3425606999963975
400.0-402.0 kDa	400.0	402.0	0	0.0					0.4321903787103378	0.5678096212896622								
402.0-404.0 kDa	402.0	404.0	1	0.5	2.5956269836294306	2.5956269836294306	0.953828099622933	0.38526337039450614	0.8961105424769703	0.1038894575230297	403.3920001800073	2.0	2.0	0.9405380149487594	0.9405380149487594	0.953828099622933	0.38526337039450614	0.661662399998022
404.0-406.0 kDa	404.0	406.0	3	1.5	3.942685172254027	4.100743236640729	1.3697106153900156	0.25474494251938923	0.9078812691914022	0.09211873080859778	405.17041308000563	4.0	4.0	2.05215080040793	1.8171238079049488	1.4111682345109766	0.24385823307951998	0.0667244999985428
406.0-408.0 kDa	406.0	408.0	1	0.5	3.9880724768420093	3.9880724768420093	1.383308025666149	0.25074769974889194	0.9083930399181167	0.09160696008188329	406.5700039800065	4.0	4.0	1.7170653630623556	1.7170653630623556	1.383308025666149	0.25074769974889194	0.8078534000013633
408.0-410.0 kDa	408.0	410.0	2	1.0	2.4258278836434624	2.4258278836434624	0.8563427596513216	0.4375725939772034	0.8925281473899693	0.10747185261003067	408.99188023000573	2.5	2.5	0.48143059266180477	0.48143059266180477	0.8563427596513216	0.4375725939772034	1.5549871000005169
410.0-412.0 kDa	410.0	412.0	0	0.0					0.4321903787103378	0.5678096212896622								
412.0-414.0 kDa	412.0	414.0	2	1.0	2.2774373207571665	2.2774373207571665	0.8230498160797044	0.4390909098264526	0.8894575230296827	0.11054247697031727	413.03076818000693	2.0	2.0	1.0674770261112805	1.0674770261112805	0.8230498160797044	0.4390909098264526	0.018919400002687325
414.0-416.0 kDa	414.0	416.0	1	0.5	1.5555974081301522	1.5555974081301522	0.4418596571436266	0.6428398471054363	0.8771750255885363	0.12282497441146367	415.3839581800063	1.0	1.0	0.1280295490240595	0.1280295490240595	0.4418596571436266	0.6428398471054363	2.3437302999980147
416.0-418.0 kDa	416.0	418.0	0	0.0					0.4321903787103378	0.5678096212896622								
418.0-420.0 kDa	418.0	420.0	1	0.5	1.886597152834793	1.886597152834793	0.6347747580809838	0.5300548654477741	0.882804503582395	0.11719549641760496	418.8428898800072	2.0	2.0	0.4626691314737501	0.4626691314737501	0.6347747580809838	0.5300548654477741	1.2459633000001986
420.0-422.0 kDa	420.0	422.0	1	0.5	1.8647914504078784	1.8647914504078784	0.6231492240055405	0.5362529948221685	0.8812691914022518	0.1187308085977482	420.0888531800074	2.0	2.0	0.4601456208761674	0.4601456208761674	0.6231492240055405	0.5362529948221685	1.2459633000001986
422.0-424.0 kDa	422.0	424.0	0	0.0					0.4321903787103378	0.5678096212896622								
424.0-426.0 kDa	424.0	426.0	2	1.0	3.122864759901455	3.122864759901455	1.1382219702412981	0.3205576422861778	0.9002047082906858	0.09979529170931423	425.55928883000666	3.0	3.0	1.6619187803410718	1.6619187803410718	1.1382219702412981	0.3205576422861778	0.48702330000128313
426.0-428.0 kDa	426.0	428.0	1	0.5	3.4332021037369325	3.4332021037369325	1.233493383624449	0.2912732690311274	0.9037871033776868	0.09621289662231325	426.2611016800083	4.0	4.0	1.6731408859331558	1.6731408859331558	1.233493383624449	0.2912732690311274	0.42957910000075117
428.0-430.0 kDa	428.0	430.0	2	1.0	2.268859341954154	2.268859341954154	0.800789965764225	0.4573516455582005	0.8889457523029682	0.11105424769703176	428.95424588000685	2.5	2.5	0.48287274517926715	0.48287274517926715	0.800789965764225	0.4573516455582005	1.389682799999946
430.0-432.0 kDa	430.0	432.0	0	0.0					0.4321903787103378	0.5678096212896622								
432.0-434.0 kDa	432.0	434.0	0	0.0					0.4321903787103378	0.5678096212896622								
434.0-436.0 kDa	434.0	436.0	1	0.5	1.0	1.0	0.0	1.0	0.8682190378710338	0.13178096212896617	435.87677218000726	1.0	1.0	0.0	0.0	-0.0	1.0	6.22768490000044
436.0-438.0 kDa	436.0	438.0	0	0.0					0.4321903787103378	0.5678096212896622								
438.0-440.0 kDa	438.0	440.0	0	0.0					0.4321903787103378	0.5678096212896622								
440.0-442.0 kDa	440.0	442.0	0	0.0					0.4321903787103378	0.5678096212896622								
442.0-444.0 kDa	442.0	444.0	1	0.5	1.8866955801516863	1.8866955801516863	0.6348269285982909	0.5300272129325718	0.8833162743091095	0.11668372569089047	442.3688960800071	2.0	2.0	0.3006143388470577	0.3006143388470577	0.6348269285982909	0.5300272129325718	1.6458304999995903
444.0-446.0 kDa	444.0	446.0	2	1.0	2.413850030257163	2.413850030257163	0.8760765678940028	0.4185620468110459	0.8915046059365405	0.10849539406345954	444.4484120800063	2.5	2.5	0.8367953809154126	0.8367953809154126	0.8760765678940028	0.4185620468110459	0.8673709999991388
446.0-448.0 kDa	446.0	448.0	0	0.0					0.4321903787103378	0.5678096212896622								
448.0-450.0 kDa	448.0	450.0	0	0.0					0.4321903787103378	0.5678096212896622								
450.0-452.0 kDa	450.0	452.0	0	0.0					0.4321903787103378	0.5678096212896622								
452.0-454.0 kDa	452.0	454.0	0	0.0					0.4321903787103378	0.5678096212896622								
454.0-456.0 kDa	454.0	456.0	0	0.0					0.4321903787103378	0.5678096212896622								
456.0-458.0 kDa	456.0	458.0	0	0.0					0.4321903787103378	0.5678096212896622								
458.0-460.0 kDa	458.0	460.0	0	0.0					0.4321903787103378	0.5678096212896622								
460.0-462.0 kDa	460.0	462.0	2	1.0	3.788024175508406	3.788024175508406	1.3298862041423396	0.2650258658306034	0.9058341862845445	0.09416581371545552	461.40929838000875	4.0	4.0	1.8482114725513346	1.8482114725513346	1.3298862041423396	0.2650258658306034	0.573009149999848
462.0-464.0 kDa	462.0	464.0	2	1.0	4.034016051045474	4.034016051045474	1.3947608729606653	0.24789269015259363	0.9089048106448311	0.09109518935516892	462.3566863300006	4.0	4.0	2.139750174316559	2.139750174316559	1.3947608729606653	0.24789269015259363	0.37437879999203005
464.0-466.0 kDa	464.0	466.0	1	0.5	2.42116777214707	2.42116777214707	0.8842499742525521	0.41302383564820416	0.8920163766632548	0.10798362333674516	464.7320837800072	2.0	2.0	0.3569280908575454	0.3569280908575454	0.8842499742525521	0.41302383564820416	1.8444354000012027
466.0-468.0 kDa	466.0	468.0	2	1.0	2.222764092107453	2.222764092107453	0.7916981717421221	0.4562817280633119	0.8879222108495394	0.11207778915046063	467.1766839300085	2.5	2.5	0.5834457287697059	0.5834457287697059	0.7916981717421221	0.4562817280633119	1.20032950000018
468.0-470.0 kDa	468.0	470.0	0	0.0					0.4321903787103378	0.5678096212896622								
470.0-472.0 kDa	470.0	472.0	1	0.5	1.195270239295828	1.195270239295828	0.17837230148744992	0.8366308865760198	0.8751279426816786	0.1248720573183214	471.470834380008	1.0	1.0	0.03959147342738212	0.03959147342738212	0.17837230148744992	0.8366308865760198	2.591813200002548
472.0-474.0 kDa	472.0	474.0	0	0.0					0.4321903787103378	0.5678096212896622								
474.0-476.0 kDa	474.0	476.0	2	1.0	2.0791698078323453	2.0791698078323453	0.7313756472192763	0.48153199023493165	0.8863868986693961	0.11361310133060387	474.4390089800097	2.0	2.0	0.7725483081001405	0.7725483081001405	0.7313756472192763	0.48153199023493165	0.7527227999983097
476.0-478.0 kDa	476.0	478.0	0	0.0					0.4321903787103378	0.5678096212896622								
478.0-480.0 kDa	478.0	480.0	1	0.5	2.0002493186024277	2.0002493186024277	0.6932718320918342	0.4999376781183953	0.8843398157625384	0.1156601842374616	479.29022867998975	2.0	2.0	0.7187886223337705	0.7187886223337705	0.6932718320918342	0.4999376781183953	0.8190054000198757
480.0-482.0 kDa	480.0	482.0	1	0.5	2.169714771833349	2.169714771833349	0.7745957173617185	0.460890073193827	0.8868986693961105	0.1131013306038895	480.1092340800096	2.0	2.0	0.7562849977532069	0.7562849977532069	0.7745957173617185	0.460890073193827	0.8190054000198757
482.0-484.0 kDa	482.0	484.0	1	0.5	2.001720472366133	2.001720472366133	0.6940070469519231	0.4995702515935955	0.8848515864892528	0.11514841351074723	482.634616480008	2.0	2.0	0.37260294078714296	0.37260294078714296	0.6940070469519231	0.4995702515935955	1.4938503000020091
484.0-486.0 kDa	484.0	486.0	1	0.5	1.8857872250827776	1.8857872250827776	0.6343453597571008	0.5302825189920907	0.8822927328556807	0.11770726714431934	484.12846678001	2.0	2.0	0.34683480232182995	0.34683480232182995	0.6343453597571008	0.5302825189920907	1.4938503000020091
486.0-488.0 kDa	486.0	488.0	2	1.0	2.2431528533456495	2.2431528533456495	0.8077488008615297	0.4459202290131009	0.8884339815762539	0.11156601842374614	487.1994018300093	2.0	2.0	1.0131157858808761	1.0131157858808761	0.8077488008615297	0.4459202290131009	0.25820390000023963
488.0-490.0 kDa	488.0	490.0	1	0.5	2.4793754985439453	2.4793754985439453	0.9080067133628963	0.4033273703750266	0.8940634595701126	0.10593654042988743	489.9548045800046	2.0	2.0	1.0810009865924797	1.0810009865924797	0.9080067133628963	0.4033273703750266	0.223415700000146
490.0-492.0 kDa	490.0	492.0	1	0.5	2.4889135961074005	2.4889135961074005	0.9118463084829401	0.401781725795534	0.8950870010235414	0.10491299897645856	490.1782202800047	2.0	2.0	1.09738456026643	1.09738456026643	0.9118463084829401	0.401781725795534	0.223415700000146
492.0-494.0 kDa	492.0	494.0	1	0.5	1.621313164222819	1.621313164222819	0.48323641608870505	0.6167839884772371	0.8781985670419652	0.1218014329580348	492.3392802800083	1.0	1.0	0.15506043447541096	0.15506043447541096	0.48323641608870505	0.6167839884772371	2.1610600000036015
494.0-496.0 kDa	494.0	496.0	0	0.0					0.4321903787103378	0.5678096212896622								
496.0-498.0 kDa	496.0	498.0	0	0.0					0.4321903787103378	0.5678096212896622								
498.0-500.0 kDa	498.0	500.0	0	0.0					0.4321903787103378	0.5678096212896622								
500.0-502.0 kDa	500.0	502.0	1	0.5	1.5856215990185143	1.5856215990185143	0.46097650648523947	0.6306674938200837	0.8776867963152508	0.12231320368474918	500.24289108000846	2.0	2.0	0.209531379640582	0.209531379640582	0.46097650648523947	0.6306674938200837	1.7679829000016412
502.0-504.0 kDa	502.0	504.0	1	0.5	1.7297569269968642	1.7297569269968642	0.5479808940118979	0.5781159100407018	0.8802456499488229	0.11975435005117707	502.0108739800101	2.0	2.0	0.2335523465372269	0.2335523465372269	0.5479808940118979	0.5781159100407018	1.7679829000016412
504.0-506.0 kDa	504.0	506.0	1	0.5	1.2280366348046883	1.2280366348046883	0.20541666218279914	0.8143079543869177	0.8756397134083931	0.12436028659160692	504.7417449800118	1.0	1.0	0.04446838518827012	0.04446838518827012	0.20541666218279914	0.8143079543869177	2.7308710000016845
506.0-508.0 kDa	506.0	508.0	1	0.5	1.627268977557893	1.627268977557893	0.48690313575165173	0.6145265557146794	0.8787103377686797	0.12128966223132032	507.5309737800105	2.0	2.0	0.18456827340036353	0.18456827340036353	0.48690313575165173	0.6145265557146794	1.9011323999955607
508.0-510.0 kDa	508.0	510.0	1	0.5	2.482955003011871	2.482955003011871	0.9094493843368021	0.40274592120557207	0.8945752302968271	0.10542476970317294	509.4321061800061	2.0	2.0	0.3753513144904328	0.3753513144904328	0.9094493843368021	0.40274592120557207	1.9011323999955607
510.0-512.0 kDa	510.0	512.0	2	1.0	3.767566475143641	3.767566475143641	1.3264291691250523	0.2654233866349271	0.9053224155578301	0.0946775844421699	511.58415903001026	3.0	3.0	1.9601516457903356	1.9601516457903356	1.3264291691250523	0.2654233866349271	0.03863910000205806
512.0-514.0 kDa	512.0	514.0	2	1.0	3.884837456378398	3.884837456378398	1.356541024297869	0.257689243028261	0.9068577277379734	0.09314227226202665	512.9978776300103	3.5	3.5	1.4291700844165236	1.4291700844165236	1.356541024297869	0.257689243028261	1.0153894499997875
514.0-516.0 kDa	514.0	516.0	1	0.5	2.644369605310166	2.644369605310166	0.9724327024277801	0.3781619626817284	0.8971340839303992	0.10286591606960083	515.4412491800016	3.0	3.0	0.8869179203832132	0.8869179203832132	0.9724327024277801	0.3781619626817284	0.8769572000090875
516.0-518.0 kDa	516.0	518.0	1	0.5	2.208721906209563	2.208721906209563	0.7924140252543246	0.45275052381588515	0.887410440122825	0.112589559877175	516.3182063800107	2.0	2.0	0.7238109537174777	0.7238109537174777	0.7924140252543246	0.45275052381588515	0.8769572000090875
518.0-520.0 kDa	518.0	520.0	1	0.5	2.401564273208384	2.401564273208384	0.8761203055407318	0.4163952683490099	0.890992835209826	0.10900716479017403	519.2080720800097	2.0	2.0	0.4836853797017613	0.4836853797017613	0.8761203055407318	0.4163952683490099	1.4766013999995948
520.0-522.0 kDa	520.0	522.0	2	1.0	3.2296361332092305	3.2296361332092305	1.1723694687755588	0.3096324101125406	0.9012282497441146	0.09877175025588536	520.9581394300101	3.0	3.0	1.3297223461138377	1.3297223461138377	1.1723694687755588	0.3096324101125406	0.5469319000014821
522.0-524.0 kDa	522.0	524.0	1	0.5	2.2870030449517897	2.2870030449517897	0.8272422464572435	0.437253462433007	0.8899692937563971	0.1100307062436029	522.6992539800112	2.0	2.0	0.47430488993939846	0.47430488993939846	0.8272422464572435	0.437253462433007	1.467648600000416
524.0-526.0 kDa	524.0	526.0	0	0.0					0.4321903787103378	0.5678096212896622								
526.0-528.0 kDa	526.0	528.0	2	1.0	2.4289928213904277	2.4289928213904277	0.8874033358093217	0.4117536781564869	0.8930399181166837	0.1069600818833163	527.5072217300124	2.5	2.5	1.13257387230266	1.13257387230266	0.8874033358093217	0.4117536781564869	0.10184969999738769
528.0-530.0 kDa	528.0	530.0	1	0.5	2.4535297204505975	2.4535297204505975	0.8975276899656282	0.407576069555965	0.8935516888433982	0.1064483111566018	529.5003002800089	2.0	2.0	0.34982812078006287	0.34982812078006287	0.8975276899656282	0.407576069555965	1.9421536999977889
530.0-532.0 kDa	530.0	532.0	0	0.0					0.4321903787103378	0.5678096212896622								
532.0-534.0 kDa	532.0	534.0	3	1.5	4.254751604394609	4.047072987396878	1.4441773663092572	0.2368187440494934	0.9104401228249744	0.08955987717502556	532.2917492466773	3.0	3.6666666666666665	2.1555959112184375	2.1851279659319904	1.3979939006697908	0.24709215848444854	0.12469379999788544
534.0-536.0 kDa	534.0	536.0	3	1.5	4.661956439292319	4.755591295745641	1.5377434840255306	0.21523640799104674	0.9119754350051177	0.08802456499488232	534.4963800133422	4.0	4.0	2.3302185085780387	2.2223027821167713	1.559321040683823	0.2102787934898025	0.1390634999916074
536.0-538.0 kDa	536.0	538.0	1	0.5	2.6270847149224514	2.6270847149224514	0.965874757965126	0.38065007737275	0.8966223132036848	0.1033776867963152	536.43614108001	2.0	2.0	0.5338382902001084	0.5338382902001084	0.965874757965126	0.38065007737275	1.4615788999981305
538.0-540.0 kDa	538.0	540.0	0	0.0					0.4321903787103378	0.5678096212896622								
540.0-542.0 kDa	540.0	542.0	3	1.5	2.929220965119789	2.9228930095112426	1.074719498259223	0.341399298220654	0.8976458546571137	0.10235414534288634	540.5801585466756	3.0	3.0	1.5678384569575936	1.48077885977243	1.0725738824866557	0.34212678902236554	0.12919149999856927
542.0-544.0 kDa	542.0	544.0	0	0.0					0.4321903787103378	0.5678096212896622								
544.0-546.0 kDa	544.0	546.0	0	0.0					0.4321903787103378	0.5678096212896622								
546.0-548.0 kDa	546.0	548.0	1	0.5	1.010258399548619	1.010258399548619	0.010206139268651847	0.9898457666343558	0.8725690890481065	0.12743091095189352	547.1975595800117	1.0	1.0	0.0013422259557334115	0.0013422259557334115	0.010206139268651847	0.9898457666343558	3.6368738999932475
548.0-550.0 kDa	548.0	550.0	0	0.0					0.4321903787103378	0.5678096212896622								
550.0-552.0 kDa	550.0	552.0	3	1.5	2.9644496941494283	2.952692787537677	1.0866659200936573	0.3373479105739409	0.898157625383828	0.10184237461617196	551.3379543133402	3.0	3.0	1.4828634641392724	1.5700592191342644	1.082717563329444	0.3386739061444738	0.49342640000566007
552.0-554.0 kDa	552.0	554.0	0	0.0					0.4321903787103378	0.5678096212896622								
554.0-556.0 kDa	554.0	556.0	1	0.5	1.0150669585824577	1.0150669585824577	0.014954579364645181	0.9851566850294303	0.8730808597748209	0.12691914022517914	555.3646352800062	1.0	1.0	0.002089531697567981	0.002089531697567981	0.014954579364645181	0.9851566850294303	3.5130657000009933
556.0-558.0 kDa	556.0	558.0	0	0.0					0.4321903787103378	0.5678096212896622								
558.0-560.0 kDa	558.0	560.0	0	0.0					0.4321903787103378	0.5678096212896622								
560.0-562.0 kDa	560.0	562.0	0	0.0					0.4321903787103378	0.5678096212896622								
562.0-564.0 kDa	562.0	564.0	0	0.0					0.4321903787103378	0.5678096212896622								
564.0-566.0 kDa	564.0	566.0	2	1.0	2.0100746735051915	2.0100746735051915	0.6981685512260415	0.49749725993172966	0.8853633572159673	0.11463664278403274	564.9292254800118	2.0	2.0	0.9773595427529977	0.9773595427529977	0.6981685512260415	0.49749725993172966	0.2199664000033863
566.0-568.0 kDa	566.0	568.0	0	0.0					0.4321903787103378	0.5678096212896622								
568.0-570.0 kDa	568.0	570.0	3	1.5	3.0258243114736136	3.0043062389115516	1.1069817553657668	0.33062144114737496	0.8991811668372569	0.1008188331627431	569.0774400800057	3.0	3.0	1.594773414933544	1.5721643713191007	1.1000466724182154	0.3328555481621927	0.22200860000407374
570.0-572.0 kDa	570.0	572.0	0	0.0					0.4321903787103378	0.5678096212896622								
572.0-574.0 kDa	572.0	574.0	1	0.5	1.182150256032606	1.182150256032606	0.16733503106777256	0.8459161556637331	0.8746161719549642	0.12538382804503578	572.2898546800084	1.0	1.0	0.036111377506827136	0.036111377506827136	0.16733503106777256	0.8459161556637331	2.629856400001131
574.0-576.0 kDa	574.0	576.0	0	0.0					0.4321903787103378	0.5678096212896622								
576.0-578.0 kDa	576.0	578.0	0	0.0					0.4321903787103378	0.5678096212896622								
578.0-580.0 kDa	578.0	580.0	1	0.5	1.6822042909079213	1.6822042909079213	0.5201050113145086	0.5944581198638358	0.8792221084953941	0.12077789150460594	579.9127678800078	2.0	2.0	0.27338295576430194	0.27338295576430194	0.5201050113145086	0.5944581198638358	1.6105165000025181
580.0-582.0 kDa	580.0	582.0	1	0.5	1.8257480060514513	1.8257480060514513	0.6019897693917572	0.547720713201107	0.8807574206755373	0.1192425793244627	581.5232843800103	2.0	2.0	0.29714144878861415	0.29714144878861415	0.6019897693917572	0.547720713201107	1.6105165000025181
582.0-584.0 kDa	582.0	584.0	0	0.0					0.4321903787103378	0.5678096212896622								
584.0-586.0 kDa	584.0	586.0	1	0.5	1.1165806423148044	1.1165806423148044	0.11027101746837273	0.8955913814938447	0.8741044012282497	0.12589559877175027	584.2581756800081	1.0	1.0	0.02375849302431221	0.02375849302431221	0.11027101746837273	0.8955913814938447	2.7348912999977983
586.0-588.0 kDa	586.0	588.0	0	0.0					0.4321903787103378	0.5678096212896622								
588.0-590.0 kDa	588.0	590.0	0	0.0					0.4321903787103378	0.5678096212896622								
590.0-592.0 kDa	590.0	592.0	0	0.0					0.4321903787103378	0.5678096212896622								
592.0-594.0 kDa	592.0	594.0	0	0.0					0.4321903787103378	0.5678096212896622								
594.0-596.0 kDa	594.0	596.0	0	0.0					0.4321903787103378	0.5678096212896622								
596.0-598.0 kDa	596.0	598.0	0	0.0					0.4321903787103378	0.5678096212896622								
598.0-600.0 kDa	598.0	600.0	0	0.0					0.4321903787103378	0.5678096212896622								
600.0-602.0 kDa	600.0	602.0	1	0.5	1.0	1.0	0.0	1.0	0.8682190378710338	0.13178096212896617	600.2453061800035	1.0	1.0	0.0	0.0	-0.0	1.0	4.0073427000139645
602.0-604.0 kDa	602.0	604.0	0	0.0					0.4321903787103378	0.5678096212896622								
604.0-606.0 kDa	604.0	606.0	1	0.5	1.0	1.0	0.0	1.0	0.8682190378710338	0.13178096212896617	604.2526488800174	1.0	1.0	0.0	0.0	-0.0	1.0	4.0073427000139645
606.0-608.0 kDa	606.0	608.0	0	0.0					0.4321903787103378	0.5678096212896622								
608.0-610.0 kDa	608.0	610.0	0	0.0					0.4321903787103378	0.5678096212896622								
610.0-612.0 kDa	610.0	612.0	1	0.5	1.0	1.0	0.0	1.0	0.8682190378710338	0.13178096212896617	611.5614882800076	1.0	1.0	0.0	0.0	-0.0	1.0	7.30883939999012
612.0-614.0 kDa	612.0	614.0	0	0.0					0.4321903787103378	0.5678096212896622								
614.0-616.0 kDa	614.0	616.0	0	0.0					0.4321903787103378	0.5678096212896622								
616.0-618.0 kDa	616.0	618.0	0	0.0					0.4321903787103378	0.5678096212896622								
618.0-620.0 kDa	618.0	620.0	0	0.0					0.4321903787103378	0.5678096212896622								
620.0-622.0 kDa	620.0	622.0	0	0.0					0.4321903787103378	0.5678096212896622								
622.0-624.0 kDa	622.0	624.0	0	0.0					0.4321903787103378	0.5678096212896622								
624.0-626.0 kDa	624.0	626.0	0	0.0					0.4321903787103378	0.5678096212896622								
626.0-628.0 kDa	626.0	628.0	0	0.0					0.4321903787103378	0.5678096212896622								
628.0-630.0 kDa	628.0	630.0	1	0.5	1.0	1.0	0.0	1.0	0.8682190378710338	0.13178096212896617	629.5839268800021	1.0	1.0	0.0	0.0	-0.0	1.0	18.02243859999453
630.0-632.0 kDa	630.0	632.0	0	0.0					0.4321903787103378	0.5678096212896622								
632.0-634.0 kDa	632.0	634.0	0	0.0					0.4321903787103378	0.5678096212896622								
634.0-636.0 kDa	634.0	636.0	0	0.0					0.4321903787103378	0.5678096212896622								
636.0-638.0 kDa	636.0	638.0	0	0.0					0.4321903787103378	0.5678096212896622								
638.0-640.0 kDa	638.0	640.0	0	0.0					0.4321903787103378	0.5678096212896622								
640.0-642.0 kDa	640.0	642.0	0	0.0					0.4321903787103378	0.5678096212896622								
642.0-644.0 kDa	642.0	644.0	0	0.0					0.4321903787103378	0.5678096212896622								
644.0-646.0 kDa	644.0	646.0	0	0.0					0.4321903787103378	0.5678096212896622								
646.0-648.0 kDa	646.0	648.0	0	0.0					0.4321903787103378	0.5678096212896622								
648.0-650.0 kDa	648.0	650.0	0	0.0					0.4321903787103378	0.5678096212896622								
650.0-652.0 kDa	650.0	652.0	0	0.0					0.4321903787103378	0.5678096212896622								
652.0-654.0 kDa	652.0	654.0	0	0.0					0.4321903787103378	0.5678096212896622								
654.0-656.0 kDa	654.0	656.0	0	0.0					0.4321903787103378	0.5678096212896622								
656.0-658.0 kDa	656.0	658.0	0	0.0					0.4321903787103378	0.5678096212896622								
658.0-660.0 kDa	658.0	660.0	0	0.0					0.4321903787103378	0.5678096212896622								
660.0-662.0 kDa	660.0	662.0	0	0.0					0.4321903787103378	0.5678096212896622								
662.0-664.0 kDa	662.0	664.0	0	0.0					0.4321903787103378	0.5678096212896622								
664.0-666.0 kDa	664.0	666.0	0	0.0					0.4321903787103378	0.5678096212896622								
666.0-668.0 kDa	666.0	668.0	0	0.0					0.4321903787103378	0.5678096212896622								
668.0-670.0 kDa	668.0	670.0	0	0.0					0.4321903787103378	0.5678096212896622								
670.0-672.0 kDa	670.0	672.0	0	0.0					0.4321903787103378	0.5678096212896622								
672.0-674.0 kDa	672.0	674.0	0	0.0					0.4321903787103378	0.5678096212896622								
674.0-676.0 kDa	674.0	676.0	0	0.0					0.4321903787103378	0.5678096212896622								
676.0-678.0 kDa	676.0	678.0	0	0.0					0.4321903787103378	0.5678096212896622								
678.0-680.0 kDa	678.0	680.0	0	0.0					0.4321903787103378	0.5678096212896622								
680.0-682.0 kDa	680.0	682.0	0	0.0					0.4321903787103378	0.5678096212896622								
682.0-684.0 kDa	682.0	684.0	0	0.0					0.4321903787103378	0.5678096212896622								
684.0-686.0 kDa	684.0	686.0	0	0.0					0.4321903787103378	0.5678096212896622								
686.0-688.0 kDa	686.0	688.0	1	0.5	1.0	1.0	0.0	1.0	0.8682190378710338	0.13178096212896617	687.4579145800091	1.0	1.0	0.0	0.0	-0.0	1.0	6.041468799995641
688.0-690.0 kDa	688.0	690.0	0	0.0					0.4321903787103378	0.5678096212896622								
690.0-692.0 kDa	690.0	692.0	0	0.0					0.4321903787103378	0.5678096212896622								
692.0-694.0 kDa	692.0	694.0	1	0.5	1.0	1.0	0.0	1.0	0.8682190378710338	0.13178096212896617	693.4993833800047	1.0	1.0	0.0	0.0	-0.0	1.0	6.041468799995641
694.0-696.0 kDa	694.0	696.0	0	0.0					0.4321903787103378	0.5678096212896622								
696.0-698.0 kDa	696.0	698.0	0	0.0					0.4321903787103378	0.5678096212896622								
698.0-700.0 kDa	698.0	700.0	0	0.0					0.4321903787103378	0.5678096212896622								
700.0-702.0 kDa	700.0	702.0	1	0.5	1.0	1.0	0.0	1.0	0.8682190378710338	0.13178096212896617	701.0957162799972	1.0	1.0	0.0	0.0	-0.0	1.0	7.59633289999249
702.0-704.0 kDa	702.0	704.0	0	0.0					0.4321903787103378	0.5678096212896622								
704.0-706.0 kDa	704.0	706.0	0	0.0					0.4321903787103378	0.5678096212896622								
706.0-708.0 kDa	706.0	708.0	0	0.0					0.4321903787103378	0.5678096212896622								
708.0-710.0 kDa	708.0	710.0	0	0.0					0.4321903787103378	0.5678096212896622								
710.0-712.0 kDa	710.0	712.0	0	0.0					0.4321903787103378	0.5678096212896622								
712.0-714.0 kDa	712.0	714.0	0	0.0					0.4321903787103378	0.5678096212896622								
714.0-716.0 kDa	714.0	716.0	0	0.0					0.4321903787103378	0.5678096212896622								
716.0-718.0 kDa	716.0	718.0	0	0.0					0.4321903787103378	0.5678096212896622								
718.0-720.0 kDa	718.0	720.0	0	0.0					0.4321903787103378	0.5678096212896622								
720.0-722.0 kDa	720.0	722.0	0	0.0					0.4321903787103378	0.5678096212896622								
722.0-724.0 kDa	722.0	724.0	1	0.5	1.0	1.0	0.0	1.0	0.8682190378710338	0.13178096212896617	723.3099661800035	1.0	1.0	0.0	0.0	-0.0	1.0	22.21424990000628
724.0-726.0 kDa	724.0	726.0	0	0.0					0.4321903787103378	0.5678096212896622								
726.0-728.0 kDa	726.0	728.0	0	0.0					0.4321903787103378	0.5678096212896622								
728.0-730.0 kDa	728.0	730.0	0	0.0					0.4321903787103378	0.5678096212896622								
730.0-732.0 kDa	730.0	732.0	0	0.0					0.4321903787103378	0.5678096212896622								
732.0-734.0 kDa	732.0	734.0	0	0.0					0.4321903787103378	0.5678096212896622								
734.0-736.0 kDa	734.0	736.0	0	0.0					0.4321903787103378	0.5678096212896622								
736.0-738.0 kDa	736.0	738.0	0	0.0					0.4321903787103378	0.5678096212896622								
738.0-740.0 kDa	738.0	740.0	0	0.0					0.4321903787103378	0.5678096212896622								
740.0-742.0 kDa	740.0	742.0	0	0.0					0.4321903787103378	0.5678096212896622								
742.0-744.0 kDa	742.0	744.0	0	0.0					0.4321903787103378	0.5678096212896622								
744.0-746.0 kDa	744.0	746.0	0	0.0					0.4321903787103378	0.5678096212896622								
746.0-748.0 kDa	746.0	748.0	1	0.5	1.0	1.0	0.0	1.0	0.8682190378710338	0.13178096212896617	747.3225178799948	1.0	1.0	0.0	0.0	-0.0	1.0	24.012551699991377
748.0-750.0 kDa	748.0	750.0	0	0.0					0.4321903787103378	0.5678096212896622								
750.0-752.0 kDa	750.0	752.0	0	0.0					0.4321903787103378	0.5678096212896622								
752.0-754.0 kDa	752.0	754.0	0	0.0					0.4321903787103378	0.5678096212896622								
754.0-756.0 kDa	754.0	756.0	0	0.0					0.4321903787103378	0.5678096212896622								
756.0-758.0 kDa	756.0	758.0	0	0.0					0.4321903787103378	0.5678096212896622								
758.0-760.0 kDa	758.0	760.0	0	0.0					0.4321903787103378	0.5678096212896622								
760.0-762.0 kDa	760.0	762.0	0	0.0					0.4321903787103378	0.5678096212896622								
762.0-764.0 kDa	762.0	764.0	0	0.0					0.4321903787103378	0.5678096212896622								
764.0-766.0 kDa	764.0	766.0	0	0.0					0.4321903787103378	0.5678096212896622								
766.0-768.0 kDa	766.0	768.0	0	0.0					0.4321903787103378	0.5678096212896622								
768.0-770.0 kDa	768.0	770.0	0	0.0					0.4321903787103378	0.5678096212896622								
770.0-772.0 kDa	770.0	772.0	0	0.0					0.4321903787103378	0.5678096212896622								
772.0-774.0 kDa	772.0	774.0	0	0.0					0.4321903787103378	0.5678096212896622								
774.0-776.0 kDa	774.0	776.0	0	0.0					0.4321903787103378	0.5678096212896622								
776.0-778.0 kDa	776.0	778.0	0	0.0					0.4321903787103378	0.5678096212896622								
778.0-780.0 kDa	778.0	780.0	0	0.0					0.4321903787103378	0.5678096212896622								
780.0-782.0 kDa	780.0	782.0	0	0.0					0.4321903787103378	0.5678096212896622								
782.0-784.0 kDa	782.0	784.0	1	0.5	1.3636527968527543	1.3636527968527543	0.3101669792565797	0.7333244960212397	0.8764073694984647	0.12359263050153535	782.7248297799963	1.0	1.0	0.10293268675420952	0.10293268675420952	0.3101669792565797	0.7333244960212397	2.132453999997324
784.0-786.0 kDa	784.0	786.0	1	0.5	1.3636527968527543	1.3636527968527543	0.3101669792565797	0.7333244960212397	0.8764073694984647	0.12359263050153535	784.8572837799936	1.0	1.0	0.10293268675420952	0.10293268675420952	0.3101669792565797	0.7333244960212397	2.132453999997324
786.0-788.0 kDa	786.0	788.0	0	0.0					0.4321903787103378	0.5678096212896622								
788.0-790.0 kDa	788.0	790.0	0	0.0					0.4321903787103378	0.5678096212896622								
790.0-792.0 kDa	790.0	792.0	0	0.0					0.4321903787103378	0.5678096212896622								
792.0-794.0 kDa	792.0	794.0	3	1.5	2.9999999994125712	2.9999999993533057	1.0986122884723002	0.3333333333986032	0.8986693961105425	0.10133060388945747	793.4418339466602	3.0	3.0	1.9999474090276999	1.99994402823968	1.0986122884525449	0.3333333334051882	0.0021150000001171065
794.0-796.0 kDa	794.0	796.0	0	0.0					0.4321903787103378	0.5678096212896622								
796.0-798.0 kDa	796.0	798.0	0	0.0					0.4321903787103378	0.5678096212896622								
798.0-800.0 kDa	798.0	800.0	0	0.0					0.4321903787103378	0.5678096212896622								
800.0-802.0 kDa	800.0	802.0	0	0.0					0.4321903787103378	0.5678096212896622								
802.0-804.0 kDa	802.0	804.0	0	0.0					0.4321903787103378	0.5678096212896622								
804.0-806.0 kDa	804.0	806.0	0	0.0					0.4321903787103378	0.5678096212896622								
806.0-808.0 kDa	806.0	808.0	0	0.0					0.4321903787103378	0.5678096212896622								
808.0-810.0 kDa	808.0	810.0	0	0.0					0.4321903787103378	0.5678096212896622								
810.0-812.0 kDa	810.0	812.0	0	0.0					0.4321903787103378	0.5678096212896622								
812.0-814.0 kDa	812.0	814.0	0	0.0					0.4321903787103378	0.5678096212896622								
814.0-816.0 kDa	814.0	816.0	0	0.0					0.4321903787103378	0.5678096212896622								
816.0-818.0 kDa	816.0	818.0	0	0.0					0.4321903787103378	0.5678096212896622								
818.0-820.0 kDa	818.0	820.0	0	0.0					0.4321903787103378	0.5678096212896622								
820.0-822.0 kDa	820.0	822.0	0	0.0					0.4321903787103378	0.5678096212896622								
822.0-824.0 kDa	822.0	824.0	0	0.0					0.4321903787103378	0.5678096212896622								
824.0-826.0 kDa	824.0	826.0	0	0.0					0.4321903787103378	0.5678096212896622								
826.0-828.0 kDa	826.0	828.0	0	0.0					0.4321903787103378	0.5678096212896622								
828.0-830.0 kDa	828.0	830.0	1	0.5	1.0424215243714003	1.0424215243714003	0.04154639547506059	0.9593048269058131	0.8735926305015353	0.12640736949846465	828.6620426799948	1.0	1.0	0.006512714944928888	0.006512714944928888	0.04154639547506059	0.9593048269058131	3.2160741999975926
830.0-832.0 kDa	830.0	832.0	1	0.5	2.297799727246803	2.297799727246803	0.831952024735233	0.4351989375497874	0.8904810644831116	0.1095189355168884	831.8781168799924	2.0	2.0	0.9308206112616528	0.9308206112616528	0.831952024735233	0.4351989375497874	0.548400000001152
832.0-834.0 kDa	832.0	834.0	1	0.5	2.57484111574249	2.57484111574249	0.9457878295877384	0.38837347822591245	0.8955987717502559	0.10440122824974407	832.4265168799935	3.0	3.0	1.0622364583332562	1.0622364583332562	0.9457878295877384	0.38837347822591245	0.548400000001152
834.0-836.0 kDa	834.0	836.0	1	0.5	1.8785427850530163	1.8785427850530163	0.6304963619519204	0.532327508298821	0.8817809621289662	0.11821903787103383	834.2178269799917	2.0	2.0	0.265767410483013	0.265767410483013	0.6304963619519204	0.532327508298821	1.7913100999982134
836.0-838.0 kDa	836.0	838.0	0	0.0					0.4321903787103378	0.5678096212896622								
838.0-840.0 kDa	838.0	840.0	0	0.0					0.4321903787103378	0.5678096212896622								
840.0-842.0 kDa	840.0	842.0	0	0.0					0.4321903787103378	0.5678096212896622								
842.0-844.0 kDa	842.0	844.0	0	0.0					0.4321903787103378	0.5678096212896622								
844.0-846.0 kDa	844.0	846.0	0	0.0					0.4321903787103378	0.5678096212896622								
846.0-848.0 kDa	846.0	848.0	0	0.0					0.4321903787103378	0.5678096212896622								
848.0-850.0 kDa	848.0	850.0	0	0.0					0.4321903787103378	0.5678096212896622								
850.0-852.0 kDa	850.0	852.0	0	0.0					0.4321903787103378	0.5678096212896622								
852.0-854.0 kDa	852.0	854.0	0	0.0					0.4321903787103378	0.5678096212896622								
854.0-856.0 kDa	854.0	856.0	0	0.0					0.4321903787103378	0.5678096212896622								
856.0-858.0 kDa	856.0	858.0	0	0.0					0.4321903787103378	0.5678096212896622								
858.0-860.0 kDa	858.0	860.0	0	0.0					0.4321903787103378	0.5678096212896622								
860.0-862.0 kDa	860.0	862.0	0	0.0					0.4321903787103378	0.5678096212896622								
862.0-864.0 kDa	862.0	864.0	0	0.0					0.4321903787103378	0.5678096212896622								
864.0-866.0 kDa	864.0	866.0	0	0.0					0.4321903787103378	0.5678096212896622								
866.0-868.0 kDa	866.0	868.0	0	0.0					0.4321903787103378	0.5678096212896622								
868.0-870.0 kDa	868.0	870.0	0	0.0					0.4321903787103378	0.5678096212896622								
870.0-872.0 kDa	870.0	872.0	1	0.5	1.0	1.0	0.0	1.0	0.8682190378710338	0.13178096212896617	871.1309227799912	1.0	1.0	0.0	0.0	-0.0	1.0	36.913095799999496
872.0-874.0 kDa	872.0	874.0	0	0.0					0.4321903787103378	0.5678096212896622								
874.0-876.0 kDa	874.0	876.0	0	0.0					0.4321903787103378	0.5678096212896622								
876.0-878.0 kDa	876.0	878.0	0	0.0					0.4321903787103378	0.5678096212896622								
878.0-880.0 kDa	878.0	880.0	0	0.0					0.4321903787103378	0.5678096212896622								
880.0-882.0 kDa	880.0	882.0	0	0.0					0.4321903787103378	0.5678096212896622								
882.0-884.0 kDa	882.0	884.0	0	0.0					0.4321903787103378	0.5678096212896622								
884.0-886.0 kDa	884.0	886.0	0	0.0					0.4321903787103378	0.5678096212896622								
886.0-888.0 kDa	886.0	888.0	0	0.0					0.4321903787103378	0.5678096212896622								
888.0-890.0 kDa	888.0	890.0	0	0.0					0.4321903787103378	0.5678096212896622								
890.0-892.0 kDa	890.0	892.0	0	0.0					0.4321903787103378	0.5678096212896622								
892.0-894.0 kDa	892.0	894.0	0	0.0					0.4321903787103378	0.5678096212896622								
894.0-896.0 kDa	894.0	896.0	0	0.0					0.4321903787103378	0.5678096212896622								
896.0-898.0 kDa	896.0	898.0	0	0.0					0.4321903787103378	0.5678096212896622								
898.0-900.0 kDa	898.0	900.0	0	0.0					0.4321903787103378	0.5678096212896622								
900.0-902.0 kDa	900.0	902.0	0	0.0					0.4321903787103378	0.5678096212896622								
902.0-904.0 kDa	902.0	904.0	0	0.0					0.4321903787103378	0.5678096212896622								
904.0-906.0 kDa	904.0	906.0	0	0.0					0.4321903787103378	0.5678096212896622								
906.0-908.0 kDa	906.0	908.0	0	0.0					0.4321903787103378	0.5678096212896622								
908.0-910.0 kDa	908.0	910.0	1	0.5	1.0	1.0	0.0	1.0	0.8682190378710338	0.13178096212896617	908.7326698800052	1.0	1.0	0.0	0.0	-0.0	1.0	37.601747100013995
910.0-912.0 kDa	910.0	912.0	0	0.0					0.4321903787103378	0.5678096212896622								
912.0-914.0 kDa	912.0	914.0	0	0.0					0.4321903787103378	0.5678096212896622								
914.0-916.0 kDa	914.0	916.0	0	0.0					0.4321903787103378	0.5678096212896622								
916.0-918.0 kDa	916.0	918.0	0	0.0					0.4321903787103378	0.5678096212896622								
918.0-920.0 kDa	918.0	920.0	0	0.0					0.4321903787103378	0.5678096212896622								
920.0-922.0 kDa	920.0	922.0	0	0.0					0.4321903787103378	0.5678096212896622								
922.0-924.0 kDa	922.0	924.0	0	0.0					0.4321903787103378	0.5678096212896622								
924.0-926.0 kDa	924.0	926.0	0	0.0					0.4321903787103378	0.5678096212896622								
926.0-928.0 kDa	926.0	928.0	0	0.0					0.4321903787103378	0.5678096212896622								
928.0-930.0 kDa	928.0	930.0	0	0.0					0.4321903787103378	0.5678096212896622								
930.0-932.0 kDa	930.0	932.0	0	0.0					0.4321903787103378	0.5678096212896622								
932.0-934.0 kDa	932.0	934.0	0	0.0					0.4321903787103378	0.5678096212896622								
934.0-936.0 kDa	934.0	936.0	0	0.0					0.4321903787103378	0.5678096212896622								
936.0-938.0 kDa	936.0	938.0	0	0.0					0.4321903787103378	0.5678096212896622								
938.0-940.0 kDa	938.0	940.0	0	0.0					0.4321903787103378	0.5678096212896622								
940.0-942.0 kDa	940.0	942.0	0	0.0					0.4321903787103378	0.5678096212896622								
942.0-944.0 kDa	942.0	944.0	0	0.0					0.4321903787103378	0.5678096212896622								
944.0-946.0 kDa	944.0	946.0	0	0.0					0.4321903787103378	0.5678096212896622								
946.0-948.0 kDa	946.0	948.0	0	0.0					0.4321903787103378	0.5678096212896622								
948.0-950.0 kDa	948.0	950.0	0	0.0					0.4321903787103378	0.5678096212896622								
950.0-952.0 kDa	950.0	952.0	0	0.0					0.4321903787103378	0.5678096212896622								
952.0-954.0 kDa	952.0	954.0	0	0.0					0.4321903787103378	0.5678096212896622								
954.0-956.0 kDa	954.0	956.0	0	0.0					0.4321903787103378	0.5678096212896622								
956.0-958.0 kDa	956.0	958.0	0	0.0					0.4321903787103378	0.5678096212896622								
958.0-960.0 kDa	958.0	960.0	0	0.0					0.4321903787103378	0.5678096212896622								
960.0-962.0 kDa	960.0	962.0	0	0.0					0.4321903787103378	0.5678096212896622								
962.0-964.0 kDa	962.0	964.0	0	0.0					0.4321903787103378	0.5678096212896622								
964.0-966.0 kDa	964.0	966.0	0	0.0					0.4321903787103378	0.5678096212896622								
966.0-968.0 kDa	966.0	968.0	1	0.5	1.0	1.0	0.0	1.0	0.8682190378710338	0.13178096212896617	966.5911434799908	1.0	1.0	0.0	0.0	-0.0	1.0	43.334666199985236
968.0-970.0 kDa	968.0	970.0	0	0.0					0.4321903787103378	0.5678096212896622								
970.0-972.0 kDa	970.0	972.0	0	0.0					0.4321903787103378	0.5678096212896622								
972.0-974.0 kDa	972.0	974.0	0	0.0					0.4321903787103378	0.5678096212896622								
974.0-976.0 kDa	974.0	976.0	0	0.0					0.4321903787103378	0.5678096212896622								
976.0-978.0 kDa	976.0	978.0	0	0.0					0.4321903787103378	0.5678096212896622								
978.0-980.0 kDa	978.0	980.0	0	0.0					0.4321903787103378	0.5678096212896622								
980.0-982.0 kDa	980.0	982.0	0	0.0					0.4321903787103378	0.5678096212896622								
982.0-984.0 kDa	982.0	984.0	0	0.0					0.4321903787103378	0.5678096212896622								
984.0-986.0 kDa	984.0	986.0	0	0.0					0.4321903787103378	0.5678096212896622								
986.0-988.0 kDa	986.0	988.0	0	0.0					0.4321903787103378	0.5678096212896622								
988.0-990.0 kDa	988.0	990.0	0	0.0					0.4321903787103378	0.5678096212896622								
990.0-992.0 kDa	990.0	992.0	0	0.0					0.4321903787103378	0.5678096212896622								
992.0-994.0 kDa	992.0	994.0	0	0.0					0.4321903787103378	0.5678096212896622								
994.0-996.0 kDa	994.0	996.0	0	0.0					0.4321903787103378	0.5678096212896622								
996.0-998.0 kDa	996.0	998.0	0	0.0					0.4321903787103378	0.5678096212896622								
998.0-1000.0 kDa	998.0	1000.0	0	0.0					0.4321903787103378	0.5678096212896622								
1000.0-1002.0 kDa	1000.0	1002.0	0	0.0					0.4321903787103378	0.5678096212896622								
1002.0-1004.0 kDa	1002.0	1004.0	0	0.0					0.4321903787103378	0.5678096212896622								
1004.0-1006.0 kDa	1004.0	1006.0	0	0.0					0.4321903787103378	0.5678096212896622								
1006.0-1008.0 kDa	1006.0	1008.0	0	0.0					0.4321903787103378	0.5678096212896622								
1008.0-1010.0 kDa	1008.0	1010.0	1	0.5	1.0	1.0	0.0	1.0	0.8682190378710338	0.13178096212896617	1009.925809679976	1.0	1.0	0.0	0.0	-0.0	1.0	43.334666199985236
1010.0-1012.0 kDa	1010.0	1012.0	0	0.0					0.4321903787103378	0.5678096212896622								
1012.0-1014.0 kDa	1012.0	1014.0	0	0.0					0.4321903787103378	0.5678096212896622								
1014.0-1016.0 kDa	1014.0	1016.0	0	0.0					0.4321903787103378	0.5678096212896622								
1016.0-1018.0 kDa	1016.0	1018.0	0	0.0					0.4321903787103378	0.5678096212896622								
1018.0-1020.0 kDa	1018.0	1020.0	0	0.0					0.4321903787103378	0.5678096212896622								
1020.0-1022.0 kDa	1020.0	1022.0	0	0.0					0.4321903787103378	0.5678096212896622								
1022.0-1024.0 kDa	1022.0	1024.0	0	0.0					0.4321903787103378	0.5678096212896622								
1024.0-1026.0 kDa	1024.0	1026.0	0	0.0					0.4321903787103378	0.5678096212896622								
1026.0-1028.0 kDa	1026.0	1028.0	0	0.0					0.4321903787103378	0.5678096212896622								
1028.0-1030.0 kDa	1028.0	1030.0	0	0.0					0.4321903787103378	0.5678096212896622								
1030.0-1032.0 kDa	1030.0	1032.0	0	0.0					0.4321903787103378	0.5678096212896622								
1032.0-1034.0 kDa	1032.0	1034.0	0	0.0					0.4321903787103378	0.5678096212896622								
1034.0-1036.0 kDa	1034.0	1036.0	0	0.0					0.4321903787103378	0.5678096212896622								
1036.0-1038.0 kDa	1036.0	1038.0	0	0.0					0.4321903787103378	0.5678096212896622								
1038.0-1040.0 kDa	1038.0	1040.0	0	0.0					0.4321903787103378	0.5678096212896622								
1040.0-1042.0 kDa	1040.0	1042.0	0	0.0					0.4321903787103378	0.5678096212896622								
1042.0-1044.0 kDa	1042.0	1044.0	0	0.0					0.4321903787103378	0.5678096212896622								
1044.0-1046.0 kDa	1044.0	1046.0	0	0.0					0.4321903787103378	0.5678096212896622								
1046.0-1048.0 kDa	1046.0	1048.0	0	0.0					0.4321903787103378	0.5678096212896622								
1048.0-1050.0 kDa	1048.0	1050.0	0	0.0					0.4321903787103378	0.5678096212896622								
1050.0-1052.0 kDa	1050.0	1052.0	0	0.0					0.4321903787103378	0.5678096212896622								
1052.0-1054.0 kDa	1052.0	1054.0	0	0.0					0.4321903787103378	0.5678096212896622								
1054.0-1056.0 kDa	1054.0	1056.0	0	0.0					0.4321903787103378	0.5678096212896622								
1056.0-1058.0 kDa	1056.0	1058.0	0	0.0					0.4321903787103378	0.5678096212896622								
1058.0-1060.0 kDa	1058.0	1060.0	0	0.0					0.4321903787103378	0.5678096212896622								
1060.0-1062.0 kDa	1060.0	1062.0	0	0.0					0.4321903787103378	0.5678096212896622								
1062.0-1064.0 kDa	1062.0	1064.0	0	0.0					0.4321903787103378	0.5678096212896622								
1064.0-1066.0 kDa	1064.0	1066.0	0	0.0					0.4321903787103378	0.5678096212896622								
1066.0-1068.0 kDa	1066.0	1068.0	0	0.0					0.4321903787103378	0.5678096212896622								
1068.0-1070.0 kDa	1068.0	1070.0	0	0.0					0.4321903787103378	0.5678096212896622								
1070.0-1072.0 kDa	1070.0	1072.0	0	0.0					0.4321903787103378	0.5678096212896622								
1072.0-1074.0 kDa	1072.0	1074.0	0	0.0					0.4321903787103378	0.5678096212896622								
1074.0-1076.0 kDa	1074.0	1076.0	0	0.0					0.4321903787103378	0.5678096212896622								
1076.0-1078.0 kDa	1076.0	1078.0	0	0.0					0.4321903787103378	0.5678096212896622								
1078.0-1080.0 kDa	1078.0	1080.0	0	0.0					0.4321903787103378	0.5678096212896622								
1080.0-1082.0 kDa	1080.0	1082.0	0	0.0					0.4321903787103378	0.5678096212896622								
1082.0-1084.0 kDa	1082.0	1084.0	0	0.0					0.4321903787103378	0.5678096212896622								
1084.0-1086.0 kDa	1084.0	1086.0	0	0.0					0.4321903787103378	0.5678096212896622								
1086.0-1088.0 kDa	1086.0	1088.0	0	0.0					0.4321903787103378	0.5678096212896622								
1088.0-1090.0 kDa	1088.0	1090.0	0	0.0					0.4321903787103378	0.5678096212896622								
1090.0-1092.0 kDa	1090.0	1092.0	0	0.0					0.4321903787103378	0.5678096212896622								
1092.0-1094.0 kDa	1092.0	1094.0	0	0.0					0.4321903787103378	0.5678096212896622								
1094.0-1096.0 kDa	1094.0	1096.0	0	0.0					0.4321903787103378	0.5678096212896622								
1096.0-1098.0 kDa	1096.0	1098.0	0	0.0					0.4321903787103378	0.5678096212896622								
1098.0-1100.0 kDa	1098.0	1100.0	0	0.0					0.4321903787103378	0.5678096212896622								
1100.0-1102.0 kDa	1100.0	1102.0	0	0.0					0.4321903787103378	0.5678096212896622								
1102.0-1104.0 kDa	1102.0	1104.0	0	0.0					0.4321903787103378	0.5678096212896622								
1104.0-1106.0 kDa	1104.0	1106.0	0	0.0					0.4321903787103378	0.5678096212896622								
1106.0-1108.0 kDa	1106.0	1108.0	0	0.0					0.4321903787103378	0.5678096212896622								
1108.0-1110.0 kDa	1108.0	1110.0	0	0.0					0.4321903787103378	0.5678096212896622								
1110.0-1112.0 kDa	1110.0	1112.0	0	0.0					0.4321903787103378	0.5678096212896622								
1112.0-1114.0 kDa	1112.0	1114.0	0	0.0					0.4321903787103378	0.5678096212896622								
1114.0-1116.0 kDa	1114.0	1116.0	0	0.0					0.4321903787103378	0.5678096212896622								
1116.0-1118.0 kDa	1116.0	1118.0	0	0.0					0.4321903787103378	0.5678096212896622								
1118.0-1120.0 kDa	1118.0	1120.0	0	0.0					0.4321903787103378	0.5678096212896622								
1120.0-1122.0 kDa	1120.0	1122.0	0	0.0					0.4321903787103378	0.5678096212896622								
1122.0-1124.0 kDa	1122.0	1124.0	0	0.0					0.4321903787103378	0.5678096212896622								
1124.0-1126.0 kDa	1124.0	1126.0	0	0.0					0.4321903787103378	0.5678096212896622								
1126.0-1128.0 kDa	1126.0	1128.0	0	0.0					0.4321903787103378	0.5678096212896622								
1128.0-1130.0 kDa	1128.0	1130.0	0	0.0					0.4321903787103378	0.5678096212896622								
1130.0-1132.0 kDa	1130.0	1132.0	0	0.0					0.4321903787103378	0.5678096212896622								
1132.0-1134.0 kDa	1132.0	1134.0	0	0.0					0.4321903787103378	0.5678096212896622								
1134.0-1136.0 kDa	1134.0	1136.0	0	0.0					0.4321903787103378	0.5678096212896622								
1136.0-1138.0 kDa	1136.0	1138.0	0	0.0					0.4321903787103378	0.5678096212896622								
1138.0-1140.0 kDa	1138.0	1140.0	0	0.0					0.4321903787103378	0.5678096212896622								
1140.0-1142.0 kDa	1140.0	1142.0	0	0.0					0.4321903787103378	0.5678096212896622								
1142.0-1144.0 kDa	1142.0	1144.0	0	0.0					0.4321903787103378	0.5678096212896622								
1144.0-1146.0 kDa	1144.0	1146.0	0	0.0					0.4321903787103378	0.5678096212896622								
1146.0-1148.0 kDa	1146.0	1148.0	0	0.0					0.4321903787103378	0.5678096212896622								
1148.0-1150.0 kDa	1148.0	1150.0	0	0.0					0.4321903787103378	0.5678096212896622								
1150.0-1152.0 kDa	1150.0	1152.0	0	0.0					0.4321903787103378	0.5678096212896622								
1152.0-1154.0 kDa	1152.0	1154.0	0	0.0					0.4321903787103378	0.5678096212896622								
1154.0-1156.0 kDa	1154.0	1156.0	0	0.0					0.4321903787103378	0.5678096212896622								
1156.0-1158.0 kDa	1156.0	1158.0	0	0.0					0.4321903787103378	0.5678096212896622								
1158.0-1160.0 kDa	1158.0	1160.0	0	0.0					0.4321903787103378	0.5678096212896622								
1160.0-1162.0 kDa	1160.0	1162.0	0	0.0					0.4321903787103378	0.5678096212896622								
1162.0-1164.0 kDa	1162.0	1164.0	0	0.0					0.4321903787103378	0.5678096212896622								
1164.0-1166.0 kDa	1164.0	1166.0	0	0.0					0.4321903787103378	0.5678096212896622								
1166.0-1168.0 kDa	1166.0	1168.0	0	0.0					0.4321903787103378	0.5678096212896622								
1168.0-1170.0 kDa	1168.0	1170.0	0	0.0					0.4321903787103378	0.5678096212896622								
1170.0-1172.0 kDa	1170.0	1172.0	0	0.0					0.4321903787103378	0.5678096212896622								
1172.0-1174.0 kDa	1172.0	1174.0	0	0.0					0.4321903787103378	0.5678096212896622								
1174.0-1176.0 kDa	1174.0	1176.0	0	0.0					0.4321903787103378	0.5678096212896622								
1176.0-1178.0 kDa	1176.0	1178.0	0	0.0					0.4321903787103378	0.5678096212896622								
1178.0-1180.0 kDa	1178.0	1180.0	0	0.0					0.4321903787103378	0.5678096212896622								
1180.0-1182.0 kDa	1180.0	1182.0	0	0.0					0.4321903787103378	0.5678096212896622								
1182.0-1184.0 kDa	1182.0	1184.0	0	0.0					0.4321903787103378	0.5678096212896622								
1184.0-1186.0 kDa	1184.0	1186.0	0	0.0					0.4321903787103378	0.5678096212896622								
1186.0-1188.0 kDa	1186.0	1188.0	0	0.0					0.4321903787103378	0.5678096212896622								
1188.0-1190.0 kDa	1188.0	1190.0	0	0.0					0.4321903787103378	0.5678096212896622								
1190.0-1192.0 kDa	1190.0	1192.0	0	0.0					0.4321903787103378	0.5678096212896622								
1192.0-1194.0 kDa	1192.0	1194.0	0	0.0					0.4321903787103378	0.5678096212896622								
1194.0-1196.0 kDa	1194.0	1196.0	0	0.0					0.4321903787103378	0.5678096212896622								
1196.0-1198.0 kDa	1196.0	1198.0	0	0.0					0.4321903787103378	0.5678096212896622								
1198.0-1200.0 kDa	1198.0	1200.0	0	0.0					0.4321903787103378	0.5678096212896622								
1200.0-1202.0 kDa	1200.0	1202.0	0	0.0					0.4321903787103378	0.5678096212896622								
1202.0-1204.0 kDa	1202.0	1204.0	0	0.0					0.4321903787103378	0.5678096212896622								
1204.0-1206.0 kDa	1204.0	1206.0	0	0.0					0.4321903787103378	0.5678096212896622								
1206.0-1208.0 kDa	1206.0	1208.0	0	0.0					0.4321903787103378	0.5678096212896622								
1208.0-1210.0 kDa	1208.0	1210.0	0	0.0					0.4321903787103378	0.5678096212896622								
1210.0-1212.0 kDa	1210.0	1212.0	0	0.0					0.4321903787103378	0.5678096212896622								
1212.0-1214.0 kDa	1212.0	1214.0	0	0.0					0.4321903787103378	0.5678096212896622								
1214.0-1216.0 kDa	1214.0	1216.0	0	0.0					0.4321903787103378	0.5678096212896622								
1216.0-1218.0 kDa	1216.0	1218.0	0	0.0					0.4321903787103378	0.5678096212896622								
1218.0-1220.0 kDa	1218.0	1220.0	0	0.0					0.4321903787103378	0.5678096212896622								
1220.0-1222.0 kDa	1220.0	1222.0	0	0.0					0.4321903787103378	0.5678096212896622								
1222.0-1224.0 kDa	1222.0	1224.0	0	0.0					0.4321903787103378	0.5678096212896622								
1224.0-1226.0 kDa	1224.0	1226.0	0	0.0					0.4321903787103378	0.5678096212896622								
1226.0-1228.0 kDa	1226.0	1228.0	0	0.0					0.4321903787103378	0.5678096212896622								
1228.0-1230.0 kDa	1228.0	1230.0	0	0.0					0.4321903787103378	0.5678096212896622								
1230.0-1232.0 kDa	1230.0	1232.0	0	0.0					0.4321903787103378	0.5678096212896622								
1232.0-1234.0 kDa	1232.0	1234.0	0	0.0					0.4321903787103378	0.5678096212896622								
1234.0-1236.0 kDa	1234.0	1236.0	0	0.0					0.4321903787103378	0.5678096212896622								
1236.0-1238.0 kDa	1236.0	1238.0	0	0.0					0.4321903787103378	0.5678096212896622								
1238.0-1240.0 kDa	1238.0	1240.0	0	0.0					0.4321903787103378	0.5678096212896622								
1240.0-1242.0 kDa	1240.0	1242.0	0	0.0					0.4321903787103378	0.5678096212896622								
1242.0-1244.0 kDa	1242.0	1244.0	0	0.0					0.4321903787103378	0.5678096212896622								
1244.0-1246.0 kDa	1244.0	1246.0	0	0.0					0.4321903787103378	0.5678096212896622								
1246.0-1248.0 kDa	1246.0	1248.0	0	0.0					0.4321903787103378	0.5678096212896622								
1248.0-1250.0 kDa	1248.0	1250.0	0	0.0					0.4321903787103378	0.5678096212896622								
1250.0-1252.0 kDa	1250.0	1252.0	0	0.0					0.4321903787103378	0.5678096212896622								
1252.0-1254.0 kDa	1252.0	1254.0	0	0.0					0.4321903787103378	0.5678096212896622								
1254.0-1256.0 kDa	1254.0	1256.0	0	0.0					0.4321903787103378	0.5678096212896622								
1256.0-1258.0 kDa	1256.0	1258.0	0	0.0					0.4321903787103378	0.5678096212896622								
1258.0-1260.0 kDa	1258.0	1260.0	0	0.0					0.4321903787103378	0.5678096212896622								
1260.0-1262.0 kDa	1260.0	1262.0	0	0.0					0.4321903787103378	0.5678096212896622								
1262.0-1264.0 kDa	1262.0	1264.0	0	0.0					0.4321903787103378	0.5678096212896622								
1264.0-1266.0 kDa	1264.0	1266.0	0	0.0					0.4321903787103378	0.5678096212896622								
1266.0-1268.0 kDa	1266.0	1268.0	0	0.0					0.4321903787103378	0.5678096212896622								
1268.0-1270.0 kDa	1268.0	1270.0	0	0.0					0.4321903787103378	0.5678096212896622								
1270.0-1272.0 kDa	1270.0	1272.0	0	0.0					0.4321903787103378	0.5678096212896622								
1272.0-1274.0 kDa	1272.0	1274.0	0	0.0					0.4321903787103378	0.5678096212896622								
1274.0-1276.0 kDa	1274.0	1276.0	0	0.0					0.4321903787103378	0.5678096212896622								
1276.0-1278.0 kDa	1276.0	1278.0	0	0.0					0.4321903787103378	0.5678096212896622								
1278.0-1280.0 kDa	1278.0	1280.0	0	0.0					0.4321903787103378	0.5678096212896622								
1280.0-1282.0 kDa	1280.0	1282.0	0	0.0					0.4321903787103378	0.5678096212896622								
1282.0-1284.0 kDa	1282.0	1284.0	0	0.0					0.4321903787103378	0.5678096212896622								
1284.0-1286.0 kDa	1284.0	1286.0	0	0.0					0.4321903787103378	0.5678096212896622								
1286.0-1288.0 kDa	1286.0	1288.0	0	0.0					0.4321903787103378	0.5678096212896622								
1288.0-1290.0 kDa	1288.0	1290.0	0	0.0					0.4321903787103378	0.5678096212896622								
1290.0-1292.0 kDa	1290.0	1292.0	0	0.0					0.4321903787103378	0.5678096212896622								
1292.0-1294.0 kDa	1292.0	1294.0	0	0.0					0.4321903787103378	0.5678096212896622								
1294.0-1296.0 kDa	1294.0	1296.0	0	0.0					0.4321903787103378	0.5678096212896622								
1296.0-1298.0 kDa	1296.0	1298.0	0	0.0					0.4321903787103378	0.5678096212896622								
1298.0-1300.0 kDa	1298.0	1300.0	0	0.0					0.4321903787103378	0.5678096212896622								
1300.0-1302.0 kDa	1300.0	1302.0	0	0.0					0.4321903787103378	0.5678096212896622								
1302.0-1304.0 kDa	1302.0	1304.0	0	0.0					0.4321903787103378	0.5678096212896622								
1304.0-1306.0 kDa	1304.0	1306.0	0	0.0					0.4321903787103378	0.5678096212896622								
1306.0-1308.0 kDa	1306.0	1308.0	0	0.0					0.4321903787103378	0.5678096212896622								
1308.0-1310.0 kDa	1308.0	1310.0	0	0.0					0.4321903787103378	0.5678096212896622								
1310.0-1312.0 kDa	1310.0	1312.0	0	0.0					0.4321903787103378	0.5678096212896622								
1312.0-1314.0 kDa	1312.0	1314.0	0	0.0					0.4321903787103378	0.5678096212896622								
1314.0-1316.0 kDa	1314.0	1316.0	0	0.0					0.4321903787103378	0.5678096212896622								
1316.0-1318.0 kDa	1316.0	1318.0	0	0.0					0.4321903787103378	0.5678096212896622								
1318.0-1320.0 kDa	1318.0	1320.0	0	0.0					0.4321903787103378	0.5678096212896622								
1320.0-1322.0 kDa	1320.0	1322.0	0	0.0					0.4321903787103378	0.5678096212896622								
1322.0-1324.0 kDa	1322.0	1324.0	0	0.0					0.4321903787103378	0.5678096212896622								
1324.0-1326.0 kDa	1324.0	1326.0	0	0.0					0.4321903787103378	0.5678096212896622								
1326.0-1328.0 kDa	1326.0	1328.0	0	0.0					0.4321903787103378	0.5678096212896622								
1328.0-1330.0 kDa	1328.0	1330.0	0	0.0					0.4321903787103378	0.5678096212896622								
1330.0-1332.0 kDa	1330.0	1332.0	0	0.0					0.4321903787103378	0.5678096212896622								
1332.0-1334.0 kDa	1332.0	1334.0	0	0.0					0.4321903787103378	0.5678096212896622								
1334.0-1336.0 kDa	1334.0	1336.0	0	0.0					0.4321903787103378	0.5678096212896622								
1336.0-1338.0 kDa	1336.0	1338.0	0	0.0					0.4321903787103378	0.5678096212896622								
1338.0-1340.0 kDa	1338.0	1340.0	0	0.0					0.4321903787103378	0.5678096212896622								
1340.0-1342.0 kDa	1340.0	1342.0	0	0.0					0.4321903787103378	0.5678096212896622								
1342.0-1344.0 kDa	1342.0	1344.0	0	0.0					0.4321903787103378	0.5678096212896622								
1344.0-1346.0 kDa	1344.0	1346.0	0	0.0					0.4321903787103378	0.5678096212896622								
1346.0-1348.0 kDa	1346.0	1348.0	0	0.0					0.4321903787103378	0.5678096212896622								
1348.0-1350.0 kDa	1348.0	1350.0	0	0.0					0.4321903787103378	0.5678096212896622								
1350.0-1352.0 kDa	1350.0	1352.0	0	0.0					0.4321903787103378	0.5678096212896622								
1352.0-1354.0 kDa	1352.0	1354.0	0	0.0					0.4321903787103378	0.5678096212896622								
1354.0-1356.0 kDa	1354.0	1356.0	0	0.0					0.4321903787103378	0.5678096212896622								
1356.0-1358.0 kDa	1356.0	1358.0	0	0.0					0.4321903787103378	0.5678096212896622								
1358.0-1360.0 kDa	1358.0	1360.0	0	0.0					0.4321903787103378	0.5678096212896622								
1360.0-1362.0 kDa	1360.0	1362.0	0	0.0					0.4321903787103378	0.5678096212896622								
1362.0-1364.0 kDa	1362.0	1364.0	0	0.0					0.4321903787103378	0.5678096212896622								
1364.0-1366.0 kDa	1364.0	1366.0	0	0.0					0.4321903787103378	0.5678096212896622								
1366.0-1368.0 kDa	1366.0	1368.0	0	0.0					0.4321903787103378	0.5678096212896622								
1368.0-1370.0 kDa	1368.0	1370.0	0	0.0					0.4321903787103378	0.5678096212896622								
1370.0-1372.0 kDa	1370.0	1372.0	0	0.0					0.4321903787103378	0.5678096212896622								
1372.0-1374.0 kDa	1372.0	1374.0	0	0.0					0.4321903787103378	0.5678096212896622								
1374.0-1376.0 kDa	1374.0	1376.0	0	0.0					0.4321903787103378	0.5678096212896622								
1376.0-1378.0 kDa	1376.0	1378.0	0	0.0					0.4321903787103378	0.5678096212896622								
1378.0-1380.0 kDa	1378.0	1380.0	0	0.0					0.4321903787103378	0.5678096212896622								
1380.0-1382.0 kDa	1380.0	1382.0	0	0.0					0.4321903787103378	0.5678096212896622								
1382.0-1384.0 kDa	1382.0	1384.0	0	0.0					0.4321903787103378	0.5678096212896622								
1384.0-1386.0 kDa	1384.0	1386.0	0	0.0					0.4321903787103378	0.5678096212896622								
1386.0-1388.0 kDa	1386.0	1388.0	0	0.0					0.4321903787103378	0.5678096212896622								
1388.0-1390.0 kDa	1388.0	1390.0	0	0.0					0.4321903787103378	0.5678096212896622								
1390.0-1392.0 kDa	1390.0	1392.0	0	0.0					0.4321903787103378	0.5678096212896622								
1392.0-1394.0 kDa	1392.0	1394.0	0	0.0					0.4321903787103378	0.5678096212896622								
1394.0-1396.0 kDa	1394.0	1396.0	0	0.0					0.4321903787103378	0.5678096212896622								
1396.0-1398.0 kDa	1396.0	1398.0	0	0.0					0.4321903787103378	0.5678096212896622								
1398.0-1400.0 kDa	1398.0	1400.0	0	0.0					0.4321903787103378	0.5678096212896622								
1400.0-1402.0 kDa	1400.0	1402.0	0	0.0					0.4321903787103378	0.5678096212896622								
1402.0-1404.0 kDa	1402.0	1404.0	0	0.0					0.4321903787103378	0.5678096212896622								
1404.0-1406.0 kDa	1404.0	1406.0	0	0.0					0.4321903787103378	0.5678096212896622								
1406.0-1408.0 kDa	1406.0	1408.0	0	0.0					0.4321903787103378	0.5678096212896622								
1408.0-1410.0 kDa	1408.0	1410.0	0	0.0					0.4321903787103378	0.5678096212896622								
1410.0-1412.0 kDa	1410.0	1412.0	0	0.0					0.4321903787103378	0.5678096212896622								
1412.0-1414.0 kDa	1412.0	1414.0	0	0.0					0.4321903787103378	0.5678096212896622								
1414.0-1416.0 kDa	1414.0	1416.0	0	0.0					0.4321903787103378	0.5678096212896622								
1416.0-1418.0 kDa	1416.0	1418.0	0	0.0					0.4321903787103378	0.5678096212896622								
1418.0-1420.0 kDa	1418.0	1420.0	0	0.0					0.4321903787103378	0.5678096212896622								
1420.0-1422.0 kDa	1420.0	1422.0	0	0.0					0.4321903787103378	0.5678096212896622								
1422.0-1424.0 kDa	1422.0	1424.0	0	0.0					0.4321903787103378	0.5678096212896622								
1424.0-1426.0 kDa	1424.0	1426.0	0	0.0					0.4321903787103378	0.5678096212896622								
1426.0-1428.0 kDa	1426.0	1428.0	0	0.0					0.4321903787103378	0.5678096212896622								
1428.0-1430.0 kDa	1428.0	1430.0	0	0.0					0.4321903787103378	0.5678096212896622								
1430.0-1432.0 kDa	1430.0	1432.0	0	0.0					0.4321903787103378	0.5678096212896622								
1432.0-1434.0 kDa	1432.0	1434.0	0	0.0					0.4321903787103378	0.5678096212896622								
1434.0-1436.0 kDa	1434.0	1436.0	0	0.0					0.4321903787103378	0.5678096212896622								
1436.0-1438.0 kDa	1436.0	1438.0	0	0.0					0.4321903787103378	0.5678096212896622								
1438.0-1440.0 kDa	1438.0	1440.0	0	0.0					0.4321903787103378	0.5678096212896622								
1440.0-1442.0 kDa	1440.0	1442.0	0	0.0					0.4321903787103378	0.5678096212896622								
1442.0-1444.0 kDa	1442.0	1444.0	0	0.0					0.4321903787103378	0.5678096212896622								
1444.0-1446.0 kDa	1444.0	1446.0	0	0.0					0.4321903787103378	0.5678096212896622								
1446.0-1448.0 kDa	1446.0	1448.0	0	0.0					0.4321903787103378	0.5678096212896622								
1448.0-1450.0 kDa	1448.0	1450.0	0	0.0					0.4321903787103378	0.5678096212896622								
1450.0-1452.0 kDa	1450.0	1452.0	0	0.0					0.4321903787103378	0.5678096212896622								
1452.0-1454.0 kDa	1452.0	1454.0	0	0.0					0.4321903787103378	0.5678096212896622								
1454.0-1456.0 kDa	1454.0	1456.0	0	0.0					0.4321903787103378	0.5678096212896622								
1456.0-1458.0 kDa	1456.0	1458.0	0	0.0					0.4321903787103378	0.5678096212896622								
1458.0-1460.0 kDa	1458.0	1460.0	0	0.0					0.4321903787103378	0.5678096212896622								
1460.0-1462.0 kDa	1460.0	1462.0	0	0.0					0.4321903787103378	0.5678096212896622								
1462.0-1464.0 kDa	1462.0	1464.0	0	0.0					0.4321903787103378	0.5678096212896622								
1464.0-1466.0 kDa	1464.0	1466.0	0	0.0					0.4321903787103378	0.5678096212896622								
1466.0-1468.0 kDa	1466.0	1468.0	0	0.0					0.4321903787103378	0.5678096212896622								
1468.0-1470.0 kDa	1468.0	1470.0	0	0.0					0.4321903787103378	0.5678096212896622								
1470.0-1472.0 kDa	1470.0	1472.0	0	0.0					0.4321903787103378	0.5678096212896622								
1472.0-1474.0 kDa	1472.0	1474.0	0	0.0					0.4321903787103378	0.5678096212896622								
1474.0-1476.0 kDa	1474.0	1476.0	0	0.0					0.4321903787103378	0.5678096212896622								
1476.0-1478.0 kDa	1476.0	1478.0	0	0.0					0.4321903787103378	0.5678096212896622								
1478.0-1480.0 kDa	1478.0	1480.0	0	0.0					0.4321903787103378	0.5678096212896622								
1480.0-1482.0 kDa	1480.0	1482.0	0	0.0					0.4321903787103378	0.5678096212896622								
1482.0-1484.0 kDa	1482.0	1484.0	0	0.0					0.4321903787103378	0.5678096212896622								
1484.0-1486.0 kDa	1484.0	1486.0	0	0.0					0.4321903787103378	0.5678096212896622								
1486.0-1488.0 kDa	1486.0	1488.0	0	0.0					0.4321903787103378	0.5678096212896622								
1488.0-1490.0 kDa	1488.0	1490.0	0	0.0					0.4321903787103378	0.5678096212896622								
1490.0-1492.0 kDa	1490.0	1492.0	0	0.0					0.4321903787103378	0.5678096212896622								
1492.0-1494.0 kDa	1492.0	1494.0	0	0.0					0.4321903787103378	0.5678096212896622								
1494.0-1496.0 kDa	1494.0	1496.0	0	0.0					0.4321903787103378	0.5678096212896622								
1496.0-1498.0 kDa	1496.0	1498.0	0	0.0					0.4321903787103378	0.5678096212896622								
1498.0-1500.0 kDa	1498.0	1500.0	0	0.0					0.4321903787103378	0.5678096212896622								
1500.0-1502.0 kDa	1500.0	1502.0	0	0.0					0.4321903787103378	0.5678096212896622								
1502.0-1504.0 kDa	1502.0	1504.0	0	0.0					0.4321903787103378	0.5678096212896622								
1504.0-1506.0 kDa	1504.0	1506.0	0	0.0					0.4321903787103378	0.5678096212896622								
1506.0-1508.0 kDa	1506.0	1508.0	0	0.0					0.4321903787103378	0.5678096212896622								
1508.0-1510.0 kDa	1508.0	1510.0	0	0.0					0.4321903787103378	0.5678096212896622								
1510.0-1512.0 kDa	1510.0	1512.0	0	0.0					0.4321903787103378	0.5678096212896622								
1512.0-1514.0 kDa	1512.0	1514.0	0	0.0					0.4321903787103378	0.5678096212896622								
1514.0-1516.0 kDa	1514.0	1516.0	0	0.0					0.4321903787103378	0.5678096212896622								
1516.0-1518.0 kDa	1516.0	1518.0	0	0.0					0.4321903787103378	0.5678096212896622								
1518.0-1520.0 kDa	1518.0	1520.0	0	0.0					0.4321903787103378	0.5678096212896622								
1520.0-1522.0 kDa	1520.0	1522.0	0	0.0					0.4321903787103378	0.5678096212896622								
1522.0-1524.0 kDa	1522.0	1524.0	0	0.0					0.4321903787103378	0.5678096212896622								
1524.0-1526.0 kDa	1524.0	1526.0	0	0.0					0.4321903787103378	0.5678096212896622								
1526.0-1528.0 kDa	1526.0	1528.0	0	0.0					0.4321903787103378	0.5678096212896622								
1528.0-1530.0 kDa	1528.0	1530.0	0	0.0					0.4321903787103378	0.5678096212896622								
1530.0-1532.0 kDa	1530.0	1532.0	0	0.0					0.4321903787103378	0.5678096212896622								
1532.0-1534.0 kDa	1532.0	1534.0	0	0.0					0.4321903787103378	0.5678096212896622								
1534.0-1536.0 kDa	1534.0	1536.0	0	0.0					0.4321903787103378	0.5678096212896622								
1536.0-1538.0 kDa	1536.0	1538.0	0	0.0					0.4321903787103378	0.5678096212896622								
1538.0-1540.0 kDa	1538.0	1540.0	0	0.0					0.4321903787103378	0.5678096212896622								
1540.0-1542.0 kDa	1540.0	1542.0	0	0.0					0.4321903787103378	0.5678096212896622								
1542.0-1544.0 kDa	1542.0	1544.0	0	0.0					0.4321903787103378	0.5678096212896622								
1544.0-1546.0 kDa	1544.0	1546.0	0	0.0					0.4321903787103378	0.5678096212896622								
1546.0-1548.0 kDa	1546.0	1548.0	0	0.0					0.4321903787103378	0.5678096212896622								
1548.0-1550.0 kDa	1548.0	1550.0	0	0.0					0.4321903787103378	0.5678096212896622								
1550.0-1552.0 kDa	1550.0	1552.0	0	0.0					0.4321903787103378	0.5678096212896622								
1552.0-1554.0 kDa	1552.0	1554.0	0	0.0					0.4321903787103378	0.5678096212896622								
1554.0-1556.0 kDa	1554.0	1556.0	0	0.0					0.4321903787103378	0.5678096212896622								
1556.0-1558.0 kDa	1556.0	1558.0	0	0.0					0.4321903787103378	0.5678096212896622								
1558.0-1560.0 kDa	1558.0	1560.0	0	0.0					0.4321903787103378	0.5678096212896622								
1560.0-1562.0 kDa	1560.0	1562.0	0	0.0					0.4321903787103378	0.5678096212896622								
1562.0-1564.0 kDa	1562.0	1564.0	0	0.0					0.4321903787103378	0.5678096212896622								
1564.0-1566.0 kDa	1564.0	1566.0	0	0.0					0.4321903787103378	0.5678096212896622								
1566.0-1568.0 kDa	1566.0	1568.0	0	0.0					0.4321903787103378	0.5678096212896622								
1568.0-1570.0 kDa	1568.0	1570.0	0	0.0					0.4321903787103378	0.5678096212896622								
1570.0-1572.0 kDa	1570.0	1572.0	0	0.0					0.4321903787103378	0.5678096212896622								
1572.0-1574.0 kDa	1572.0	1574.0	0	0.0					0.4321903787103378	0.5678096212896622								
1574.0-1576.0 kDa	1574.0	1576.0	0	0.0					0.4321903787103378	0.5678096212896622								
1576.0-1578.0 kDa	1576.0	1578.0	0	0.0					0.4321903787103378	0.5678096212896622								
1578.0-1580.0 kDa	1578.0	1580.0	0	0.0					0.4321903787103378	0.5678096212896622								
1580.0-1582.0 kDa	1580.0	1582.0	0	0.0					0.4321903787103378	0.5678096212896622								
1582.0-1584.0 kDa	1582.0	1584.0	0	0.0					0.4321903787103378	0.5678096212896622								
1584.0-1586.0 kDa	1584.0	1586.0	0	0.0					0.4321903787103378	0.5678096212896622								
1586.0-1588.0 kDa	1586.0	1588.0	0	0.0					0.4321903787103378	0.5678096212896622								
1588.0-1590.0 kDa	1588.0	1590.0	0	0.0					0.4321903787103378	0.5678096212896622								
1590.0-1592.0 kDa	1590.0	1592.0	0	0.0					0.4321903787103378	0.5678096212896622								
1592.0-1594.0 kDa	1592.0	1594.0	0	0.0					0.4321903787103378	0.5678096212896622								
1594.0-1596.0 kDa	1594.0	1596.0	0	0.0					0.4321903787103378	0.5678096212896622								
1596.0-1598.0 kDa	1596.0	1598.0	0	0.0					0.4321903787103378	0.5678096212896622								
1598.0-1600.0 kDa	1598.0	1600.0	0	0.0					0.4321903787103378	0.5678096212896622								
1600.0-1602.0 kDa	1600.0	1602.0	0	0.0					0.4321903787103378	0.5678096212896622								
1602.0-1604.0 kDa	1602.0	1604.0	0	0.0					0.4321903787103378	0.5678096212896622								
1604.0-1606.0 kDa	1604.0	1606.0	0	0.0					0.4321903787103378	0.5678096212896622								
1606.0-1608.0 kDa	1606.0	1608.0	0	0.0					0.4321903787103378	0.5678096212896622								
1608.0-1610.0 kDa	1608.0	1610.0	0	0.0					0.4321903787103378	0.5678096212896622								
1610.0-1612.0 kDa	1610.0	1612.0	0	0.0					0.4321903787103378	0.5678096212896622								
1612.0-1614.0 kDa	1612.0	1614.0	0	0.0					0.4321903787103378	0.5678096212896622								
1614.0-1616.0 kDa	1614.0	1616.0	0	0.0					0.4321903787103378	0.5678096212896622								
1616.0-1618.0 kDa	1616.0	1618.0	0	0.0					0.4321903787103378	0.5678096212896622								
1618.0-1620.0 kDa	1618.0	1620.0	0	0.0					0.4321903787103378	0.5678096212896622								
1620.0-1622.0 kDa	1620.0	1622.0	0	0.0					0.4321903787103378	0.5678096212896622								
1622.0-1624.0 kDa	1622.0	1624.0	0	0.0					0.4321903787103378	0.5678096212896622								
1624.0-1626.0 kDa	1624.0	1626.0	0	0.0					0.4321903787103378	0.5678096212896622								
1626.0-1628.0 kDa	1626.0	1628.0	0	0.0					0.4321903787103378	0.5678096212896622								
1628.0-1630.0 kDa	1628.0	1630.0	0	0.0					0.4321903787103378	0.5678096212896622								
1630.0-1632.0 kDa	1630.0	1632.0	0	0.0					0.4321903787103378	0.5678096212896622								
1632.0-1634.0 kDa	1632.0	1634.0	0	0.0					0.4321903787103378	0.5678096212896622								
1634.0-1636.0 kDa	1634.0	1636.0	0	0.0					0.4321903787103378	0.5678096212896622								
1636.0-1638.0 kDa	1636.0	1638.0	0	0.0					0.4321903787103378	0.5678096212896622								
1638.0-1640.0 kDa	1638.0	1640.0	0	0.0					0.4321903787103378	0.5678096212896622								
1640.0-1642.0 kDa	1640.0	1642.0	0	0.0					0.4321903787103378	0.5678096212896622								
1642.0-1644.0 kDa	1642.0	1644.0	0	0.0					0.4321903787103378	0.5678096212896622								
1644.0-1646.0 kDa	1644.0	1646.0	0	0.0					0.4321903787103378	0.5678096212896622								
1646.0-1648.0 kDa	1646.0	1648.0	0	0.0					0.4321903787103378	0.5678096212896622								
1648.0-1650.0 kDa	1648.0	1650.0	0	0.0					0.4321903787103378	0.5678096212896622								
1650.0-1652.0 kDa	1650.0	1652.0	0	0.0					0.4321903787103378	0.5678096212896622								
1652.0-1654.0 kDa	1652.0	1654.0	0	0.0					0.4321903787103378	0.5678096212896622								
1654.0-1656.0 kDa	1654.0	1656.0	0	0.0					0.4321903787103378	0.5678096212896622								
1656.0-1658.0 kDa	1656.0	1658.0	0	0.0					0.4321903787103378	0.5678096212896622								
1658.0-1660.0 kDa	1658.0	1660.0	0	0.0					0.4321903787103378	0.5678096212896622								
1660.0-1662.0 kDa	1660.0	1662.0	0	0.0					0.4321903787103378	0.5678096212896622								
1662.0-1664.0 kDa	1662.0	1664.0	0	0.0					0.4321903787103378	0.5678096212896622								
1664.0-1666.0 kDa	1664.0	1666.0	0	0.0					0.4321903787103378	0.5678096212896622								
1666.0-1668.0 kDa	1666.0	1668.0	0	0.0					0.4321903787103378	0.5678096212896622								
1668.0-1670.0 kDa	1668.0	1670.0	0	0.0					0.4321903787103378	0.5678096212896622								
1670.0-1672.0 kDa	1670.0	1672.0	0	0.0					0.4321903787103378	0.5678096212896622								
1672.0-1674.0 kDa	1672.0	1674.0	0	0.0					0.4321903787103378	0.5678096212896622								
1674.0-1676.0 kDa	1674.0	1676.0	0	0.0					0.4321903787103378	0.5678096212896622								
1676.0-1678.0 kDa	1676.0	1678.0	0	0.0					0.4321903787103378	0.5678096212896622								
1678.0-1680.0 kDa	1678.0	1680.0	0	0.0					0.4321903787103378	0.5678096212896622								
1680.0-1682.0 kDa	1680.0	1682.0	0	0.0					0.4321903787103378	0.5678096212896622								
1682.0-1684.0 kDa	1682.0	1684.0	0	0.0					0.4321903787103378	0.5678096212896622								
1684.0-1686.0 kDa	1684.0	1686.0	0	0.0					0.4321903787103378	0.5678096212896622								
1686.0-1688.0 kDa	1686.0	1688.0	0	0.0					0.4321903787103378	0.5678096212896622								
1688.0-1690.0 kDa	1688.0	1690.0	0	0.0					0.4321903787103378	0.5678096212896622								
1690.0-1692.0 kDa	1690.0	1692.0	0	0.0					0.4321903787103378	0.5678096212896622								
1692.0-1694.0 kDa	1692.0	1694.0	0	0.0					0.4321903787103378	0.5678096212896622								
1694.0-1696.0 kDa	1694.0	1696.0	0	0.0					0.4321903787103378	0.5678096212896622								
1696.0-1698.0 kDa	1696.0	1698.0	0	0.0					0.4321903787103378	0.5678096212896622								
1698.0-1700.0 kDa	1698.0	1700.0	0	0.0					0.4321903787103378	0.5678096212896622								
1700.0-1702.0 kDa	1700.0	1702.0	0	0.0					0.4321903787103378	0.5678096212896622								
1702.0-1704.0 kDa	1702.0	1704.0	0	0.0					0.4321903787103378	0.5678096212896622								
1704.0-1706.0 kDa	1704.0	1706.0	0	0.0					0.4321903787103378	0.5678096212896622								
1706.0-1708.0 kDa	1706.0	1708.0	0	0.0					0.4321903787103378	0.5678096212896622								
1708.0-1710.0 kDa	1708.0	1710.0	0	0.0					0.4321903787103378	0.5678096212896622								
1710.0-1712.0 kDa	1710.0	1712.0	0	0.0					0.4321903787103378	0.5678096212896622								
1712.0-1714.0 kDa	1712.0	1714.0	0	0.0					0.4321903787103378	0.5678096212896622								
1714.0-1716.0 kDa	1714.0	1716.0	0	0.0					0.4321903787103378	0.5678096212896622								
1716.0-1718.0 kDa	1716.0	1718.0	0	0.0					0.4321903787103378	0.5678096212896622								
1718.0-1720.0 kDa	1718.0	1720.0	0	0.0					0.4321903787103378	0.5678096212896622								
1720.0-1722.0 kDa	1720.0	1722.0	0	0.0					0.4321903787103378	0.5678096212896622								
1722.0-1724.0 kDa	1722.0	1724.0	0	0.0					0.4321903787103378	0.5678096212896622								
1724.0-1726.0 kDa	1724.0	1726.0	0	0.0					0.4321903787103378	0.5678096212896622								
1726.0-1728.0 kDa	1726.0	1728.0	0	0.0					0.4321903787103378	0.5678096212896622								
1728.0-1730.0 kDa	1728.0	1730.0	0	0.0					0.4321903787103378	0.5678096212896622								
1730.0-1732.0 kDa	1730.0	1732.0	0	0.0					0.4321903787103378	0.5678096212896622								
1732.0-1734.0 kDa	1732.0	1734.0	0	0.0					0.4321903787103378	0.5678096212896622								
1734.0-1736.0 kDa	1734.0	1736.0	0	0.0					0.4321903787103378	0.5678096212896622								
1736.0-1738.0 kDa	1736.0	1738.0	0	0.0					0.4321903787103378	0.5678096212896622								
1738.0-1740.0 kDa	1738.0	1740.0	0	0.0					0.4321903787103378	0.5678096212896622								
1740.0-1742.0 kDa	1740.0	1742.0	0	0.0					0.4321903787103378	0.5678096212896622								
1742.0-1744.0 kDa	1742.0	1744.0	0	0.0					0.4321903787103378	0.5678096212896622								
1744.0-1746.0 kDa	1744.0	1746.0	0	0.0					0.4321903787103378	0.5678096212896622								
1746.0-1748.0 kDa	1746.0	1748.0	0	0.0					0.4321903787103378	0.5678096212896622								
1748.0-1750.0 kDa	1748.0	1750.0	0	0.0					0.4321903787103378	0.5678096212896622								
1750.0-1752.0 kDa	1750.0	1752.0	0	0.0					0.4321903787103378	0.5678096212896622								
1752.0-1754.0 kDa	1752.0	1754.0	0	0.0					0.4321903787103378	0.5678096212896622								
1754.0-1756.0 kDa	1754.0	1756.0	0	0.0					0.4321903787103378	0.5678096212896622								
1756.0-1758.0 kDa	1756.0	1758.0	0	0.0					0.4321903787103378	0.5678096212896622								
1758.0-1760.0 kDa	1758.0	1760.0	0	0.0					0.4321903787103378	0.5678096212896622								
1760.0-1762.0 kDa	1760.0	1762.0	0	0.0					0.4321903787103378	0.5678096212896622								
1762.0-1764.0 kDa	1762.0	1764.0	0	0.0					0.4321903787103378	0.5678096212896622								
1764.0-1766.0 kDa	1764.0	1766.0	0	0.0					0.4321903787103378	0.5678096212896622								
1766.0-1768.0 kDa	1766.0	1768.0	0	0.0					0.4321903787103378	0.5678096212896622								
1768.0-1770.0 kDa	1768.0	1770.0	0	0.0					0.4321903787103378	0.5678096212896622								
1770.0-1772.0 kDa	1770.0	1772.0	0	0.0					0.4321903787103378	0.5678096212896622								
1772.0-1774.0 kDa	1772.0	1774.0	0	0.0					0.4321903787103378	0.5678096212896622								
1774.0-1776.0 kDa	1774.0	1776.0	0	0.0					0.4321903787103378	0.5678096212896622								
1776.0-1778.0 kDa	1776.0	1778.0	0	0.0					0.4321903787103378	0.5678096212896622								
1778.0-1780.0 kDa	1778.0	1780.0	0	0.0					0.4321903787103378	0.5678096212896622								
1780.0-1782.0 kDa	1780.0	1782.0	0	0.0					0.4321903787103378	0.5678096212896622								
1782.0-1784.0 kDa	1782.0	1784.0	0	0.0					0.4321903787103378	0.5678096212896622								
1784.0-1786.0 kDa	1784.0	1786.0	0	0.0					0.4321903787103378	0.5678096212896622								
1786.0-1788.0 kDa	1786.0	1788.0	0	0.0					0.4321903787103378	0.5678096212896622								
1788.0-1790.0 kDa	1788.0	1790.0	0	0.0					0.4321903787103378	0.5678096212896622								
1790.0-1792.0 kDa	1790.0	1792.0	0	0.0					0.4321903787103378	0.5678096212896622								
1792.0-1794.0 kDa	1792.0	1794.0	0	0.0					0.4321903787103378	0.5678096212896622								
1794.0-1796.0 kDa	1794.0	1796.0	0	0.0					0.4321903787103378	0.5678096212896622								
1796.0-1798.0 kDa	1796.0	1798.0	0	0.0					0.4321903787103378	0.5678096212896622								
1798.0-1800.0 kDa	1798.0	1800.0	0	0.0					0.4321903787103378	0.5678096212896622								
1800.0-1802.0 kDa	1800.0	1802.0	0	0.0					0.4321903787103378	0.5678096212896622								
1802.0-1804.0 kDa	1802.0	1804.0	0	0.0					0.4321903787103378	0.5678096212896622								
1804.0-1806.0 kDa	1804.0	1806.0	0	0.0					0.4321903787103378	0.5678096212896622								
1806.0-1808.0 kDa	1806.0	1808.0	0	0.0					0.4321903787103378	0.5678096212896622								
1808.0-1810.0 kDa	1808.0	1810.0	0	0.0					0.4321903787103378	0.5678096212896622								
1810.0-1812.0 kDa	1810.0	1812.0	0	0.0					0.4321903787103378	0.5678096212896622								
1812.0-1814.0 kDa	1812.0	1814.0	0	0.0					0.4321903787103378	0.5678096212896622								
1814.0-1816.0 kDa	1814.0	1816.0	0	0.0					0.4321903787103378	0.5678096212896622								
1816.0-1818.0 kDa	1816.0	1818.0	0	0.0					0.4321903787103378	0.5678096212896622								
1818.0-1820.0 kDa	1818.0	1820.0	0	0.0					0.4321903787103378	0.5678096212896622								
1820.0-1822.0 kDa	1820.0	1822.0	0	0.0					0.4321903787103378	0.5678096212896622								
1822.0-1824.0 kDa	1822.0	1824.0	0	0.0					0.4321903787103378	0.5678096212896622								
1824.0-1826.0 kDa	1824.0	1826.0	0	0.0					0.4321903787103378	0.5678096212896622								
1826.0-1828.0 kDa	1826.0	1828.0	0	0.0					0.4321903787103378	0.5678096212896622								
1828.0-1830.0 kDa	1828.0	1830.0	0	0.0					0.4321903787103378	0.5678096212896622								
1830.0-1832.0 kDa	1830.0	1832.0	0	0.0					0.4321903787103378	0.5678096212896622								
1832.0-1834.0 kDa	1832.0	1834.0	0	0.0					0.4321903787103378	0.5678096212896622								
1834.0-1836.0 kDa	1834.0	1836.0	0	0.0					0.4321903787103378	0.5678096212896622								
1836.0-1838.0 kDa	1836.0	1838.0	0	0.0					0.4321903787103378	0.5678096212896622								
1838.0-1840.0 kDa	1838.0	1840.0	0	0.0					0.4321903787103378	0.5678096212896622								
1840.0-1842.0 kDa	1840.0	1842.0	0	0.0					0.4321903787103378	0.5678096212896622								
1842.0-1844.0 kDa	1842.0	1844.0	0	0.0					0.4321903787103378	0.5678096212896622								
1844.0-1846.0 kDa	1844.0	1846.0	0	0.0					0.4321903787103378	0.5678096212896622								
1846.0-1848.0 kDa	1846.0	1848.0	0	0.0					0.4321903787103378	0.5678096212896622								
1848.0-1850.0 kDa	1848.0	1850.0	0	0.0					0.4321903787103378	0.5678096212896622								
1850.0-1852.0 kDa	1850.0	1852.0	0	0.0					0.4321903787103378	0.5678096212896622								
1852.0-1854.0 kDa	1852.0	1854.0	0	0.0					0.4321903787103378	0.5678096212896622								
1854.0-1856.0 kDa	1854.0	1856.0	0	0.0					0.4321903787103378	0.5678096212896622								
1856.0-1858.0 kDa	1856.0	1858.0	0	0.0					0.4321903787103378	0.5678096212896622								
1858.0-1860.0 kDa	1858.0	1860.0	0	0.0					0.4321903787103378	0.5678096212896622								
1860.0-1862.0 kDa	1860.0	1862.0	0	0.0					0.4321903787103378	0.5678096212896622								
1862.0-1864.0 kDa	1862.0	1864.0	0	0.0					0.4321903787103378	0.5678096212896622								
1864.0-1866.0 kDa	1864.0	1866.0	0	0.0					0.4321903787103378	0.5678096212896622								
1866.0-1868.0 kDa	1866.0	1868.0	0	0.0					0.4321903787103378	0.5678096212896622								
1868.0-1870.0 kDa	1868.0	1870.0	0	0.0					0.4321903787103378	0.5678096212896622								
1870.0-1872.0 kDa	1870.0	1872.0	0	0.0					0.4321903787103378	0.5678096212896622								
1872.0-1874.0 kDa	1872.0	1874.0	0	0.0					0.4321903787103378	0.5678096212896622								
1874.0-1876.0 kDa	1874.0	1876.0	0	0.0					0.4321903787103378	0.5678096212896622								
1876.0-1878.0 kDa	1876.0	1878.0	0	0.0					0.4321903787103378	0.5678096212896622								
1878.0-1880.0 kDa	1878.0	1880.0	0	0.0					0.4321903787103378	0.5678096212896622								
1880.0-1882.0 kDa	1880.0	1882.0	0	0.0					0.4321903787103378	0.5678096212896622								
1882.0-1884.0 kDa	1882.0	1884.0	0	0.0					0.4321903787103378	0.5678096212896622								
1884.0-1886.0 kDa	1884.0	1886.0	0	0.0					0.4321903787103378	0.5678096212896622								
1886.0-1888.0 kDa	1886.0	1888.0	0	0.0					0.4321903787103378	0.5678096212896622								
1888.0-1890.0 kDa	1888.0	1890.0	0	0.0					0.4321903787103378	0.5678096212896622								
1890.0-1892.0 kDa	1890.0	1892.0	0	0.0					0.4321903787103378	0.5678096212896622								
1892.0-1894.0 kDa	1892.0	1894.0	0	0.0					0.4321903787103378	0.5678096212896622								
1894.0-1896.0 kDa	1894.0	1896.0	0	0.0					0.4321903787103378	0.5678096212896622								
1896.0-1898.0 kDa	1896.0	1898.0	0	0.0					0.4321903787103378	0.5678096212896622								
1898.0-1900.0 kDa	1898.0	1900.0	0	0.0					0.4321903787103378	0.5678096212896622								
1900.0-1902.0 kDa	1900.0	1902.0	0	0.0					0.4321903787103378	0.5678096212896622								
1902.0-1904.0 kDa	1902.0	1904.0	0	0.0					0.4321903787103378	0.5678096212896622								
1904.0-1906.0 kDa	1904.0	1906.0	0	0.0					0.4321903787103378	0.5678096212896622								
1906.0-1908.0 kDa	1906.0	1908.0	0	0.0					0.4321903787103378	0.5678096212896622								
1908.0-1910.0 kDa	1908.0	1910.0	0	0.0					0.4321903787103378	0.5678096212896622								
1910.0-1912.0 kDa	1910.0	1912.0	0	0.0					0.4321903787103378	0.5678096212896622								
1912.0-1914.0 kDa	1912.0	1914.0	0	0.0					0.4321903787103378	0.5678096212896622								
1914.0-1916.0 kDa	1914.0	1916.0	0	0.0					0.4321903787103378	0.5678096212896622								
1916.0-1918.0 kDa	1916.0	1918.0	0	0.0					0.4321903787103378	0.5678096212896622								
1918.0-1920.0 kDa	1918.0	1920.0	0	0.0					0.4321903787103378	0.5678096212896622								
1920.0-1922.0 kDa	1920.0	1922.0	0	0.0					0.4321903787103378	0.5678096212896622								
1922.0-1924.0 kDa	1922.0	1924.0	0	0.0					0.4321903787103378	0.5678096212896622								
1924.0-1926.0 kDa	1924.0	1926.0	0	0.0					0.4321903787103378	0.5678096212896622								
1926.0-1928.0 kDa	1926.0	1928.0	0	0.0					0.4321903787103378	0.5678096212896622								
1928.0-1930.0 kDa	1928.0	1930.0	0	0.0					0.4321903787103378	0.5678096212896622								
1930.0-1932.0 kDa	1930.0	1932.0	0	0.0					0.4321903787103378	0.5678096212896622								
1932.0-1934.0 kDa	1932.0	1934.0	0	0.0					0.4321903787103378	0.5678096212896622								
1934.0-1936.0 kDa	1934.0	1936.0	0	0.0					0.4321903787103378	0.5678096212896622								
1936.0-1938.0 kDa	1936.0	1938.0	0	0.0					0.4321903787103378	0.5678096212896622								
1938.0-1940.0 kDa	1938.0	1940.0	0	0.0					0.4321903787103378	0.5678096212896622								
1940.0-1942.0 kDa	1940.0	1942.0	0	0.0					0.4321903787103378	0.5678096212896622								
1942.0-1944.0 kDa	1942.0	1944.0	0	0.0					0.4321903787103378	0.5678096212896622								
1944.0-1946.0 kDa	1944.0	1946.0	0	0.0					0.4321903787103378	0.5678096212896622								
1946.0-1948.0 kDa	1946.0	1948.0	0	0.0					0.4321903787103378	0.5678096212896622								
1948.0-1950.0 kDa	1948.0	1950.0	0	0.0					0.4321903787103378	0.5678096212896622								
1950.0-1952.0 kDa	1950.0	1952.0	0	0.0					0.4321903787103378	0.5678096212896622								
1952.0-1954.0 kDa	1952.0	1954.0	0	0.0					0.4321903787103378	0.5678096212896622								
1954.0-1956.0 kDa	1954.0	1956.0	0	0.0					0.4321903787103378	0.5678096212896622								
1956.0-1958.0 kDa	1956.0	1958.0	0	0.0					0.4321903787103378	0.5678096212896622								
1958.0-1960.0 kDa	1958.0	1960.0	0	0.0					0.4321903787103378	0.5678096212896622								
1960.0-1962.0 kDa	1960.0	1962.0	0	0.0					0.4321903787103378	0.5678096212896622								
1962.0-1964.0 kDa	1962.0	1964.0	0	0.0					0.4321903787103378	0.5678096212896622								
1964.0-1966.0 kDa	1964.0	1966.0	0	0.0					0.4321903787103378	0.5678096212896622								
1966.0-1968.0 kDa	1966.0	1968.0	0	0.0					0.4321903787103378	0.5678096212896622								
1968.0-1970.0 kDa	1968.0	1970.0	0	0.0					0.4321903787103378	0.5678096212896622								
1970.0-1972.0 kDa	1970.0	1972.0	0	0.0					0.4321903787103378	0.5678096212896622								
1972.0-1974.0 kDa	1972.0	1974.0	0	0.0					0.4321903787103378	0.5678096212896622								
1974.0-1976.0 kDa	1974.0	1976.0	0	0.0					0.4321903787103378	0.5678096212896622								
1976.0-1978.0 kDa	1976.0	1978.0	0	0.0					0.4321903787103378	0.5678096212896622								
1978.0-1980.0 kDa	1978.0	1980.0	0	0.0					0.4321903787103378	0.5678096212896622								
1980.0-1982.0 kDa	1980.0	1982.0	0	0.0					0.4321903787103378	0.5678096212896622								
1982.0-1984.0 kDa	1982.0	1984.0	0	0.0					0.4321903787103378	0.5678096212896622								
1984.0-1986.0 kDa	1984.0	1986.0	0	0.0					0.4321903787103378	0.5678096212896622								
1986.0-1988.0 kDa	1986.0	1988.0	0	0.0					0.4321903787103378	0.5678096212896622								
1988.0-1990.0 kDa	1988.0	1990.0	0	0.0					0.4321903787103378	0.5678096212896622								
1990.0-1992.0 kDa	1990.0	1992.0	0	0.0					0.4321903787103378	0.5678096212896622								
1992.0-1994.0 kDa	1992.0	1994.0	0	0.0					0.4321903787103378	0.5678096212896622								
1994.0-1996.0 kDa	1994.0	1996.0	0	0.0					0.4321903787103378	0.5678096212896622								
1996.0-1998.0 kDa	1996.0	1998.0	0	0.0					0.4321903787103378	0.5678096212896622								
1998.0-2000.0 kDa	1998.0	2000.0	0	0.0					0.4321903787103378	0.5678096212896622								
2000.0-2002.0 kDa	2000.0	2002.0	0	0.0					0.4321903787103378	0.5678096212896622								
2002.0-2004.0 kDa	2002.0	2004.0	0	0.0					0.4321903787103378	0.5678096212896622								
2004.0-2006.0 kDa	2004.0	2006.0	0	0.0					0.4321903787103378	0.5678096212896622								
2006.0-2008.0 kDa	2006.0	2008.0	0	0.0					0.4321903787103378	0.5678096212896622								
2008.0-2010.0 kDa	2008.0	2010.0	0	0.0					0.4321903787103378	0.5678096212896622								
2010.0-2012.0 kDa	2010.0	2012.0	0	0.0					0.4321903787103378	0.5678096212896622								
2012.0-2014.0 kDa	2012.0	2014.0	0	0.0					0.4321903787103378	0.5678096212896622								
2014.0-2016.0 kDa	2014.0	2016.0	0	0.0					0.4321903787103378	0.5678096212896622								
2016.0-2018.0 kDa	2016.0	2018.0	0	0.0					0.4321903787103378	0.5678096212896622								
2018.0-2020.0 kDa	2018.0	2020.0	0	0.0					0.4321903787103378	0.5678096212896622								
2020.0-2022.0 kDa	2020.0	2022.0	0	0.0					0.4321903787103378	0.5678096212896622								
2022.0-2024.0 kDa	2022.0	2024.0	0	0.0					0.4321903787103378	0.5678096212896622								
2024.0-2026.0 kDa	2024.0	2026.0	0	0.0					0.4321903787103378	0.5678096212896622								
2026.0-2028.0 kDa	2026.0	2028.0	0	0.0					0.4321903787103378	0.5678096212896622								
2028.0-2030.0 kDa	2028.0	2030.0	0	0.0					0.4321903787103378	0.5678096212896622								
2030.0-2032.0 kDa	2030.0	2032.0	0	0.0					0.4321903787103378	0.5678096212896622								
2032.0-2034.0 kDa	2032.0	2034.0	0	0.0					0.4321903787103378	0.5678096212896622								
2034.0-2036.0 kDa	2034.0	2036.0	0	0.0					0.4321903787103378	0.5678096212896622								
2036.0-2038.0 kDa	2036.0	2038.0	0	0.0					0.4321903787103378	0.5678096212896622								
2038.0-2040.0 kDa	2038.0	2040.0	0	0.0					0.4321903787103378	0.5678096212896622								
2040.0-2042.0 kDa	2040.0	2042.0	0	0.0					0.4321903787103378	0.5678096212896622								
2042.0-2044.0 kDa	2042.0	2044.0	0	0.0					0.4321903787103378	0.5678096212896622								
2044.0-2046.0 kDa	2044.0	2046.0	0	0.0					0.4321903787103378	0.5678096212896622								
2046.0-2048.0 kDa	2046.0	2048.0	0	0.0					0.4321903787103378	0.5678096212896622								
2048.0-2050.0 kDa	2048.0	2050.0	0	0.0					0.4321903787103378	0.5678096212896622								
2050.0-2052.0 kDa	2050.0	2052.0	0	0.0					0.4321903787103378	0.5678096212896622								
2052.0-2054.0 kDa	2052.0	2054.0	0	0.0					0.4321903787103378	0.5678096212896622								
2054.0-2056.0 kDa	2054.0	2056.0	0	0.0					0.4321903787103378	0.5678096212896622								
2056.0-2058.0 kDa	2056.0	2058.0	0	0.0					0.4321903787103378	0.5678096212896622								
2058.0-2060.0 kDa	2058.0	2060.0	0	0.0					0.4321903787103378	0.5678096212896622								
2060.0-2062.0 kDa	2060.0	2062.0	0	0.0					0.4321903787103378	0.5678096212896622								
2062.0-2064.0 kDa	2062.0	2064.0	0	0.0					0.4321903787103378	0.5678096212896622								
2064.0-2066.0 kDa	2064.0	2066.0	0	0.0					0.4321903787103378	0.5678096212896622								
2066.0-2068.0 kDa	2066.0	2068.0	0	0.0					0.4321903787103378	0.5678096212896622								
2068.0-2070.0 kDa	2068.0	2070.0	0	0.0					0.4321903787103378	0.5678096212896622								
2070.0-2072.0 kDa	2070.0	2072.0	0	0.0					0.4321903787103378	0.5678096212896622								
2072.0-2074.0 kDa	2072.0	2074.0	0	0.0					0.4321903787103378	0.5678096212896622								
2074.0-2076.0 kDa	2074.0	2076.0	0	0.0					0.4321903787103378	0.5678096212896622								
2076.0-2078.0 kDa	2076.0	2078.0	0	0.0					0.4321903787103378	0.5678096212896622								
2078.0-2080.0 kDa	2078.0	2080.0	0	0.0					0.4321903787103378	0.5678096212896622								
2080.0-2082.0 kDa	2080.0	2082.0	0	0.0					0.4321903787103378	0.5678096212896622								
2082.0-2084.0 kDa	2082.0	2084.0	0	0.0					0.4321903787103378	0.5678096212896622								
2084.0-2086.0 kDa	2084.0	2086.0	0	0.0					0.4321903787103378	0.5678096212896622								
2086.0-2088.0 kDa	2086.0	2088.0	0	0.0					0.4321903787103378	0.5678096212896622								
2088.0-2090.0 kDa	2088.0	2090.0	0	0.0					0.4321903787103378	0.5678096212896622								
2090.0-2092.0 kDa	2090.0	2092.0	0	0.0					0.4321903787103378	0.5678096212896622								
2092.0-2094.0 kDa	2092.0	2094.0	0	0.0					0.4321903787103378	0.5678096212896622								
2094.0-2096.0 kDa	2094.0	2096.0	0	0.0					0.4321903787103378	0.5678096212896622								
2096.0-2098.0 kDa	2096.0	2098.0	0	0.0					0.4321903787103378	0.5678096212896622								
2098.0-2100.0 kDa	2098.0	2100.0	0	0.0					0.4321903787103378	0.5678096212896622								
2100.0-2102.0 kDa	2100.0	2102.0	0	0.0					0.4321903787103378	0.5678096212896622								
2102.0-2104.0 kDa	2102.0	2104.0	0	0.0					0.4321903787103378	0.5678096212896622								
2104.0-2106.0 kDa	2104.0	2106.0	0	0.0					0.4321903787103378	0.5678096212896622								
2106.0-2108.0 kDa	2106.0	2108.0	0	0.0					0.4321903787103378	0.5678096212896622								
2108.0-2110.0 kDa	2108.0	2110.0	0	0.0					0.4321903787103378	0.5678096212896622								
2110.0-2112.0 kDa	2110.0	2112.0	0	0.0					0.4321903787103378	0.5678096212896622								
2112.0-2114.0 kDa	2112.0	2114.0	0	0.0					0.4321903787103378	0.5678096212896622								
2114.0-2116.0 kDa	2114.0	2116.0	0	0.0					0.4321903787103378	0.5678096212896622								
2116.0-2118.0 kDa	2116.0	2118.0	0	0.0					0.4321903787103378	0.5678096212896622								
2118.0-2120.0 kDa	2118.0	2120.0	0	0.0					0.4321903787103378	0.5678096212896622								
2120.0-2122.0 kDa	2120.0	2122.0	0	0.0					0.4321903787103378	0.5678096212896622								
2122.0-2124.0 kDa	2122.0	2124.0	0	0.0					0.4321903787103378	0.5678096212896622								
2124.0-2126.0 kDa	2124.0	2126.0	0	0.0					0.4321903787103378	0.5678096212896622								
2126.0-2128.0 kDa	2126.0	2128.0	0	0.0					0.4321903787103378	0.5678096212896622								
2128.0-2130.0 kDa	2128.0	2130.0	0	0.0					0.4321903787103378	0.5678096212896622								
2130.0-2132.0 kDa	2130.0	2132.0	0	0.0					0.4321903787103378	0.5678096212896622								
2132.0-2134.0 kDa	2132.0	2134.0	0	0.0					0.4321903787103378	0.5678096212896622								
2134.0-2136.0 kDa	2134.0	2136.0	0	0.0					0.4321903787103378	0.5678096212896622								
2136.0-2138.0 kDa	2136.0	2138.0	0	0.0					0.4321903787103378	0.5678096212896622								
2138.0-2140.0 kDa	2138.0	2140.0	0	0.0					0.4321903787103378	0.5678096212896622								
2140.0-2142.0 kDa	2140.0	2142.0	0	0.0					0.4321903787103378	0.5678096212896622								
2142.0-2144.0 kDa	2142.0	2144.0	0	0.0					0.4321903787103378	0.5678096212896622								
2144.0-2146.0 kDa	2144.0	2146.0	0	0.0					0.4321903787103378	0.5678096212896622								
2146.0-2148.0 kDa	2146.0	2148.0	0	0.0					0.4321903787103378	0.5678096212896622								
2148.0-2150.0 kDa	2148.0	2150.0	0	0.0					0.4321903787103378	0.5678096212896622								
2150.0-2152.0 kDa	2150.0	2152.0	0	0.0					0.4321903787103378	0.5678096212896622								
2152.0-2154.0 kDa	2152.0	2154.0	0	0.0					0.4321903787103378	0.5678096212896622								
2154.0-2156.0 kDa	2154.0	2156.0	0	0.0					0.4321903787103378	0.5678096212896622								
2156.0-2158.0 kDa	2156.0	2158.0	0	0.0					0.4321903787103378	0.5678096212896622								
2158.0-2160.0 kDa	2158.0	2160.0	0	0.0					0.4321903787103378	0.5678096212896622								
2160.0-2162.0 kDa	2160.0	2162.0	0	0.0					0.4321903787103378	0.5678096212896622								
2162.0-2164.0 kDa	2162.0	2164.0	0	0.0					0.4321903787103378	0.5678096212896622								
2164.0-2166.0 kDa	2164.0	2166.0	0	0.0					0.4321903787103378	0.5678096212896622								
2166.0-2168.0 kDa	2166.0	2168.0	0	0.0					0.4321903787103378	0.5678096212896622								
2168.0-2170.0 kDa	2168.0	2170.0	0	0.0					0.4321903787103378	0.5678096212896622								
2170.0-2172.0 kDa	2170.0	2172.0	0	0.0					0.4321903787103378	0.5678096212896622								
2172.0-2174.0 kDa	2172.0	2174.0	0	0.0					0.4321903787103378	0.5678096212896622								
2174.0-2176.0 kDa	2174.0	2176.0	0	0.0					0.4321903787103378	0.5678096212896622								
2176.0-2178.0 kDa	2176.0	2178.0	0	0.0					0.4321903787103378	0.5678096212896622								
2178.0-2180.0 kDa	2178.0	2180.0	0	0.0					0.4321903787103378	0.5678096212896622								
2180.0-2182.0 kDa	2180.0	2182.0	0	0.0					0.4321903787103378	0.5678096212896622								
2182.0-2184.0 kDa	2182.0	2184.0	0	0.0					0.4321903787103378	0.5678096212896622								
2184.0-2186.0 kDa	2184.0	2186.0	0	0.0					0.4321903787103378	0.5678096212896622								
2186.0-2188.0 kDa	2186.0	2188.0	0	0.0					0.4321903787103378	0.5678096212896622								
2188.0-2190.0 kDa	2188.0	2190.0	0	0.0					0.4321903787103378	0.5678096212896622								
2190.0-2192.0 kDa	2190.0	2192.0	0	0.0					0.4321903787103378	0.5678096212896622								
2192.0-2194.0 kDa	2192.0	2194.0	0	0.0					0.4321903787103378	0.5678096212896622								
2194.0-2196.0 kDa	2194.0	2196.0	0	0.0					0.4321903787103378	0.5678096212896622								
2196.0-2198.0 kDa	2196.0	2198.0	0	0.0					0.4321903787103378	0.5678096212896622								
2198.0-2200.0 kDa	2198.0	2200.0	0	0.0					0.4321903787103378	0.5678096212896622								
2200.0-2202.0 kDa	2200.0	2202.0	0	0.0					0.4321903787103378	0.5678096212896622								
2202.0-2204.0 kDa	2202.0	2204.0	0	0.0					0.4321903787103378	0.5678096212896622								
2204.0-2206.0 kDa	2204.0	2206.0	0	0.0					0.4321903787103378	0.5678096212896622								
2206.0-2208.0 kDa	2206.0	2208.0	0	0.0					0.4321903787103378	0.5678096212896622								
2208.0-2210.0 kDa	2208.0	2210.0	0	0.0					0.4321903787103378	0.5678096212896622								
2210.0-2212.0 kDa	2210.0	2212.0	0	0.0					0.4321903787103378	0.5678096212896622								
2212.0-2214.0 kDa	2212.0	2214.0	0	0.0					0.4321903787103378	0.5678096212896622								
2214.0-2216.0 kDa	2214.0	2216.0	0	0.0					0.4321903787103378	0.5678096212896622								
2216.0-2218.0 kDa	2216.0	2218.0	0	0.0					0.4321903787103378	0.5678096212896622								
2218.0-2220.0 kDa	2218.0	2220.0	0	0.0					0.4321903787103378	0.5678096212896622								
2220.0-2222.0 kDa	2220.0	2222.0	0	0.0					0.4321903787103378	0.5678096212896622								
2222.0-2224.0 kDa	2222.0	2224.0	0	0.0					0.4321903787103378	0.5678096212896622								
2224.0-2226.0 kDa	2224.0	2226.0	0	0.0					0.4321903787103378	0.5678096212896622								
2226.0-2228.0 kDa	2226.0	2228.0	0	0.0					0.4321903787103378	0.5678096212896622								
2228.0-2230.0 kDa	2228.0	2230.0	0	0.0					0.4321903787103378	0.5678096212896622								
2230.0-2232.0 kDa	2230.0	2232.0	0	0.0					0.4321903787103378	0.5678096212896622								
2232.0-2234.0 kDa	2232.0	2234.0	0	0.0					0.4321903787103378	0.5678096212896622								
2234.0-2236.0 kDa	2234.0	2236.0	0	0.0					0.4321903787103378	0.5678096212896622								
2236.0-2238.0 kDa	2236.0	2238.0	0	0.0					0.4321903787103378	0.5678096212896622								
2238.0-2240.0 kDa	2238.0	2240.0	0	0.0					0.4321903787103378	0.5678096212896622								
2240.0-2242.0 kDa	2240.0	2242.0	0	0.0					0.4321903787103378	0.5678096212896622								
2242.0-2244.0 kDa	2242.0	2244.0	0	0.0					0.4321903787103378	0.5678096212896622								
2244.0-2246.0 kDa	2244.0	2246.0	0	0.0					0.4321903787103378	0.5678096212896622								
2246.0-2248.0 kDa	2246.0	2248.0	0	0.0					0.4321903787103378	0.5678096212896622								
2248.0-2250.0 kDa	2248.0	2250.0	0	0.0					0.4321903787103378	0.5678096212896622								
2250.0-2252.0 kDa	2250.0	2252.0	0	0.0					0.4321903787103378	0.5678096212896622								
2252.0-2254.0 kDa	2252.0	2254.0	0	0.0					0.4321903787103378	0.5678096212896622								
2254.0-2256.0 kDa	2254.0	2256.0	0	0.0					0.4321903787103378	0.5678096212896622								
2256.0-2258.0 kDa	2256.0	2258.0	0	0.0					0.4321903787103378	0.5678096212896622								
2258.0-2260.0 kDa	2258.0	2260.0	0	0.0					0.4321903787103378	0.5678096212896622								
2260.0-2262.0 kDa	2260.0	2262.0	0	0.0					0.4321903787103378	0.5678096212896622								
2262.0-2264.0 kDa	2262.0	2264.0	0	0.0					0.4321903787103378	0.5678096212896622								
2264.0-2266.0 kDa	2264.0	2266.0	0	0.0					0.4321903787103378	0.5678096212896622								
2266.0-2268.0 kDa	2266.0	2268.0	0	0.0					0.4321903787103378	0.5678096212896622								
2268.0-2270.0 kDa	2268.0	2270.0	0	0.0					0.4321903787103378	0.5678096212896622								
2270.0-2272.0 kDa	2270.0	2272.0	0	0.0					0.4321903787103378	0.5678096212896622								
2272.0-2274.0 kDa	2272.0	2274.0	0	0.0					0.4321903787103378	0.5678096212896622								
2274.0-2276.0 kDa	2274.0	2276.0	0	0.0					0.4321903787103378	0.5678096212896622								
2276.0-2278.0 kDa	2276.0	2278.0	0	0.0					0.4321903787103378	0.5678096212896622								
2278.0-2280.0 kDa	2278.0	2280.0	0	0.0					0.4321903787103378	0.5678096212896622								
2280.0-2282.0 kDa	2280.0	2282.0	0	0.0					0.4321903787103378	0.5678096212896622								
2282.0-2284.0 kDa	2282.0	2284.0	0	0.0					0.4321903787103378	0.5678096212896622								
2284.0-2286.0 kDa	2284.0	2286.0	0	0.0					0.4321903787103378	0.5678096212896622								
2286.0-2288.0 kDa	2286.0	2288.0	0	0.0					0.4321903787103378	0.5678096212896622								
2288.0-2290.0 kDa	2288.0	2290.0	0	0.0					0.4321903787103378	0.5678096212896622								
2290.0-2292.0 kDa	2290.0	2292.0	0	0.0					0.4321903787103378	0.5678096212896622								
2292.0-2294.0 kDa	2292.0	2294.0	0	0.0					0.4321903787103378	0.5678096212896622								
2294.0-2296.0 kDa	2294.0	2296.0	0	0.0					0.4321903787103378	0.5678096212896622								
2296.0-2298.0 kDa	2296.0	2298.0	0	0.0					0.4321903787103378	0.5678096212896622								
2298.0-2300.0 kDa	2298.0	2300.0	0	0.0					0.4321903787103378	0.5678096212896622								
2300.0-2302.0 kDa	2300.0	2302.0	0	0.0					0.4321903787103378	0.5678096212896622								
2302.0-2304.0 kDa	2302.0	2304.0	0	0.0					0.4321903787103378	0.5678096212896622								
2304.0-2306.0 kDa	2304.0	2306.0	0	0.0					0.4321903787103378	0.5678096212896622								
2306.0-2308.0 kDa	2306.0	2308.0	0	0.0					0.4321903787103378	0.5678096212896622								
2308.0-2310.0 kDa	2308.0	2310.0	0	0.0					0.4321903787103378	0.5678096212896622								
2310.0-2312.0 kDa	2310.0	2312.0	0	0.0					0.4321903787103378	0.5678096212896622								
2312.0-2314.0 kDa	2312.0	2314.0	0	0.0					0.4321903787103378	0.5678096212896622								
2314.0-2316.0 kDa	2314.0	2316.0	0	0.0					0.4321903787103378	0.5678096212896622								
2316.0-2318.0 kDa	2316.0	2318.0	0	0.0					0.4321903787103378	0.5678096212896622								
2318.0-2320.0 kDa	2318.0	2320.0	0	0.0					0.4321903787103378	0.5678096212896622								
2320.0-2322.0 kDa	2320.0	2322.0	0	0.0					0.4321903787103378	0.5678096212896622								
2322.0-2324.0 kDa	2322.0	2324.0	0	0.0					0.4321903787103378	0.5678096212896622								
2324.0-2326.0 kDa	2324.0	2326.0	0	0.0					0.4321903787103378	0.5678096212896622								
2326.0-2328.0 kDa	2326.0	2328.0	0	0.0					0.4321903787103378	0.5678096212896622								
2328.0-2330.0 kDa	2328.0	2330.0	0	0.0					0.4321903787103378	0.5678096212896622								
2330.0-2332.0 kDa	2330.0	2332.0	0	0.0					0.4321903787103378	0.5678096212896622								
2332.0-2334.0 kDa	2332.0	2334.0	0	0.0					0.4321903787103378	0.5678096212896622								
2334.0-2336.0 kDa	2334.0	2336.0	0	0.0					0.4321903787103378	0.5678096212896622								
2336.0-2338.0 kDa	2336.0	2338.0	0	0.0					0.4321903787103378	0.5678096212896622								
2338.0-2340.0 kDa	2338.0	2340.0	0	0.0					0.4321903787103378	0.5678096212896622								
2340.0-2342.0 kDa	2340.0	2342.0	0	0.0					0.4321903787103378	0.5678096212896622								
2342.0-2344.0 kDa	2342.0	2344.0	0	0.0					0.4321903787103378	0.5678096212896622								
2344.0-2346.0 kDa	2344.0	2346.0	0	0.0					0.4321903787103378	0.5678096212896622								
2346.0-2348.0 kDa	2346.0	2348.0	0	0.0					0.4321903787103378	0.5678096212896622								
2348.0-2350.0 kDa	2348.0	2350.0	0	0.0					0.4321903787103378	0.5678096212896622								
2350.0-2352.0 kDa	2350.0	2352.0	0	0.0					0.4321903787103378	0.5678096212896622								
2352.0-2354.0 kDa	2352.0	2354.0	0	0.0					0.4321903787103378	0.5678096212896622								
2354.0-2356.0 kDa	2354.0	2356.0	0	0.0					0.4321903787103378	0.5678096212896622								
2356.0-2358.0 kDa	2356.0	2358.0	0	0.0					0.4321903787103378	0.5678096212896622								
2358.0-2360.0 kDa	2358.0	2360.0	0	0.0					0.4321903787103378	0.5678096212896622								
2360.0-2362.0 kDa	2360.0	2362.0	0	0.0					0.4321903787103378	0.5678096212896622								
2362.0-2364.0 kDa	2362.0	2364.0	0	0.0					0.4321903787103378	0.5678096212896622								
2364.0-2366.0 kDa	2364.0	2366.0	0	0.0					0.4321903787103378	0.5678096212896622								
2366.0-2368.0 kDa	2366.0	2368.0	0	0.0					0.4321903787103378	0.5678096212896622								
2368.0-2370.0 kDa	2368.0	2370.0	0	0.0					0.4321903787103378	0.5678096212896622								
2370.0-2372.0 kDa	2370.0	2372.0	0	0.0					0.4321903787103378	0.5678096212896622								
2372.0-2374.0 kDa	2372.0	2374.0	0	0.0					0.4321903787103378	0.5678096212896622								
2374.0-2376.0 kDa	2374.0	2376.0	0	0.0					0.4321903787103378	0.5678096212896622								
2376.0-2378.0 kDa	2376.0	2378.0	0	0.0					0.4321903787103378	0.5678096212896622								
2378.0-2380.0 kDa	2378.0	2380.0	0	0.0					0.4321903787103378	0.5678096212896622								
2380.0-2382.0 kDa	2380.0	2382.0	0	0.0					0.4321903787103378	0.5678096212896622								
2382.0-2384.0 kDa	2382.0	2384.0	0	0.0					0.4321903787103378	0.5678096212896622								
2384.0-2386.0 kDa	2384.0	2386.0	0	0.0					0.4321903787103378	0.5678096212896622								
2386.0-2388.0 kDa	2386.0	2388.0	0	0.0					0.4321903787103378	0.5678096212896622								
2388.0-2390.0 kDa	2388.0	2390.0	0	0.0					0.4321903787103378	0.5678096212896622								
2390.0-2392.0 kDa	2390.0	2392.0	0	0.0					0.4321903787103378	0.5678096212896622								
2392.0-2394.0 kDa	2392.0	2394.0	0	0.0					0.4321903787103378	0.5678096212896622								
2394.0-2396.0 kDa	2394.0	2396.0	0	0.0					0.4321903787103378	0.5678096212896622								
2396.0-2398.0 kDa	2396.0	2398.0	0	0.0					0.4321903787103378	0.5678096212896622								
2398.0-2400.0 kDa	2398.0	2400.0	0	0.0					0.4321903787103378	0.5678096212896622								
2400.0-2402.0 kDa	2400.0	2402.0	0	0.0					0.4321903787103378	0.5678096212896622								
2402.0-2404.0 kDa	2402.0	2404.0	0	0.0					0.4321903787103378	0.5678096212896622								
2404.0-2406.0 kDa	2404.0	2406.0	0	0.0					0.4321903787103378	0.5678096212896622								
2406.0-2408.0 kDa	2406.0	2408.0	0	0.0					0.4321903787103378	0.5678096212896622								
2408.0-2410.0 kDa	2408.0	2410.0	0	0.0					0.4321903787103378	0.5678096212896622								
2410.0-2412.0 kDa	2410.0	2412.0	0	0.0					0.4321903787103378	0.5678096212896622								
2412.0-2414.0 kDa	2412.0	2414.0	0	0.0					0.4321903787103378	0.5678096212896622								
2414.0-2416.0 kDa	2414.0	2416.0	0	0.0					0.4321903787103378	0.5678096212896622								
2416.0-2418.0 kDa	2416.0	2418.0	0	0.0					0.4321903787103378	0.5678096212896622								
2418.0-2420.0 kDa	2418.0	2420.0	0	0.0					0.4321903787103378	0.5678096212896622								
2420.0-2422.0 kDa	2420.0	2422.0	0	0.0					0.4321903787103378	0.5678096212896622								
2422.0-2424.0 kDa	2422.0	2424.0	0	0.0					0.4321903787103378	0.5678096212896622								
2424.0-2426.0 kDa	2424.0	2426.0	0	0.0					0.4321903787103378	0.5678096212896622								
2426.0-2428.0 kDa	2426.0	2428.0	0	0.0					0.4321903787103378	0.5678096212896622								
2428.0-2430.0 kDa	2428.0	2430.0	0	0.0					0.4321903787103378	0.5678096212896622								
2430.0-2432.0 kDa	2430.0	2432.0	0	0.0					0.4321903787103378	0.5678096212896622								
2432.0-2434.0 kDa	2432.0	2434.0	0	0.0					0.4321903787103378	0.5678096212896622								
2434.0-2436.0 kDa	2434.0	2436.0	0	0.0					0.4321903787103378	0.5678096212896622								
2436.0-2438.0 kDa	2436.0	2438.0	0	0.0					0.4321903787103378	0.5678096212896622								
2438.0-2440.0 kDa	2438.0	2440.0	0	0.0					0.4321903787103378	0.5678096212896622								
2440.0-2442.0 kDa	2440.0	2442.0	0	0.0					0.4321903787103378	0.5678096212896622								
2442.0-2444.0 kDa	2442.0	2444.0	0	0.0					0.4321903787103378	0.5678096212896622								
2444.0-2446.0 kDa	2444.0	2446.0	0	0.0					0.4321903787103378	0.5678096212896622								
2446.0-2448.0 kDa	2446.0	2448.0	0	0.0					0.4321903787103378	0.5678096212896622								
2448.0-2450.0 kDa	2448.0	2450.0	0	0.0					0.4321903787103378	0.5678096212896622								
2450.0-2452.0 kDa	2450.0	2452.0	0	0.0					0.4321903787103378	0.5678096212896622								
2452.0-2454.0 kDa	2452.0	2454.0	0	0.0					0.4321903787103378	0.5678096212896622								
2454.0-2456.0 kDa	2454.0	2456.0	0	0.0					0.4321903787103378	0.5678096212896622								
2456.0-2458.0 kDa	2456.0	2458.0	0	0.0					0.4321903787103378	0.5678096212896622								
2458.0-2460.0 kDa	2458.0	2460.0	0	0.0					0.4321903787103378	0.5678096212896622								
2460.0-2462.0 kDa	2460.0	2462.0	0	0.0					0.4321903787103378	0.5678096212896622								
2462.0-2464.0 kDa	2462.0	2464.0	0	0.0					0.4321903787103378	0.5678096212896622								
2464.0-2466.0 kDa	2464.0	2466.0	0	0.0					0.4321903787103378	0.5678096212896622								
2466.0-2468.0 kDa	2466.0	2468.0	0	0.0					0.4321903787103378	0.5678096212896622								
2468.0-2470.0 kDa	2468.0	2470.0	0	0.0					0.4321903787103378	0.5678096212896622								
2470.0-2472.0 kDa	2470.0	2472.0	0	0.0					0.4321903787103378	0.5678096212896622								
2472.0-2474.0 kDa	2472.0	2474.0	0	0.0					0.4321903787103378	0.5678096212896622								
2474.0-2476.0 kDa	2474.0	2476.0	0	0.0					0.4321903787103378	0.5678096212896622								
2476.0-2478.0 kDa	2476.0	2478.0	0	0.0					0.4321903787103378	0.5678096212896622								
2478.0-2480.0 kDa	2478.0	2480.0	0	0.0					0.4321903787103378	0.5678096212896622								
2480.0-2482.0 kDa	2480.0	2482.0	0	0.0					0.4321903787103378	0.5678096212896622								
2482.0-2484.0 kDa	2482.0	2484.0	0	0.0					0.4321903787103378	0.5678096212896622								
2484.0-2486.0 kDa	2484.0	2486.0	0	0.0					0.4321903787103378	0.5678096212896622								
2486.0-2488.0 kDa	2486.0	2488.0	0	0.0					0.4321903787103378	0.5678096212896622								
2488.0-2490.0 kDa	2488.0	2490.0	0	0.0					0.4321903787103378	0.5678096212896622								
2490.0-2492.0 kDa	2490.0	2492.0	0	0.0					0.4321903787103378	0.5678096212896622								
2492.0-2494.0 kDa	2492.0	2494.0	0	0.0					0.4321903787103378	0.5678096212896622								
2494.0-2496.0 kDa	2494.0	2496.0	0	0.0					0.4321903787103378	0.5678096212896622								
2496.0-2498.0 kDa	2496.0	2498.0	0	0.0					0.4321903787103378	0.5678096212896622								
2498.0-2500.0 kDa	2498.0	2500.0	0	0.0					0.4321903787103378	0.5678096212896622								
2500.0-2502.0 kDa	2500.0	2502.0	0	0.0					0.4321903787103378	0.5678096212896622								
2502.0-2504.0 kDa	2502.0	2504.0	0	0.0					0.4321903787103378	0.5678096212896622								
2504.0-2506.0 kDa	2504.0	2506.0	0	0.0					0.4321903787103378	0.5678096212896622								
2506.0-2508.0 kDa	2506.0	2508.0	0	0.0					0.4321903787103378	0.5678096212896622								
2508.0-2510.0 kDa	2508.0	2510.0	0	0.0					0.4321903787103378	0.5678096212896622								
2510.0-2512.0 kDa	2510.0	2512.0	0	0.0					0.4321903787103378	0.5678096212896622								
2512.0-2514.0 kDa	2512.0	2514.0	0	0.0					0.4321903787103378	0.5678096212896622								
2514.0-2516.0 kDa	2514.0	2516.0	0	0.0					0.4321903787103378	0.5678096212896622								
2516.0-2518.0 kDa	2516.0	2518.0	0	0.0					0.4321903787103378	0.5678096212896622								
2518.0-2520.0 kDa	2518.0	2520.0	0	0.0					0.4321903787103378	0.5678096212896622								
2520.0-2522.0 kDa	2520.0	2522.0	0	0.0					0.4321903787103378	0.5678096212896622								
2522.0-2524.0 kDa	2522.0	2524.0	0	0.0					0.4321903787103378	0.5678096212896622								
2524.0-2526.0 kDa	2524.0	2526.0	0	0.0					0.4321903787103378	0.5678096212896622								
2526.0-2528.0 kDa	2526.0	2528.0	0	0.0					0.4321903787103378	0.5678096212896622								
2528.0-2530.0 kDa	2528.0	2530.0	0	0.0					0.4321903787103378	0.5678096212896622								
2530.0-2532.0 kDa	2530.0	2532.0	0	0.0					0.4321903787103378	0.5678096212896622								
2532.0-2534.0 kDa	2532.0	2534.0	0	0.0					0.4321903787103378	0.5678096212896622								
2534.0-2536.0 kDa	2534.0	2536.0	0	0.0					0.4321903787103378	0.5678096212896622								
2536.0-2538.0 kDa	2536.0	2538.0	0	0.0					0.4321903787103378	0.5678096212896622								
2538.0-2540.0 kDa	2538.0	2540.0	0	0.0					0.4321903787103378	0.5678096212896622								
2540.0-2542.0 kDa	2540.0	2542.0	0	0.0					0.4321903787103378	0.5678096212896622								
2542.0-2544.0 kDa	2542.0	2544.0	0	0.0					0.4321903787103378	0.5678096212896622								
2544.0-2546.0 kDa	2544.0	2546.0	0	0.0					0.4321903787103378	0.5678096212896622								
2546.0-2548.0 kDa	2546.0	2548.0	0	0.0					0.4321903787103378	0.5678096212896622								
2548.0-2550.0 kDa	2548.0	2550.0	0	0.0					0.4321903787103378	0.5678096212896622								
2550.0-2552.0 kDa	2550.0	2552.0	0	0.0					0.4321903787103378	0.5678096212896622								
2552.0-2554.0 kDa	2552.0	2554.0	0	0.0					0.4321903787103378	0.5678096212896622								
2554.0-2556.0 kDa	2554.0	2556.0	0	0.0					0.4321903787103378	0.5678096212896622								
2556.0-2558.0 kDa	2556.0	2558.0	0	0.0					0.4321903787103378	0.5678096212896622								
2558.0-2560.0 kDa	2558.0	2560.0	0	0.0					0.4321903787103378	0.5678096212896622								
2560.0-2562.0 kDa	2560.0	2562.0	0	0.0					0.4321903787103378	0.5678096212896622								
2562.0-2564.0 kDa	2562.0	2564.0	0	0.0					0.4321903787103378	0.5678096212896622								
2564.0-2566.0 kDa	2564.0	2566.0	0	0.0					0.4321903787103378	0.5678096212896622								
2566.0-2568.0 kDa	2566.0	2568.0	0	0.0					0.4321903787103378	0.5678096212896622								
2568.0-2570.0 kDa	2568.0	2570.0	0	0.0					0.4321903787103378	0.5678096212896622								
2570.0-2572.0 kDa	2570.0	2572.0	0	0.0					0.4321903787103378	0.5678096212896622								
2572.0-2574.0 kDa	2572.0	2574.0	0	0.0					0.4321903787103378	0.5678096212896622								
2574.0-2576.0 kDa	2574.0	2576.0	0	0.0					0.4321903787103378	0.5678096212896622								
2576.0-2578.0 kDa	2576.0	2578.0	0	0.0					0.4321903787103378	0.5678096212896622								
2578.0-2580.0 kDa	2578.0	2580.0	0	0.0					0.4321903787103378	0.5678096212896622								
2580.0-2582.0 kDa	2580.0	2582.0	0	0.0					0.4321903787103378	0.5678096212896622								
2582.0-2584.0 kDa	2582.0	2584.0	0	0.0					0.4321903787103378	0.5678096212896622								
2584.0-2586.0 kDa	2584.0	2586.0	0	0.0					0.4321903787103378	0.5678096212896622								
2586.0-2588.0 kDa	2586.0	2588.0	0	0.0					0.4321903787103378	0.5678096212896622								
2588.0-2590.0 kDa	2588.0	2590.0	0	0.0					0.4321903787103378	0.5678096212896622								
2590.0-2592.0 kDa	2590.0	2592.0	0	0.0					0.4321903787103378	0.5678096212896622								
2592.0-2594.0 kDa	2592.0	2594.0	0	0.0					0.4321903787103378	0.5678096212896622								
2594.0-2596.0 kDa	2594.0	2596.0	0	0.0					0.4321903787103378	0.5678096212896622								
2596.0-2598.0 kDa	2596.0	2598.0	0	0.0					0.4321903787103378	0.5678096212896622								
2598.0-2600.0 kDa	2598.0	2600.0	0	0.0					0.4321903787103378	0.5678096212896622								
2600.0-2602.0 kDa	2600.0	2602.0	0	0.0					0.4321903787103378	0.5678096212896622								
2602.0-2604.0 kDa	2602.0	2604.0	0	0.0					0.4321903787103378	0.5678096212896622								
2604.0-2606.0 kDa	2604.0	2606.0	0	0.0					0.4321903787103378	0.5678096212896622								
2606.0-2608.0 kDa	2606.0	2608.0	0	0.0					0.4321903787103378	0.5678096212896622								
2608.0-2610.0 kDa	2608.0	2610.0	0	0.0					0.4321903787103378	0.5678096212896622								
2610.0-2612.0 kDa	2610.0	2612.0	0	0.0					0.4321903787103378	0.5678096212896622								
2612.0-2614.0 kDa	2612.0	2614.0	0	0.0					0.4321903787103378	0.5678096212896622								
2614.0-2616.0 kDa	2614.0	2616.0	0	0.0					0.4321903787103378	0.5678096212896622								
2616.0-2618.0 kDa	2616.0	2618.0	0	0.0					0.4321903787103378	0.5678096212896622								
2618.0-2620.0 kDa	2618.0	2620.0	0	0.0					0.4321903787103378	0.5678096212896622								
2620.0-2622.0 kDa	2620.0	2622.0	0	0.0					0.4321903787103378	0.5678096212896622								
2622.0-2624.0 kDa	2622.0	2624.0	0	0.0					0.4321903787103378	0.5678096212896622								
2624.0-2626.0 kDa	2624.0	2626.0	0	0.0					0.4321903787103378	0.5678096212896622								
2626.0-2628.0 kDa	2626.0	2628.0	0	0.0					0.4321903787103378	0.5678096212896622								
2628.0-2630.0 kDa	2628.0	2630.0	0	0.0					0.4321903787103378	0.5678096212896622								
2630.0-2632.0 kDa	2630.0	2632.0	0	0.0					0.4321903787103378	0.5678096212896622								
2632.0-2634.0 kDa	2632.0	2634.0	0	0.0					0.4321903787103378	0.5678096212896622								
2634.0-2636.0 kDa	2634.0	2636.0	0	0.0					0.4321903787103378	0.5678096212896622								
2636.0-2638.0 kDa	2636.0	2638.0	0	0.0					0.4321903787103378	0.5678096212896622								
2638.0-2640.0 kDa	2638.0	2640.0	0	0.0					0.4321903787103378	0.5678096212896622								
2640.0-2642.0 kDa	2640.0	2642.0	0	0.0					0.4321903787103378	0.5678096212896622								
2642.0-2644.0 kDa	2642.0	2644.0	0	0.0					0.4321903787103378	0.5678096212896622								
2644.0-2646.0 kDa	2644.0	2646.0	0	0.0					0.4321903787103378	0.5678096212896622								
2646.0-2648.0 kDa	2646.0	2648.0	0	0.0					0.4321903787103378	0.5678096212896622								
2648.0-2650.0 kDa	2648.0	2650.0	0	0.0					0.4321903787103378	0.5678096212896622								
2650.0-2652.0 kDa	2650.0	2652.0	0	0.0					0.4321903787103378	0.5678096212896622								
2652.0-2654.0 kDa	2652.0	2654.0	0	0.0					0.4321903787103378	0.5678096212896622								
2654.0-2656.0 kDa	2654.0	2656.0	0	0.0					0.4321903787103378	0.5678096212896622								
2656.0-2658.0 kDa	2656.0	2658.0	0	0.0					0.4321903787103378	0.5678096212896622								
2658.0-2660.0 kDa	2658.0	2660.0	0	0.0					0.4321903787103378	0.5678096212896622								
2660.0-2662.0 kDa	2660.0	2662.0	0	0.0					0.4321903787103378	0.5678096212896622								
2662.0-2664.0 kDa	2662.0	2664.0	0	0.0					0.4321903787103378	0.5678096212896622								
2664.0-2666.0 kDa	2664.0	2666.0	0	0.0					0.4321903787103378	0.5678096212896622								
2666.0-2668.0 kDa	2666.0	2668.0	0	0.0					0.4321903787103378	0.5678096212896622								
2668.0-2670.0 kDa	2668.0	2670.0	0	0.0					0.4321903787103378	0.5678096212896622								
2670.0-2672.0 kDa	2670.0	2672.0	0	0.0					0.4321903787103378	0.5678096212896622								
2672.0-2674.0 kDa	2672.0	2674.0	0	0.0					0.4321903787103378	0.5678096212896622								
2674.0-2676.0 kDa	2674.0	2676.0	0	0.0					0.4321903787103378	0.5678096212896622								
2676.0-2678.0 kDa	2676.0	2678.0	0	0.0					0.4321903787103378	0.5678096212896622								
2678.0-2680.0 kDa	2678.0	2680.0	0	0.0					0.4321903787103378	0.5678096212896622								
2680.0-2682.0 kDa	2680.0	2682.0	0	0.0					0.4321903787103378	0.5678096212896622								
2682.0-2684.0 kDa	2682.0	2684.0	0	0.0					0.4321903787103378	0.5678096212896622								
2684.0-2686.0 kDa	2684.0	2686.0	0	0.0					0.4321903787103378	0.5678096212896622								
2686.0-2688.0 kDa	2686.0	2688.0	0	0.0					0.4321903787103378	0.5678096212896622								
2688.0-2690.0 kDa	2688.0	2690.0	0	0.0					0.4321903787103378	0.5678096212896622								
2690.0-2692.0 kDa	2690.0	2692.0	0	0.0					0.4321903787103378	0.5678096212896622								
2692.0-2694.0 kDa	2692.0	2694.0	0	0.0					0.4321903787103378	0.5678096212896622								
2694.0-2696.0 kDa	2694.0	2696.0	0	0.0					0.4321903787103378	0.5678096212896622								
2696.0-2698.0 kDa	2696.0	2698.0	0	0.0					0.4321903787103378	0.5678096212896622								
2698.0-2700.0 kDa	2698.0	2700.0	0	0.0					0.4321903787103378	0.5678096212896622								
2700.0-2702.0 kDa	2700.0	2702.0	0	0.0					0.4321903787103378	0.5678096212896622								
2702.0-2704.0 kDa	2702.0	2704.0	0	0.0					0.4321903787103378	0.5678096212896622								
2704.0-2706.0 kDa	2704.0	2706.0	0	0.0					0.4321903787103378	0.5678096212896622								
2706.0-2708.0 kDa	2706.0	2708.0	0	0.0					0.4321903787103378	0.5678096212896622								
2708.0-2710.0 kDa	2708.0	2710.0	0	0.0					0.4321903787103378	0.5678096212896622								
2710.0-2712.0 kDa	2710.0	2712.0	0	0.0					0.4321903787103378	0.5678096212896622								
2712.0-2714.0 kDa	2712.0	2714.0	0	0.0					0.4321903787103378	0.5678096212896622								
2714.0-2716.0 kDa	2714.0	2716.0	0	0.0					0.4321903787103378	0.5678096212896622								
2716.0-2718.0 kDa	2716.0	2718.0	0	0.0					0.4321903787103378	0.5678096212896622								
2718.0-2720.0 kDa	2718.0	2720.0	0	0.0					0.4321903787103378	0.5678096212896622								
2720.0-2722.0 kDa	2720.0	2722.0	0	0.0					0.4321903787103378	0.5678096212896622								
2722.0-2724.0 kDa	2722.0	2724.0	0	0.0					0.4321903787103378	0.5678096212896622								
2724.0-2726.0 kDa	2724.0	2726.0	0	0.0					0.4321903787103378	0.5678096212896622								
2726.0-2728.0 kDa	2726.0	2728.0	0	0.0					0.4321903787103378	0.5678096212896622								
2728.0-2730.0 kDa	2728.0	2730.0	0	0.0					0.4321903787103378	0.5678096212896622								
2730.0-2732.0 kDa	2730.0	2732.0	0	0.0					0.4321903787103378	0.5678096212896622								
2732.0-2734.0 kDa	2732.0	2734.0	0	0.0					0.4321903787103378	0.5678096212896622								
2734.0-2736.0 kDa	2734.0	2736.0	0	0.0					0.4321903787103378	0.5678096212896622								
2736.0-2738.0 kDa	2736.0	2738.0	0	0.0					0.4321903787103378	0.5678096212896622								
2738.0-2740.0 kDa	2738.0	2740.0	0	0.0					0.4321903787103378	0.5678096212896622								
2740.0-2742.0 kDa	2740.0	2742.0	0	0.0					0.4321903787103378	0.5678096212896622								
2742.0-2744.0 kDa	2742.0	2744.0	0	0.0					0.4321903787103378	0.5678096212896622								
2744.0-2746.0 kDa	2744.0	2746.0	0	0.0					0.4321903787103378	0.5678096212896622								
2746.0-2748.0 kDa	2746.0	2748.0	0	0.0					0.4321903787103378	0.5678096212896622								
2748.0-2750.0 kDa	2748.0	2750.0	0	0.0					0.4321903787103378	0.5678096212896622								
2750.0-2752.0 kDa	2750.0	2752.0	0	0.0					0.4321903787103378	0.5678096212896622								
2752.0-2754.0 kDa	2752.0	2754.0	0	0.0					0.4321903787103378	0.5678096212896622								
2754.0-2756.0 kDa	2754.0	2756.0	0	0.0					0.4321903787103378	0.5678096212896622								
2756.0-2758.0 kDa	2756.0	2758.0	0	0.0					0.4321903787103378	0.5678096212896622								
2758.0-2760.0 kDa	2758.0	2760.0	0	0.0					0.4321903787103378	0.5678096212896622								
2760.0-2762.0 kDa	2760.0	2762.0	0	0.0					0.4321903787103378	0.5678096212896622								
2762.0-2764.0 kDa	2762.0	2764.0	0	0.0					0.4321903787103378	0.5678096212896622								
2764.0-2766.0 kDa	2764.0	2766.0	0	0.0					0.4321903787103378	0.5678096212896622								
2766.0-2768.0 kDa	2766.0	2768.0	0	0.0					0.4321903787103378	0.5678096212896622								
2768.0-2770.0 kDa	2768.0	2770.0	0	0.0					0.4321903787103378	0.5678096212896622								
2770.0-2772.0 kDa	2770.0	2772.0	0	0.0					0.4321903787103378	0.5678096212896622								
2772.0-2774.0 kDa	2772.0	2774.0	0	0.0					0.4321903787103378	0.5678096212896622								
2774.0-2776.0 kDa	2774.0	2776.0	0	0.0					0.4321903787103378	0.5678096212896622								
2776.0-2778.0 kDa	2776.0	2778.0	0	0.0					0.4321903787103378	0.5678096212896622								
2778.0-2780.0 kDa	2778.0	2780.0	0	0.0					0.4321903787103378	0.5678096212896622								
2780.0-2782.0 kDa	2780.0	2782.0	0	0.0					0.4321903787103378	0.5678096212896622								
2782.0-2784.0 kDa	2782.0	2784.0	0	0.0					0.4321903787103378	0.5678096212896622								
2784.0-2786.0 kDa	2784.0	2786.0	0	0.0					0.4321903787103378	0.5678096212896622								
2786.0-2788.0 kDa	2786.0	2788.0	0	0.0					0.4321903787103378	0.5678096212896622								
2788.0-2790.0 kDa	2788.0	2790.0	0	0.0					0.4321903787103378	0.5678096212896622								
2790.0-2792.0 kDa	2790.0	2792.0	0	0.0					0.4321903787103378	0.5678096212896622								
2792.0-2794.0 kDa	2792.0	2794.0	0	0.0					0.4321903787103378	0.5678096212896622								
2794.0-2796.0 kDa	2794.0	2796.0	0	0.0					0.4321903787103378	0.5678096212896622								
2796.0-2798.0 kDa	2796.0	2798.0	0	0.0					0.4321903787103378	0.5678096212896622								
2798.0-2800.0 kDa	2798.0	2800.0	0	0.0					0.4321903787103378	0.5678096212896622								
2800.0-2802.0 kDa	2800.0	2802.0	0	0.0					0.4321903787103378	0.5678096212896622								
2802.0-2804.0 kDa	2802.0	2804.0	0	0.0					0.4321903787103378	0.5678096212896622								
2804.0-2806.0 kDa	2804.0	2806.0	0	0.0					0.4321903787103378	0.5678096212896622								
2806.0-2808.0 kDa	2806.0	2808.0	0	0.0					0.4321903787103378	0.5678096212896622								
2808.0-2810.0 kDa	2808.0	2810.0	0	0.0					0.4321903787103378	0.5678096212896622								
2810.0-2812.0 kDa	2810.0	2812.0	0	0.0					0.4321903787103378	0.5678096212896622								
2812.0-2814.0 kDa	2812.0	2814.0	0	0.0					0.4321903787103378	0.5678096212896622								
2814.0-2816.0 kDa	2814.0	2816.0	0	0.0					0.4321903787103378	0.5678096212896622								
2816.0-2818.0 kDa	2816.0	2818.0	0	0.0					0.4321903787103378	0.5678096212896622								
2818.0-2820.0 kDa	2818.0	2820.0	0	0.0					0.4321903787103378	0.5678096212896622								
2820.0-2822.0 kDa	2820.0	2822.0	0	0.0					0.4321903787103378	0.5678096212896622								
2822.0-2824.0 kDa	2822.0	2824.0	0	0.0					0.4321903787103378	0.5678096212896622								
2824.0-2826.0 kDa	2824.0	2826.0	0	0.0					0.4321903787103378	0.5678096212896622								
2826.0-2828.0 kDa	2826.0	2828.0	0	0.0					0.4321903787103378	0.5678096212896622								
2828.0-2830.0 kDa	2828.0	2830.0	0	0.0					0.4321903787103378	0.5678096212896622								
2830.0-2832.0 kDa	2830.0	2832.0	0	0.0					0.4321903787103378	0.5678096212896622								
2832.0-2834.0 kDa	2832.0	2834.0	0	0.0					0.4321903787103378	0.5678096212896622								
2834.0-2836.0 kDa	2834.0	2836.0	0	0.0					0.4321903787103378	0.5678096212896622								
2836.0-2838.0 kDa	2836.0	2838.0	0	0.0					0.4321903787103378	0.5678096212896622								
2838.0-2840.0 kDa	2838.0	2840.0	0	0.0					0.4321903787103378	0.5678096212896622								
2840.0-2842.0 kDa	2840.0	2842.0	0	0.0					0.4321903787103378	0.5678096212896622								
2842.0-2844.0 kDa	2842.0	2844.0	0	0.0					0.4321903787103378	0.5678096212896622								
2844.0-2846.0 kDa	2844.0	2846.0	0	0.0					0.4321903787103378	0.5678096212896622								
2846.0-2848.0 kDa	2846.0	2848.0	0	0.0					0.4321903787103378	0.5678096212896622								
2848.0-2850.0 kDa	2848.0	2850.0	0	0.0					0.4321903787103378	0.5678096212896622								
2850.0-2852.0 kDa	2850.0	2852.0	0	0.0					0.4321903787103378	0.5678096212896622								
2852.0-2854.0 kDa	2852.0	2854.0	0	0.0					0.4321903787103378	0.5678096212896622								
2854.0-2856.0 kDa	2854.0	2856.0	0	0.0					0.4321903787103378	0.5678096212896622								
2856.0-2858.0 kDa	2856.0	2858.0	0	0.0					0.4321903787103378	0.5678096212896622								
2858.0-2860.0 kDa	2858.0	2860.0	0	0.0					0.4321903787103378	0.5678096212896622								
2860.0-2862.0 kDa	2860.0	2862.0	0	0.0					0.4321903787103378	0.5678096212896622								
2862.0-2864.0 kDa	2862.0	2864.0	0	0.0					0.4321903787103378	0.5678096212896622								
2864.0-2866.0 kDa	2864.0	2866.0	0	0.0					0.4321903787103378	0.5678096212896622								
2866.0-2868.0 kDa	2866.0	2868.0	0	0.0					0.4321903787103378	0.5678096212896622								
2868.0-2870.0 kDa	2868.0	2870.0	0	0.0					0.4321903787103378	0.5678096212896622								
2870.0-2872.0 kDa	2870.0	2872.0	0	0.0					0.4321903787103378	0.5678096212896622								
2872.0-2874.0 kDa	2872.0	2874.0	0	0.0					0.4321903787103378	0.5678096212896622								
2874.0-2876.0 kDa	2874.0	2876.0	0	0.0					0.4321903787103378	0.5678096212896622								
2876.0-2878.0 kDa	2876.0	2878.0	0	0.0					0.4321903787103378	0.5678096212896622								
2878.0-2880.0 kDa	2878.0	2880.0	0	0.0					0.4321903787103378	0.5678096212896622								
2880.0-2882.0 kDa	2880.0	2882.0	0	0.0					0.4321903787103378	0.5678096212896622								
2882.0-2884.0 kDa	2882.0	2884.0	0	0.0					0.4321903787103378	0.5678096212896622								
2884.0-2886.0 kDa	2884.0	2886.0	0	0.0					0.4321903787103378	0.5678096212896622								
2886.0-2888.0 kDa	2886.0	2888.0	0	0.0					0.4321903787103378	0.5678096212896622								
2888.0-2890.0 kDa	2888.0	2890.0	0	0.0					0.4321903787103378	0.5678096212896622								
2890.0-2892.0 kDa	2890.0	2892.0	0	0.0					0.4321903787103378	0.5678096212896622								
2892.0-2894.0 kDa	2892.0	2894.0	0	0.0					0.4321903787103378	0.5678096212896622								
2894.0-2896.0 kDa	2894.0	2896.0	0	0.0					0.4321903787103378	0.5678096212896622								
2896.0-2898.0 kDa	2896.0	2898.0	0	0.0					0.4321903787103378	0.5678096212896622								
2898.0-2900.0 kDa	2898.0	2900.0	0	0.0					0.4321903787103378	0.5678096212896622								
2900.0-2902.0 kDa	2900.0	2902.0	0	0.0					0.4321903787103378	0.5678096212896622								
2902.0-2904.0 kDa	2902.0	2904.0	0	0.0					0.4321903787103378	0.5678096212896622								
2904.0-2906.0 kDa	2904.0	2906.0	0	0.0					0.4321903787103378	0.5678096212896622								
2906.0-2908.0 kDa	2906.0	2908.0	0	0.0					0.4321903787103378	0.5678096212896622								
2908.0-2910.0 kDa	2908.0	2910.0	0	0.0					0.4321903787103378	0.5678096212896622								
2910.0-2912.0 kDa	2910.0	2912.0	0	0.0					0.4321903787103378	0.5678096212896622								
2912.0-2914.0 kDa	2912.0	2914.0	0	0.0					0.4321903787103378	0.5678096212896622								
2914.0-2916.0 kDa	2914.0	2916.0	0	0.0					0.4321903787103378	0.5678096212896622								
2916.0-2918.0 kDa	2916.0	2918.0	0	0.0					0.4321903787103378	0.5678096212896622								
2918.0-2920.0 kDa	2918.0	2920.0	0	0.0					0.4321903787103378	0.5678096212896622								
2920.0-2922.0 kDa	2920.0	2922.0	0	0.0					0.4321903787103378	0.5678096212896622								
2922.0-2924.0 kDa	2922.0	2924.0	0	0.0					0.4321903787103378	0.5678096212896622								
2924.0-2926.0 kDa	2924.0	2926.0	0	0.0					0.4321903787103378	0.5678096212896622								
2926.0-2928.0 kDa	2926.0	2928.0	0	0.0					0.4321903787103378	0.5678096212896622								
2928.0-2930.0 kDa	2928.0	2930.0	0	0.0					0.4321903787103378	0.5678096212896622								
2930.0-2932.0 kDa	2930.0	2932.0	0	0.0					0.4321903787103378	0.5678096212896622								
2932.0-2934.0 kDa	2932.0	2934.0	0	0.0					0.4321903787103378	0.5678096212896622								
2934.0-2936.0 kDa	2934.0	2936.0	0	0.0					0.4321903787103378	0.5678096212896622								
2936.0-2938.0 kDa	2936.0	2938.0	0	0.0					0.4321903787103378	0.5678096212896622								
2938.0-2940.0 kDa	2938.0	2940.0	0	0.0					0.4321903787103378	0.5678096212896622								
2940.0-2942.0 kDa	2940.0	2942.0	0	0.0					0.4321903787103378	0.5678096212896622								
2942.0-2944.0 kDa	2942.0	2944.0	0	0.0					0.4321903787103378	0.5678096212896622								
2944.0-2946.0 kDa	2944.0	2946.0	0	0.0					0.4321903787103378	0.5678096212896622								
2946.0-2948.0 kDa	2946.0	2948.0	0	0.0					0.4321903787103378	0.5678096212896622								
2948.0-2950.0 kDa	2948.0	2950.0	0	0.0					0.4321903787103378	0.5678096212896622								
2950.0-2952.0 kDa	2950.0	2952.0	0	0.0					0.4321903787103378	0.5678096212896622								
2952.0-2954.0 kDa	2952.0	2954.0	0	0.0					0.4321903787103378	0.5678096212896622								
2954.0-2956.0 kDa	2954.0	2956.0	0	0.0					0.4321903787103378	0.5678096212896622								
2956.0-2958.0 kDa	2956.0	2958.0	0	0.0					0.4321903787103378	0.5678096212896622								
2958.0-2960.0 kDa	2958.0	2960.0	0	0.0					0.4321903787103378	0.5678096212896622								
2960.0-2962.0 kDa	2960.0	2962.0	0	0.0					0.4321903787103378	0.5678096212896622								
2962.0-2964.0 kDa	2962.0	2964.0	0	0.0					0.4321903787103378	0.5678096212896622								
2964.0-2966.0 kDa	2964.0	2966.0	0	0.0					0.4321903787103378	0.5678096212896622								
2966.0-2968.0 kDa	2966.0	2968.0	0	0.0					0.4321903787103378	0.5678096212896622								
2968.0-2970.0 kDa	2968.0	2970.0	0	0.0					0.4321903787103378	0.5678096212896622								
2970.0-2972.0 kDa	2970.0	2972.0	0	0.0					0.4321903787103378	0.5678096212896622								
2972.0-2974.0 kDa	2972.0	2974.0	0	0.0					0.4321903787103378	0.5678096212896622								
2974.0-2976.0 kDa	2974.0	2976.0	0	0.0					0.4321903787103378	0.5678096212896622								
2976.0-2978.0 kDa	2976.0	2978.0	0	0.0					0.4321903787103378	0.5678096212896622								
2978.0-2980.0 kDa	2978.0	2980.0	0	0.0					0.4321903787103378	0.5678096212896622								
2980.0-2982.0 kDa	2980.0	2982.0	0	0.0					0.4321903787103378	0.5678096212896622								
2982.0-2984.0 kDa	2982.0	2984.0	0	0.0					0.4321903787103378	0.5678096212896622								
2984.0-2986.0 kDa	2984.0	2986.0	0	0.0					0.4321903787103378	0.5678096212896622								
2986.0-2988.0 kDa	2986.0	2988.0	0	0.0					0.4321903787103378	0.5678096212896622								
2988.0-2990.0 kDa	2988.0	2990.0	0	0.0					0.4321903787103378	0.5678096212896622								
2990.0-2992.0 kDa	2990.0	2992.0	0	0.0					0.4321903787103378	0.5678096212896622								
2992.0-2994.0 kDa	2992.0	2994.0	0	0.0					0.4321903787103378	0.5678096212896622								
2994.0-2996.0 kDa	2994.0	2996.0	0	0.0					0.4321903787103378	0.5678096212896622								
2996.0-2998.0 kDa	2996.0	2998.0	0	0.0					0.4321903787103378	0.5678096212896622								
2998.0-3000.0 kDa	2998.0	3000.0	0	0.0					0.4321903787103378	0.5678096212896622								
3000.0-3002.0 kDa	3000.0	3002.0	0	0.0					0.4321903787103378	0.5678096212896622								
3002.0-3004.0 kDa	3002.0	3004.0	0	0.0					0.4321903787103378	0.5678096212896622								
3004.0-3006.0 kDa	3004.0	3006.0	0	0.0					0.4321903787103378	0.5678096212896622								
3006.0-3008.0 kDa	3006.0	3008.0	0	0.0					0.4321903787103378	0.5678096212896622								
3008.0-3010.0 kDa	3008.0	3010.0	0	0.0					0.4321903787103378	0.5678096212896622								
3010.0-3012.0 kDa	3010.0	3012.0	0	0.0					0.4321903787103378	0.5678096212896622								
3012.0-3014.0 kDa	3012.0	3014.0	0	0.0					0.4321903787103378	0.5678096212896622								
3014.0-3016.0 kDa	3014.0	3016.0	0	0.0					0.4321903787103378	0.5678096212896622								
3016.0-3018.0 kDa	3016.0	3018.0	0	0.0					0.4321903787103378	0.5678096212896622								
3018.0-3020.0 kDa	3018.0	3020.0	0	0.0					0.4321903787103378	0.5678096212896622								
3020.0-3022.0 kDa	3020.0	3022.0	0	0.0					0.4321903787103378	0.5678096212896622								
3022.0-3024.0 kDa	3022.0	3024.0	0	0.0					0.4321903787103378	0.5678096212896622								
3024.0-3026.0 kDa	3024.0	3026.0	0	0.0					0.4321903787103378	0.5678096212896622								
3026.0-3028.0 kDa	3026.0	3028.0	0	0.0					0.4321903787103378	0.5678096212896622								
3028.0-3030.0 kDa	3028.0	3030.0	0	0.0					0.4321903787103378	0.5678096212896622								
3030.0-3032.0 kDa	3030.0	3032.0	0	0.0					0.4321903787103378	0.5678096212896622								
3032.0-3034.0 kDa	3032.0	3034.0	0	0.0					0.4321903787103378	0.5678096212896622								
3034.0-3036.0 kDa	3034.0	3036.0	0	0.0					0.4321903787103378	0.5678096212896622								
3036.0-3038.0 kDa	3036.0	3038.0	0	0.0					0.4321903787103378	0.5678096212896622								
3038.0-3040.0 kDa	3038.0	3040.0	0	0.0					0.4321903787103378	0.5678096212896622								
3040.0-3042.0 kDa	3040.0	3042.0	0	0.0					0.4321903787103378	0.5678096212896622								
3042.0-3044.0 kDa	3042.0	3044.0	0	0.0					0.4321903787103378	0.5678096212896622								
3044.0-3046.0 kDa	3044.0	3046.0	0	0.0					0.4321903787103378	0.5678096212896622								
3046.0-3048.0 kDa	3046.0	3048.0	0	0.0					0.4321903787103378	0.5678096212896622								
3048.0-3050.0 kDa	3048.0	3050.0	0	0.0					0.4321903787103378	0.5678096212896622								
3050.0-3052.0 kDa	3050.0	3052.0	0	0.0					0.4321903787103378	0.5678096212896622								
3052.0-3054.0 kDa	3052.0	3054.0	0	0.0					0.4321903787103378	0.5678096212896622								
3054.0-3056.0 kDa	3054.0	3056.0	0	0.0					0.4321903787103378	0.5678096212896622								
3056.0-3058.0 kDa	3056.0	3058.0	0	0.0					0.4321903787103378	0.5678096212896622								
3058.0-3060.0 kDa	3058.0	3060.0	0	0.0					0.4321903787103378	0.5678096212896622								
3060.0-3062.0 kDa	3060.0	3062.0	0	0.0					0.4321903787103378	0.5678096212896622								
3062.0-3064.0 kDa	3062.0	3064.0	0	0.0					0.4321903787103378	0.5678096212896622								
3064.0-3066.0 kDa	3064.0	3066.0	0	0.0					0.4321903787103378	0.5678096212896622								
3066.0-3068.0 kDa	3066.0	3068.0	0	0.0					0.4321903787103378	0.5678096212896622								
3068.0-3070.0 kDa	3068.0	3070.0	0	0.0					0.4321903787103378	0.5678096212896622								
3070.0-3072.0 kDa	3070.0	3072.0	0	0.0					0.4321903787103378	0.5678096212896622								
3072.0-3074.0 kDa	3072.0	3074.0	0	0.0					0.4321903787103378	0.5678096212896622								
3074.0-3076.0 kDa	3074.0	3076.0	0	0.0					0.4321903787103378	0.5678096212896622								
3076.0-3078.0 kDa	3076.0	3078.0	0	0.0					0.4321903787103378	0.5678096212896622								
3078.0-3080.0 kDa	3078.0	3080.0	0	0.0					0.4321903787103378	0.5678096212896622								
3080.0-3082.0 kDa	3080.0	3082.0	0	0.0					0.4321903787103378	0.5678096212896622								
3082.0-3084.0 kDa	3082.0	3084.0	0	0.0					0.4321903787103378	0.5678096212896622								
3084.0-3086.0 kDa	3084.0	3086.0	0	0.0					0.4321903787103378	0.5678096212896622								
3086.0-3088.0 kDa	3086.0	3088.0	0	0.0					0.4321903787103378	0.5678096212896622								
3088.0-3090.0 kDa	3088.0	3090.0	0	0.0					0.4321903787103378	0.5678096212896622								
3090.0-3092.0 kDa	3090.0	3092.0	0	0.0					0.4321903787103378	0.5678096212896622								
3092.0-3094.0 kDa	3092.0	3094.0	0	0.0					0.4321903787103378	0.5678096212896622								
3094.0-3096.0 kDa	3094.0	3096.0	0	0.0					0.4321903787103378	0.5678096212896622								
3096.0-3098.0 kDa	3096.0	3098.0	0	0.0					0.4321903787103378	0.5678096212896622								
3098.0-3100.0 kDa	3098.0	3100.0	0	0.0					0.4321903787103378	0.5678096212896622								
3100.0-3102.0 kDa	3100.0	3102.0	0	0.0					0.4321903787103378	0.5678096212896622								
3102.0-3104.0 kDa	3102.0	3104.0	0	0.0					0.4321903787103378	0.5678096212896622								
3104.0-3106.0 kDa	3104.0	3106.0	0	0.0					0.4321903787103378	0.5678096212896622								
3106.0-3108.0 kDa	3106.0	3108.0	0	0.0					0.4321903787103378	0.5678096212896622								
3108.0-3110.0 kDa	3108.0	3110.0	0	0.0					0.4321903787103378	0.5678096212896622								
3110.0-3112.0 kDa	3110.0	3112.0	0	0.0					0.4321903787103378	0.5678096212896622								
3112.0-3114.0 kDa	3112.0	3114.0	0	0.0					0.4321903787103378	0.5678096212896622								
3114.0-3116.0 kDa	3114.0	3116.0	0	0.0					0.4321903787103378	0.5678096212896622								
3116.0-3118.0 kDa	3116.0	3118.0	0	0.0					0.4321903787103378	0.5678096212896622								
3118.0-3120.0 kDa	3118.0	3120.0	0	0.0					0.4321903787103378	0.5678096212896622								
3120.0-3122.0 kDa	3120.0	3122.0	0	0.0					0.4321903787103378	0.5678096212896622								
3122.0-3124.0 kDa	3122.0	3124.0	0	0.0					0.4321903787103378	0.5678096212896622								
3124.0-3126.0 kDa	3124.0	3126.0	0	0.0					0.4321903787103378	0.5678096212896622								
3126.0-3128.0 kDa	3126.0	3128.0	0	0.0					0.4321903787103378	0.5678096212896622								
3128.0-3130.0 kDa	3128.0	3130.0	0	0.0					0.4321903787103378	0.5678096212896622								
3130.0-3132.0 kDa	3130.0	3132.0	0	0.0					0.4321903787103378	0.5678096212896622								
3132.0-3134.0 kDa	3132.0	3134.0	0	0.0					0.4321903787103378	0.5678096212896622								
3134.0-3136.0 kDa	3134.0	3136.0	0	0.0					0.4321903787103378	0.5678096212896622								
3136.0-3138.0 kDa	3136.0	3138.0	0	0.0					0.4321903787103378	0.5678096212896622								
3138.0-3140.0 kDa	3138.0	3140.0	0	0.0					0.4321903787103378	0.5678096212896622								
3140.0-3142.0 kDa	3140.0	3142.0	0	0.0					0.4321903787103378	0.5678096212896622								
3142.0-3144.0 kDa	3142.0	3144.0	0	0.0					0.4321903787103378	0.5678096212896622								
3144.0-3146.0 kDa	3144.0	3146.0	0	0.0					0.4321903787103378	0.5678096212896622								
3146.0-3148.0 kDa	3146.0	3148.0	0	0.0					0.4321903787103378	0.5678096212896622								
3148.0-3150.0 kDa	3148.0	3150.0	0	0.0					0.4321903787103378	0.5678096212896622								
3150.0-3152.0 kDa	3150.0	3152.0	0	0.0					0.4321903787103378	0.5678096212896622								
3152.0-3154.0 kDa	3152.0	3154.0	0	0.0					0.4321903787103378	0.5678096212896622								
3154.0-3156.0 kDa	3154.0	3156.0	0	0.0					0.4321903787103378	0.5678096212896622								
3156.0-3158.0 kDa	3156.0	3158.0	0	0.0					0.4321903787103378	0.5678096212896622								
3158.0-3160.0 kDa	3158.0	3160.0	0	0.0					0.4321903787103378	0.5678096212896622								
3160.0-3162.0 kDa	3160.0	3162.0	0	0.0					0.4321903787103378	0.5678096212896622								
3162.0-3164.0 kDa	3162.0	3164.0	0	0.0					0.4321903787103378	0.5678096212896622								
3164.0-3166.0 kDa	3164.0	3166.0	0	0.0					0.4321903787103378	0.5678096212896622								
3166.0-3168.0 kDa	3166.0	3168.0	0	0.0					0.4321903787103378	0.5678096212896622								
3168.0-3170.0 kDa	3168.0	3170.0	0	0.0					0.4321903787103378	0.5678096212896622								
3170.0-3172.0 kDa	3170.0	3172.0	0	0.0					0.4321903787103378	0.5678096212896622								
3172.0-3174.0 kDa	3172.0	3174.0	0	0.0					0.4321903787103378	0.5678096212896622								
3174.0-3176.0 kDa	3174.0	3176.0	0	0.0					0.4321903787103378	0.5678096212896622								
3176.0-3178.0 kDa	3176.0	3178.0	0	0.0					0.4321903787103378	0.5678096212896622								
3178.0-3180.0 kDa	3178.0	3180.0	0	0.0					0.4321903787103378	0.5678096212896622								
3180.0-3182.0 kDa	3180.0	3182.0	0	0.0					0.4321903787103378	0.5678096212896622								
3182.0-3184.0 kDa	3182.0	3184.0	0	0.0					0.4321903787103378	0.5678096212896622								
3184.0-3186.0 kDa	3184.0	3186.0	0	0.0					0.4321903787103378	0.5678096212896622								
3186.0-3188.0 kDa	3186.0	3188.0	0	0.0					0.4321903787103378	0.5678096212896622								
3188.0-3190.0 kDa	3188.0	3190.0	0	0.0					0.4321903787103378	0.5678096212896622								
3190.0-3192.0 kDa	3190.0	3192.0	0	0.0					0.4321903787103378	0.5678096212896622								
3192.0-3194.0 kDa	3192.0	3194.0	0	0.0					0.4321903787103378	0.5678096212896622								
3194.0-3196.0 kDa	3194.0	3196.0	0	0.0					0.4321903787103378	0.5678096212896622								
3196.0-3198.0 kDa	3196.0	3198.0	0	0.0					0.4321903787103378	0.5678096212896622								
3198.0-3200.0 kDa	3198.0	3200.0	0	0.0					0.4321903787103378	0.5678096212896622								
3200.0-3202.0 kDa	3200.0	3202.0	0	0.0					0.4321903787103378	0.5678096212896622								
3202.0-3204.0 kDa	3202.0	3204.0	0	0.0					0.4321903787103378	0.5678096212896622								
3204.0-3206.0 kDa	3204.0	3206.0	0	0.0					0.4321903787103378	0.5678096212896622								
3206.0-3208.0 kDa	3206.0	3208.0	0	0.0					0.4321903787103378	0.5678096212896622								
3208.0-3210.0 kDa	3208.0	3210.0	0	0.0					0.4321903787103378	0.5678096212896622								
3210.0-3212.0 kDa	3210.0	3212.0	0	0.0					0.4321903787103378	0.5678096212896622								
3212.0-3214.0 kDa	3212.0	3214.0	0	0.0					0.4321903787103378	0.5678096212896622								
3214.0-3216.0 kDa	3214.0	3216.0	0	0.0					0.4321903787103378	0.5678096212896622								
3216.0-3218.0 kDa	3216.0	3218.0	0	0.0					0.4321903787103378	0.5678096212896622								
3218.0-3220.0 kDa	3218.0	3220.0	0	0.0					0.4321903787103378	0.5678096212896622								
3220.0-3222.0 kDa	3220.0	3222.0	0	0.0					0.4321903787103378	0.5678096212896622								
3222.0-3224.0 kDa	3222.0	3224.0	0	0.0					0.4321903787103378	0.5678096212896622								
3224.0-3226.0 kDa	3224.0	3226.0	0	0.0					0.4321903787103378	0.5678096212896622								
3226.0-3228.0 kDa	3226.0	3228.0	0	0.0					0.4321903787103378	0.5678096212896622								
3228.0-3230.0 kDa	3228.0	3230.0	0	0.0					0.4321903787103378	0.5678096212896622								
3230.0-3232.0 kDa	3230.0	3232.0	0	0.0					0.4321903787103378	0.5678096212896622								
3232.0-3234.0 kDa	3232.0	3234.0	0	0.0					0.4321903787103378	0.5678096212896622								
3234.0-3236.0 kDa	3234.0	3236.0	0	0.0					0.4321903787103378	0.5678096212896622								
3236.0-3238.0 kDa	3236.0	3238.0	0	0.0					0.4321903787103378	0.5678096212896622								
3238.0-3240.0 kDa	3238.0	3240.0	0	0.0					0.4321903787103378	0.5678096212896622								
3240.0-3242.0 kDa	3240.0	3242.0	0	0.0					0.4321903787103378	0.5678096212896622								
3242.0-3244.0 kDa	3242.0	3244.0	0	0.0					0.4321903787103378	0.5678096212896622								
3244.0-3246.0 kDa	3244.0	3246.0	0	0.0					0.4321903787103378	0.5678096212896622								
3246.0-3248.0 kDa	3246.0	3248.0	0	0.0					0.4321903787103378	0.5678096212896622								
3248.0-3250.0 kDa	3248.0	3250.0	0	0.0					0.4321903787103378	0.5678096212896622								
3250.0-3252.0 kDa	3250.0	3252.0	0	0.0					0.4321903787103378	0.5678096212896622								
3252.0-3254.0 kDa	3252.0	3254.0	0	0.0					0.4321903787103378	0.5678096212896622								
3254.0-3256.0 kDa	3254.0	3256.0	0	0.0					0.4321903787103378	0.5678096212896622								
3256.0-3258.0 kDa	3256.0	3258.0	0	0.0					0.4321903787103378	0.5678096212896622								
3258.0-3260.0 kDa	3258.0	3260.0	0	0.0					0.4321903787103378	0.5678096212896622								
3260.0-3262.0 kDa	3260.0	3262.0	0	0.0					0.4321903787103378	0.5678096212896622								
3262.0-3264.0 kDa	3262.0	3264.0	0	0.0					0.4321903787103378	0.5678096212896622								
3264.0-3266.0 kDa	3264.0	3266.0	0	0.0					0.4321903787103378	0.5678096212896622								
3266.0-3268.0 kDa	3266.0	3268.0	0	0.0					0.4321903787103378	0.5678096212896622								
3268.0-3270.0 kDa	3268.0	3270.0	0	0.0					0.4321903787103378	0.5678096212896622								
3270.0-3272.0 kDa	3270.0	3272.0	0	0.0					0.4321903787103378	0.5678096212896622								
3272.0-3274.0 kDa	3272.0	3274.0	0	0.0					0.4321903787103378	0.5678096212896622								
3274.0-3276.0 kDa	3274.0	3276.0	0	0.0					0.4321903787103378	0.5678096212896622								
3276.0-3278.0 kDa	3276.0	3278.0	0	0.0					0.4321903787103378	0.5678096212896622								
3278.0-3280.0 kDa	3278.0	3280.0	0	0.0					0.4321903787103378	0.5678096212896622								
3280.0-3282.0 kDa	3280.0	3282.0	0	0.0					0.4321903787103378	0.5678096212896622								
3282.0-3284.0 kDa	3282.0	3284.0	0	0.0					0.4321903787103378	0.5678096212896622								
3284.0-3286.0 kDa	3284.0	3286.0	0	0.0					0.4321903787103378	0.5678096212896622								
3286.0-3288.0 kDa	3286.0	3288.0	0	0.0					0.4321903787103378	0.5678096212896622								
3288.0-3290.0 kDa	3288.0	3290.0	0	0.0					0.4321903787103378	0.5678096212896622								
3290.0-3292.0 kDa	3290.0	3292.0	0	0.0					0.4321903787103378	0.5678096212896622								
3292.0-3294.0 kDa	3292.0	3294.0	0	0.0					0.4321903787103378	0.5678096212896622								
3294.0-3296.0 kDa	3294.0	3296.0	0	0.0					0.4321903787103378	0.5678096212896622								
3296.0-3298.0 kDa	3296.0	3298.0	0	0.0					0.4321903787103378	0.5678096212896622								
3298.0-3300.0 kDa	3298.0	3300.0	0	0.0					0.4321903787103378	0.5678096212896622								
3300.0-3302.0 kDa	3300.0	3302.0	0	0.0					0.4321903787103378	0.5678096212896622								
3302.0-3304.0 kDa	3302.0	3304.0	0	0.0					0.4321903787103378	0.5678096212896622								
3304.0-3306.0 kDa	3304.0	3306.0	0	0.0					0.4321903787103378	0.5678096212896622								
3306.0-3308.0 kDa	3306.0	3308.0	0	0.0					0.4321903787103378	0.5678096212896622								
3308.0-3310.0 kDa	3308.0	3310.0	0	0.0					0.4321903787103378	0.5678096212896622								
3310.0-3312.0 kDa	3310.0	3312.0	0	0.0					0.4321903787103378	0.5678096212896622								
3312.0-3314.0 kDa	3312.0	3314.0	0	0.0					0.4321903787103378	0.5678096212896622								
3314.0-3316.0 kDa	3314.0	3316.0	0	0.0					0.4321903787103378	0.5678096212896622								
3316.0-3318.0 kDa	3316.0	3318.0	0	0.0					0.4321903787103378	0.5678096212896622								
3318.0-3320.0 kDa	3318.0	3320.0	0	0.0					0.4321903787103378	0.5678096212896622								
3320.0-3322.0 kDa	3320.0	3322.0	0	0.0					0.4321903787103378	0.5678096212896622								
3322.0-3324.0 kDa	3322.0	3324.0	0	0.0					0.4321903787103378	0.5678096212896622								
3324.0-3326.0 kDa	3324.0	3326.0	0	0.0					0.4321903787103378	0.5678096212896622								
3326.0-3328.0 kDa	3326.0	3328.0	0	0.0					0.4321903787103378	0.5678096212896622								
3328.0-3330.0 kDa	3328.0	3330.0	0	0.0					0.4321903787103378	0.5678096212896622								
3330.0-3332.0 kDa	3330.0	3332.0	0	0.0					0.4321903787103378	0.5678096212896622								
3332.0-3334.0 kDa	3332.0	3334.0	0	0.0					0.4321903787103378	0.5678096212896622								
3334.0-3336.0 kDa	3334.0	3336.0	0	0.0					0.4321903787103378	0.5678096212896622								
3336.0-3338.0 kDa	3336.0	3338.0	0	0.0					0.4321903787103378	0.5678096212896622								
3338.0-3340.0 kDa	3338.0	3340.0	0	0.0					0.4321903787103378	0.5678096212896622								
3340.0-3342.0 kDa	3340.0	3342.0	0	0.0					0.4321903787103378	0.5678096212896622								
3342.0-3344.0 kDa	3342.0	3344.0	0	0.0					0.4321903787103378	0.5678096212896622								
3344.0-3346.0 kDa	3344.0	3346.0	0	0.0					0.4321903787103378	0.5678096212896622								
3346.0-3348.0 kDa	3346.0	3348.0	0	0.0					0.4321903787103378	0.5678096212896622								
3348.0-3350.0 kDa	3348.0	3350.0	0	0.0					0.4321903787103378	0.5678096212896622								
3350.0-3352.0 kDa	3350.0	3352.0	0	0.0					0.4321903787103378	0.5678096212896622								
3352.0-3354.0 kDa	3352.0	3354.0	0	0.0					0.4321903787103378	0.5678096212896622								
3354.0-3356.0 kDa	3354.0	3356.0	0	0.0					0.4321903787103378	0.5678096212896622								
3356.0-3358.0 kDa	3356.0	3358.0	0	0.0					0.4321903787103378	0.5678096212896622								
3358.0-3360.0 kDa	3358.0	3360.0	0	0.0					0.4321903787103378	0.5678096212896622								
3360.0-3362.0 kDa	3360.0	3362.0	0	0.0					0.4321903787103378	0.5678096212896622								
3362.0-3364.0 kDa	3362.0	3364.0	0	0.0					0.4321903787103378	0.5678096212896622								
3364.0-3366.0 kDa	3364.0	3366.0	0	0.0					0.4321903787103378	0.5678096212896622								
3366.0-3368.0 kDa	3366.0	3368.0	0	0.0					0.4321903787103378	0.5678096212896622								
3368.0-3370.0 kDa	3368.0	3370.0	0	0.0					0.4321903787103378	0.5678096212896622								
3370.0-3372.0 kDa	3370.0	3372.0	0	0.0					0.4321903787103378	0.5678096212896622								
3372.0-3374.0 kDa	3372.0	3374.0	0	0.0					0.4321903787103378	0.5678096212896622								
3374.0-3376.0 kDa	3374.0	3376.0	0	0.0					0.4321903787103378	0.5678096212896622								
3376.0-3378.0 kDa	3376.0	3378.0	0	0.0					0.4321903787103378	0.5678096212896622								
3378.0-3380.0 kDa	3378.0	3380.0	0	0.0					0.4321903787103378	0.5678096212896622								
3380.0-3382.0 kDa	3380.0	3382.0	0	0.0					0.4321903787103378	0.5678096212896622								
3382.0-3384.0 kDa	3382.0	3384.0	0	0.0					0.4321903787103378	0.5678096212896622								
3384.0-3386.0 kDa	3384.0	3386.0	0	0.0					0.4321903787103378	0.5678096212896622								
3386.0-3388.0 kDa	3386.0	3388.0	0	0.0					0.4321903787103378	0.5678096212896622								
3388.0-3390.0 kDa	3388.0	3390.0	0	0.0					0.4321903787103378	0.5678096212896622								
3390.0-3392.0 kDa	3390.0	3392.0	0	0.0					0.4321903787103378	0.5678096212896622								
3392.0-3394.0 kDa	3392.0	3394.0	0	0.0					0.4321903787103378	0.5678096212896622								
3394.0-3396.0 kDa	3394.0	3396.0	0	0.0					0.4321903787103378	0.5678096212896622								
3396.0-3398.0 kDa	3396.0	3398.0	0	0.0					0.4321903787103378	0.5678096212896622								
3398.0-3400.0 kDa	3398.0	3400.0	0	0.0					0.4321903787103378	0.5678096212896622								
3400.0-3402.0 kDa	3400.0	3402.0	0	0.0					0.4321903787103378	0.5678096212896622								
3402.0-3404.0 kDa	3402.0	3404.0	0	0.0					0.4321903787103378	0.5678096212896622								
3404.0-3406.0 kDa	3404.0	3406.0	0	0.0					0.4321903787103378	0.5678096212896622								
3406.0-3408.0 kDa	3406.0	3408.0	0	0.0					0.4321903787103378	0.5678096212896622								
3408.0-3410.0 kDa	3408.0	3410.0	0	0.0					0.4321903787103378	0.5678096212896622								
3410.0-3412.0 kDa	3410.0	3412.0	0	0.0					0.4321903787103378	0.5678096212896622								
3412.0-3414.0 kDa	3412.0	3414.0	0	0.0					0.4321903787103378	0.5678096212896622								
3414.0-3416.0 kDa	3414.0	3416.0	0	0.0					0.4321903787103378	0.5678096212896622								
3416.0-3418.0 kDa	3416.0	3418.0	0	0.0					0.4321903787103378	0.5678096212896622								
3418.0-3420.0 kDa	3418.0	3420.0	0	0.0					0.4321903787103378	0.5678096212896622								
3420.0-3422.0 kDa	3420.0	3422.0	0	0.0					0.4321903787103378	0.5678096212896622								
3422.0-3424.0 kDa	3422.0	3424.0	0	0.0					0.4321903787103378	0.5678096212896622								
3424.0-3426.0 kDa	3424.0	3426.0	0	0.0					0.4321903787103378	0.5678096212896622								
3426.0-3428.0 kDa	3426.0	3428.0	0	0.0					0.4321903787103378	0.5678096212896622								
3428.0-3430.0 kDa	3428.0	3430.0	0	0.0					0.4321903787103378	0.5678096212896622								
3430.0-3432.0 kDa	3430.0	3432.0	0	0.0					0.4321903787103378	0.5678096212896622								
3432.0-3434.0 kDa	3432.0	3434.0	0	0.0					0.4321903787103378	0.5678096212896622								
3434.0-3436.0 kDa	3434.0	3436.0	0	0.0					0.4321903787103378	0.5678096212896622								
3436.0-3438.0 kDa	3436.0	3438.0	0	0.0					0.4321903787103378	0.5678096212896622								
3438.0-3440.0 kDa	3438.0	3440.0	0	0.0					0.4321903787103378	0.5678096212896622								
3440.0-3442.0 kDa	3440.0	3442.0	0	0.0					0.4321903787103378	0.5678096212896622								
3442.0-3444.0 kDa	3442.0	3444.0	0	0.0					0.4321903787103378	0.5678096212896622								
3444.0-3446.0 kDa	3444.0	3446.0	0	0.0					0.4321903787103378	0.5678096212896622								
3446.0-3448.0 kDa	3446.0	3448.0	0	0.0					0.4321903787103378	0.5678096212896622								
3448.0-3450.0 kDa	3448.0	3450.0	0	0.0					0.4321903787103378	0.5678096212896622								
3450.0-3452.0 kDa	3450.0	3452.0	0	0.0					0.4321903787103378	0.5678096212896622								
3452.0-3454.0 kDa	3452.0	3454.0	0	0.0					0.4321903787103378	0.5678096212896622								
3454.0-3456.0 kDa	3454.0	3456.0	0	0.0					0.4321903787103378	0.5678096212896622								
3456.0-3458.0 kDa	3456.0	3458.0	0	0.0					0.4321903787103378	0.5678096212896622								
3458.0-3460.0 kDa	3458.0	3460.0	0	0.0					0.4321903787103378	0.5678096212896622								
3460.0-3462.0 kDa	3460.0	3462.0	0	0.0					0.4321903787103378	0.5678096212896622								
3462.0-3464.0 kDa	3462.0	3464.0	0	0.0					0.4321903787103378	0.5678096212896622								
3464.0-3466.0 kDa	3464.0	3466.0	0	0.0					0.4321903787103378	0.5678096212896622								
3466.0-3468.0 kDa	3466.0	3468.0	0	0.0					0.4321903787103378	0.5678096212896622								
3468.0-3470.0 kDa	3468.0	3470.0	0	0.0					0.4321903787103378	0.5678096212896622								
3470.0-3472.0 kDa	3470.0	3472.0	0	0.0					0.4321903787103378	0.5678096212896622								
3472.0-3474.0 kDa	3472.0	3474.0	0	0.0					0.4321903787103378	0.5678096212896622								
3474.0-3476.0 kDa	3474.0	3476.0	0	0.0					0.4321903787103378	0.5678096212896622								
3476.0-3478.0 kDa	3476.0	3478.0	0	0.0					0.4321903787103378	0.5678096212896622								
3478.0-3480.0 kDa	3478.0	3480.0	0	0.0					0.4321903787103378	0.5678096212896622								
3480.0-3482.0 kDa	3480.0	3482.0	0	0.0					0.4321903787103378	0.5678096212896622								
3482.0-3484.0 kDa	3482.0	3484.0	0	0.0					0.4321903787103378	0.5678096212896622								
3484.0-3486.0 kDa	3484.0	3486.0	0	0.0					0.4321903787103378	0.5678096212896622								
3486.0-3488.0 kDa	3486.0	3488.0	0	0.0					0.4321903787103378	0.5678096212896622								
3488.0-3490.0 kDa	3488.0	3490.0	0	0.0					0.4321903787103378	0.5678096212896622								
3490.0-3492.0 kDa	3490.0	3492.0	0	0.0					0.4321903787103378	0.5678096212896622								
3492.0-3494.0 kDa	3492.0	3494.0	0	0.0					0.4321903787103378	0.5678096212896622								
3494.0-3496.0 kDa	3494.0	3496.0	0	0.0					0.4321903787103378	0.5678096212896622								
3496.0-3498.0 kDa	3496.0	3498.0	0	0.0					0.4321903787103378	0.5678096212896622								
3498.0-3500.0 kDa	3498.0	3500.0	0	0.0					0.4321903787103378	0.5678096212896622								
3500.0-3502.0 kDa	3500.0	3502.0	0	0.0					0.4321903787103378	0.5678096212896622								
3502.0-3504.0 kDa	3502.0	3504.0	0	0.0					0.4321903787103378	0.5678096212896622								
3504.0-3506.0 kDa	3504.0	3506.0	0	0.0					0.4321903787103378	0.5678096212896622								
3506.0-3508.0 kDa	3506.0	3508.0	0	0.0					0.4321903787103378	0.5678096212896622								
3508.0-3510.0 kDa	3508.0	3510.0	0	0.0					0.4321903787103378	0.5678096212896622								
3510.0-3512.0 kDa	3510.0	3512.0	0	0.0					0.4321903787103378	0.5678096212896622								
3512.0-3514.0 kDa	3512.0	3514.0	0	0.0					0.4321903787103378	0.5678096212896622								
3514.0-3516.0 kDa	3514.0	3516.0	0	0.0					0.4321903787103378	0.5678096212896622								
3516.0-3518.0 kDa	3516.0	3518.0	0	0.0					0.4321903787103378	0.5678096212896622								
3518.0-3520.0 kDa	3518.0	3520.0	0	0.0					0.4321903787103378	0.5678096212896622								
3520.0-3522.0 kDa	3520.0	3522.0	0	0.0					0.4321903787103378	0.5678096212896622								
3522.0-3524.0 kDa	3522.0	3524.0	0	0.0					0.4321903787103378	0.5678096212896622								
3524.0-3526.0 kDa	3524.0	3526.0	0	0.0					0.4321903787103378	0.5678096212896622								
3526.0-3528.0 kDa	3526.0	3528.0	0	0.0					0.4321903787103378	0.5678096212896622								
3528.0-3530.0 kDa	3528.0	3530.0	0	0.0					0.4321903787103378	0.5678096212896622								
3530.0-3532.0 kDa	3530.0	3532.0	0	0.0					0.4321903787103378	0.5678096212896622								
3532.0-3534.0 kDa	3532.0	3534.0	0	0.0					0.4321903787103378	0.5678096212896622								
3534.0-3536.0 kDa	3534.0	3536.0	0	0.0					0.4321903787103378	0.5678096212896622								
3536.0-3538.0 kDa	3536.0	3538.0	0	0.0					0.4321903787103378	0.5678096212896622								
3538.0-3540.0 kDa	3538.0	3540.0	0	0.0					0.4321903787103378	0.5678096212896622								
3540.0-3542.0 kDa	3540.0	3542.0	0	0.0					0.4321903787103378	0.5678096212896622								
3542.0-3544.0 kDa	3542.0	3544.0	0	0.0					0.4321903787103378	0.5678096212896622								
3544.0-3546.0 kDa	3544.0	3546.0	0	0.0					0.4321903787103378	0.5678096212896622								
3546.0-3548.0 kDa	3546.0	3548.0	0	0.0					0.4321903787103378	0.5678096212896622								
3548.0-3550.0 kDa	3548.0	3550.0	0	0.0					0.4321903787103378	0.5678096212896622								
3550.0-3552.0 kDa	3550.0	3552.0	0	0.0					0.4321903787103378	0.5678096212896622								
3552.0-3554.0 kDa	3552.0	3554.0	0	0.0					0.4321903787103378	0.5678096212896622								
3554.0-3556.0 kDa	3554.0	3556.0	0	0.0					0.4321903787103378	0.5678096212896622								
3556.0-3558.0 kDa	3556.0	3558.0	0	0.0					0.4321903787103378	0.5678096212896622								
3558.0-3560.0 kDa	3558.0	3560.0	0	0.0					0.4321903787103378	0.5678096212896622								
3560.0-3562.0 kDa	3560.0	3562.0	0	0.0					0.4321903787103378	0.5678096212896622								
3562.0-3564.0 kDa	3562.0	3564.0	0	0.0					0.4321903787103378	0.5678096212896622								
3564.0-3566.0 kDa	3564.0	3566.0	0	0.0					0.4321903787103378	0.5678096212896622								
3566.0-3568.0 kDa	3566.0	3568.0	0	0.0					0.4321903787103378	0.5678096212896622								
3568.0-3570.0 kDa	3568.0	3570.0	0	0.0					0.4321903787103378	0.5678096212896622								
3570.0-3572.0 kDa	3570.0	3572.0	0	0.0					0.4321903787103378	0.5678096212896622								
3572.0-3574.0 kDa	3572.0	3574.0	0	0.0					0.4321903787103378	0.5678096212896622								
3574.0-3576.0 kDa	3574.0	3576.0	0	0.0					0.4321903787103378	0.5678096212896622								
3576.0-3578.0 kDa	3576.0	3578.0	0	0.0					0.4321903787103378	0.5678096212896622								
3578.0-3580.0 kDa	3578.0	3580.0	0	0.0					0.4321903787103378	0.5678096212896622								
3580.0-3582.0 kDa	3580.0	3582.0	0	0.0					0.4321903787103378	0.5678096212896622								
3582.0-3584.0 kDa	3582.0	3584.0	0	0.0					0.4321903787103378	0.5678096212896622								
3584.0-3586.0 kDa	3584.0	3586.0	0	0.0					0.4321903787103378	0.5678096212896622								
3586.0-3588.0 kDa	3586.0	3588.0	0	0.0					0.4321903787103378	0.5678096212896622								
3588.0-3590.0 kDa	3588.0	3590.0	0	0.0					0.4321903787103378	0.5678096212896622								
3590.0-3592.0 kDa	3590.0	3592.0	0	0.0					0.4321903787103378	0.5678096212896622								
3592.0-3594.0 kDa	3592.0	3594.0	0	0.0					0.4321903787103378	0.5678096212896622								
3594.0-3596.0 kDa	3594.0	3596.0	0	0.0					0.4321903787103378	0.5678096212896622								
3596.0-3598.0 kDa	3596.0	3598.0	0	0.0					0.4321903787103378	0.5678096212896622								
3598.0-3600.0 kDa	3598.0	3600.0	0	0.0					0.4321903787103378	0.5678096212896622								
3600.0-3602.0 kDa	3600.0	3602.0	0	0.0					0.4321903787103378	0.5678096212896622								
3602.0-3604.0 kDa	3602.0	3604.0	0	0.0					0.4321903787103378	0.5678096212896622								
3604.0-3606.0 kDa	3604.0	3606.0	0	0.0					0.4321903787103378	0.5678096212896622								
3606.0-3608.0 kDa	3606.0	3608.0	0	0.0					0.4321903787103378	0.5678096212896622								
3608.0-3610.0 kDa	3608.0	3610.0	0	0.0					0.4321903787103378	0.5678096212896622								
3610.0-3612.0 kDa	3610.0	3612.0	0	0.0					0.4321903787103378	0.5678096212896622								
3612.0-3614.0 kDa	3612.0	3614.0	0	0.0					0.4321903787103378	0.5678096212896622								
3614.0-3616.0 kDa	3614.0	3616.0	0	0.0					0.4321903787103378	0.5678096212896622								
3616.0-3618.0 kDa	3616.0	3618.0	0	0.0					0.4321903787103378	0.5678096212896622								
3618.0-3620.0 kDa	3618.0	3620.0	0	0.0					0.4321903787103378	0.5678096212896622								
3620.0-3622.0 kDa	3620.0	3622.0	0	0.0					0.4321903787103378	0.5678096212896622								
3622.0-3624.0 kDa	3622.0	3624.0	0	0.0					0.4321903787103378	0.5678096212896622								
3624.0-3626.0 kDa	3624.0	3626.0	0	0.0					0.4321903787103378	0.5678096212896622								
3626.0-3628.0 kDa	3626.0	3628.0	0	0.0					0.4321903787103378	0.5678096212896622								
3628.0-3630.0 kDa	3628.0	3630.0	0	0.0					0.4321903787103378	0.5678096212896622								
3630.0-3632.0 kDa	3630.0	3632.0	0	0.0					0.4321903787103378	0.5678096212896622								
3632.0-3634.0 kDa	3632.0	3634.0	0	0.0					0.4321903787103378	0.5678096212896622								
3634.0-3636.0 kDa	3634.0	3636.0	0	0.0					0.4321903787103378	0.5678096212896622								
3636.0-3638.0 kDa	3636.0	3638.0	0	0.0					0.4321903787103378	0.5678096212896622								
3638.0-3640.0 kDa	3638.0	3640.0	0	0.0					0.4321903787103378	0.5678096212896622								
3640.0-3642.0 kDa	3640.0	3642.0	0	0.0					0.4321903787103378	0.5678096212896622								
3642.0-3644.0 kDa	3642.0	3644.0	0	0.0					0.4321903787103378	0.5678096212896622								
3644.0-3646.0 kDa	3644.0	3646.0	0	0.0					0.4321903787103378	0.5678096212896622								
3646.0-3648.0 kDa	3646.0	3648.0	0	0.0					0.4321903787103378	0.5678096212896622								
3648.0-3650.0 kDa	3648.0	3650.0	0	0.0					0.4321903787103378	0.5678096212896622								
3650.0-3652.0 kDa	3650.0	3652.0	0	0.0					0.4321903787103378	0.5678096212896622								
3652.0-3654.0 kDa	3652.0	3654.0	0	0.0					0.4321903787103378	0.5678096212896622								
3654.0-3656.0 kDa	3654.0	3656.0	0	0.0					0.4321903787103378	0.5678096212896622								
3656.0-3658.0 kDa	3656.0	3658.0	0	0.0					0.4321903787103378	0.5678096212896622								
3658.0-3660.0 kDa	3658.0	3660.0	0	0.0					0.4321903787103378	0.5678096212896622								
3660.0-3662.0 kDa	3660.0	3662.0	0	0.0					0.4321903787103378	0.5678096212896622								
3662.0-3664.0 kDa	3662.0	3664.0	0	0.0					0.4321903787103378	0.5678096212896622								
3664.0-3666.0 kDa	3664.0	3666.0	0	0.0					0.4321903787103378	0.5678096212896622								
3666.0-3668.0 kDa	3666.0	3668.0	0	0.0					0.4321903787103378	0.5678096212896622								
3668.0-3670.0 kDa	3668.0	3670.0	0	0.0					0.4321903787103378	0.5678096212896622								
3670.0-3672.0 kDa	3670.0	3672.0	0	0.0					0.4321903787103378	0.5678096212896622								
3672.0-3674.0 kDa	3672.0	3674.0	0	0.0					0.4321903787103378	0.5678096212896622								
3674.0-3676.0 kDa	3674.0	3676.0	0	0.0					0.4321903787103378	0.5678096212896622								
3676.0-3678.0 kDa	3676.0	3678.0	0	0.0					0.4321903787103378	0.5678096212896622								
3678.0-3680.0 kDa	3678.0	3680.0	0	0.0					0.4321903787103378	0.5678096212896622								
3680.0-3682.0 kDa	3680.0	3682.0	0	0.0					0.4321903787103378	0.5678096212896622								
3682.0-3684.0 kDa	3682.0	3684.0	0	0.0					0.4321903787103378	0.5678096212896622								
3684.0-3686.0 kDa	3684.0	3686.0	0	0.0					0.4321903787103378	0.5678096212896622								
3686.0-3688.0 kDa	3686.0	3688.0	0	0.0					0.4321903787103378	0.5678096212896622								
3688.0-3690.0 kDa	3688.0	3690.0	0	0.0					0.4321903787103378	0.5678096212896622								
3690.0-3692.0 kDa	3690.0	3692.0	0	0.0					0.4321903787103378	0.5678096212896622								
3692.0-3694.0 kDa	3692.0	3694.0	0	0.0					0.4321903787103378	0.5678096212896622								
3694.0-3696.0 kDa	3694.0	3696.0	0	0.0					0.4321903787103378	0.5678096212896622								
3696.0-3698.0 kDa	3696.0	3698.0	0	0.0					0.4321903787103378	0.5678096212896622								
3698.0-3700.0 kDa	3698.0	3700.0	0	0.0					0.4321903787103378	0.5678096212896622								
3700.0-3702.0 kDa	3700.0	3702.0	0	0.0					0.4321903787103378	0.5678096212896622								
3702.0-3704.0 kDa	3702.0	3704.0	0	0.0					0.4321903787103378	0.5678096212896622								
3704.0-3706.0 kDa	3704.0	3706.0	0	0.0					0.4321903787103378	0.5678096212896622								
3706.0-3708.0 kDa	3706.0	3708.0	0	0.0					0.4321903787103378	0.5678096212896622								
3708.0-3710.0 kDa	3708.0	3710.0	0	0.0					0.4321903787103378	0.5678096212896622								
3710.0-3712.0 kDa	3710.0	3712.0	0	0.0					0.4321903787103378	0.5678096212896622								
3712.0-3714.0 kDa	3712.0	3714.0	0	0.0					0.4321903787103378	0.5678096212896622								
3714.0-3716.0 kDa	3714.0	3716.0	0	0.0					0.4321903787103378	0.5678096212896622								
3716.0-3718.0 kDa	3716.0	3718.0	0	0.0					0.4321903787103378	0.5678096212896622								
3718.0-3720.0 kDa	3718.0	3720.0	0	0.0					0.4321903787103378	0.5678096212896622								
3720.0-3722.0 kDa	3720.0	3722.0	0	0.0					0.4321903787103378	0.5678096212896622								
3722.0-3724.0 kDa	3722.0	3724.0	0	0.0					0.4321903787103378	0.5678096212896622								
3724.0-3726.0 kDa	3724.0	3726.0	0	0.0					0.4321903787103378	0.5678096212896622								
3726.0-3728.0 kDa	3726.0	3728.0	0	0.0					0.4321903787103378	0.5678096212896622								
3728.0-3730.0 kDa	3728.0	3730.0	0	0.0					0.4321903787103378	0.5678096212896622								
3730.0-3732.0 kDa	3730.0	3732.0	0	0.0					0.4321903787103378	0.5678096212896622								
3732.0-3734.0 kDa	3732.0	3734.0	0	0.0					0.4321903787103378	0.5678096212896622								
3734.0-3736.0 kDa	3734.0	3736.0	0	0.0					0.4321903787103378	0.5678096212896622								
3736.0-3738.0 kDa	3736.0	3738.0	0	0.0					0.4321903787103378	0.5678096212896622								
3738.0-3740.0 kDa	3738.0	3740.0	0	0.0					0.4321903787103378	0.5678096212896622								
3740.0-3742.0 kDa	3740.0	3742.0	0	0.0					0.4321903787103378	0.5678096212896622								
3742.0-3744.0 kDa	3742.0	3744.0	0	0.0					0.4321903787103378	0.5678096212896622								
3744.0-3746.0 kDa	3744.0	3746.0	0	0.0					0.4321903787103378	0.5678096212896622								
3746.0-3748.0 kDa	3746.0	3748.0	0	0.0					0.4321903787103378	0.5678096212896622								
3748.0-3750.0 kDa	3748.0	3750.0	0	0.0					0.4321903787103378	0.5678096212896622								
3750.0-3752.0 kDa	3750.0	3752.0	0	0.0					0.4321903787103378	0.5678096212896622								
3752.0-3754.0 kDa	3752.0	3754.0	0	0.0					0.4321903787103378	0.5678096212896622								
3754.0-3756.0 kDa	3754.0	3756.0	0	0.0					0.4321903787103378	0.5678096212896622								
3756.0-3758.0 kDa	3756.0	3758.0	0	0.0					0.4321903787103378	0.5678096212896622								
3758.0-3760.0 kDa	3758.0	3760.0	0	0.0					0.4321903787103378	0.5678096212896622								
3760.0-3762.0 kDa	3760.0	3762.0	0	0.0					0.4321903787103378	0.5678096212896622								
3762.0-3764.0 kDa	3762.0	3764.0	0	0.0					0.4321903787103378	0.5678096212896622								
3764.0-3766.0 kDa	3764.0	3766.0	0	0.0					0.4321903787103378	0.5678096212896622								
3766.0-3768.0 kDa	3766.0	3768.0	0	0.0					0.4321903787103378	0.5678096212896622								
3768.0-3770.0 kDa	3768.0	3770.0	0	0.0					0.4321903787103378	0.5678096212896622								
3770.0-3772.0 kDa	3770.0	3772.0	0	0.0					0.4321903787103378	0.5678096212896622								
3772.0-3774.0 kDa	3772.0	3774.0	0	0.0					0.4321903787103378	0.5678096212896622								
3774.0-3776.0 kDa	3774.0	3776.0	0	0.0					0.4321903787103378	0.5678096212896622								
3776.0-3778.0 kDa	3776.0	3778.0	0	0.0					0.4321903787103378	0.5678096212896622								
3778.0-3780.0 kDa	3778.0	3780.0	0	0.0					0.4321903787103378	0.5678096212896622								
3780.0-3782.0 kDa	3780.0	3782.0	0	0.0					0.4321903787103378	0.5678096212896622								
3782.0-3784.0 kDa	3782.0	3784.0	0	0.0					0.4321903787103378	0.5678096212896622								
3784.0-3786.0 kDa	3784.0	3786.0	0	0.0					0.4321903787103378	0.5678096212896622								
3786.0-3788.0 kDa	3786.0	3788.0	0	0.0					0.4321903787103378	0.5678096212896622								
3788.0-3790.0 kDa	3788.0	3790.0	0	0.0					0.4321903787103378	0.5678096212896622								
3790.0-3792.0 kDa	3790.0	3792.0	0	0.0					0.4321903787103378	0.5678096212896622								
3792.0-3794.0 kDa	3792.0	3794.0	0	0.0					0.4321903787103378	0.5678096212896622								
3794.0-3796.0 kDa	3794.0	3796.0	0	0.0					0.4321903787103378	0.5678096212896622								
3796.0-3798.0 kDa	3796.0	3798.0	0	0.0					0.4321903787103378	0.5678096212896622								
3798.0-3800.0 kDa	3798.0	3800.0	0	0.0					0.4321903787103378	0.5678096212896622								
3800.0-3802.0 kDa	3800.0	3802.0	0	0.0					0.4321903787103378	0.5678096212896622								
3802.0-3804.0 kDa	3802.0	3804.0	0	0.0					0.4321903787103378	0.5678096212896622								
3804.0-3806.0 kDa	3804.0	3806.0	0	0.0					0.4321903787103378	0.5678096212896622								
3806.0-3808.0 kDa	3806.0	3808.0	0	0.0					0.4321903787103378	0.5678096212896622								
3808.0-3810.0 kDa	3808.0	3810.0	0	0.0					0.4321903787103378	0.5678096212896622								
3810.0-3812.0 kDa	3810.0	3812.0	0	0.0					0.4321903787103378	0.5678096212896622								
3812.0-3814.0 kDa	3812.0	3814.0	0	0.0					0.4321903787103378	0.5678096212896622								
3814.0-3816.0 kDa	3814.0	3816.0	0	0.0					0.4321903787103378	0.5678096212896622								
3816.0-3818.0 kDa	3816.0	3818.0	0	0.0					0.4321903787103378	0.5678096212896622								
3818.0-3820.0 kDa	3818.0	3820.0	0	0.0					0.4321903787103378	0.5678096212896622								
3820.0-3822.0 kDa	3820.0	3822.0	0	0.0					0.4321903787103378	0.5678096212896622								
3822.0-3824.0 kDa	3822.0	3824.0	0	0.0					0.4321903787103378	0.5678096212896622								
3824.0-3826.0 kDa	3824.0	3826.0	0	0.0					0.4321903787103378	0.5678096212896622								
3826.0-3828.0 kDa	3826.0	3828.0	0	0.0					0.4321903787103378	0.5678096212896622								
3828.0-3830.0 kDa	3828.0	3830.0	0	0.0					0.4321903787103378	0.5678096212896622								
3830.0-3832.0 kDa	3830.0	3832.0	0	0.0					0.4321903787103378	0.5678096212896622								
3832.0-3834.0 kDa	3832.0	3834.0	0	0.0					0.4321903787103378	0.5678096212896622								
3834.0-3836.0 kDa	3834.0	3836.0	0	0.0					0.4321903787103378	0.5678096212896622								
3836.0-3838.0 kDa	3836.0	3838.0	0	0.0					0.4321903787103378	0.5678096212896622								
3838.0-3840.0 kDa	3838.0	3840.0	0	0.0					0.4321903787103378	0.5678096212896622								
3840.0-3842.0 kDa	3840.0	3842.0	0	0.0					0.4321903787103378	0.5678096212896622								
3842.0-3844.0 kDa	3842.0	3844.0	0	0.0					0.4321903787103378	0.5678096212896622								
3844.0-3846.0 kDa	3844.0	3846.0	0	0.0					0.4321903787103378	0.5678096212896622								
3846.0-3848.0 kDa	3846.0	3848.0	0	0.0					0.4321903787103378	0.5678096212896622								
3848.0-3850.0 kDa	3848.0	3850.0	0	0.0					0.4321903787103378	0.5678096212896622								
3850.0-3852.0 kDa	3850.0	3852.0	0	0.0					0.4321903787103378	0.5678096212896622								
3852.0-3854.0 kDa	3852.0	3854.0	0	0.0					0.4321903787103378	0.5678096212896622								
3854.0-3856.0 kDa	3854.0	3856.0	0	0.0					0.4321903787103378	0.5678096212896622								
3856.0-3858.0 kDa	3856.0	3858.0	0	0.0					0.4321903787103378	0.5678096212896622								
3858.0-3860.0 kDa	3858.0	3860.0	0	0.0					0.4321903787103378	0.5678096212896622								
3860.0-3862.0 kDa	3860.0	3862.0	0	0.0					0.4321903787103378	0.5678096212896622								
3862.0-3864.0 kDa	3862.0	3864.0	0	0.0					0.4321903787103378	0.5678096212896622								
3864.0-3866.0 kDa	3864.0	3866.0	0	0.0					0.4321903787103378	0.5678096212896622								
3866.0-3868.0 kDa	3866.0	3868.0	0	0.0					0.4321903787103378	0.5678096212896622								
3868.0-3870.0 kDa	3868.0	3870.0	0	0.0					0.4321903787103378	0.5678096212896622								
3870.0-3872.0 kDa	3870.0	3872.0	0	0.0					0.4321903787103378	0.5678096212896622								
3872.0-3874.0 kDa	3872.0	3874.0	0	0.0					0.4321903787103378	0.5678096212896622								
3874.0-3876.0 kDa	3874.0	3876.0	0	0.0					0.4321903787103378	0.5678096212896622								
3876.0-3878.0 kDa	3876.0	3878.0	0	0.0					0.4321903787103378	0.5678096212896622								
3878.0-3880.0 kDa	3878.0	3880.0	0	0.0					0.4321903787103378	0.5678096212896622								
3880.0-3882.0 kDa	3880.0	3882.0	0	0.0					0.4321903787103378	0.5678096212896622								
3882.0-3884.0 kDa	3882.0	3884.0	0	0.0					0.4321903787103378	0.5678096212896622								
3884.0-3886.0 kDa	3884.0	3886.0	0	0.0					0.4321903787103378	0.5678096212896622								
3886.0-3888.0 kDa	3886.0	3888.0	0	0.0					0.4321903787103378	0.5678096212896622								
3888.0-3890.0 kDa	3888.0	3890.0	0	0.0					0.4321903787103378	0.5678096212896622								
3890.0-3892.0 kDa	3890.0	3892.0	0	0.0					0.4321903787103378	0.5678096212896622								
3892.0-3894.0 kDa	3892.0	3894.0	0	0.0					0.4321903787103378	0.5678096212896622								
3894.0-3896.0 kDa	3894.0	3896.0	0	0.0					0.4321903787103378	0.5678096212896622								
3896.0-3898.0 kDa	3896.0	3898.0	0	0.0					0.4321903787103378	0.5678096212896622								
3898.0-3900.0 kDa	3898.0	3900.0	0	0.0					0.4321903787103378	0.5678096212896622								
3900.0-3902.0 kDa	3900.0	3902.0	0	0.0					0.4321903787103378	0.5678096212896622								
3902.0-3904.0 kDa	3902.0	3904.0	0	0.0					0.4321903787103378	0.5678096212896622								
3904.0-3906.0 kDa	3904.0	3906.0	0	0.0					0.4321903787103378	0.5678096212896622								
3906.0-3908.0 kDa	3906.0	3908.0	1	0.5	1.0	1.0	0.0	1.0	0.8682190378710338	0.13178096212896617	3906.487625478722	1.0	1.0	0.0	0.0	-0.0	1.0	2896.5618157987456
